side,entry_step,exit_step,entry_time,exit_time,entry_price,exit_price,entry_notional,entry_size,pnl,return_pct,duration_bars,duration_days,mae_pct,mfe_pct,mae_step,mfe_step,time_to_mae_bars,time_to_mae_hours,time_to_mfe_bars,time_to_mfe_hours,entry_regime,exit_regime,mae_pnl_est,mfe_pnl_est,git_commit,checkpoint,data_file,oos_start,oos_end,commission,slippage,script_version
long,845,1289,2024-06-09 12:50:00,2024-06-11 01:50:00,3710.701992,3643.0012540000002,10000.0,1.0,-186.3738800115134,-0.018244725161426945,444,1.5416666666666667,-0.02483411284405823,0.0028964891341778376,1289,953,444,37.0,108,9.0,,,-248.3411284405823,28.964891341778376,845a3f4,checkpoints/channel_breakout_375_432.pt,data\crypto\ETHUSDT_5m_2600d.parquet,2024-06-06 14:25:00,2026-06-12 02:55:00,0.0002,0.0002,2026-06-17.mae_mfe.v2
short,1289,2491,2024-06-11 01:50:00,2024-06-15 06:00:00,3643.0012540000002,3534.6367859999996,9813.626119988487,1.0,291.915837245444,0.029745932116003737,1202,4.173611111111111,-0.0022258422203660366,0.07659103978996329,1712,2349,423,35.25,1060,88.33333333333333,,,-21.843583352757307,751.6358286398612,845a3f4,checkpoints/channel_breakout_375_432.pt,data\crypto\ETHUSDT_5m_2600d.parquet,2024-06-06 14:25:00,2026-06-12 02:55:00,0.0002,0.0002,2026-06-17.mae_mfe.v2
long,2491,3097,2024-06-15 06:00:00,2024-06-17 08:30:00,3534.6367859999996,3536.9024780000004,10103.579232009934,1.0,2.4327473525518144,0.0006409971199798914,606,2.1041666666666665,-0.0037279038265516373,0.033223559055665985,2534,2972,43,3.5833333333333335,481,40.083333333333336,,,-37.665171680877485,335.6768612882824,845a3f4,checkpoints/channel_breakout_375_432.pt,data\crypto\ETHUSDT_5m_2600d.parquet,2024-06-06 14:25:00,2026-06-12 02:55:00,0.0002,0.0002,2026-06-17.mae_mfe.v2
short,3097,3611,2024-06-17 08:30:00,2024-06-19 03:20:00,3536.9024780000004,3547.499358,10106.011979362485,1.0,-30.278121279039624,-0.002996090524382211,514,1.7847222222222223,-0.010480221671523182,0.050016215912187856,3213,3303,116,9.666666666666666,206,17.166666666666668,,,-105.91324575878761,505.46447717095106,845a3f4,checkpoints/channel_breakout_375_432.pt,data\crypto\ETHUSDT_5m_2600d.parquet,2024-06-06 14:25:00,2026-06-12 02:55:00,0.0002,0.0002,2026-06-17.mae_mfe.v2
long,3611,4051,2024-06-19 03:20:00,2024-06-20 16:00:00,3547.499358,3491.731514,10073.712655687574,1.0,-162.32778381586468,-0.015720325325566997,440,1.5277777777777777,-0.016467757173305175,0.02162668241982524,4051,3992,440,36.666666666666664,381,31.75,,,-165.89145384751416,217.86098439312946,845a3f4,checkpoints/channel_breakout_375_432.pt,data\crypto\ETHUSDT_5m_2600d.parquet,2024-06-06 14:25:00,2026-06-12 02:55:00,0.0002,0.0002,2026-06-17.mae_mfe.v2
short,4051,5472,2024-06-20 16:00:00,2024-06-25 14:25:00,3491.731514,3402.770418,9911.384871871709,1.0,252.51913172331297,0.02547764501460459,1421,4.934027777777778,-0.015722424756853703,0.07072179318767635,4391,5214,340,28.333333333333332,1163,96.91666666666667,,,-155.83100288422102,700.9509111119751,845a3f4,checkpoints/channel_breakout_375_432.pt,data\crypto\ETHUSDT_5m_2600d.parquet,2024-06-06 14:25:00,2026-06-12 02:55:00,0.0002,0.0002,2026-06-17.mae_mfe.v2
long,5472,6394,2024-06-25 14:25:00,2024-06-28 19:15:00,3402.770418,3369.07605,10161.921726620647,1.0,-104.64786979258315,-0.009902039767879511,922,3.201388888888889,-0.02199984389308285,0.02440058299578185,5793,6186,321,26.75,714,59.5,,,-223.56069163938116,247.9568144870459,845a3f4,checkpoints/channel_breakout_375_432.pt,data\crypto\ETHUSDT_5m_2600d.parquet,2024-06-06 14:25:00,2026-06-12 02:55:00,0.0002,0.0002,2026-06-17.mae_mfe.v2
short,6394,6946,2024-06-28 19:15:00,2024-06-30 17:15:00,3369.07605,3414.812826,10057.273856828064,1.0,-136.53176745953533,-0.013575465593897773,552,1.9166666666666667,-0.01340840910967267,0.0036674891918810903,6946,6772,552,46.0,378,31.5,,,-134.8520424003662,36.884943169705174,845a3f4,checkpoints/channel_breakout_375_432.pt,data\crypto\ETHUSDT_5m_2600d.parquet,2024-06-06 14:25:00,2026-06-12 02:55:00,0.0002,0.0002,2026-06-17.mae_mfe.v2
long,6946,7490,2024-06-30 17:15:00,2024-07-02 14:35:00,3414.812826,3404.988866,9918.730634597163,1.0,-32.490544777116156,-0.002876866317591764,544,1.8888888888888888,-0.0036057103646358613,0.031640730987461785,7490,7051,544,45.333333333333336,105,8.75,,,-35.76406985319822,313.83588774638497,845a3f4,checkpoints/channel_breakout_375_432.pt,data\crypto\ETHUSDT_5m_2600d.parquet,2024-06-06 14:25:00,2026-06-12 02:55:00,0.0002,0.0002,2026-06-17.mae_mfe.v2
short,7490,8653,2024-07-02 14:35:00,2024-07-06 15:30:00,3404.988866,3030.916062,9886.240089820047,1.0,1086.1047996128036,0.10986021356347087,1163,4.038194444444445,-0.01086086781935447,0.16945102868362794,7543,8289,53,4.416666666666667,799,66.58333333333333,,,-107.37314684593858,1675.2335530333291,845a3f4,checkpoints/channel_breakout_375_432.pt,data\crypto\ETHUSDT_5m_2600d.parquet,2024-06-06 14:25:00,2026-06-12 02:55:00,0.0002,0.0002,2026-06-17.mae_mfe.v2
long,8653,10313,2024-07-06 15:30:00,2024-07-12 09:50:00,3030.916062,3053.349208,10970.367641414887,1.0,76.7763437614849,0.007401440865108411,1660,5.763888888888889,-0.06667821142715624,0.06082779404928318,9060,10061,407,33.916666666666664,1408,117.33333333333333,,,-731.4844930278952,667.3032635369052,845a3f4,checkpoints/channel_breakout_375_432.pt,data\crypto\ETHUSDT_5m_2600d.parquet,2024-06-06 14:25:00,2026-06-12 02:55:00,0.0002,0.0002,2026-06-17.mae_mfe.v2
short,10313,10755,2024-07-12 09:50:00,2024-07-13 22:40:00,3053.349208,3172.18431,11047.143985176372,1.0,-429.9498652510647,-0.03891959088355934,442,1.5347222222222223,-0.04296619320720674,0.0018468925811777614,10755,10319,442,36.833333333333336,6,0.5,,,-474.6537228549198,20.40288826942477,845a3f4,checkpoints/channel_breakout_375_432.pt,data\crypto\ETHUSDT_5m_2600d.parquet,2024-06-06 14:25:00,2026-06-12 02:55:00,0.0002,0.0002,2026-06-17.mae_mfe.v2
long,10755,13001,2024-07-13 22:40:00,2024-07-21 17:50:00,3172.18431,3461.077646,10614.984691128271,1.0,962.0828412992141,0.09107079153291697,2246,7.798611111111111,-0.0024129461758796156,0.11592191816874586,10803,12712,48,4.0,1957,163.08333333333334,,,-25.613386717478623,1230.5093867274616,845a3f4,checkpoints/channel_breakout_375_432.pt,data\crypto\ETHUSDT_5m_2600d.parquet,2024-06-06 14:25:00,2026-06-12 02:55:00,0.0002,0.0002,2026-06-17.mae_mfe.v2
short,13001,13477,2024-07-21 17:50:00,2024-07-23 09:30:00,3461.077646,3539.1576899999995,11577.067532427485,1.0,-261.17192269433326,-0.022559460372187035,476,1.6527777777777777,-0.028512031249587233,0.013746483282449984,13084,13005,83,6.916666666666667,4,0.3333333333333333,,,-330.0857112631542,159.1439652943089,845a3f4,checkpoints/channel_breakout_375_432.pt,data\crypto\ETHUSDT_5m_2600d.parquet,2024-06-06 14:25:00,2026-06-12 02:55:00,0.0002,0.0002,2026-06-17.mae_mfe.v2
long,13477,13951,2024-07-23 09:30:00,2024-07-25 01:00:00,3539.1576899999995,3312.1374400000004,11313.580196226667,1.0,-729.9474578304162,-0.0641452768949663,474,1.6458333333333333,-0.06522108089509837,-0.00019996000799837876,13951,13478,474,39.5,1,0.08333333333333333,,,-737.8839291912824,-2.262263586527784,845a3f4,checkpoints/channel_breakout_375_432.pt,data\crypto\ETHUSDT_5m_2600d.parquet,2024-06-06 14:25:00,2026-06-12 02:55:00,0.0002,0.0002,2026-06-17.mae_mfe.v2
short,13951,14463,2024-07-25 01:00:00,2024-07-26 19:40:00,3312.1374400000004,3276.3551399999997,10583.63273839625,1.0,114.33949092544572,0.010803386226629796,512,1.7777777777777777,0.00014112940917099248,0.06404850156218167,13952,14181,1,0.08333333333333333,230,19.166666666666668,,,1.493661835252636,677.8658179787293,845a3f4,checkpoints/channel_breakout_375_432.pt,data\crypto\ETHUSDT_5m_2600d.parquet,2024-06-06 14:25:00,2026-06-12 02:55:00,0.0002,0.0002,2026-06-17.mae_mfe.v2
long,14463,15619,2024-07-26 19:40:00,2024-07-30 20:00:00,3276.3551399999997,3257.808308,10695.855502774017,1.0,-64.80092999673616,-0.00566081246003125,1156,4.013888888888889,-0.028798813305690563,0.03632233226096493,14760,15217,297,24.75,754,62.833333333333336,,,-308.027945769032,388.4984173870279,845a3f4,checkpoints/channel_breakout_375_432.pt,data\crypto\ETHUSDT_5m_2600d.parquet,2024-06-06 14:25:00,2026-06-12 02:55:00,0.0002,0.0002,2026-06-17.mae_mfe.v2
short,15619,18165,2024-07-30 20:00:00,2024-08-08 16:10:00,3257.808308,2565.883074,10631.05457277728,1.0,2257.92782098136,0.21238979356178878,2546,8.840277777777779,-0.02838463262952673,0.329398849332175,15831,17268,212,17.666666666666668,1649,137.41666666666666,,,-301.7585785127333,3501.8571434603937,845a3f4,checkpoints/channel_breakout_375_432.pt,data\crypto\ETHUSDT_5m_2600d.parquet,2024-06-06 14:25:00,2026-06-12 02:55:00,0.0002,0.0002,2026-06-17.mae_mfe.v2
long,18165,19075,2024-08-08 16:10:00,2024-08-11 20:00:00,2565.883074,2583.653166,12886.856182844085,1.0,84.05834515277274,0.0069255268020838034,910,3.1597222222222223,-0.004319399473929342,0.06010286577852075,18451,18246,286,23.833333333333332,81,6.75,,,-55.66347981677983,774.5369874645784,845a3f4,checkpoints/channel_breakout_375_432.pt,data\crypto\ETHUSDT_5m_2600d.parquet,2024-06-06 14:25:00,2026-06-12 02:55:00,0.0002,0.0002,2026-06-17.mae_mfe.v2
short,19075,19775,2024-08-11 20:00:00,2024-08-14 06:20:00,2583.653166,2749.679826,12970.914527996858,1.0,-833.5159757253241,-0.06426042867705872,700,2.4305555555555554,-0.06404761915322821,0.02773327586803498,19775,19129,700,58.333333333333336,54,4.5,,,-830.7561937582176,359.72595086563956,845a3f4,checkpoints/channel_breakout_375_432.pt,data\crypto\ETHUSDT_5m_2600d.parquet,2024-06-06 14:25:00,2026-06-12 02:55:00,0.0002,0.0002,2026-06-17.mae_mfe.v2
long,19775,20216,2024-08-14 06:20:00,2024-08-15 19:05:00,2749.679826,2538.54219,12134.804369365935,1.0,-936.2670287946057,-0.0767862621689831,441,1.53125,-0.07787082116810795,0.010659486141932906,20216,19849,441,36.75,74,6.166666666666667,,,-944.9471809568697,129.35077901032307,845a3f4,checkpoints/channel_breakout_375_432.pt,data\crypto\ETHUSDT_5m_2600d.parquet,2024-06-06 14:25:00,2026-06-12 02:55:00,0.0002,0.0002,2026-06-17.mae_mfe.v2
short,20216,20886,2024-08-15 19:05:00,2024-08-18 02:55:00,2538.54219,2633.336562,11198.537340571329,1.0,-418.1758881609512,-0.03734205102968957,670,2.326388888888889,-0.03790278151729276,0.008210298840847785,20886,20238,670,55.833333333333336,22,1.8333333333333333,,,-424.4557141329198,91.94333814648341,845a3f4,checkpoints/channel_breakout_375_432.pt,data\crypto\ETHUSDT_5m_2600d.parquet,2024-06-06 14:25:00,2026-06-12 02:55:00,0.0002,0.0002,2026-06-17.mae_mfe.v2
long,20886,21879,2024-08-18 02:55:00,2024-08-21 13:40:00,2633.336562,2550.3098360000004,10778.121744942264,1.0,-343.99935596605246,-0.03152909779862756,993,3.4479166666666665,-0.03626447275219191,0.023112669636795147,21879,21491,993,82.75,605,50.416666666666664,,,-390.8629023392659,249.11116719600858,845a3f4,checkpoints/channel_breakout_375_432.pt,data\crypto\ETHUSDT_5m_2600d.parquet,2024-06-06 14:25:00,2026-06-12 02:55:00,0.0002,0.0002,2026-06-17.mae_mfe.v2
short,21879,22353,2024-08-21 13:40:00,2024-08-23 05:10:00,2550.3098360000004,2651.660226,10434.122388976211,1.0,-414.65599661380475,-0.03974042234764741,474,1.6458333333333333,-0.044022166410998986,0.000893944715194217,21956,21880,77,6.416666666666667,1,0.08333333333333333,,,-459.3326721602411,9.327528567314943,845a3f4,checkpoints/channel_breakout_375_432.pt,data\crypto\ETHUSDT_5m_2600d.parquet,2024-06-06 14:25:00,2026-06-12 02:55:00,0.0002,0.0002,2026-06-17.mae_mfe.v2
long,22353,23183,2024-08-23 05:10:00,2024-08-26 02:20:00,2651.660226,2732.743342,10017.37956788461,1.0,302.1848220717493,0.030578244982130798,830,2.8819444444444446,-0.006388535693185093,0.06325839651524046,22469,22778,116,9.666666666666666,425,35.416666666666664,,,-63.996386921613905,633.6833687489128,845a3f4,checkpoints/channel_breakout_375_432.pt,data\crypto\ETHUSDT_5m_2600d.parquet,2024-06-06 14:25:00,2026-06-12 02:55:00,0.0002,0.0002,2026-06-17.mae_mfe.v2
short,23183,24097,2024-08-26 02:20:00,2024-08-29 06:30:00,2732.743342,2554.26075,10319.56438995636,1.0,673.9980395073071,0.0653126070263792,914,3.173611111111111,-0.006750234358452234,0.12016984432927413,23207,23710,24,2.0,527,43.916666666666664,,,-69.6594781093436,1240.1004462869766,845a3f4,checkpoints/channel_breakout_375_432.pt,data\crypto\ETHUSDT_5m_2600d.parquet,2024-06-06 14:25:00,2026-06-12 02:55:00,0.0002,0.0002,2026-06-17.mae_mfe.v2
long,24097,24908,2024-08-29 06:30:00,2024-09-01 02:05:00,2554.26075,2483.743152,10991.498516585676,1.0,-307.72621999384137,-0.027607830563109115,811,2.8159722222222223,-0.04677312212545248,0.015350527545004988,24504,24205,407,33.916666666666664,108,9.0,,,-514.1067024579917,168.72530073972987,845a3f4,checkpoints/channel_breakout_375_432.pt,data\crypto\ETHUSDT_5m_2600d.parquet,2024-06-06 14:25:00,2026-06-12 02:55:00,0.0002,0.0002,2026-06-17.mae_mfe.v2
short,24908,25417,2024-09-01 02:05:00,2024-09-02 20:30:00,2483.743152,2544.1487279999997,10683.772296591835,1.0,-259.83295884060135,-0.02432037948503618,509,1.7673611111111112,-0.024115556373761393,0.03327363054164956,25417,25159,509,42.416666666666664,251,20.916666666666668,,,-257.6451131028906,355.4878921879075,845a3f4,checkpoints/channel_breakout_375_432.pt,data\crypto\ETHUSDT_5m_2600d.parquet,2024-06-06 14:25:00,2026-06-12 02:55:00,0.0002,0.0002,2026-06-17.mae_mfe.v2
long,25417,26213,2024-09-02 20:30:00,2024-09-05 14:50:00,2544.1487279999997,2369.3660320000004,10421.802583291916,1.0,-719.8584622125691,-0.06869987358694984,796,2.763888888888889,-0.09230149378279573,0.007409658009584819,25759,25423,342,28.5,6,0.5,,,-961.9479463472433,77.22199298560069,845a3f4,checkpoints/channel_breakout_375_432.pt,data\crypto\ETHUSDT_5m_2600d.parquet,2024-06-06 14:25:00,2026-06-12 02:55:00,0.0002,0.0002,2026-06-17.mae_mfe.v2
short,26213,27167,2024-09-05 14:50:00,2024-09-08 22:20:00,2369.3660320000004,2321.384184,9701.944121079347,1.0,196.47369917207834,0.020250922547200734,954,3.3125,-0.01622120325898213,0.0920567059095917,26355,26575,142,11.833333333333334,362,30.166666666666668,,,-157.37720759531481,893.1290167054935,845a3f4,checkpoints/channel_breakout_375_432.pt,data\crypto\ETHUSDT_5m_2600d.parquet,2024-06-06 14:25:00,2026-06-12 02:55:00,0.0002,0.0002,2026-06-17.mae_mfe.v2
long,27167,27888,2024-09-08 22:20:00,2024-09-11 10:25:00,2321.384184,2314.5370000000003,9896.477431427209,1.0,-33.13729433429398,-0.0029496125833859965,721,2.5034722222222223,-0.020088955684898435,0.03171203478829243,27369,27755,202,16.833333333333332,588,49.0,,,-198.8098965565387,313.83743658697057,845a3f4,checkpoints/channel_breakout_375_432.pt,data\crypto\ETHUSDT_5m_2600d.parquet,2024-06-06 14:25:00,2026-06-12 02:55:00,0.0002,0.0002,2026-06-17.mae_mfe.v2
short,27888,28523,2024-09-11 10:25:00,2024-09-13 15:20:00,2314.5370000000003,2381.106126,9863.340137092915,1.0,-283.68221935558176,-0.028761314249891035,635,2.204861111111111,-0.032323095288604,0.015440237075492913,28075,27940,187,15.583333333333334,52,4.333333333333333,,,-318.8136831151667,152.2923100729394,845a3f4,checkpoints/channel_breakout_375_432.pt,data\crypto\ETHUSDT_5m_2600d.parquet,2024-06-06 14:25:00,2026-06-12 02:55:00,0.0002,0.0002,2026-06-17.mae_mfe.v2
long,28523,29121,2024-09-13 15:20:00,2024-09-15 17:10:00,2381.106126,2379.524,9577.685249709915,1.0,-10.192038793047686,-0.0006644500145224219,598,2.076388888888889,-0.0004645429231070475,0.030869633737610203,29121,28598,598,49.833333333333336,75,6.25,,,-4.449245902499496,295.6596357126568,845a3f4,checkpoints/channel_breakout_375_432.pt,data\crypto\ETHUSDT_5m_2600d.parquet,2024-06-06 14:25:00,2026-06-12 02:55:00,0.0002,0.0002,2026-06-17.mae_mfe.v2
short,29121,29662,2024-09-15 17:10:00,2024-09-17 14:15:00,2379.524,2341.1881439999997,9567.493210916868,1.0,154.1396253985058,0.016110724665941656,541,1.8784722222222223,-0.0010321392009495778,0.05315516884889582,29142,29238,21,1.75,117,9.75,,,-9.874984797806245,508.5617170869505,845a3f4,checkpoints/channel_breakout_375_432.pt,data\crypto\ETHUSDT_5m_2600d.parquet,2024-06-06 14:25:00,2026-06-12 02:55:00,0.0002,0.0002,2026-06-17.mae_mfe.v2
long,29662,31194,2024-09-17 14:15:00,2024-09-22 21:55:00,2341.1881439999997,2545.0008980000002,9719.71933767319,1.0,841.9268152627956,0.08705526487579918,1532,5.319444444444445,-0.027301583669731677,0.12395921991308367,29902,30932,240,20.0,1270,105.83333333333333,,,-265.36373074379355,1204.848826872083,845a3f4,checkpoints/channel_breakout_375_432.pt,data\crypto\ETHUSDT_5m_2600d.parquet,2024-06-06 14:25:00,2026-06-12 02:55:00,0.0002,0.0002,2026-06-17.mae_mfe.v2
short,31194,32254,2024-09-22 21:55:00,2024-09-26 14:15:00,2545.0008980000002,2637.957486,10561.646152935986,1.0,-385.7654731536004,-0.03652516903748437,1060,3.6805555555555554,-0.061296285640839,0.007308798206954514,31412,31196,218,18.166666666666668,2,0.16666666666666666,,,-647.3896794278326,77.19294046506657,845a3f4,checkpoints/channel_breakout_375_432.pt,data\crypto\ETHUSDT_5m_2600d.parquet,2024-06-06 14:25:00,2026-06-12 02:55:00,0.0002,0.0002,2026-06-17.mae_mfe.v2
long,32254,33035,2024-09-26 14:15:00,2024-09-29 07:20:00,2637.957486,2645.92071,10173.768350551798,1.0,26.630254536234133,0.003018708240091872,781,2.7118055555555554,-0.010764952108102244,0.033257743714828036,32263,32570,9,0.75,316,26.333333333333332,,,-109.52012905261647,338.35658041668046,845a3f4,checkpoints/channel_breakout_375_432.pt,data\crypto\ETHUSDT_5m_2600d.parquet,2024-06-06 14:25:00,2026-06-12 02:55:00,0.0002,0.0002,2026-06-17.mae_mfe.v2
short,33035,34577,2024-09-29 07:20:00,2024-10-04 15:50:00,2645.92071,2396.1291300000003,10200.398605088032,1.0,962.9822436567338,0.09440629836560732,1542,5.354166666666667,-0.009323518239516826,0.1244937948272834,33188,34283,153,12.75,1248,104.0,,,-95.10360244488025,1269.8863310983372,845a3f4,checkpoints/channel_breakout_375_432.pt,data\crypto\ETHUSDT_5m_2600d.parquet,2024-06-06 14:25:00,2026-06-12 02:55:00,0.0002,0.0002,2026-06-17.mae_mfe.v2
long,34577,35527,2024-10-04 15:50:00,2024-10-07 23:00:00,2396.1291300000003,2407.76835,11161.340769023749,1.0,49.73054454859994,0.004857509494907486,950,3.298611111111111,-0.002365953457608594,0.050978417010438815,34916,35423,339,28.25,846,70.5,,,-26.407212784019503,568.9874841189045,845a3f4,checkpoints/channel_breakout_375_432.pt,data\crypto\ETHUSDT_5m_2600d.parquet,2024-06-06 14:25:00,2026-06-12 02:55:00,0.0002,0.0002,2026-06-17.mae_mfe.v2
short,35527,36523,2024-10-07 23:00:00,2024-10-11 10:00:00,2407.76835,2419.843872,11211.071313572349,1.0,-56.22569676560488,-0.005015234127485835,996,3.4583333333333335,-0.026577162209147076,0.03138107118984257,35845,36337,318,26.5,810,67.5,,,-297.9584608391279,351.81542700561573,845a3f4,checkpoints/channel_breakout_375_432.pt,data\crypto\ETHUSDT_5m_2600d.parquet,2024-06-06 14:25:00,2026-06-12 02:55:00,0.0002,0.0002,2026-06-17.mae_mfe.v2
long,36523,37162,2024-10-11 10:00:00,2024-10-13 15:15:00,2419.843872,2442.281446,11152.60340254403,1.0,98.90858574500635,0.009272323003820748,639,2.21875,-0.0039729306965800015,0.0268637694985967,36531,36886,8,0.6666666666666666,363,30.25,,,-44.30852040474974,299.6009671152081,845a3f4,checkpoints/channel_breakout_375_432.pt,data\crypto\ETHUSDT_5m_2600d.parquet,2024-06-06 14:25:00,2026-06-12 02:55:00,0.0002,0.0002,2026-06-17.mae_mfe.v2
short,37162,37722,2024-10-13 15:15:00,2024-10-15 13:55:00,2442.281446,2665.522998,11251.511988289036,1.0,-1028.4661512208422,-0.09140697210210069,560,1.9444444444444444,-0.09119282888742064,0.002080614422356075,37722,37167,560,46.666666666666664,5,0.4166666666666667,,,-1026.057207472804,23.41005811614645,845a3f4,checkpoints/channel_breakout_375_432.pt,data\crypto\ETHUSDT_5m_2600d.parquet,2024-06-06 14:25:00,2026-06-12 02:55:00,0.0002,0.0002,2026-06-17.mae_mfe.v2
long,37722,38300,2024-10-15 13:55:00,2024-10-17 14:05:00,2665.522998,2589.402016,10220.795534670537,1.0,-295.85272170119606,-0.028557615918945456,578,2.0069444444444446,-0.047560271697194345,0.0031802396776769992,37736,37724,14,1.1666666666666667,2,0.16666666666666666,,,-486.10381259040145,32.50457949678314,845a3f4,checkpoints/channel_breakout_375_432.pt,data\crypto\ETHUSDT_5m_2600d.parquet,2024-06-06 14:25:00,2026-06-12 02:55:00,0.0002,0.0002,2026-06-17.mae_mfe.v2
short,38300,39141,2024-10-17 14:05:00,2024-10-20 12:10:00,2589.402016,2654.850864,9924.94281296934,1.0,-250.85908468104208,-0.02527566117412028,841,2.920138888888889,-0.0326708573938177,0.004878352577910361,38644,38351,344,28.666666666666668,51,4.25,,,-324.2563912843172,48.417370357261895,845a3f4,checkpoints/channel_breakout_375_432.pt,data\crypto\ETHUSDT_5m_2600d.parquet,2024-06-06 14:25:00,2026-06-12 02:55:00,0.0002,0.0002,2026-06-17.mae_mfe.v2
long,39141,39576,2024-10-20 12:10:00,2024-10-22 00:25:00,2654.850864,2648.630168,9672.098739725705,1.0,-26.52250157931121,-0.0023431432945454356,435,1.5104166666666667,-0.004203951397550143,0.03998308810464324,39155,39286,14,1.1666666666666667,145,12.083333333333334,,,-40.66103301411285,386.72037606726167,845a3f4,checkpoints/channel_breakout_375_432.pt,data\crypto\ETHUSDT_5m_2600d.parquet,2024-06-06 14:25:00,2026-06-12 02:55:00,0.0002,0.0002,2026-06-17.mae_mfe.v2
short,39576,41271,2024-10-22 00:25:00,2024-10-27 21:40:00,2648.630168,2508.4515899999997,9645.576238146394,1.0,510.4918554534852,0.05292493444105495,1695,5.885416666666667,-0.0034394503657255715,0.09991208708455668,39651,40717,75,6.25,1141,95.08333333333333,,,-33.1754807199265,963.7096530864131,845a3f4,checkpoints/channel_breakout_375_432.pt,data\crypto\ETHUSDT_5m_2600d.parquet,2024-06-06 14:25:00,2026-06-12 02:55:00,0.0002,0.0002,2026-06-17.mae_mfe.v2
long,41271,42328,2024-10-27 21:40:00,2024-10-31 13:45:00,2508.4515899999997,2609.567982,10154.13897835225,1.0,405.09125029162533,0.04031028240812118,1057,3.670138888888889,-0.014065087060340487,0.08469304763421825,41346,42044,75,6.25,773,64.41666666666667,,,-142.8188487533212,859.9849761780594,845a3f4,checkpoints/channel_breakout_375_432.pt,data\crypto\ETHUSDT_5m_2600d.parquet,2024-06-06 14:25:00,2026-06-12 02:55:00,0.0002,0.0002,2026-06-17.mae_mfe.v2
short,42328,43900,2024-10-31 13:45:00,2024-11-06 00:45:00,2609.567982,2488.037508,10559.230228643875,1.0,491.7554608595201,0.046571108642610604,1572,5.458333333333333,-0.0010622516903642243,0.0952448772035861,42329,43577,1,0.08333333333333333,1249,104.08333333333333,,,-11.216560159321972,1005.7125864915803,845a3f4,checkpoints/channel_breakout_375_432.pt,data\crypto\ETHUSDT_5m_2600d.parquet,2024-06-06 14:25:00,2026-06-12 02:55:00,0.0002,0.0002,2026-06-17.mae_mfe.v2
long,43900,45954,2024-11-06 00:45:00,2024-11-13 03:55:00,2488.037508,3208.9680780000003,11048.873843457666,1.0,3195.807988058983,0.28975872256022295,2054,7.131944444444445,-0.006200673402388168,0.38208527361155853,43911,45727,11,0.9166666666666666,1827,152.25,,,-68.51045816747029,4221.611985577115,845a3f4,checkpoints/channel_breakout_375_432.pt,data\crypto\ETHUSDT_5m_2600d.parquet,2024-06-06 14:25:00,2026-06-12 02:55:00,0.0002,0.0002,2026-06-17.mae_mfe.v2
short,45954,46812,2024-11-13 03:55:00,2024-11-16 03:25:00,3208.9680780000003,3132.256326,14244.68183151665,1.0,340.52575723316295,0.023905426958254705,858,2.9791666666666665,-0.0378694705108249,0.08334083465444808,46102,46671,148,12.333333333333334,717,59.75,,,-539.4385585547029,1187.1636732256497,845a3f4,checkpoints/channel_breakout_375_432.pt,data\crypto\ETHUSDT_5m_2600d.parquet,2024-06-06 14:25:00,2026-06-12 02:55:00,0.0002,0.0002,2026-06-17.mae_mfe.v2
long,46812,48143,2024-11-16 03:25:00,2024-11-20 18:20:00,3132.256326,3056.798518,14582.35865238351,1.0,-356.9890369478071,-0.02409055969450702,1331,4.621527777777778,-0.030523148826102853,0.027747944278555092,47086,47635,274,22.833333333333332,823,68.58333333333333,,,-445.0995033823105,404.63047533624336,845a3f4,checkpoints/channel_breakout_375_432.pt,data\crypto\ETHUSDT_5m_2600d.parquet,2024-06-06 14:25:00,2026-06-12 02:55:00,0.0002,0.0002,2026-06-17.mae_mfe.v2
short,48143,48939,2024-11-20 18:20:00,2024-11-23 12:40:00,3056.798518,3406.5911819999997,14225.369615435702,1.0,-1627.8233473571581,-0.11443104998260134,796,2.763888888888889,-0.11980229637104278,0.008178006451127096,48553,48155,410,34.166666666666664,12,1.0,,,-1704.2319466560548,116.33516448470054,845a3f4,checkpoints/channel_breakout_375_432.pt,data\crypto\ETHUSDT_5m_2600d.parquet,2024-06-06 14:25:00,2026-06-12 02:55:00,0.0002,0.0002,2026-06-17.mae_mfe.v2
long,48939,49779,2024-11-23 12:40:00,2024-11-26 10:40:00,3406.5911819999997,3330.993668,12594.701194155457,1.0,-284.42144006800845,-0.022191542794875785,840,2.9166666666666665,-0.0347476922459784,0.03903574303328328,49246,49556,307,25.583333333333332,617,51.416666666666664,,,-437.6368010245705,491.64351939603847,845a3f4,checkpoints/channel_breakout_375_432.pt,data\crypto\ETHUSDT_5m_2600d.parquet,2024-06-06 14:25:00,2026-06-12 02:55:00,0.0002,0.0002,2026-06-17.mae_mfe.v2
short,49779,50215,2024-11-26 10:40:00,2024-11-27 23:00:00,3330.993668,3683.0164560000003,12310.279754087449,1.0,-1300.962300879195,-0.10568101386135687,436,1.5138888888888888,-0.10545992187698161,0.024102017596510206,50215,49874,436,36.333333333333336,95,7.916666666666667,,,-1298.2411411498508,296.702579250979,845a3f4,checkpoints/channel_breakout_375_432.pt,data\crypto\ETHUSDT_5m_2600d.parquet,2024-06-06 14:25:00,2026-06-12 02:55:00,0.0002,0.0002,2026-06-17.mae_mfe.v2
long,50215,51478,2024-11-27 23:00:00,2024-12-02 08:15:00,3683.0164560000003,3637.812292,11006.855397257437,1.0,-139.4428861631768,-0.012273679615619981,1263,4.385416666666667,-0.04100075517012569,0.02117925481243077,50429,51415,214,17.833333333333332,1200,100.0,,,-451.28938333592873,233.11699514209417,845a3f4,checkpoints/channel_breakout_375_432.pt,data\crypto\ETHUSDT_5m_2600d.parquet,2024-06-06 14:25:00,2026-06-12 02:55:00,0.0002,0.0002,2026-06-17.mae_mfe.v2
short,51478,51966,2024-12-02 08:15:00,2024-12-04 00:55:00,3637.812292,3678.6255779999997,10867.41251109426,1.0,-121.92306260138321,-0.01121918414805334,488,1.6944444444444444,-0.011181915045329616,0.036371390654479696,51564,51842,86,7.166666666666667,364,30.333333333333332,,,-121.51848346160821,395.26290584438954,845a3f4,checkpoints/channel_breakout_375_432.pt,data\crypto\ETHUSDT_5m_2600d.parquet,2024-06-06 14:25:00,2026-06-12 02:55:00,0.0002,0.0002,2026-06-17.mae_mfe.v2
long,51966,53176,2024-12-04 00:55:00,2024-12-08 05:45:00,3678.6255779999997,3964.4669480000002,10743.315965990658,1.0,830.160391305486,0.07770330628631328,1210,4.201388888888889,-0.012587738822056216,0.10980851772895495,51981,52775,15,1.25,809,67.41666666666667,,,-135.23405546271698,1179.7076017192499,845a3f4,checkpoints/channel_breakout_375_432.pt,data\crypto\ETHUSDT_5m_2600d.parquet,2024-06-06 14:25:00,2026-06-12 02:55:00,0.0002,0.0002,2026-06-17.mae_mfe.v2
short,53176,54149,2024-12-08 05:45:00,2024-12-11 14:50:00,3964.4669480000002,3771.884226,11573.476357296144,1.0,562.2075692086855,0.04857720458412562,973,3.3784722222222223,-0.012148682945710254,0.12366528827975998,53394,53647,218,18.166666666666668,471,39.25,,,-140.6024948444645,1431.237290124014,845a3f4,checkpoints/channel_breakout_375_432.pt,data\crypto\ETHUSDT_5m_2600d.parquet,2024-06-06 14:25:00,2026-06-12 02:55:00,0.0002,0.0002,2026-06-17.mae_mfe.v2
long,54149,54990,2024-12-11 14:50:00,2024-12-14 12:55:00,3771.884226,3863.507144,12133.36923123337,1.0,289.76118042417875,0.024291020749903636,841,2.920138888888889,-0.003980563850954244,0.0561856518657633,54187,54440,38,3.1666666666666665,291,24.25,,,-48.29765095212804,681.7212595848422,845a3f4,checkpoints/channel_breakout_375_432.pt,data\crypto\ETHUSDT_5m_2600d.parquet,2024-06-06 14:25:00,2026-06-12 02:55:00,0.0002,0.0002,2026-06-17.mae_mfe.v2
short,54990,55426,2024-12-14 12:55:00,2024-12-16 01:15:00,3863.507144,4001.810202,12423.130411657548,1.0,-444.71379842869464,-0.0357972828430726,436,1.5138888888888888,-0.03559016481011068,0.009433693957730194,55426,55086,436,36.333333333333336,96,8.0,,,-442.14125880839026,117.19601030054802,845a3f4,checkpoints/channel_breakout_375_432.pt,data\crypto\ETHUSDT_5m_2600d.parquet,2024-06-06 14:25:00,2026-06-12 02:55:00,0.0002,0.0002,2026-06-17.mae_mfe.v2
long,55426,55967,2024-12-16 01:15:00,2024-12-17 22:20:00,4001.810202,3888.582128,11975.931987146521,1.0,-343.5039492461001,-0.028294213939334623,541,1.8784722222222223,-0.02873204779740335,0.024536345564546647,55568,55637,142,11.833333333333334,211,17.583333333333332,,,-344.09305027314554,293.84560569413486,845a3f4,checkpoints/channel_breakout_375_432.pt,data\crypto\ETHUSDT_5m_2600d.parquet,2024-06-06 14:25:00,2026-06-12 02:55:00,0.0002,0.0002,2026-06-17.mae_mfe.v2
short,55967,56920,2024-12-17 22:20:00,2024-12-21 05:45:00,3888.582128,3512.762412,11632.428037900421,1.0,1124.2394508254583,0.09664697918912002,953,3.3090277777777777,-0.006616260413980779,0.20133357152537945,55969,56702,2,0.16666666666666666,735,61.25,,,-76.96317314564067,2341.998282382454,845a3f4,checkpoints/channel_breakout_375_432.pt,data\crypto\ETHUSDT_5m_2600d.parquet,2024-06-06 14:25:00,2026-06-12 02:55:00,0.0002,0.0002,2026-06-17.mae_mfe.v2
long,56920,57375,2024-12-21 05:45:00,2024-12-22 19:40:00,3512.762412,3265.316806,12754.3410031183,1.0,-903.1817089425931,-0.07044188504030269,455,1.5798611111111112,-0.07173340591985355,0.011747901839027186,57375,56943,455,37.916666666666664,23,1.9166666666666667,,,-914.9123204169172,149.83674612611333,845a3f4,checkpoints/channel_breakout_375_432.pt,data\crypto\ETHUSDT_5m_2600d.parquet,2024-06-06 14:25:00,2026-06-12 02:55:00,0.0002,0.0002,2026-06-17.mae_mfe.v2
short,57375,57899,2024-12-22 19:40:00,2024-12-24 15:20:00,3265.316806,3475.464954,11851.159294175706,1.0,-762.7123730279982,-0.06435765975719554,524,1.8194444444444444,-0.06441739239925992,0.013878226430198315,57899,57443,524,43.666666666666664,68,5.666666666666667,,,-763.4207786390527,164.47307214491968,845a3f4,checkpoints/channel_breakout_375_432.pt,data\crypto\ETHUSDT_5m_2600d.parquet,2024-06-06 14:25:00,2026-06-12 02:55:00,0.0002,0.0002,2026-06-17.mae_mfe.v2
long,57899,58340,2024-12-24 15:20:00,2024-12-26 04:05:00,3475.464954,3432.983266,11086.076689288873,1.0,-139.8883491747565,-0.01222331071159466,441,1.53125,-0.013139235930847981,0.02004769057441047,58340,58127,441,36.75,228,19.0,,,-145.6625771680406,222.25023515104817,845a3f4,checkpoints/channel_breakout_375_432.pt,data\crypto\ETHUSDT_5m_2600d.parquet,2024-06-06 14:25:00,2026-06-12 02:55:00,0.0002,0.0002,2026-06-17.mae_mfe.v2
short,58340,59141,2024-12-26 04:05:00,2024-12-28 22:50:00,3432.983266,3416.003064,10946.188340114117,1.0,54.14240922014869,0.0049461942235986545,801,2.78125,-0.004866535227672664,0.03656681558668584,58365,58546,25,2.0833333333333335,206,17.166666666666668,,,-53.27001116590511,400.2672504100837,845a3f4,checkpoints/channel_breakout_375_432.pt,data\crypto\ETHUSDT_5m_2600d.parquet,2024-06-06 14:25:00,2026-06-12 02:55:00,0.0002,0.0002,2026-06-17.mae_mfe.v2
long,59141,59617,2024-12-28 22:50:00,2024-12-30 14:30:00,3416.003064,3326.204626,10998.141511666243,1.0,-293.39765634274045,-0.02628757536735038,476,1.6527777777777777,-0.02632113095786137,0.005953430257227721,59617,59462,476,39.666666666666664,321,26.75,,,-289.4835230216586,65.47666844882603,845a3f4,checkpoints/channel_breakout_375_432.pt,data\crypto\ETHUSDT_5m_2600d.parquet,2024-06-06 14:25:00,2026-06-12 02:55:00,0.0002,0.0002,2026-06-17.mae_mfe.v2
short,59617,60315,2024-12-30 14:30:00,2025-01-02 00:40:00,3326.204626,3395.52897,10704.743855323502,1.0,-223.10650575338877,-0.020841875890049266,698,2.423611111111111,-0.03614491215009208,0.0059180442015296375,59905,59629,288,24.0,12,1.0,,,-386.92202623990596,63.35114730185727,845a3f4,checkpoints/channel_breakout_375_432.pt,data\crypto\ETHUSDT_5m_2600d.parquet,2024-06-06 14:25:00,2026-06-12 02:55:00,0.0002,0.0002,2026-06-17.mae_mfe.v2
long,60315,61921,2025-01-02 00:40:00,2025-01-07 14:30:00,3395.52897,3621.335588,10479.49640079905,1.0,692.4285641698789,0.06650116078968393,1606,5.576388888888889,-0.0045409625823336075,0.10200797373847781,60326,61657,11,0.9166666666666666,1342,111.83333333333333,,,-47.58700103772819,1068.9921936451822,845a3f4,checkpoints/channel_breakout_375_432.pt,data\crypto\ETHUSDT_5m_2600d.parquet,2024-06-06 14:25:00,2026-06-12 02:55:00,0.0002,0.0002,2026-06-17.mae_mfe.v2
short,61921,63481,2025-01-07 14:30:00,2025-01-13 00:30:00,3621.335588,3327.8254319999996,11171.924964968928,1.0,905.4877259326149,0.08105025034757984,1560,5.416666666666667,-0.0023401344045776984,0.12342838081097496,61922,62566,1,0.08333333333333333,645,53.75,,,-26.143805975884288,1378.932608967823,845a3f4,checkpoints/channel_breakout_375_432.pt,data\crypto\ETHUSDT_5m_2600d.parquet,2024-06-06 14:25:00,2026-06-12 02:55:00,0.0002,0.0002,2026-06-17.mae_mfe.v2
long,63481,65001,2025-01-13 00:30:00,2025-01-18 07:10:00,3327.8254319999996,3288.072254,12075.17830590855,1.0,-149.0182577323576,-0.011945692108046746,1520,5.277777777777778,-0.11924466595638417,0.0593614575152992,63650,64877,169,14.083333333333334,1396,116.33333333333333,,,-1439.900603451842,716.800183995853,845a3f4,checkpoints/channel_breakout_375_432.pt,data\crypto\ETHUSDT_5m_2600d.parquet,2024-06-06 14:25:00,2026-06-12 02:55:00,0.0002,0.0002,2026-06-17.mae_mfe.v2
short,65001,66625,2025-01-18 07:10:00,2025-01-23 22:30:00,3288.072254,3301.4001479999997,11926.160048176193,1.0,-48.3410976856394,-0.004053406668234283,1624,5.638888888888889,-0.04924701572570722,0.04703736476953957,65574,65343,573,47.75,342,28.5,,,-587.3277914398342,560.9751404859732,845a3f4,checkpoints/channel_breakout_375_432.pt,data\crypto\ETHUSDT_5m_2600d.parquet,2024-06-06 14:25:00,2026-06-12 02:55:00,0.0002,0.0002,2026-06-17.mae_mfe.v2
long,66625,67484,2025-01-23 22:30:00,2025-01-26 22:05:00,3301.4001479999997,3282.063456,11875.433718480917,1.0,-74.27770187287933,-0.005857118535514072,859,2.982638888888889,-0.009508131881261317,0.03754160248495886,66943,66799,318,26.5,174,14.5,,,-112.91318994249404,445.8228119956874,845a3f4,checkpoints/channel_breakout_375_432.pt,data\crypto\ETHUSDT_5m_2600d.parquet,2024-06-06 14:25:00,2026-06-12 02:55:00,0.0002,0.0002,2026-06-17.mae_mfe.v2
short,67484,68418,2025-01-26 22:05:00,2025-01-30 03:55:00,3282.063456,3200.619996,11801.156016608038,1.0,292.8427502143368,0.02481471217477882,934,3.2430555555555554,-0.008115791896498914,0.07807693526812787,67492,67596,8,0.6666666666666666,112,9.333333333333334,,,-95.77572636890692,921.3980943977836,845a3f4,checkpoints/channel_breakout_375_432.pt,data\crypto\ETHUSDT_5m_2600d.parquet,2024-06-06 14:25:00,2026-06-12 02:55:00,0.0002,0.0002,2026-06-17.mae_mfe.v2
long,68418,69178,2025-01-30 03:55:00,2025-02-01 19:15:00,3200.619996,3219.415988,12091.638535619053,1.0,66.14490092496635,0.005872609689213659,760,2.638888888888889,-0.006742442410211047,0.07091126228157196,68463,68851,45,3.75,433,36.083333333333336,,,-81.5271764715001,857.4333516132453,845a3f4,checkpoints/channel_breakout_375_432.pt,data\crypto\ETHUSDT_5m_2600d.parquet,2024-06-06 14:25:00,2026-06-12 02:55:00,0.0002,0.0002,2026-06-17.mae_mfe.v2
short,69178,70439,2025-02-01 19:15:00,2025-02-06 04:20:00,3219.415988,2827.175322,12157.78343654402,1.0,1481.255751010829,0.1218359688409425,1261,4.378472222222222,-0.0006845999424165417,0.322585211687779,69179,69548,1,0.08333333333333333,370,30.833333333333332,,,-8.32321784057082,3921.9211435317256,845a3f4,checkpoints/channel_breakout_375_432.pt,data\crypto\ETHUSDT_5m_2600d.parquet,2024-06-06 14:25:00,2026-06-12 02:55:00,0.0002,0.0002,2026-06-17.mae_mfe.v2
long,70439,70911,2025-02-06 04:20:00,2025-02-07 19:40:00,2827.175322,2660.197854,13636.60763086754,1.0,-810.5316904753872,-0.059061589389467706,472,1.6388888888888888,-0.058873364062280165,0.010167278193297768,70911,70506,472,39.333333333333336,67,5.583333333333333,,,-802.8329656265325,138.64718339587748,845a3f4,checkpoints/channel_breakout_375_432.pt,data\crypto\ETHUSDT_5m_2600d.parquet,2024-06-06 14:25:00,2026-06-12 02:55:00,0.0002,0.0002,2026-06-17.mae_mfe.v2
short,70911,71706,2025-02-07 19:40:00,2025-02-10 13:55:00,2660.197854,2679.025698,12826.075940392153,1.0,-90.77745180466991,-0.007077610400929135,795,2.7604166666666665,-0.013695276817556667,0.04976240913845942,71295,71512,384,32.0,601,50.083333333333336,,,-175.65666048667399,638.2564385867449,845a3f4,checkpoints/channel_breakout_375_432.pt,data\crypto\ETHUSDT_5m_2600d.parquet,2024-06-06 14:25:00,2026-06-12 02:55:00,0.0002,0.0002,2026-06-17.mae_mfe.v2
long,71706,74042,2025-02-10 13:55:00,2025-02-18 16:35:00,2679.025698,2633.2732400000004,12732.733273399404,1.0,-222.4555031073578,-0.01707802132475078,2336,8.11111111111111,-0.04859441926861274,0.06210627323366569,72289,73735,583,48.583333333333336,2029,169.08333333333334,,,-618.7397791229866,790.7826116891299,845a3f4,checkpoints/channel_breakout_375_432.pt,data\crypto\ETHUSDT_5m_2600d.parquet,2024-06-06 14:25:00,2026-06-12 02:55:00,0.0002,0.0002,2026-06-17.mae_mfe.v2
short,74042,74588,2025-02-18 16:35:00,2025-02-20 14:05:00,2633.2732400000004,2760.552,12510.277770292047,1.0,-604.6813662403856,-0.048334809341699536,546,1.8958333333333333,-0.04928723613961128,0.00917232577049265,74588,74056,546,45.5,14,1.1666666666666667,,,-616.5970146365138,114.74834318847108,845a3f4,checkpoints/channel_breakout_375_432.pt,data\crypto\ETHUSDT_5m_2600d.parquet,2024-06-06 14:25:00,2026-06-12 02:55:00,0.0002,0.0002,2026-06-17.mae_mfe.v2
long,74588,75612,2025-02-20 14:05:00,2025-02-24 03:25:00,2760.552,2741.891512,11903.094348497603,1.0,-85.18986098343521,-0.006759694437924013,1024,3.5555555555555554,-0.05136726277932824,0.03330783118738556,74965,75562,377,31.416666666666668,974,81.16666666666667,,,-611.4293752864132,396.4662571672813,845a3f4,checkpoints/channel_breakout_375_432.pt,data\crypto\ETHUSDT_5m_2600d.parquet,2024-06-06 14:25:00,2026-06-12 02:55:00,0.0002,0.0002,2026-06-17.mae_mfe.v2
short,75612,77486,2025-02-24 03:25:00,2025-03-02 15:35:00,2741.891512,2283.15654,11817.904487514168,1.0,1977.2070265132807,0.16730602578268605,1874,6.506944444444445,0.0015469291842645783,0.24118806637890067,75613,76822,1,0.08333333333333333,1210,100.83333333333333,,,18.28146134858699,2850.337531994075,845a3f4,checkpoints/channel_breakout_375_432.pt,data\crypto\ETHUSDT_5m_2600d.parquet,2024-06-06 14:25:00,2026-06-12 02:55:00,0.0002,0.0002,2026-06-17.mae_mfe.v2
long,77486,78742,2025-03-02 15:35:00,2025-03-07 00:15:00,2283.15654,2166.2566620000002,13792.747933129946,1.0,-711.4364608400101,-0.05120099123820909,1256,4.361111111111111,-0.1459192719216703,0.11528927403287037,78131,77575,645,53.75,89,7.416666666666667,,,-2012.6277362014448,1590.1558961289247,845a3f4,checkpoints/channel_breakout_375_432.pt,data\crypto\ETHUSDT_5m_2600d.parquet,2024-06-06 14:25:00,2026-06-12 02:55:00,0.0002,0.0002,2026-06-17.mae_mfe.v2
short,78742,80939,2025-03-07 00:15:00,2025-03-14 15:20:00,2166.2566620000002,1936.827288,13081.311472289935,1.0,1385.4489951644246,0.10591052206536744,2197,7.628472222222222,-0.04187561870727197,0.18822176944792712,78916,79901,174,14.5,1159,96.58333333333333,,,-547.7880114046758,2462.1875920138805,845a3f4,checkpoints/channel_breakout_375_432.pt,data\crypto\ETHUSDT_5m_2600d.parquet,2024-06-06 14:25:00,2026-06-12 02:55:00,0.0002,0.0002,2026-06-17.mae_mfe.v2
long,80939,81463,2025-03-14 15:20:00,2025-03-16 11:00:00,1936.827288,1898.6202,14464.144205159902,1.0,-290.99987492536275,-0.019726636565231992,524,1.8194444444444444,-0.01953054267376675,0.00886641369955754,81463,81302,524,43.666666666666664,363,30.25,,,-282.4925856383915,128.24508633300556,845a3f4,checkpoints/channel_breakout_375_432.pt,data\crypto\ETHUSDT_5m_2600d.parquet,2024-06-06 14:25:00,2026-06-12 02:55:00,0.0002,0.0002,2026-06-17.mae_mfe.v2
short,81463,82321,2025-03-16 11:00:00,2025-03-19 10:30:00,1898.6202,1979.09574,14173.14433023454,1.0,-600.7469642813139,-0.042386328766543135,858,2.9791666666666665,-0.04772402611117266,0.051943090039808903,82321,81526,858,71.5,63,5.25,,,-676.3995100935318,736.1969120925797,845a3f4,checkpoints/channel_breakout_375_432.pt,data\crypto\ETHUSDT_5m_2600d.parquet,2024-06-06 14:25:00,2026-06-12 02:55:00,0.0002,0.0002,2026-06-17.mae_mfe.v2
long,82321,84377,2025-03-19 10:30:00,2025-03-26 13:50:00,1979.09574,2036.29266,13569.562737087179,1.0,386.5834500618075,0.028900532118774747,2056,7.138888888888889,-0.06012631809313074,0.06192437158194286,82605,83770,284,23.666666666666668,1449,120.75,,,-815.8878455147975,840.286645135872,845a3f4,checkpoints/channel_breakout_375_432.pt,data\crypto\ETHUSDT_5m_2600d.parquet,2024-06-06 14:25:00,2026-06-12 02:55:00,0.0002,0.0002,2026-06-17.mae_mfe.v2
short,84377,86018,2025-03-26 13:50:00,2025-04-01 06:35:00,2036.29266,1855.8711,13956.146187148986,1.0,1236.5563910178844,0.08860296142304025,1641,5.697916666666667,0.0004138206734979333,0.13079291853853658,84378,85628,1,0.08333333333333333,1251,104.25,,,5.775341814601608,1825.3650913676854,845a3f4,checkpoints/channel_breakout_375_432.pt,data\crypto\ETHUSDT_5m_2600d.parquet,2024-06-06 14:25:00,2026-06-12 02:55:00,0.0002,0.0002,2026-06-17.mae_mfe.v2
long,86018,86492,2025-04-01 06:35:00,2025-04-02 22:05:00,1855.8711,1849.909944,15189.911348929441,1.0,-54.84664015704584,-0.0032120528198321674,474,1.6458333333333333,-0.005593653567858237,0.05220669689829216,86111,86470,93,7.75,452,37.666666666666664,,,-84.96710181238949,793.0150977054875,845a3f4,checkpoints/channel_breakout_375_432.pt,data\crypto\ETHUSDT_5m_2600d.parquet,2024-06-06 14:25:00,2026-06-12 02:55:00,0.0002,0.0002,2026-06-17.mae_mfe.v2
short,86492,88453,2025-04-02 22:05:00,2025-04-09 17:30:00,1849.909944,1595.489034,15135.064708772396,1.0,2081.548842157017,0.13753151110149398,1961,6.809027777777778,0.00211358613033108,0.2504878388826045,86493,88260,1,0.08333333333333333,1768,147.33333333333334,,,31.98926285012474,3791.1496502487735,845a3f4,checkpoints/channel_breakout_375_432.pt,data\crypto\ETHUSDT_5m_2600d.parquet,2024-06-06 14:25:00,2026-06-12 02:55:00,0.0002,0.0002,2026-06-17.mae_mfe.v2
long,88453,89562,2025-04-09 17:30:00,2025-04-13 13:55:00,1595.489034,1570.695798,17213.586537987656,1.0,-274.26973538692255,-0.015539584084662494,1109,3.8506944444444446,-0.07602624111799439,0.05615893565583718,88727,88500,274,22.833333333333332,47,3.9166666666666665,,,-1308.6842806425118,966.6966987930339,845a3f4,checkpoints/channel_breakout_375_432.pt,data\crypto\ETHUSDT_5m_2600d.parquet,2024-06-06 14:25:00,2026-06-12 02:55:00,0.0002,0.0002,2026-06-17.mae_mfe.v2
short,89562,91165,2025-04-13 13:55:00,2025-04-19 03:30:00,1570.695798,1598.859708,16939.316802600733,1.0,-303.7356508839948,-0.017930849522779457,1603,5.565972222222222,-0.07601357446300372,0.018906142130011627,89818,90474,256,21.333333333333332,912,76.0,,,-1287.618019126901,320.2571310552636,845a3f4,checkpoints/channel_breakout_375_432.pt,data\crypto\ETHUSDT_5m_2600d.parquet,2024-06-06 14:25:00,2026-06-12 02:55:00,0.0002,0.0002,2026-06-17.mae_mfe.v2
long,91165,91994,2025-04-19 03:30:00,2025-04-22 00:35:00,1598.859708,1558.598218,16632.19328835622,1.0,-425.3062392946431,-0.02518137757712502,829,2.8784722222222223,-0.0366446835246661,0.036301053625650725,91994,91774,829,69.08333333333333,609,50.75,,,-609.4814593728892,603.7661404728071,845a3f4,checkpoints/channel_breakout_375_432.pt,data\crypto\ETHUSDT_5m_2600d.parquet,2024-06-06 14:25:00,2026-06-12 02:55:00,0.0002,0.0002,2026-06-17.mae_mfe.v2
short,91994,92997,2025-04-22 00:35:00,2025-04-25 12:10:00,1558.598218,1798.2595800000001,16206.887049061575,1.0,-2492.087706333221,-0.1537672501047349,1003,3.482638888888889,-0.17637758007496962,0.0022444642625660816,92438,91996,444,37.0,2,0.16666666666666666,,,-2858.531518261846,36.375778789063766,845a3f4,checkpoints/channel_breakout_375_432.pt,data\crypto\ETHUSDT_5m_2600d.parquet,2024-06-06 14:25:00,2026-06-12 02:55:00,0.0002,0.0002,2026-06-17.mae_mfe.v2
long,92997,93716,2025-04-25 12:10:00,2025-04-28 00:05:00,1798.2595800000001,1778.954138,13711.557965318541,1.0,-152.62735564134528,-0.01073562583217269,719,2.4965277777777777,-0.021731890342550075,0.031936668453616646,93013,93441,16,1.3333333333333333,444,37.0,,,-297.97807412782157,437.9014807209247,845a3f4,checkpoints/channel_breakout_375_432.pt,data\crypto\ETHUSDT_5m_2600d.parquet,2024-06-06 14:25:00,2026-06-12 02:55:00,0.0002,0.0002,2026-06-17.mae_mfe.v2
short,93716,94681,2025-04-28 00:05:00,2025-05-01 08:30:00,1778.954138,1819.303788,13558.930609677196,1.0,-307.5386296227298,-0.022681669604683208,965,3.3506944444444446,-0.034939552781208194,0.025410513421566416,94125,94459,409,34.083333333333336,743,61.916666666666664,,,-473.7429716935558,344.5393882392901,845a3f4,checkpoints/channel_breakout_375_432.pt,data\crypto\ETHUSDT_5m_2600d.parquet,2024-06-06 14:25:00,2026-06-12 02:55:00,0.0002,0.0002,2026-06-17.mae_mfe.v2
long,94681,95360,2025-05-01 08:30:00,2025-05-03 17:05:00,1819.303788,1817.33646,13248.68019393253,1.0,-19.619846051522472,-0.0010813631087761566,679,2.357638888888889,-0.004014606053246994,0.02833842942561926,95360,94761,679,56.583333333333336,80,6.666666666666667,,,-53.188231704095095,375.4467886583567,845a3f4,checkpoints/channel_breakout_375_432.pt,data\crypto\ETHUSDT_5m_2600d.parquet,2024-06-06 14:25:00,2026-06-12 02:55:00,0.0002,0.0002,2026-06-17.mae_mfe.v2
short,95360,96311,2025-05-03 17:05:00,2025-05-07 00:20:00,1817.33646,1838.1775619999999,13229.060347881008,1.0,-151.7095097403526,-0.011467938083407958,951,3.3020833333333335,-0.01772568850569356,0.03612785053572298,95514,96185,154,12.833333333333334,825,68.75,,,-234.49420294956084,477.93751497630456,845a3f4,checkpoints/channel_breakout_375_432.pt,data\crypto\ETHUSDT_5m_2600d.parquet,2024-06-06 14:25:00,2026-06-12 02:55:00,0.0002,0.0002,2026-06-17.mae_mfe.v2
long,96311,97972,2025-05-07 00:20:00,2025-05-12 18:45:00,1838.1775619999999,2409.498004,13074.705026071078,1.0,4056.8693028080233,0.31080808177115604,1661,5.767361111111111,-0.026666391219935748,0.42680449060992287,96541,97837,230,19.166666666666668,1526,127.16666666666667,,,-348.6551993104716,5580.342818527265,845a3f4,checkpoints/channel_breakout_375_432.pt,data\crypto\ETHUSDT_5m_2600d.parquet,2024-06-06 14:25:00,2026-06-12 02:55:00,0.0002,0.0002,2026-06-17.mae_mfe.v2
short,97972,99021,2025-05-12 18:45:00,2025-05-16 10:10:00,2409.498004,2620.133922,17131.5743288791,1.0,-1497.6244363255028,-0.08741900497544464,1049,3.642361111111111,-0.13591295591710306,-0.003105209461713221,98272,98063,300,25.0,91,7.583333333333333,,,-2328.4029065515197,-53.19712670007871,845a3f4,checkpoints/channel_breakout_375_432.pt,data\crypto\ETHUSDT_5m_2600d.parquet,2024-06-06 14:25:00,2026-06-12 02:55:00,0.0002,0.0002,2026-06-17.mae_mfe.v2
long,99021,99709,2025-05-16 10:10:00,2025-05-18 19:30:00,2620.133922,2434.483006,15630.523577687822,1.0,-1113.317289160108,-0.07085550644613192,688,2.388888888888889,-0.07276495311906428,0.010368202087648992,99709,99035,688,57.333333333333336,14,1.1666666666666667,,,-1137.3543153568833,162.06042718922967,845a3f4,checkpoints/channel_breakout_375_432.pt,data\crypto\ETHUSDT_5m_2600d.parquet,2024-06-06 14:25:00,2026-06-12 02:55:00,0.0002,0.0002,2026-06-17.mae_mfe.v2
short,99709,100409,2025-05-18 19:30:00,2025-05-21 05:50:00,2434.483006,2594.9888939999996,14517.206288527714,1.0,-957.1213165164954,-0.06593017392375256,700,2.4305555555555554,-0.06572524581426453,0.043903779873006865,100409,99715,700,58.333333333333336,6,0.5,,,-954.1469518498709,637.3602292625517,845a3f4,checkpoints/channel_breakout_375_432.pt,data\crypto\ETHUSDT_5m_2600d.parquet,2024-06-06 14:25:00,2026-06-12 02:55:00,0.0002,0.0002,2026-06-17.mae_mfe.v2
long,100409,101056,2025-05-21 05:50:00,2025-05-23 11:45:00,2594.9888939999996,2597.8203320000002,13557.181530753513,1.0,9.36423236725932,0.0010911175791723515,647,2.2465277777777777,-0.047028676801728064,0.05269043976108834,100570,100943,161,13.416666666666666,534,44.5,,,-637.5763085521639,714.3338567763074,845a3f4,checkpoints/channel_breakout_375_432.pt,data\crypto\ETHUSDT_5m_2600d.parquet,2024-06-06 14:25:00,2026-06-12 02:55:00,0.0002,0.0002,2026-06-17.mae_mfe.v2
short,101056,101790,2025-05-23 11:45:00,2025-05-26 00:55:00,2597.8203320000002,2573.794656,13566.545763120772,1.0,125.4693504508432,0.009248397860333712,734,2.548611111111111,0.000381216509779958,0.050607938655551465,101057,101597,1,0.08333333333333333,541,45.083333333333336,,,5.171791225586978,686.5749157477477,845a3f4,checkpoints/channel_breakout_375_432.pt,data\crypto\ETHUSDT_5m_2600d.parquet,2024-06-06 14:25:00,2026-06-12 02:55:00,0.0002,0.0002,2026-06-17.mae_mfe.v2
long,101790,102941,2025-05-26 00:55:00,2025-05-30 00:50:00,2573.794656,2586.762544,13689.30180441899,1.0,63.46984962127499,0.005038431473066263,1151,3.9965277777777777,-0.023737191254779022,0.07972871632227063,102083,102673,293,24.416666666666668,883,73.58333333333333,,,-324.94557507588513,1091.4304602144691,845a3f4,checkpoints/channel_breakout_375_432.pt,data\crypto\ETHUSDT_5m_2600d.parquet,2024-06-06 14:25:00,2026-06-12 02:55:00,0.0002,0.0002,2026-06-17.mae_mfe.v2
short,102941,104014,2025-05-30 00:50:00,2025-06-02 18:15:00,2586.762544,2553.550608,13752.771654040265,1.0,176.5749924715692,0.01283919008222667,1073,3.7256944444444446,-0.024129565407840392,0.04511142480807473,102999,103658,58,4.833333333333333,717,59.75,,,-331.8484031652579,620.407124373859,845a3f4,checkpoints/channel_breakout_375_432.pt,data\crypto\ETHUSDT_5m_2600d.parquet,2024-06-06 14:25:00,2026-06-12 02:55:00,0.0002,0.0002,2026-06-17.mae_mfe.v2
long,104014,104786,2025-06-02 18:15:00,2025-06-05 10:35:00,2553.550608,2586.712554,13926.596092181026,1.0,175.2167459523116,0.012986602222061938,772,2.6805555555555554,-0.010507176915132477,0.048751488069195936,104031,104562,17,1.4166666666666667,548,45.666666666666664,,,-146.32920896613862,678.942283232474,845a3f4,checkpoints/channel_breakout_375_432.pt,data\crypto\ETHUSDT_5m_2600d.parquet,2024-06-06 14:25:00,2026-06-12 02:55:00,0.0002,0.0002,2026-06-17.mae_mfe.v2
short,104786,105505,2025-06-05 10:35:00,2025-06-07 22:30:00,2586.712554,2537.897478,14101.812838133337,1.0,266.12253299075746,0.0188714729530014,719,2.4965277777777777,-0.020712562714844118,0.07604731870799131,104813,104951,27,2.25,165,13.75,,,-292.0846828028307,1072.4050552619694,845a3f4,checkpoints/channel_breakout_375_432.pt,data\crypto\ETHUSDT_5m_2600d.parquet,2024-06-06 14:25:00,2026-06-12 02:55:00,0.0002,0.0002,2026-06-17.mae_mfe.v2
long,105505,106767,2025-06-07 22:30:00,2025-06-12 07:40:00,2537.897478,2740.5417820000002,14365.115008556468,1.0,1140.8116574688247,0.07984731682687785,1262,4.381944444444445,-0.02338056541462863,0.13367857643617542,105885,106574,380,31.666666666666668,1069,89.08333333333333,,,-335.864511146218,1920.3081246857666,845a3f4,checkpoints/channel_breakout_375_432.pt,data\crypto\ETHUSDT_5m_2600d.parquet,2024-06-06 14:25:00,2026-06-12 02:55:00,0.0002,0.0002,2026-06-17.mae_mfe.v2
short,106767,107739,2025-06-12 07:40:00,2025-06-15 16:40:00,2740.5417820000002,2554.21074,15505.926666025292,1.0,1054.2576201716347,0.06799058610375175,972,3.375,-0.011420449126361865,0.10966509760003362,106856,106995,89,7.416666666666667,228,19.0,,,-177.0846466464397,1700.4589612086277,845a3f4,checkpoints/channel_breakout_375_432.pt,data\crypto\ETHUSDT_5m_2600d.parquet,2024-06-06 14:25:00,2026-06-12 02:55:00,0.0002,0.0002,2026-06-17.mae_mfe.v2
long,107739,108296,2025-06-15 16:40:00,2025-06-17 15:05:00,2554.21074,2516.74655,16557.08310086372,1.0,-249.3780262806922,-0.014667619007819321,557,1.9340277777777777,-0.02452449949372615,0.04800279713803102,107787,108076,48,4.0,337,28.083333333333332,,,-406.0541761247141,794.7863012882827,845a3f4,checkpoints/channel_breakout_375_432.pt,data\crypto\ETHUSDT_5m_2600d.parquet,2024-06-06 14:25:00,2026-06-12 02:55:00,0.0002,0.0002,2026-06-17.mae_mfe.v2
short,108296,109075,2025-06-17 15:05:00,2025-06-20 08:00:00,2516.74655,2555.571012,16307.70507458303,1.0,-251.56931632842497,-0.015426448880996757,779,2.704861111111111,-0.015223404200156887,0.02214229716536209,109075,108317,779,64.91666666666667,21,1.75,,,-248.25878592732707,361.0900518465008,845a3f4,checkpoints/channel_breakout_375_432.pt,data\crypto\ETHUSDT_5m_2600d.parquet,2024-06-06 14:25:00,2026-06-12 02:55:00,0.0002,0.0002,2026-06-17.mae_mfe.v2
long,109075,109523,2025-06-20 08:00:00,2025-06-21 21:20:00,2555.571012,2310.5378,16052.874217239687,1.0,-1544.9862821978004,-0.09588198130649317,448,1.5555555555555556,-0.09570112153079935,0.003912623814031679,109523,109078,448,37.333333333333336,3,0.25,,,-1536.2780663826907,62.80885794602715,845a3f4,checkpoints/channel_breakout_375_432.pt,data\crypto\ETHUSDT_5m_2600d.parquet,2024-06-06 14:25:00,2026-06-12 02:55:00,0.0002,0.0002,2026-06-17.mae_mfe.v2
short,109523,110011,2025-06-21 21:20:00,2025-06-23 14:00:00,2310.5378,2309.441796,14507.887935041887,1.0,6.882399159740089,0.00047435017076979946,488,1.6944444444444444,-0.01459495707016778,0.08462869553573205,109524,109798,1,0.08333333333333333,275,22.916666666666668,,,-211.7420015907414,1227.78363092118,845a3f4,checkpoints/channel_breakout_375_432.pt,data\crypto\ETHUSDT_5m_2600d.parquet,2024-06-06 14:25:00,2026-06-12 02:55:00,0.0002,0.0002,2026-06-17.mae_mfe.v2
long,110011,111008,2025-06-23 14:00:00,2025-06-27 01:05:00,2309.441796,2392.0714900000003,14511.868756614618,1.0,513.2094232941654,0.03577907620062848,997,3.4618055555555554,-0.05164962208902546,0.08900774393016997,110042,110743,31,2.5833333333333335,732,61.0,,,-749.5325370846808,1291.668698236988,845a3f4,checkpoints/channel_breakout_375_432.pt,data\crypto\ETHUSDT_5m_2600d.parquet,2024-06-06 14:25:00,2026-06-12 02:55:00,0.0002,0.0002,2026-06-17.mae_mfe.v2
short,111008,111685,2025-06-27 01:05:00,2025-06-29 09:30:00,2392.0714900000003,2454.9909,15025.078179908784,1.0,-395.20874805732456,-0.026303315040136832,677,2.3506944444444446,-0.027979310099966792,0.0008659816433831402,111100,111221,92,7.666666666666667,213,17.75,,,-420.3913216719125,13.011441894197569,845a3f4,checkpoints/channel_breakout_375_432.pt,data\crypto\ETHUSDT_5m_2600d.parquet,2024-06-06 14:25:00,2026-06-12 02:55:00,0.0002,0.0002,2026-06-17.mae_mfe.v2
long,111685,112311,2025-06-29 09:30:00,2025-07-01 13:40:00,2454.9909,2430.1238780000003,14626.864416215478,1.0,-153.94891053021092,-0.010129170743565452,626,2.173611111111111,-0.016578839457205286,0.027527230345334663,111823,111848,138,11.5,163,13.583333333333334,,,-242.4964369187451,402.63706601514247,845a3f4,checkpoints/channel_breakout_375_432.pt,data\crypto\ETHUSDT_5m_2600d.parquet,2024-06-06 14:25:00,2026-06-12 02:55:00,0.0002,0.0002,2026-06-17.mae_mfe.v2
short,112311,112886,2025-07-01 13:40:00,2025-07-03 13:35:00,2430.1238780000003,2618.253546,14472.915505685267,1.0,-1120.4298258107647,-0.07741566991837101,575,1.9965277777777777,-0.0835003202252389,0.02285639777578463,112886,112450,575,47.916666666666664,139,11.583333333333334,,,-1208.4930793175452,330.7987137732636,845a3f4,checkpoints/channel_breakout_375_432.pt,data\crypto\ETHUSDT_5m_2600d.parquet,2024-06-06 14:25:00,2026-06-12 02:55:00,0.0002,0.0002,2026-06-17.mae_mfe.v2
long,112886,115501,2025-07-03 13:35:00,2025-07-12 15:30:00,2618.253546,2915.076868,13349.591096773365,1.0,1507.4573299586318,0.11336691301477186,2615,9.07986111111111,-0.054174870197998826,0.16031543417224126,113207,115142,321,26.75,2256,188.0,,,-723.2123648640578,2140.145492701108,845a3f4,checkpoints/channel_breakout_375_432.pt,data\crypto\ETHUSDT_5m_2600d.parquet,2024-06-06 14:25:00,2026-06-12 02:55:00,0.0002,0.0002,2026-06-17.mae_mfe.v2
short,115501,115934,2025-07-12 15:30:00,2025-07-14 03:35:00,2915.076868,3024.194718,14857.048426731997,1.0,-556.1319504959902,-0.037432237618785225,433,1.5034722222222223,-0.037224792660253136,0.003350466708859412,115934,115503,433,36.083333333333336,2,0.16666666666666666,,,-553.0505472284386,49.778046145677656,845a3f4,checkpoints/channel_breakout_375_432.pt,data\crypto\ETHUSDT_5m_2600d.parquet,2024-06-06 14:25:00,2026-06-12 02:55:00,0.0002,0.0002,2026-06-17.mae_mfe.v2
long,115934,118251,2025-07-14 03:35:00,2025-07-22 04:40:00,3024.194718,3686.6425240000003,14297.945066550661,1.0,3124.983926113133,0.21904932313290293,2317,8.04513888888889,-0.02973509525189255,0.27462030703804685,116218,118084,284,23.666666666666668,2150,179.16666666666666,,,-425.1507584602111,3926.5060641892696,845a3f4,checkpoints/channel_breakout_375_432.pt,data\crypto\ETHUSDT_5m_2600d.parquet,2024-06-06 14:25:00,2026-06-12 02:55:00,0.0002,0.0002,2026-06-17.mae_mfe.v2
short,118251,118948,2025-07-22 04:40:00,2025-07-24 14:45:00,3686.6425240000003,3707.051262,17422.928992663794,1.0,-96.45020019745425,-0.0055358603030097875,697,2.420138888888889,-0.02088281559679639,0.048161036185129236,118515,118856,264,22.0,605,50.416666666666664,,,-363.83981330987547,839.1063136666182,845a3f4,checkpoints/channel_breakout_375_432.pt,data\crypto\ETHUSDT_5m_2600d.parquet,2024-06-06 14:25:00,2026-06-12 02:55:00,0.0002,0.0002,2026-06-17.mae_mfe.v2
long,118948,120139,2025-07-24 14:45:00,2025-07-28 18:00:00,3707.051262,3766.44656,17322.99420666781,1.0,270.51380985924334,0.016022248898698965,1191,4.135416666666667,-0.03482046858190979,0.06229715255553425,119101,119994,153,12.75,1046,87.16666666666667,,,-603.1947755178818,1079.1732128114206,845a3f4,checkpoints/channel_breakout_375_432.pt,data\crypto\ETHUSDT_5m_2600d.parquet,2024-06-06 14:25:00,2026-06-12 02:55:00,0.0002,0.0002,2026-06-17.mae_mfe.v2
short,120139,120795,2025-07-28 18:00:00,2025-07-31 00:40:00,3766.44656,3845.308908,17593.508016527052,1.0,-368.3744408791572,-0.020938130076641803,656,2.2777777777777777,-0.03086554877337755,0.0211888204780476,120307,120729,168,14.0,590,49.166666666666664,,,-543.0332797789247,372.78568294128297,845a3f4,checkpoints/channel_breakout_375_432.pt,data\crypto\ETHUSDT_5m_2600d.parquet,2024-06-06 14:25:00,2026-06-12 02:55:00,0.0002,0.0002,2026-06-17.mae_mfe.v2
long,120795,121241,2025-07-31 00:40:00,2025-08-01 13:50:00,3845.308908,3580.863684,17221.61487404459,1.0,-1190.7596367264778,-0.06877086609344518,446,1.5486111111111112,-0.06893045899343908,0.007721380183066451,121241,120870,446,37.166666666666664,75,6.25,,,-1187.0938178761312,132.97463580885034,845a3f4,checkpoints/channel_breakout_375_432.pt,data\crypto\ETHUSDT_5m_2600d.parquet,2024-06-06 14:25:00,2026-06-12 02:55:00,0.0002,0.0002,2026-06-17.mae_mfe.v2
short,121241,121930,2025-08-01 13:50:00,2025-08-03 23:15:00,3580.863684,3519.473754,16030.855237318112,1.0,274.83183514171833,0.017143889133312218,689,2.392361111111111,-0.020270616925276874,0.06222903289942705,121250,121658,9,0.75,417,34.75,,,-324.95532550024393,997.5846179690212,845a3f4,checkpoints/channel_breakout_375_432.pt,data\crypto\ETHUSDT_5m_2600d.parquet,2024-06-06 14:25:00,2026-06-12 02:55:00,0.0002,0.0002,2026-06-17.mae_mfe.v2
long,121930,122491,2025-08-03 23:15:00,2025-08-05 22:00:00,3519.473754,3555.178822,16302.480901412366,1.0,158.80221095813067,0.01014500192235257,561,1.9479166666666667,-0.007240785350661305,0.06147403308636812,121940,122213,10,0.8333333333333334,283,23.583333333333332,,,-118.04276489038237,1002.1792503233081,845a3f4,checkpoints/channel_breakout_375_432.pt,data\crypto\ETHUSDT_5m_2600d.parquet,2024-06-06 14:25:00,2026-06-12 02:55:00,0.0002,0.0002,2026-06-17.mae_mfe.v2
short,122491,122923,2025-08-05 22:00:00,2025-08-07 10:00:00,3555.178822,3760.90203,16461.283112370496,1.0,-952.5443480778486,-0.057865783495039125,432,1.5,-0.06114212220630755,0.0019236225074474866,122923,122492,432,36.0,1,0.08333333333333333,,,-1006.4777837291836,31.6652946964211,845a3f4,checkpoints/channel_breakout_375_432.pt,data\crypto\ETHUSDT_5m_2600d.parquet,2024-06-06 14:25:00,2026-06-12 02:55:00,0.0002,0.0002,2026-06-17.mae_mfe.v2
long,122923,124969,2025-08-07 10:00:00,2025-08-14 12:30:00,3760.90203,4544.091,15505.446507670174,1.0,3221.4384042564634,0.20824498052665308,2046,7.104166666666667,-0.0013379848663593874,0.27220011631092644,122924,124871,1,0.08333333333333333,1948,162.33333333333334,,,-20.74605277340771,4220.58434284067,845a3f4,checkpoints/channel_breakout_375_432.pt,data\crypto\ETHUSDT_5m_2600d.parquet,2024-06-06 14:25:00,2026-06-12 02:55:00,0.0002,0.0002,2026-06-17.mae_mfe.v2
short,124969,125745,2025-08-14 12:30:00,2025-08-17 05:10:00,4544.091,4490.898,18726.884911926638,1.0,219.21712244347873,0.011705971557347872,776,2.6944444444444446,-0.03384373244285821,0.038106851293250976,124994,125347,25,2.0833333333333335,378,31.5,,,-633.7876824474434,713.6226185246138,845a3f4,checkpoints/channel_breakout_375_432.pt,data\crypto\ETHUSDT_5m_2600d.parquet,2024-06-06 14:25:00,2026-06-12 02:55:00,0.0002,0.0002,2026-06-17.mae_mfe.v2
long,125745,126308,2025-08-17 05:10:00,2025-08-19 04:05:00,4490.898,4195.850662,18942.356657387732,1.0,-1251.571611718893,-0.06569896221201199,563,1.9548611111111112,-0.06551206462493708,0.01773186565359519,126308,125814,563,46.916666666666664,69,5.75,,,-1240.9528934873922,335.88332341128375,845a3f4,checkpoints/channel_breakout_375_432.pt,data\crypto\ETHUSDT_5m_2600d.parquet,2024-06-06 14:25:00,2026-06-12 02:55:00,0.0002,0.0002,2026-06-17.mae_mfe.v2
short,126308,126797,2025-08-19 04:05:00,2025-08-20 20:50:00,4195.850662,4360.872,17690.78504566884,1.0,-695.7716486566169,-0.03932965000268651,489,1.6979166666666667,-0.04048746051391272,0.03118811238568342,126797,126567,489,40.75,259,21.583333333333332,,,-716.2549609966347,551.7421921952873,845a3f4,checkpoints/channel_breakout_375_432.pt,data\crypto\ETHUSDT_5m_2600d.parquet,2024-06-06 14:25:00,2026-06-12 02:55:00,0.0002,0.0002,2026-06-17.mae_mfe.v2
long,126797,127994,2025-08-20 20:50:00,2025-08-25 00:35:00,4360.872,4706.90843,16991.47524000309,1.0,1340.9432114399751,0.07935028361300223,1197,4.15625,-0.03519754764643401,0.13618331379595627,127082,127923,285,23.75,1126,93.83333333333333,,,-598.0582593432125,2313.955404465562,845a3f4,checkpoints/channel_breakout_375_432.pt,data\crypto\ETHUSDT_5m_2600d.parquet,2024-06-06 14:25:00,2026-06-12 02:55:00,0.0002,0.0002,2026-06-17.mae_mfe.v2
short,127994,128612,2025-08-25 00:35:00,2025-08-27 04:05:00,4706.90843,4642.22826,18332.418451443064,1.0,251.9163828477831,0.013741539900745559,618,2.1458333333333335,-0.013903302129886441,0.08313491452392674,128016,128287,22,1.8333333333333333,293,24.416666666666668,,,-254.88115250191785,1524.0640409775765,845a3f4,checkpoints/channel_breakout_375_432.pt,data\crypto\ETHUSDT_5m_2600d.parquet,2024-06-06 14:25:00,2026-06-12 02:55:00,0.0002,0.0002,2026-06-17.mae_mfe.v2
long,128612,129087,2025-08-27 04:05:00,2025-08-28 19:40:00,4642.22826,4452.95923,18580.668350600557,1.0,-764.6839299031126,-0.0407711597533551,475,1.6493055555555556,-0.04057927560847674,0.004065233104242116,129087,128737,475,39.583333333333336,125,10.416666666666666,,,-753.990061988721,75.53474807780515,845a3f4,checkpoints/channel_breakout_375_432.pt,data\crypto\ETHUSDT_5m_2600d.parquet,2024-06-06 14:25:00,2026-06-12 02:55:00,0.0002,0.0002,2026-06-17.mae_mfe.v2
short,129087,129723,2025-08-28 19:40:00,2025-08-31 00:40:00,4452.95923,4416.293082,17815.984420697445,1.0,146.69944974083046,0.008234108175295463,636,2.2083333333333335,-0.014235650210522977,0.0444556574123407,129139,129451,52,4.333333333333333,364,30.333333333333332,,,-253.62212236917566,792.0212998701247,845a3f4,checkpoints/channel_breakout_375_432.pt,data\crypto\ETHUSDT_5m_2600d.parquet,2024-06-06 14:25:00,2026-06-12 02:55:00,0.0002,0.0002,2026-06-17.mae_mfe.v2
long,129723,130209,2025-08-31 00:40:00,2025-09-01 17:10:00,4416.293082,4336.962434,17959.120673554135,1.0,-329.65673941327987,-0.017963175569877254,486,1.6875,-0.02121758684493036,0.01800761781960003,130209,129871,486,40.5,148,12.333333333333334,,,-381.04920254971904,323.40098146544074,845a3f4,checkpoints/channel_breakout_375_432.pt,data\crypto\ETHUSDT_5m_2600d.parquet,2024-06-06 14:25:00,2026-06-12 02:55:00,0.0002,0.0002,2026-06-17.mae_mfe.v2
short,130209,130748,2025-09-01 17:10:00,2025-09-03 14:05:00,4336.962434,4440.027828,17629.463934140855,1.0,-418.95325196367776,-0.02376441935304996,539,1.8715277777777777,-0.024878602856720056,0.028813354024085136,130748,130263,539,44.916666666666664,54,4.5,,,-438.5964317943599,507.9639855892412,845a3f4,checkpoints/channel_breakout_375_432.pt,data\crypto\ETHUSDT_5m_2600d.parquet,2024-06-06 14:25:00,2026-06-12 02:55:00,0.0002,0.0002,2026-06-17.mae_mfe.v2
long,130748,131639,2025-09-03 14:05:00,2025-09-06 16:20:00,4440.027828,4242.10141,17206.98478939035,1.0,-773.6238571089234,-0.04457774267805781,891,3.09375,-0.04439788119273935,0.011252670914566165,131639,130789,891,74.25,41,3.4166666666666665,,,-763.9536663646259,193.6245372669552,845a3f4,checkpoints/channel_breakout_375_432.pt,data\crypto\ETHUSDT_5m_2600d.parquet,2024-06-06 14:25:00,2026-06-12 02:55:00,0.0002,0.0002,2026-06-17.mae_mfe.v2
short,131639,132145,2025-09-06 16:20:00,2025-09-08 10:30:00,4242.10141,4334.976822,16433.360932281426,1.0,-359.786853280526,-0.021893727429773913,506,1.7569444444444444,-0.021689389551863503,-0.002361704502486184,132145,131681,506,42.166666666666664,42,3.5,,,-356.42956690662663,-38.8107425047496,845a3f4,checkpoints/channel_breakout_375_432.pt,data\crypto\ETHUSDT_5m_2600d.parquet,2024-06-06 14:25:00,2026-06-12 02:55:00,0.0002,0.0002,2026-06-17.mae_mfe.v2
long,132145,133920,2025-09-08 10:30:00,2025-09-14 14:25:00,4334.976822,4604.798856,16070.287406814445,1.0,993.4356273387057,0.062243016532557816,1775,6.163194444444445,-0.012642933111396304,0.09804508661799716,132495,133506,350,29.166666666666668,1361,113.41666666666667,,,-203.1755687652694,1575.612720777231,845a3f4,checkpoints/channel_breakout_375_432.pt,data\crypto\ETHUSDT_5m_2600d.parquet,2024-06-06 14:25:00,2026-06-12 02:55:00,0.0002,0.0002,2026-06-17.mae_mfe.v2
short,133920,134645,2025-09-14 14:25:00,2025-09-17 02:50:00,4604.798856,4540.8379860000005,17063.72303415315,1.0,237.0165786124271,0.013890046449403504,725,2.517361111111111,-0.013631679898071791,0.038722398431728755,134109,134493,189,15.75,573,47.75,,,-232.6072102709301,660.7482820571457,845a3f4,checkpoints/channel_breakout_375_432.pt,data\crypto\ETHUSDT_5m_2600d.parquet,2024-06-06 14:25:00,2026-06-12 02:55:00,0.0002,0.0002,2026-06-17.mae_mfe.v2
long,134645,135268,2025-09-17 02:50:00,2025-09-19 06:45:00,4540.8379860000005,4524.804858,17297.326868158747,1.0,-67.96849776689123,-0.0035308742680166816,623,2.1631944444444446,-0.026347116186232644,0.02139737517602769,134827,134938,182,15.166666666666666,293,24.416666666666668,,,-455.73468070662216,370.1173925403767,845a3f4,checkpoints/channel_breakout_375_432.pt,data\crypto\ETHUSDT_5m_2600d.parquet,2024-06-06 14:25:00,2026-06-12 02:55:00,0.0002,0.0002,2026-06-17.mae_mfe.v2
short,135268,137418,2025-09-19 06:45:00,2025-09-26 17:55:00,4524.804858,4044.268692,17229.358370391856,1.0,1829.7656718866383,0.10620041771534017,2150,7.465277777777778,-0.004405746242239328,0.15423534934686023,135286,137130,18,1.5,1862,155.16666666666666,,,-75.90818089654863,2657.3761072796383,845a3f4,checkpoints/channel_breakout_375_432.pt,data\crypto\ETHUSDT_5m_2600d.parquet,2024-06-06 14:25:00,2026-06-12 02:55:00,0.0002,0.0002,2026-06-17.mae_mfe.v2
long,137418,140558,2025-09-26 17:55:00,2025-10-07 15:35:00,4044.268692,4504.099,19055.678170604417,1.0,2158.1282045756125,0.11369924775512419,3140,10.902777777777779,-0.0199810393804567,0.17375979726324275,137931,140532,513,42.75,3114,259.5,,,-380.75225594815595,3311.110775637824,845a3f4,checkpoints/channel_breakout_375_432.pt,data\crypto\ETHUSDT_5m_2600d.parquet,2024-06-06 14:25:00,2026-06-12 02:55:00,0.0002,0.0002,2026-06-17.mae_mfe.v2
short,140558,141988,2025-10-07 15:35:00,2025-10-12 14:45:00,4504.099,3930.53595,21213.80637518003,1.0,2701.419045612198,0.12734246072299926,1430,4.965277777777778,-0.014329391960523186,0.18845034267674843,140870,141776,312,26.0,1218,101.5,,,-303.9809465246002,3997.749080880867,845a3f4,checkpoints/channel_breakout_375_432.pt,data\crypto\ETHUSDT_5m_2600d.parquet,2024-06-06 14:25:00,2026-06-12 02:55:00,0.0002,0.0002,2026-06-17.mae_mfe.v2
long,141988,142465,2025-10-12 14:45:00,2025-10-14 06:30:00,3930.53595,4012.5973200000003,23910.98265951719,1.0,489.44820741730655,0.020877908520338107,477,1.65625,-0.0023421615059900924,0.0909021198495843,141989,142351,1,0.08333333333333333,363,30.25,,,-56.00338315551777,2173.5590114367633,845a3f4,checkpoints/channel_breakout_375_432.pt,data\crypto\ETHUSDT_5m_2600d.parquet,2024-06-06 14:25:00,2026-06-12 02:55:00,0.0002,0.0002,2026-06-17.mae_mfe.v2
short,142465,143992,2025-10-14 06:30:00,2025-10-19 13:45:00,4012.5973200000003,3956.0510520000003,24400.430866934497,1.0,343.85637387884344,0.014092186055689293,1527,5.302083333333333,-0.05015770682915166,0.08339419416249838,142777,143375,312,26.0,910,75.83333333333333,,,-1223.8696579286834,2034.8542693657541,845a3f4,checkpoints/channel_breakout_375_432.pt,data\crypto\ETHUSDT_5m_2600d.parquet,2024-06-06 14:25:00,2026-06-12 02:55:00,0.0002,0.0002,2026-06-17.mae_mfe.v2
long,143992,144451,2025-10-19 13:45:00,2025-10-21 04:00:00,3956.0510520000003,3906.9984440000003,24739.407154639954,1.0,-316.5255677138812,-0.012399387003663942,459,1.59375,-0.017388818065232625,0.03237798155694782,144451,144198,459,38.25,206,17.166666666666668,,,-430.1890500537485,801.0120685827554,845a3f4,checkpoints/channel_breakout_375_432.pt,data\crypto\ETHUSDT_5m_2600d.parquet,2024-06-06 14:25:00,2026-06-12 02:55:00,0.0002,0.0002,2026-06-17.mae_mfe.v2
short,144451,145061,2025-10-21 04:00:00,2025-10-23 06:50:00,3906.9984440000003,3896.699184,24422.881586926072,1.0,64.3822662750681,0.0026361054778040183,610,2.1180555555555554,-0.05119059013374905,0.04938022033161582,144600,144945,149,12.416666666666666,494,41.166666666666664,,,-1250.221721201419,1206.0072738953725,845a3f4,checkpoints/channel_breakout_375_432.pt,data\crypto\ETHUSDT_5m_2600d.parquet,2024-06-06 14:25:00,2026-06-12 02:55:00,0.0002,0.0002,2026-06-17.mae_mfe.v2
long,145061,146651,2025-10-23 06:50:00,2025-10-28 19:20:00,3896.699184,4059.867864,24482.379276883756,1.0,1014.9624615553294,0.04187356331481196,1590,5.520833333333333,-0.021982498508409387,0.09066668975903158,145150,146196,89,7.416666666666667,1135,94.58333333333333,,,-538.18386593641,2219.7362864601632,845a3f4,checkpoints/channel_breakout_375_432.pt,data\crypto\ETHUSDT_5m_2600d.parquet,2024-06-06 14:25:00,2026-06-12 02:55:00,0.0002,0.0002,2026-06-17.mae_mfe.v2
short,146651,147517,2025-10-28 19:20:00,2025-10-31 19:30:00,4059.867864,3889.817808,25497.341738439085,1.0,1067.9727771734324,0.04188561344764008,866,3.0069444444444446,-0.0036755225785347623,0.09304437401758747,146654,147235,3,0.25,584,48.666666666666664,,,-93.71605525224965,2372.38420116557,845a3f4,checkpoints/channel_breakout_375_432.pt,data\crypto\ETHUSDT_5m_2600d.parquet,2024-06-06 14:25:00,2026-06-12 02:55:00,0.0002,0.0002,2026-06-17.mae_mfe.v2
long,147517,148030,2025-10-31 19:30:00,2025-11-02 14:15:00,3889.817808,3846.960454,26560.215047264828,1.0,-303.1419332551668,-0.011017830683960894,513,1.78125,-0.014557958957238548,0.006540715595387159,147575,147953,58,4.833333333333333,436,36.333333333333336,,,-386.66252055351106,173.72281277648173,845a3f4,checkpoints/channel_breakout_375_432.pt,data\crypto\ETHUSDT_5m_2600d.parquet,2024-06-06 14:25:00,2026-06-12 02:55:00,0.0002,0.0002,2026-06-17.mae_mfe.v2
short,148030,149518,2025-11-02 14:15:00,2025-11-07 18:15:00,3846.960454,3420.93405,26257.07311400966,1.0,2907.804789010508,0.11074364010085558,1488,5.166666666666667,-0.017104294880802007,0.20429647338402301,148146,148694,116,9.666666666666666,664,55.333333333333336,,,-449.10872124879944,5364.227438578621,845a3f4,checkpoints/channel_breakout_375_432.pt,data\crypto\ETHUSDT_5m_2600d.parquet,2024-06-06 14:25:00,2026-06-12 02:55:00,0.0002,0.0002,2026-06-17.mae_mfe.v2
long,149518,150628,2025-11-07 18:15:00,2025-11-11 14:45:00,3420.93405,3491.191622,29159.626488397367,1.0,586.9648063214336,0.020537540617013628,1110,3.8541666666666665,-0.01861890614348438,0.06890105057710771,149789,150180,271,22.583333333333332,662,55.166666666666664,,,-542.9203487665317,2009.1288994866368,845a3f4,checkpoints/channel_breakout_375_432.pt,data\crypto\ETHUSDT_5m_2600d.parquet,2024-06-06 14:25:00,2026-06-12 02:55:00,0.0002,0.0002,2026-06-17.mae_mfe.v2
short,150628,152009,2025-11-11 14:45:00,2025-11-16 09:50:00,3491.191622,3238.987668,29746.5912947188,1.0,2148.897170017248,0.07224007768886642,1381,4.795138888888889,-0.027583240459552183,0.11972176473102225,150903,151467,275,22.916666666666668,839,69.91666666666667,,,-820.5073805342504,3561.3144045361987,845a3f4,checkpoints/channel_breakout_375_432.pt,data\crypto\ETHUSDT_5m_2600d.parquet,2024-06-06 14:25:00,2026-06-12 02:55:00,0.0002,0.0002,2026-06-17.mae_mfe.v2
long,152009,152944,2025-11-16 09:50:00,2025-11-19 15:45:00,3238.987668,2993.171246,31889.539146477106,1.0,-2431.9786742795477,-0.07589297867002576,935,3.2465277777777777,-0.08922160181562022,0.003010919768651421,152503,152011,494,41.166666666666664,2,0.16666666666666666,,,-2845.2357638106137,96.01684382931128,845a3f4,checkpoints/channel_breakout_375_432.pt,data\crypto\ETHUSDT_5m_2600d.parquet,2024-06-06 14:25:00,2026-06-12 02:55:00,0.0002,0.0002,2026-06-17.mae_mfe.v2
short,152944,153926,2025-11-19 15:45:00,2025-11-23 01:35:00,2993.171246,2806.5612,29457.560472197558,1.0,1836.5404348610427,0.06234526215276881,982,3.4097222222222223,-0.02161879447641879,0.12291353075493228,153104,153479,160,13.333333333333334,535,44.583333333333336,,,-636.8369456251171,3620.7327650647317,845a3f4,checkpoints/channel_breakout_375_432.pt,data\crypto\ETHUSDT_5m_2600d.parquet,2024-06-06 14:25:00,2026-06-12 02:55:00,0.0002,0.0002,2026-06-17.mae_mfe.v2
long,153926,155759,2025-11-23 01:35:00,2025-11-29 10:20:00,2806.5612,2988.7621280000003,31288.20939496416,1.0,2017.8926871875701,0.06491963474731999,1833,6.364583333333333,-0.015018806644943372,0.10352840337135705,154199,155521,273,22.75,1595,132.91666666666666,,,-469.9115671694674,3239.2183630093327,845a3f4,checkpoints/channel_breakout_375_432.pt,data\crypto\ETHUSDT_5m_2600d.parquet,2024-06-06 14:25:00,2026-06-12 02:55:00,0.0002,0.0002,2026-06-17.mae_mfe.v2
short,155759,156668,2025-11-29 10:20:00,2025-12-02 14:05:00,2988.7621280000003,2864.92287,33306.10208215173,1.0,1380.038493817021,0.04143496628246901,909,3.15625,-0.02096783528300894,0.08957625817453485,156086,156399,327,27.25,640,53.333333333333336,,,-698.3568623776385,2983.435998898236,845a3f4,checkpoints/channel_breakout_375_432.pt,data\crypto\ETHUSDT_5m_2600d.parquet,2024-06-06 14:25:00,2026-06-12 02:55:00,0.0002,0.0002,2026-06-17.mae_mfe.v2
long,156668,157556,2025-12-02 14:05:00,2025-12-05 16:05:00,2864.92287,3065.116854,34679.47935555232,1.0,2408.479752348714,0.06987761733355136,888,3.0833333333333335,-0.005303064232231813,0.1301700418901679,156671,157090,3,0.25,422,35.166666666666664,,,-183.9075065628511,4514.229280441458,845a3f4,checkpoints/channel_breakout_375_432.pt,data\crypto\ETHUSDT_5m_2600d.parquet,2024-06-06 14:25:00,2026-06-12 02:55:00,0.0002,0.0002,2026-06-17.mae_mfe.v2
short,157556,158146,2025-12-05 16:05:00,2025-12-07 17:15:00,3065.116854,3080.616,37087.959107901035,1.0,-187.53840401054913,-0.0050566248330055075,590,2.048611111111111,-0.004995941991580599,0.045837356516000516,158146,158112,590,49.166666666666664,556,46.333333333333336,,,-185.28929228918693,1700.0140040797082,845a3f4,checkpoints/channel_breakout_375_432.pt,data\crypto\ETHUSDT_5m_2600d.parquet,2024-06-06 14:25:00,2026-06-12 02:55:00,0.0002,0.0002,2026-06-17.mae_mfe.v2
long,158146,159098,2025-12-07 17:15:00,2025-12-11 00:35:00,3080.616,3287.712326,36893.00311206891,1.0,2464.4073844092854,0.06722562175876501,952,3.3055555555555554,-0.021163299807570923,0.11844189603637711,158214,159046,68,5.666666666666667,900,75.0,,,-780.7776856623614,4369.677239069403,845a3f4,checkpoints/channel_breakout_375_432.pt,data\crypto\ETHUSDT_5m_2600d.parquet,2024-06-06 14:25:00,2026-06-12 02:55:00,0.0002,0.0002,2026-06-17.mae_mfe.v2
short,159098,160268,2025-12-11 00:35:00,2025-12-15 02:05:00,3287.712326,3130.42596,39357.410496478195,1.0,1882.8864531195868,0.04784067169020301,1170,4.0625,0.0011778177699357517,0.07838651939281616,159099,160237,1,0.08333333333333333,1139,94.91666666666667,,,46.35585746140789,3085.090421133214,845a3f4,checkpoints/channel_breakout_375_432.pt,data\crypto\ETHUSDT_5m_2600d.parquet,2024-06-06 14:25:00,2026-06-12 02:55:00,0.0002,0.0002,2026-06-17.mae_mfe.v2
long,160268,161015,2025-12-15 02:05:00,2025-12-17 16:20:00,3130.42596,2862.9073040000003,41232.425467498484,1.0,-3538.70569349415,-0.08545758929241687,747,2.59375,-0.08858090353940196,0.01468619305725416,161015,160369,747,62.25,101,8.416666666666666,,,-3652.4055030320637,605.5473606345258,845a3f4,checkpoints/channel_breakout_375_432.pt,data\crypto\ETHUSDT_5m_2600d.parquet,2024-06-06 14:25:00,2026-06-12 02:55:00,0.0002,0.0002,2026-06-17.mae_mfe.v2
short,161015,162075,2025-12-17 16:20:00,2025-12-21 08:40:00,2862.9073040000003,2998.2395279999996,37693.719774004334,1.0,-1781.8147308260668,-0.04727090667969436,1060,3.6805555555555554,-0.05371207645638787,0.030845324218712555,161578,161353,563,46.916666666666664,338,28.166666666666668,,,-2024.60795842698,1162.6750074384602,845a3f4,checkpoints/channel_breakout_375_432.pt,data\crypto\ETHUSDT_5m_2600d.parquet,2024-06-06 14:25:00,2026-06-12 02:55:00,0.0002,0.0002,2026-06-17.mae_mfe.v2
long,162075,162622,2025-12-21 08:40:00,2025-12-23 06:15:00,2998.2395279999996,2949.65995,35904.36629922347,1.0,-595.8753391060018,-0.016202700800360903,547,1.8993055555555556,-0.017553476801470347,0.02553514196748341,162137,162409,62,5.166666666666667,334,27.833333333333332,,,-630.2464609049129,916.8230907031982,845a3f4,checkpoints/channel_breakout_375_432.pt,data\crypto\ETHUSDT_5m_2600d.parquet,2024-06-06 14:25:00,2026-06-12 02:55:00,0.0002,0.0002,2026-06-17.mae_mfe.v2
short,162622,163311,2025-12-23 06:15:00,2025-12-25 15:40:00,2949.65995,2966.163114,35308.490960117466,1.0,-197.54739107387286,-0.005594937816475909,689,2.392361111111111,-0.012604859756800035,0.02006331272186146,162796,163010,174,14.5,388,32.333333333333336,,,-445.0585767765225,708.4052958698551,845a3f4,checkpoints/channel_breakout_375_432.pt,data\crypto\ETHUSDT_5m_2600d.parquet,2024-06-06 14:25:00,2026-06-12 02:55:00,0.0002,0.0002,2026-06-17.mae_mfe.v2
long,163311,164421,2025-12-25 15:40:00,2025-12-29 12:10:00,2966.163114,2918.01628,35103.88187085157,1.0,-583.619338798002,-0.01623202506050725,1110,3.8541666666666665,-0.02474682314453447,0.030037756716571495,163408,164327,97,8.083333333333334,1016,84.66666666666667,,,-868.7095563445936,1054.4418634439041,845a3f4,checkpoints/channel_breakout_375_432.pt,data\crypto\ETHUSDT_5m_2600d.parquet,2024-06-06 14:25:00,2026-06-12 02:55:00,0.0002,0.0002,2026-06-17.mae_mfe.v2
short,164421,165020,2025-12-29 12:10:00,2025-12-31 14:05:00,2918.01628,3023.644608,34520.262532053566,1.0,-1249.5863930894993,-0.036198676725683,599,2.079861111111111,-0.0360840070433055,0.0006909762683022791,165020,164422,599,49.916666666666664,1,0.08333333333333333,,,-1245.629396343376,23.852682185213357,845a3f4,checkpoints/channel_breakout_375_432.pt,data\crypto\ETHUSDT_5m_2600d.parquet,2024-06-06 14:25:00,2026-06-12 02:55:00,0.0002,0.0002,2026-06-17.mae_mfe.v2
long,165020,167047,2025-12-31 14:05:00,2026-01-07 15:00:00,3023.644608,3166.796514,33263.772086457655,1.0,1560.9112053143617,0.0473441573196951,2027,7.038194444444445,-0.021177954522358933,0.09357428821211511,165092,166751,72,6.0,1731,144.25,,,-704.4586524891128,3112.633796240298,845a3f4,checkpoints/channel_breakout_375_432.pt,data\crypto\ETHUSDT_5m_2600d.parquet,2024-06-06 14:25:00,2026-06-12 02:55:00,0.0002,0.0002,2026-06-17.mae_mfe.v2
short,167047,168126,2026-01-07 15:00:00,2026-01-11 08:55:00,3166.796514,3105.200916,34824.68329177202,1.0,677.3569152738055,0.019450443919492133,1079,3.7465277777777777,-0.006000854780529252,0.034241705622895635,167181,167332,134,11.166666666666666,285,23.75,,,-208.9778672118473,1192.4565536874295,845a3f4,checkpoints/channel_breakout_375_432.pt,data\crypto\ETHUSDT_5m_2600d.parquet,2024-06-06 14:25:00,2026-06-12 02:55:00,0.0002,0.0002,2026-06-17.mae_mfe.v2
long,168126,169645,2026-01-11 08:55:00,2026-01-16 15:30:00,3105.200916,3267.016466,35495.07527038747,1.0,1834.752314474994,0.05211113688850921,1519,5.274305555555555,-0.011062381124197773,0.09493720115854831,168480,169081,354,29.5,955,79.58333333333333,,,-392.6600506731135,3369.8031010825885,845a3f4,checkpoints/channel_breakout_375_432.pt,data\crypto\ETHUSDT_5m_2600d.parquet,2024-06-06 14:25:00,2026-06-12 02:55:00,0.0002,0.0002,2026-06-17.mae_mfe.v2
short,169645,170206,2026-01-16 15:30:00,2026-01-18 14:15:00,3267.016466,3340.277922,37329.82758486246,1.0,-837.1039943867945,-0.022424575070997044,561,1.9479166666666667,-0.0246535439408464,0.005177955537124079,170206,169648,561,46.75,3,0.25,,,-920.3125446676268,193.29218744292578,845a3f4,checkpoints/channel_breakout_375_432.pt,data\crypto\ETHUSDT_5m_2600d.parquet,2024-06-06 14:25:00,2026-06-12 02:55:00,0.0002,0.0002,2026-06-17.mae_mfe.v2
long,170206,170671,2026-01-18 14:15:00,2026-01-20 05:00:00,3340.277922,3162.9972740000003,36485.25762495869,1.0,-1950.2229330522096,-0.0530736220577277,465,1.6145833333333333,-0.05588394928773832,0.008514883690567299,170671,170260,465,38.75,54,4.5,,,-2038.9402868632594,310.66772509690696,845a3f4,checkpoints/channel_breakout_375_432.pt,data\crypto\ETHUSDT_5m_2600d.parquet,2024-06-06 14:25:00,2026-06-12 02:55:00,0.0002,0.0002,2026-06-17.mae_mfe.v2
short,170671,172820,2026-01-20 05:00:00,2026-01-27 16:05:00,3162.9972740000003,2966.933268,34535.03469190648,1.0,2140.716782536787,0.06198677678658038,2149,7.461805555555555,-0.003551291710661042,0.11839633156762563,170682,172327,11,0.9166666666666666,1656,138.0,,,-122.643982428759,4088.821418082414,845a3f4,checkpoints/channel_breakout_375_432.pt,data\crypto\ETHUSDT_5m_2600d.parquet,2024-06-06 14:25:00,2026-06-12 02:55:00,0.0002,0.0002,2026-06-17.mae_mfe.v2
long,172820,173255,2026-01-27 16:05:00,2026-01-29 04:20:00,2966.933268,2939.621958,36668.84446750489,1.0,-352.0762985494439,-0.00920523231667103,435,1.5104166666666667,-0.016101901756693127,0.02611003517858701,172840,173058,20,1.6666666666666667,238,19.833333333333332,,,-590.438131147224,957.4248190046883,845a3f4,checkpoints/channel_breakout_375_432.pt,data\crypto\ETHUSDT_5m_2600d.parquet,2024-06-06 14:25:00,2026-06-12 02:55:00,0.0002,0.0002,2026-06-17.mae_mfe.v2
short,173255,175843,2026-01-29 04:20:00,2026-02-07 04:00:00,2939.621958,2095.01892,36316.768168955445,1.0,10434.42191120486,0.28731688974545355,2588,8.98611111111111,-0.009755690496852765,0.4049336870547353,173304,175511,49,4.083333333333333,2256,188.0,,,-354.2951501022836,14705.882836567176,845a3f4,checkpoints/channel_breakout_375_432.pt,data\crypto\ETHUSDT_5m_2600d.parquet,2024-06-06 14:25:00,2026-06-12 02:55:00,0.0002,0.0002,2026-06-17.mae_mfe.v2
long,175843,176392,2026-02-07 04:00:00,2026-02-09 01:45:00,2095.01892,2056.418634,46743.926726526515,1.0,-879.5983227599572,-0.018424791123127338,549,1.90625,-0.04727352056562806,0.026506242721664908,175882,176360,39,3.25,517,43.083333333333336,,,-2209.749981424662,1239.0058675770313,845a3f4,checkpoints/channel_breakout_375_432.pt,data\crypto\ETHUSDT_5m_2600d.parquet,2024-06-06 14:25:00,2026-06-12 02:55:00,0.0002,0.0002,2026-06-17.mae_mfe.v2
short,176392,177704,2026-02-09 01:45:00,2026-02-13 15:05:00,2056.418634,2016.063132,45864.32840376656,1.0,900.0510229971624,0.01962416666177713,1312,4.555555555555555,-0.04355697060854369,0.07664715315937953,176612,177433,220,18.333333333333332,1041,86.75,,,-1997.7112042634553,3515.3702037155763,845a3f4,checkpoints/channel_breakout_375_432.pt,data\crypto\ETHUSDT_5m_2600d.parquet,2024-06-06 14:25:00,2026-06-12 02:55:00,0.0002,0.0002,2026-06-17.mae_mfe.v2
long,177704,178253,2026-02-13 15:05:00,2026-02-15 12:50:00,2016.063132,2025.84475,46755.20656108297,1.0,208.05789079050737,0.0048518411178406495,549,1.90625,-0.0026254792898022794,0.04506647959474708,177705,177947,1,0.08333333333333333,243,20.25,,,-122.75482651655098,2107.0925624332303,845a3f4,checkpoints/channel_breakout_375_432.pt,data\crypto\ETHUSDT_5m_2600d.parquet,2024-06-06 14:25:00,2026-06-12 02:55:00,0.0002,0.0002,2026-06-17.mae_mfe.v2
short,178253,179056,2026-02-15 12:50:00,2026-02-18 07:45:00,2025.84475,2022.214362,46963.264451873474,1.0,84.16176535662089,0.0017920366306450886,803,2.7881944444444446,-0.0008071941346936562,0.04726657854704808,178259,178335,6,0.5,82,6.833333333333333,,,-37.908471611619355,2219.7928280402684,845a3f4,checkpoints/channel_breakout_375_432.pt,data\crypto\ETHUSDT_5m_2600d.parquet,2024-06-06 14:25:00,2026-06-12 02:55:00,0.0002,0.0002,2026-06-17.mae_mfe.v2
long,179056,180278,2026-02-18 07:45:00,2026-02-22 13:35:00,2022.214362,1953.969128,47038.03356433972,1.0,-1605.607366977165,-0.033747774361816196,1222,4.243055555555555,-0.05697435650988614,0.007979192662859624,179444,179064,388,32.333333333333336,8,0.6666666666666666,,,-2679.9616938186814,375.3255322919242,845a3f4,checkpoints/channel_breakout_375_432.pt,data\crypto\ETHUSDT_5m_2600d.parquet,2024-06-06 14:25:00,2026-06-12 02:55:00,0.0002,0.0002,2026-06-17.mae_mfe.v2
short,180278,180993,2026-02-22 13:35:00,2026-02-25 01:10:00,1953.969128,1904.58084,45432.426197362554,1.0,1148.3462960645193,0.025275879384313304,715,2.482638888888889,-0.0035214845011615203,0.07847059905032427,180389,180853,111,9.25,575,47.916666666666664,,,-159.98958470417688,3565.1097000166856,845a3f4,checkpoints/channel_breakout_375_432.pt,data\crypto\ETHUSDT_5m_2600d.parquet,2024-06-06 14:25:00,2026-06-12 02:55:00,0.0002,0.0002,2026-06-17.mae_mfe.v2
long,180993,181690,2026-02-25 01:10:00,2026-02-27 11:15:00,1904.58084,1966.816558,46571.6860081876,1.0,1502.5809016532367,0.03267685817946164,697,2.420138888888889,-0.013924764674205226,0.12596953353788853,181046,181238,53,4.416666666666667,245,20.416666666666668,,,-648.4997681449885,5866.613562524402,845a3f4,checkpoints/channel_breakout_375_432.pt,data\crypto\ETHUSDT_5m_2600d.parquet,2024-06-06 14:25:00,2026-06-12 02:55:00,0.0002,0.0002,2026-06-17.mae_mfe.v2
short,181690,182152,2026-02-27 11:15:00,2026-03-01 01:45:00,1966.816558,1989.09774,48074.26690984084,1.0,-544.6098474213286,-0.011328551160183942,462,1.6041666666666667,-0.011126325895004952,0.06638980003950123,182152,181927,462,38.5,237,19.75,,,-534.8899608023418,3191.640967189944,845a3f4,checkpoints/channel_breakout_375_432.pt,data\crypto\ETHUSDT_5m_2600d.parquet,2024-06-06 14:25:00,2026-06-12 02:55:00,0.0002,0.0002,2026-06-17.mae_mfe.v2
long,182152,183685,2026-03-01 01:45:00,2026-03-06 09:30:00,1989.09774,2049.849948,47520.04220903754,1.0,1431.7988227114547,0.030542595659477367,1533,5.322916666666667,-0.041052653350257096,0.10525488807804906,182379,183227,227,18.916666666666668,1075,89.58333333333333,,,-1950.8238199972036,5001.716724176414,845a3f4,checkpoints/channel_breakout_375_432.pt,data\crypto\ETHUSDT_5m_2600d.parquet,2024-06-06 14:25:00,2026-06-12 02:55:00,0.0002,0.0002,2026-06-17.mae_mfe.v2
short,183685,184472,2026-03-06 09:30:00,2026-03-09 03:05:00,2049.849948,1982.2263659999999,48951.841031749,1.0,1614.9000177483467,0.032989527875432634,787,2.732638888888889,-0.00910313070388713,0.06676583724263896,183696,184412,11,0.9166666666666666,727,60.583333333333336,,,-445.61500710791614,3268.3106510532893,845a3f4,checkpoints/channel_breakout_375_432.pt,data\crypto\ETHUSDT_5m_2600d.parquet,2024-06-06 14:25:00,2026-06-12 02:55:00,0.0002,0.0002,2026-06-17.mae_mfe.v2
long,184472,185992,2026-03-09 03:05:00,2026-03-14 09:45:00,1982.2263659999999,2064.33705,50556.950681291,1.0,2073.1856926011606,0.041423464750745875,1520,5.277777777777778,-0.009437048321452868,0.11382838906300785,184522,185760,50,4.166666666666667,1288,107.33333333333333,,,-477.1083865646526,5754.816251989291,845a3f4,checkpoints/channel_breakout_375_432.pt,data\crypto\ETHUSDT_5m_2600d.parquet,2024-06-06 14:25:00,2026-06-12 02:55:00,0.0002,0.0002,2026-06-17.mae_mfe.v2
short,185992,186427,2026-03-14 09:45:00,2026-03-15 22:00:00,2064.33705,2144.858886,52630.13637389216,1.0,-2052.896688739638,-0.03900614776060918,435,1.5104166666666667,-0.040639172755243536,0.0008269240723068894,186427,186001,435,36.25,9,0.75,,,-2138.84520423063,43.52112669636585,845a3f4,checkpoints/channel_breakout_375_432.pt,data\crypto\ETHUSDT_5m_2600d.parquet,2024-06-06 14:25:00,2026-06-12 02:55:00,0.0002,0.0002,2026-06-17.mae_mfe.v2
long,186427,187164,2026-03-15 22:00:00,2026-03-18 11:25:00,2144.858886,2294.401028,50566.71365787774,1.0,3503.9373621490668,0.06972120309457042,737,2.5590277777777777,-0.008848547624218828,0.11196126494262981,186430,186716,3,0.25,289,24.083333333333332,,,-447.4419740019678,5661.513225127747,845a3f4,checkpoints/channel_breakout_375_432.pt,data\crypto\ETHUSDT_5m_2600d.parquet,2024-06-06 14:25:00,2026-06-12 02:55:00,0.0002,0.0002,2026-06-17.mae_mfe.v2
short,187164,188600,2026-03-18 11:25:00,2026-03-23 11:05:00,2294.401028,2153.920698,54070.65102002681,1.0,3310.610248368488,0.06122745251838346,1436,4.986111111111111,-0.0011545374882913073,0.11780025579730535,187165,188552,1,0.08333333333333333,1388,115.66666666666667,,,-62.42659361893757,6369.536521285988,845a3f4,checkpoints/channel_breakout_375_432.pt,data\crypto\ETHUSDT_5m_2600d.parquet,2024-06-06 14:25:00,2026-06-12 02:55:00,0.0002,0.0002,2026-06-17.mae_mfe.v2
long,188600,189392,2026-03-23 11:05:00,2026-03-26 05:05:00,2153.920698,2141.82155,57370.447138191295,1.0,-345.0821194839664,-0.005617267159015782,792,2.75,-0.023710574882084168,0.02046468193602924,188967,189181,367,30.583333333333332,581,48.416666666666664,,,-1360.286282888736,1174.0679532108638,845a3f4,checkpoints/channel_breakout_375_432.pt,data\crypto\ETHUSDT_5m_2600d.parquet,2024-06-06 14:25:00,2026-06-12 02:55:00,0.0002,0.0002,2026-06-17.mae_mfe.v2
short,189392,190516,2026-03-26 05:05:00,2026-03-30 02:45:00,2141.82155,2039.877894,57025.36501870733,1.0,2714.2218490297673,0.0475967085119674,1124,3.9027777777777777,-0.0010404461566837497,0.09422892864253796,189398,190468,6,0.5,1076,89.66666666666667,,,-59.33182186720199,5373.439051162453,845a3f4,checkpoints/channel_breakout_375_432.pt,data\crypto\ETHUSDT_5m_2600d.parquet,2024-06-06 14:25:00,2026-06-12 02:55:00,0.0002,0.0002,2026-06-17.mae_mfe.v2
long,190516,191373,2026-03-30 02:45:00,2026-04-02 02:10:00,2039.877894,2077.524412,59728.181794733355,1.0,1077.9705680793923,0.01845528014727349,857,2.9756944444444446,-0.013244858468964837,0.062274367683303966,190890,191263,374,31.166666666666668,747,62.25,,,-791.0913144798456,3719.534754140447,845a3f4,checkpoints/channel_breakout_375_432.pt,data\crypto\ETHUSDT_5m_2600d.parquet,2024-06-06 14:25:00,2026-06-12 02:55:00,0.0002,0.0002,2026-06-17.mae_mfe.v2
short,191373,192486,2026-04-02 02:10:00,2026-04-05 22:55:00,2077.524412,2085.8470859999998,60806.15236281275,1.0,-243.59025920151907,-0.004006053527904063,1113,3.8645833333333335,-0.005196371189500004,0.028699740737390678,191377,191510,4,0.3333333333333333,137,11.416666666666666,,,-315.97133828246774,1745.1208080510014,845a3f4,checkpoints/channel_breakout_375_432.pt,data\crypto\ETHUSDT_5m_2600d.parquet,2024-06-06 14:25:00,2026-06-12 02:55:00,0.0002,0.0002,2026-06-17.mae_mfe.v2
long,192486,192919,2026-04-05 22:55:00,2026-04-07 11:00:00,2085.8470859999998,2085.892738,60550.400873138664,1.0,-22.893028899328783,2.1886551658800713e-05,433,1.5034722222222223,-0.0013553658937776047,0.042343906508207185,192487,192611,1,0.08333333333333333,125,10.416666666666666,,,-82.06794819801384,2563.9405136066503,845a3f4,checkpoints/channel_breakout_375_432.pt,data\crypto\ETHUSDT_5m_2600d.parquet,2024-06-06 14:25:00,2026-06-12 02:55:00,0.0002,0.0002,2026-06-17.mae_mfe.v2
short,192919,194139,2026-04-07 11:00:00,2026-04-11 16:40:00,2085.892738,2263.342578,60527.507844239335,1.0,-5149.157915510987,-0.08507141175923683,1220,4.236111111111111,-0.09033890313107751,0.011550324501872766,194139,192956,1220,101.66666666666667,37,3.0833333333333335,,,-5467.988667906271,699.1123568906137,845a3f4,checkpoints/channel_breakout_375_432.pt,data\crypto\ETHUSDT_5m_2600d.parquet,2024-06-06 14:25:00,2026-06-12 02:55:00,0.0002,0.0002,2026-06-17.mae_mfe.v2
long,194139,195545,2026-04-11 16:40:00,2026-04-16 13:50:00,2263.342578,2299.0401,55366.2444271595,1.0,850.7448904691628,0.01577203660947535,1406,4.881944444444445,-0.03856799180490633,0.06700153280993959,194413,194977,274,22.833333333333332,838,69.83333333333333,,,-2135.3648613351284,3709.6232425494622,845a3f4,checkpoints/channel_breakout_375_432.pt,data\crypto\ETHUSDT_5m_2600d.parquet,2024-06-06 14:25:00,2026-06-12 02:55:00,0.0002,0.0002,2026-06-17.mae_mfe.v2
short,195545,197134,2026-04-16 13:50:00,2026-04-22 02:15:00,2299.0401,2348.149536,56216.989317628664,1.0,-1200.8400196111688,-0.021360843597290735,1589,5.517361111111111,-0.07181253602318627,0.01979091186795745,195866,196507,321,26.75,962,80.16666666666667,,,-4037.084570487286,1112.5854810670944,845a3f4,checkpoints/channel_breakout_375_432.pt,data\crypto\ETHUSDT_5m_2600d.parquet,2024-06-06 14:25:00,2026-06-12 02:55:00,0.0002,0.0002,2026-06-17.mae_mfe.v2
long,197134,197606,2026-04-22 02:15:00,2026-04-23 17:35:00,2348.149536,2295.350838,55004.90590015397,1.0,-1258.3034182279516,-0.02248523664721158,472,1.6388888888888888,-0.022494110869095807,0.03199560455931727,197606,197277,472,39.333333333333336,143,11.916666666666666,,,-1237.2864516622456,1759.9152180037838,845a3f4,checkpoints/channel_breakout_375_432.pt,data\crypto\ETHUSDT_5m_2600d.parquet,2024-06-06 14:25:00,2026-06-12 02:55:00,0.0002,0.0002,2026-06-17.mae_mfe.v2
short,197606,198321,2026-04-23 17:35:00,2026-04-26 05:10:00,2295.350838,2330.9360939999997,53746.60248192602,1.0,-833.2415095725519,-0.015503188188436656,715,2.482638888888889,-0.018693944860032063,0.004160949098448774,197663,197608,57,4.75,2,0.16666666666666666,,,-1004.7360232111874,223.6368771418547,845a3f4,checkpoints/channel_breakout_375_432.pt,data\crypto\ETHUSDT_5m_2600d.parquet,2024-06-06 14:25:00,2026-06-12 02:55:00,0.0002,0.0002,2026-06-17.mae_mfe.v2
long,198321,198992,2026-04-26 05:10:00,2026-04-28 13:05:00,2330.9360939999997,2263.467216,52902.611651857085,1.0,-1551.81105215376,-0.028944971152864096,671,2.329861111111111,-0.028879424954324717,0.03123805332433971,198992,198559,671,55.916666666666664,238,19.833333333333332,,,-1527.797003087591,1652.5746037775468,845a3f4,checkpoints/channel_breakout_375_432.pt,data\crypto\ETHUSDT_5m_2600d.parquet,2024-06-06 14:25:00,2026-06-12 02:55:00,0.0002,0.0002,2026-06-17.mae_mfe.v2
short,198992,199738,2026-04-28 13:05:00,2026-05-01 03:15:00,2263.467216,2285.40699,51350.800599703325,1.0,-497.74092490209296,-0.009692993936431638,746,2.5902777777777777,-0.036175820626509037,0.018505775433329763,199241,199345,249,20.75,353,29.416666666666668,,,-1857.6573515225002,950.2863842198051,845a3f4,checkpoints/channel_breakout_375_432.pt,data\crypto\ETHUSDT_5m_2600d.parquet,2024-06-06 14:25:00,2026-06-12 02:55:00,0.0002,0.0002,2026-06-17.mae_mfe.v2
long,199738,201435,2026-05-01 03:15:00,2026-05-07 00:40:00,2285.40699,2335.8527360000003,50842.78951468129,1.0,1101.4680097055025,0.022072981408007397,1697,5.892361111111111,-0.005581933570615316,0.0601262753641969,199781,201275,43,3.5833333333333335,1537,128.08333333333334,,,-283.8010736157279,3056.98756264363,845a3f4,checkpoints/channel_breakout_375_432.pt,data\crypto\ETHUSDT_5m_2600d.parquet,2024-06-06 14:25:00,2026-06-12 02:55:00,0.0002,0.0002,2026-06-17.mae_mfe.v2
short,201435,202052,2026-05-07 00:40:00,2026-05-09 04:05:00,2335.8527360000003,2323.884684,51944.25752438679,1.0,266.1453755498369,0.005123632930941868,617,2.142361111111111,-0.004793651512113195,0.029656294222822233,201523,201752,88,7.333333333333333,317,26.416666666666668,,,-249.00266862737394,1540.4741843292622,845a3f4,checkpoints/channel_breakout_375_432.pt,data\crypto\ETHUSDT_5m_2600d.parquet,2024-06-06 14:25:00,2026-06-12 02:55:00,0.0002,0.0002,2026-06-17.mae_mfe.v2
long,202052,202753,2026-05-09 04:05:00,2026-05-11 14:30:00,2323.884684,2308.428222,52200.01404843175,1.0,-367.9281995676356,-0.006651131231432572,701,2.4340277777777777,-0.01113854064197628,0.025072378333209855,202185,202567,133,11.083333333333334,515,42.916666666666664,,,-581.4319779901898,1308.7785012211502,845a3f4,checkpoints/channel_breakout_375_432.pt,data\crypto\ETHUSDT_5m_2600d.parquet,2024-06-06 14:25:00,2026-06-12 02:55:00,0.0002,0.0002,2026-06-17.mae_mfe.v2
short,202753,203263,2026-05-11 14:30:00,2026-05-13 09:00:00,2308.428222,2320.053918,51832.08584886412,1.0,-261.03443774108746,-0.005036195576368252,510,1.7708333333333333,-0.016245589809809502,0.02238675714821514,202820,203068,67,5.583333333333333,315,26.25,,,-842.0428056874782,1160.3523183839598,845a3f4,checkpoints/channel_breakout_375_432.pt,data\crypto\ETHUSDT_5m_2600d.parquet,2024-06-06 14:25:00,2026-06-12 02:55:00,0.0002,0.0002,2026-06-17.mae_mfe.v2
long,203263,203894,2026-05-13 09:00:00,2026-05-15 13:35:00,2320.053918,2227.724366,51560.684993953255,1.0,-2071.7257957711554,-0.03979629580315647,631,2.1909722222222223,-0.03994472597425214,0.0013043153766911786,203894,203270,631,52.583333333333336,7,0.5833333333333334,,,-2059.577433128197,67.25139427034334,845a3f4,checkpoints/channel_breakout_375_432.pt,data\crypto\ETHUSDT_5m_2600d.parquet,2024-06-06 14:25:00,2026-06-12 02:55:00,0.0002,0.0002,2026-06-17.mae_mfe.v2
short,203894,205354,2026-05-15 13:35:00,2026-05-20 15:15:00,2227.724366,2141.968308,49488.9591981821,1.0,1905.0751341964788,0.038494914051678486,1460,5.069444444444445,-0.003351237753620895,0.06763151146500501,203895,204816,1,0.08333333333333333,922,76.83333333333333,,,-165.8492684523519,3347.013111403018,845a3f4,checkpoints/channel_breakout_375_432.pt,data\crypto\ETHUSDT_5m_2600d.parquet,2024-06-06 14:25:00,2026-06-12 02:55:00,0.0002,0.0002,2026-06-17.mae_mfe.v2
long,205354,205972,2026-05-20 15:15:00,2026-05-22 18:45:00,2141.968308,2095.2908580000003,51384.136540538944,1.0,-1139.8590880512493,-0.021791849032343213,618,2.1458333333333335,-0.02637681789641133,0.007083060913336325,205972,205474,618,51.5,120,10.0,,,-1355.3500122941311,363.95696909582824,845a3f4,checkpoints/channel_breakout_375_432.pt,data\crypto\ETHUSDT_5m_2600d.parquet,2024-06-06 14:25:00,2026-06-12 02:55:00,0.0002,0.0002,2026-06-17.mae_mfe.v2
short,205972,207949,2026-05-22 18:45:00,2026-05-29 15:30:00,2095.2908580000003,2039.4578099999999,50244.277452487695,1.0,1338.8572010719072,0.02664692006211211,1977,6.864583333333333,-0.025633263179158927,0.060765242932205976,206287,207523,315,26.25,1551,129.25,,,-1287.9247871862979,3053.105725353574,845a3f4,checkpoints/channel_breakout_375_432.pt,data\crypto\ETHUSDT_5m_2600d.parquet,2024-06-06 14:25:00,2026-06-12 02:55:00,0.0002,0.0002,2026-06-17.mae_mfe.v2
long,207949,208510,2026-05-29 15:30:00,2026-05-31 14:15:00,2039.4578099999999,2006.868546,51573.08579806911,1.0,-844.4033121896719,-0.01597937640102487,561,1.9479166666666667,-0.01809687350188427,0.0030214844209011105,208106,207951,157,13.083333333333334,2,0.16666666666666666,,,-933.3116097894808,155.8272752766621,845a3f4,checkpoints/channel_breakout_375_432.pt,data\crypto\ETHUSDT_5m_2600d.parquet,2024-06-06 14:25:00,2026-06-12 02:55:00,0.0002,0.0002,2026-06-17.mae_mfe.v2
short,208510,210431,2026-05-31 14:15:00,2026-06-07 06:20:00,2006.868546,1609.311798,50728.682485879435,1.0,10049.254768150357,0.19809805121137214,1921,6.670138888888889,-0.008137779643091925,0.24965190021967687,208615,210127,105,8.75,1617,134.75,,,-412.81883965446355,12664.511978240442,845a3f4,checkpoints/channel_breakout_375_432.pt,data\crypto\ETHUSDT_5m_2600d.parquet,2024-06-06 14:25:00,2026-06-12 02:55:00,0.0002,0.0002,2026-06-17.mae_mfe.v2
long,210431,211102,2026-06-07 06:20:00,2026-06-09 14:15:00,1609.311798,1647.42045,60767.79151753261,1.0,1414.1066920677476,0.023680092352122317,671,2.329861111111111,-0.00270413601976216,0.0688046916312981,210588,210622,157,13.083333333333334,191,15.916666666666666,,,-164.32437388395738,4181.109156478844,845a3f4,checkpoints/channel_breakout_375_432.pt,data\crypto\ETHUSDT_5m_2600d.parquet,2024-06-06 14:25:00,2026-06-12 02:55:00,0.0002,0.0002,2026-06-17.mae_mfe.v2
short,211102,211649,2026-06-09 14:15:00,2026-06-11 11:50:00,1647.42045,1669.7038739999998,62181.89820960036,1.0,-841.0854981890589,-0.013526251904909747,547,1.8993055555555556,-0.015229597277367724,0.02583460099697088,211649,211482,547,45.583333333333336,380,31.666666666666668,,,-947.0052676744866,1606.4445294792833,845a3f4,checkpoints/channel_breakout_375_432.pt,data\crypto\ETHUSDT_5m_2600d.parquet,2024-06-06 14:25:00,2026-06-12 02:55:00,0.0002,0.0002,2026-06-17.mae_mfe.v2
long,211649,211830,2026-06-11 11:50:00,2026-06-12 02:55:00,1669.7038739999998,1676.504632,61328.37633176938,1.0,225.16366028403718,0.004073032413650646,181,0.6284722222222222,-0.021832538432500437,0.014012140933680417,211715,211720,66,5.5,71,5.916666666666667,,,-1338.9541332662052,859.341852394543,845a3f4,checkpoints/channel_breakout_375_432.pt,data\crypto\ETHUSDT_5m_2600d.parquet,2024-06-06 14:25:00,2026-06-12 02:55:00,0.0002,0.0002,2026-06-17.mae_mfe.v2
