bar,bars_held,base_trade_entry_bar,base_trade_exit_bar,base_trade_pnl,base_trade_top20_winner,base_trade_winner,base_trade_worst20_loser,close,current_return,entry_bar,entry_price,lower_shadow_ratio_2h,macd_hist_2h,macd_hist_4h,oi_change_2h,oi_change_4h,reasons,side,time,upper_shadow_ratio_2h,variant,volume_ratio_1h,volume_ratio_2h
2198,216,1982,2899,-52.4497206046708,False,False,False,182.81,0.05600557725293398,1982,173.114616,0.03058103975534985,1.2906614389237512,2.067772775092878,nan,nan,2h_upper_wick,long,2019-10-01 04:00:00,0.8501529051987744,2h_wick_r60_v1p5,2.741139182028035,3.3006243782211206
4166,139,4027,5104,528.8814636934749,False,True,False,179.94,0.022007721389313062,4027,176.065206,0.14767932489451208,1.018906942772719,0.8279234149865703,nan,nan,2h_upper_wick,long,2019-10-08 00:00:00,0.7890295358649793,2h_wick_r60_v1p5,6.053139243840337,4.716920429964381
5150,46,5104,6094,20.200317302334952,False,True,False,185.68,0.00017691727703583737,5104,185.71285,0.6737288135593277,-1.0397279928227985,-0.18283998342583585,nan,nan,2h_lower_wick,short,2019-10-11 10:00:00,0.13135593220339162,2h_wick_r60_v1p5,0.5681981019762224,1.7479820239885377
6662,51,6611,7835,72.55769383132247,False,True,False,174.08,0.015996208639705856,6611,176.86462,0.6345381526104444,-0.7593862934990092,-0.9023812928665134,nan,nan,2h_lower_wick,short,2019-10-16 16:00:00,0.28112449799196226,2h_wick_r60_v1p5,2.880294283062943,2.2359016966691487
9950,759,9191,10628,1124.774948054297,False,True,False,185.54,0.1307704932649556,9191,164.08281,0.18286655683690056,0.15262911866460094,0.7248774661602768,nan,nan,2h_upper_wick,long,2019-10-28 02:00:00,0.640856672158158,2h_wick_r60_v1p5,4.14316807395992,1.8955752772711087
11054,426,10628,11330,-103.48484822953833,False,False,False,182.06,0.0027105459738547832,10628,182.553482,0.7350993377483415,0.02529754285624608,-0.8545116847653778,nan,nan,2h_lower_wick,short,2019-10-31 22:00:00,0.05298013245033923,2h_wick_r60_v1p5,5.227490672531364,4.224799658841214
12614,209,12405,12871,-44.11552014380868,False,False,False,192.43,0.019400846159385754,12405,188.767746,0.02285714285715455,0.408302179131097,0.7783250445597194,nan,nan,2h_upper_wick,long,2019-11-06 08:00:00,0.971428571428565,2h_wick_r60_v1p5,1.0887649649400055,1.6718017626327455
13214,343,12871,13737,47.644783237674346,False,True,False,184.78,0.017655503842407327,12871,188.04238400000003,0.6917808219178176,-0.32127935997324214,-0.634955406926335,nan,nan,2h_lower_wick,short,2019-11-08 10:00:00,0.020547945205480117,2h_wick_r60_v1p5,2.0015010099038775,3.040049903501803
16214,527,15687,30375,2119.0179211623945,False,True,False,178.54,0.020799495911280497,15687,182.253542,0.688622754491017,-0.5347917283209529,-0.20743955770859746,nan,nan,2h_lower_wick,short,2019-11-18 20:00:00,0.0,2h_wick_r60_v1p5,8.09075091533749,9.195953984775496
50270,1463,48807,55344,3600.431091184704,False,True,False,122.02,0.6475150467136537,48807,201.029786,0.7085714285714256,0.889351904036638,2.501470540481547,nan,nan,2h_lower_wick,short,2020-03-16 02:00:00,0.06857142857143117,2h_wick_r60_v1p5,0.28280866211549344,11.253611024881636
62366,1374,60992,95701,15339.936809933251,False,True,False,197.12,0.1259174124955631,60992,175.075008,0.26666666666666816,-0.1066487620539367,0.02686157999607719,nan,nan,2h_upper_wick,long,2020-04-27 02:00:00,0.6784313725490237,2h_wick_r60_v1p5,2.81484840664135,3.5047869027110767
103414,1919,101495,105239,-3981.593289927441,False,False,False,379.89,0.025360502112632854,101495,370.494084,0.29955947136563166,1.4130684078577398,1.4348197566728675,nan,nan,2h_upper_wick,long,2020-09-17 16:00:00,0.6189427312775385,2h_wick_r60_v1p5,0.8597544273247516,3.9567205266166825
113230,3383,109847,136783,37135.1622576107,False,True,False,395.21,0.08178003012987722,109847,365.333052,0.0,2.3575043672731715,1.3730472401390386,0.009549093174768819,0.04474222757982682,2h_upper_wick,long,2020-10-21 18:00:00,0.7673545966228976,2h_wick_r60_v1p5,2.035761225856294,5.247266529167034
151444,455,150989,172818,71695.46912793306,False,True,False,1605.52,0.018126726927197856,150989,1576.9353239999998,0.07913802712242238,6.915002225938,13.785039894367316,-0.009402807337354768,-0.02175012962237044,2h_upper_wick,long,2021-03-03 14:00:00,0.9000557310050137,2h_wick_r60_v1p5,4.223717790030381,2.212807687485675
194671,2015,192656,209936,34274.426910554714,False,True,False,2527.39,0.15777242253309676,192656,2182.9765079999997,0.2629932627526541,4.722254783425285,7.112642698146601,0.0337475243409846,0.004080386822578497,2h_upper_wick,long,2021-08-01 00:00:00,0.6210298363811352,2h_wick_r60_v1p5,2.8652810819027583,1.9911311458772967
216607,4079,212528,231248,31590.289119135792,False,True,False,3842.23,0.16252926632927855,212528,3305.06088,0.03193353303566179,-5.06580526504456,14.519285262300784,0.01505787386145152,0.009681296218749802,2h_upper_wick,long,2021-10-16 04:00:00,0.8917085853162274,2h_wick_r60_v1p5,0.2754869486741486,2.866916313088036
240535,71,240464,246224,39124.28035168933,False,True,False,3223.65,0.05674578443689615,240464,3406.5785480000004,0.768578694546484,-12.482741747723267,-41.600965710923674,-0.023474849843280188,-0.022581230549700737,2h_lower_wick,short,2022-01-07 06:00:00,0.18121880003767402,2h_wick_r60_v1p5,0.8205897217939879,3.4702146293976273
246415,191,246224,246475,-9399.757836988516,False,False,False,2476.94,0.004777398620419149,246224,2465.162934,0.25803693570451675,-1.2630433504916136,14.847402083393476,0.029997755284215666,0.046559896547253565,2h_upper_wick,long,2022-01-27 16:00:00,0.6650136798905585,2h_wick_r60_v1p5,1.7588175925819516,1.5624078286303544
251839,259,251580,252179,4424.30129698629,False,True,False,3090.64,0.044459165182535676,251580,2959.0816979999995,0.10910354412786138,23.573301076331152,27.186881994519112,0.024631209412173893,0.018894136643361037,2h_upper_wick,long,2022-02-15 12:00:00,0.858929812369704,2h_wick_r60_v1p5,1.6657767249601152,1.5157457090624813
252535,356,252179,254066,18872.726227091713,False,True,False,2890.37,0.05535616685753042,252179,3050.369804,0.6084288713063125,-28.99158805904881,-19.96916485895925,0.0314005202151002,0.030593056996031542,2h_lower_wick,short,2022-02-17 22:00:00,0.23607298562893475,2h_wick_r60_v1p5,1.908143023004789,2.6872508612997192
262441,642,261799,266378,9453.885492086352,False,True,False,3035.14,0.02397623516316072,261799,2964.072696,0.0609110169491457,4.945984827199883,1.067604280934077,0.014646284270894538,0.01719366977360215,2h_upper_wick,long,2022-03-24 08:00:00,0.686440677966108,2h_wick_r60_v1p5,1.2382387442335314,2.502138256153439
275305,1204,274101,277466,25933.17423582128,False,True,False,2633.97,0.048788480506611887,274101,2762.4773940000005,0.6625730118316646,1.0553963038555452,-7.553812319275302,-0.01537020304941139,-0.004090737589022231,2h_lower_wick,short,2022-05-08 00:00:00,0.3161599520742869,2h_wick_r60_v1p5,3.4415198006355876,2.9773982851818874
280657,795,279862,281661,9503.979987315004,False,True,False,1814.6,0.09615458172600033,279862,1989.082104,0.8181237354914265,-15.19261499815152,-12.540900275009491,0.02920225202119564,0.07830238713273596,2h_lower_wick,short,2022-05-26 14:00:00,0.16856564796081505,2h_wick_r60_v1p5,9.816614263411651,6.585640382072367
282961,694,282267,283346,8742.063103900015,False,True,False,1765.94,0.0854709378574583,282267,1916.876548,0.6973967040840726,-2.9797020021229486,-11.011246966610742,0.006011122716609751,0.03000823101744743,2h_lower_wick,short,2022-06-03 14:00:00,0.27680917124432647,2h_wick_r60_v1p5,2.304597419725519,1.9770933331643694
285241,1289,283952,286538,43704.53024715526,False,True,False,1590.94,0.11910181653613572,283952,1780.423844,0.6209098164405442,-11.001052409842217,-17.926941011391726,-0.039393623197916394,-0.041723874004680916,2h_lower_wick,short,2022-06-11 12:00:00,0.02474062250598723,2h_wick_r60_v1p5,2.546146377680688,2.8331992542155557
290377,507,289870,291864,16756.747354300227,False,True,False,1133.53,0.05238623591788483,289870,1192.91137,0.9098039215686319,-6.139459357208647,-11.777741188577952,0.0006251922729705317,-0.015820019779788197,2h_lower_wick,short,2022-06-29 08:00:00,0.059313725490197595,2h_wick_r60_v1p5,1.0641348456736,2.2202811443625037
292033,169,291864,293479,18880.601961238688,False,True,False,1151.13,0.053947215666803716,291864,1092.208398,0.29229871645273986,8.52781358927691,12.486315422006664,0.0058989374539639705,-0.03941996890597654,2h_upper_wick,long,2022-07-05 02:00:00,0.6627771295215772,2h_wick_r60_v1p5,0.6669932111859544,2.411534626276744
293737,258,293479,294463,17465.501745553338,False,True,False,1169.68,0.016091796046781903,293479,1188.502252,0.681283422459888,-3.899590943348767,-10.17169745228407,-0.00279905837611516,-0.020406283056438768,2h_lower_wick,short,2022-07-11 00:00:00,0.05989304812833699,2h_wick_r60_v1p5,1.990374326782633,1.6389753306276058
294841,378,294463,296666,87236.47471089859,False,True,False,1195.66,0.08713172471770614,294463,1099.829922,0.30814179976626643,13.21568688919932,14.275673959616913,-0.012830588109409735,0.007937394609212278,2h_upper_wick,long,2022-07-14 20:00:00,0.6482275029217005,2h_wick_r60_v1p5,1.4749977187000038,1.6883045801573435
301369,860,300509,302229,4914.057706488122,False,True,False,1713.89,0.019428570901065312,300509,1681.2261780000001,0.04560622914350183,2.145060482211605,9.80785586402132,-0.009903180855840854,-0.027047661751606222,2h_upper_wick,long,2022-08-06 12:00:00,0.8609566184649612,2h_wick_r60_v1p5,0.13756526320257356,2.5099396320899414
302401,172,302229,302683,-30464.735373436066,False,False,False,1684.3,0.01588655227691027,302229,1711.05772,0.612592426618866,-9.037830417335005,-9.441498194238658,-0.032405668937361076,-0.04638023387543977,2h_lower_wick,short,2022-08-10 02:00:00,0.13062962133094203,2h_wick_r60_v1p5,1.7841773553522235,3.4458677095982977
302833,150,302683,303731,8961.978736356134,False,True,False,1914.12,0.011783157127859711,302683,1891.82829,0.2747963584092004,9.72521142833287,18.05720374002417,-0.011849011669464171,0.002175680766322241,2h_upper_wick,long,2022-08-11 14:00:00,0.6312889314805973,2h_wick_r60_v1p5,0.8725166328388851,1.5327145946088825
303937,206,303731,304463,5268.834124774468,False,True,False,1906.89,0.026995919009486613,303731,1958.368248,0.7303215077605311,-9.739743523585101,-13.978867006548612,-0.037193984602167496,-0.02649565792728381,2h_lower_wick,short,2022-08-15 10:00:00,0.13636363636363236,2h_wick_r60_v1p5,2.003046180373097,2.9448441997325125
305089,115,304974,305802,25299.36208357266,False,True,False,1736.37,0.049238096719017355,304974,1821.865554,0.6377374784110603,-10.937385158382186,-9.146462784144529,-0.02001821824518446,-0.06467892362426342,2h_lower_wick,short,2022-08-19 10:00:00,0.351899827288431,2h_wick_r60_v1p5,2.6127601584388214,4.263280195675381
307225,155,307070,308019,24661.925174954784,False,True,False,1562.95,0.05798599955212902,307070,1653.579218,0.6470380818053587,-16.520813237454387,-10.507722804726436,-0.03472115313070345,0.03339075332154229,2h_lower_wick,short,2022-08-26 20:00:00,0.16466854724964253,2h_wick_r60_v1p5,1.561484722116341,5.183378332002634
310177,455,309722,310395,-2851.127027264738,False,False,False,1638.81,0.041046524219948255,309722,1574.194776,0.0,6.351659772960103,4.740481034349565,-0.05276578207371285,-0.03670873861702795,2h_upper_wick,long,2022-09-06 02:00:00,0.62801024765158,2h_wick_r60_v1p5,3.179849980685649,5.7102988981784
316009,220,315789,316243,-17402.501966663054,False,False,False,1295.97,0.005848312846747916,315789,1303.549238,0.7613584212941692,-2.248482889993493,-1.0049732703411305,0.005421254293131339,-0.0006918618532232301,2h_lower_wick,short,2022-09-26 08:00:00,0.18494722349701603,2h_wick_r60_v1p5,1.3405599716500516,2.6390787348369256
317785,231,317554,318102,-1585.5335684196907,False,False,False,1298.9,0.006966169836015057,317554,1307.948358,0.6330586524478965,-1.683369836060323,-3.2620609779066783,0.01385500068282508,0.02256339986929623,2h_lower_wick,short,2022-10-02 12:00:00,0.0,2h_wick_r60_v1p5,1.7871181546924289,3.366414702141128
321961,53,321908,322432,1821.3641402574722,False,True,False,1305.8,0.008457420667204119,321908,1294.848918,0.056034482758618435,2.972407172774371,1.9220079310291953,0.00845634980243437,-0.0458614136884401,2h_upper_wick,long,2022-10-17 00:00:00,0.6077586206896546,2h_wick_r60_v1p5,2.1834573409328066,3.498641372252598
324241,1244,322997,325224,33405.54589574665,False,True,False,1346.0,0.0282330520249654,322997,1309.0417559999999,0.023972602739719948,-1.0482144078603817,3.093710658688213,0.0016874636350634464,0.00791447751008234,2h_upper_wick,long,2022-10-24 22:00:00,0.8561643835616491,2h_wick_r60_v1p5,1.5195093433139129,2.263647431749903
327337,548,326789,327744,777.154318366549,False,True,False,1615.6,0.0017407732305578794,326789,1612.792494,0.0,9.319415678304889,5.4912390407513865,0.018133087341942744,0.025716350849351866,2h_upper_wick,long,2022-11-04 16:00:00,0.9993392798149952,2h_wick_r60_v1p5,3.969203260959787,4.683658369074991
328297,553,327744,329053,46202.53407956901,False,True,False,1573.07,0.02879481650530491,327744,1618.366262,0.7821083890126233,-0.8954564747452469,-5.656375971096081,0.006533579290972424,0.013374885369989764,2h_lower_wick,short,2022-11-08 00:00:00,0.0,2h_wick_r60_v1p5,1.3257307620441063,3.2803697294941006
331753,23,331730,332258,-29656.570866496942,False,False,False,1219.5,0.001672786160468842,331730,1217.463444,0.0587889476778366,1.4841528398672161,2.929893608942635,-0.005979108983949932,-0.00033186963335551933,2h_upper_wick,long,2022-11-20 00:00:00,0.8071722516166976,2h_wick_r60_v1p5,3.9625898240940565,5.577380259602165
332425,167,332258,332748,-18515.958767934877,False,False,False,1093.19,0.006576971981082869,332258,1100.37988,0.7370919881305721,-0.2997795927312694,-6.645372915569254,0.020478283145943355,0.022429540067258724,2h_lower_wick,short,2022-11-22 08:00:00,0.15014836795252146,2h_wick_r60_v1p5,0.5623364651297338,5.2974491724313735
335473,832,334641,335631,7269.439055136987,False,True,False,1290.38,0.048871127555775384,334641,1230.2560019999999,0.09410548086867374,-0.6194046924336636,-1.3332183175861054,0.0018070411097437233,-0.00020975001192935494,2h_upper_wick,long,2022-12-02 22:00:00,0.6318510858324564,2h_wick_r60_v1p5,2.242716737249499,3.000687344684295
336121,41,336080,336736,-11670.57038575114,False,False,False,1290.46,0.0017795960960613755,336080,1288.167582,0.13496932515336532,3.7374197561400675,-0.6795993223103398,0.009813470839951544,0.014090588667184933,2h_upper_wick,long,2022-12-05 04:00:00,0.8478527607361926,2h_wick_r60_v1p5,3.3742777293092994,5.54527483147663
340393,1419,338974,340449,17807.43321719661,False,True,False,1166.23,0.10981632096584715,338974,1294.301088,0.6159278148293464,0.03845163045320632,2.107272258356037,-0.005951907208624152,-0.013881804732890801,2h_lower_wick,short,2022-12-20 00:00:00,0.005492349941148396,2h_wick_r60_v1p5,10.503174843047256,12.4930343154767
340993,544,340449,341144,-295.2712000756874,False,False,False,1212.14,0.009982015864311578,340449,1200.1599840000001,0.07142857142857899,-1.082955265249817,3.931634955980804,0.004241486170865283,-0.007524127229816546,2h_upper_wick,long,2022-12-22 02:00:00,0.7003105590062285,2h_wick_r60_v1p5,1.8964782190397835,1.5679217514089625
346177,699,345478,355572,49025.1805000442,False,True,False,1290.99,0.025464656329864832,345478,1258.931736,0.23721503388787013,2.1734828474132994,0.12408494814276416,0.0013974803365113253,0.002279683566307922,2h_upper_wick,long,2023-01-09 02:00:00,0.6032039433148462,2h_wick_r60_v1p5,21.596951115977184,17.427344301565434
356891,832,356059,362196,2902.577303465514,False,True,False,1578.75,0.019798753795652324,356059,1548.099558,0.11141011840688614,4.5194226385616485,9.951119477568177,-0.0016130891673055148,-0.008868076732383878,2h_upper_wick,long,2023-02-15 14:00:00,0.7131324004305732,2h_wick_r60_v1p5,2.379991668458957,2.633486737675503
363371,311,363060,364212,-8797.535740603402,False,False,False,1429.97,0.07157036581187026,363060,1532.313476,0.7813565744600243,-11.79501533401848,-9.170702143145297,-0.010030448624451349,0.02268872463439231,2h_lower_wick,short,2023-03-10 02:00:00,0.0299355816597181,2h_wick_r60_v1p5,6.438087286963676,3.922211290113962
367547,3334,364213,381204,46971.89962416631,False,True,False,1761.22,0.11691921957876938,364213,1576.855308,0.1655024180548052,-3.942420508508893,-0.1880735782716414,-0.02675898932214893,-0.024199268123200945,2h_upper_wick,long,2023-03-24 14:00:00,0.6367544331004844,2h_wick_r60_v1p5,1.1702822180715435,1.5860504004086742
386411,23,386388,389844,-12182.001081157709,False,False,False,1916.55,0.0033127207759136024,386388,1910.2219679999998,0.042553191489359384,7.367631137304727,6.391960717735728,0.02171132863226921,-0.045890069255860144,2h_upper_wick,long,2023-05-29 02:00:00,0.6005319148936166,2h_wick_r60_v1p5,2.421866932171485,5.724239893317468
401027,7727,393300,405972,-9777.285888807732,False,False,False,1893.09,0.002086785425678306,393300,1889.1477539999998,0.1452471482889786,-0.5890271648517995,-3.859247228736521,0.0029459189196601177,0.004493002488061171,2h_upper_wick,long,2023-07-18 20:00:00,0.7254752851711121,2h_wick_r60_v1p5,1.6908400981795633,1.6591359636398801
409787,71,409716,415082,8149.520137668995,False,True,False,1682.91,0.002817977194264687,409716,1687.652402,0.7722308892355758,-9.606207856794011,-14.96627562526534,0.005969929716420408,0.006364593470105984,2h_lower_wick,short,2023-08-18 06:00:00,0.005720228809147158,2h_wick_r60_v1p5,0.867851031152384,2.202009155467693
415787,705,415082,415885,-4457.51111620228,False,False,False,1648.08,0.0037527335753861912,415082,1641.9183179999998,0.19940476190476583,1.7442069197018837,2.0464957269208943,0.004375910645286973,0.009849997704507008,2h_upper_wick,long,2023-09-08 02:00:00,0.7529761904761962,2h_wick_r60_v1p5,2.949881100668101,1.86450777302835
421667,1184,420483,422900,10642.110482847143,False,True,False,1624.9,0.018848985891054104,420483,1594.838904,0.03956834532373213,1.970262415670474,3.6267670521661617,0.040597684424907854,0.054470922110326336,2h_upper_wick,long,2023-09-28 12:00:00,0.7182254196642669,2h_wick_r60_v1p5,1.4437993314283288,3.5092306948406744
423995,1095,422900,424061,-54.019986028957646,False,False,False,1629.37,0.014397815106452327,422900,1652.8293680000002,0.6760044231478011,2.225102206729505,-0.8564093889329669,-0.012234671987915058,-0.026779506947389953,2h_lower_wick,short,2023-10-06 14:00:00,0.16218208625138494,2h_wick_r60_v1p5,1.7920574573811823,2.147081261431841
424907,391,424516,426094,13005.089737643139,False,True,False,1583.43,0.026931863107305,424516,1626.07472,0.8591370558375616,-5.155707826703083,-4.138981555026959,-0.03422714015021311,-0.028978284344563177,2h_lower_wick,short,2023-10-09 18:00:00,0.09454314720812246,2h_wick_r60_v1p5,3.2964077938867855,6.942638614522463
426659,565,426094,427152,3213.8175412995042,False,True,False,1558.91,0.0019209701300013649,426094,1555.921122,0.2741514360313168,0.4668881067328918,3.112911879995295,0.0032065973614896492,0.0077573569427535904,2h_upper_wick,long,2023-10-15 20:00:00,0.6161879895561327,2h_wick_r60_v1p5,3.1818425137840585,5.199419430921351
428915,1027,427888,455796,131352.1926257087,True,True,False,1675.04,0.061835084764074066,427888,1577.495436,0.024154589371980888,0.653859582995004,4.432698015356824,0.0005573667759786183,0.027269681045680727,2h_upper_wick,long,2023-10-23 16:00:00,0.6724637681159514,2h_wick_r60_v1p5,0.7561218617674594,1.5456386048904898
459563,23,459540,476244,176532.66314368136,True,True,False,2379.14,0.0005738725220083563,459540,2377.7754600000003,0.17820512820514206,6.465223000850134,8.043320980422688,0.0003987120911099762,0.0008531887954190687,2h_upper_wick,long,2024-02-07 02:00:00,0.7038461538461591,2h_wick_r60_v1p5,2.097729980560607,6.813244617166186
477395,575,476820,479124,-40958.31834407768,False,False,True,3702.3,0.10207122574972916,476820,3359.401746,0.0,20.89010707748318,39.10662545197829,0.003842022285888591,0.006582809898329378,2h_upper_wick,long,2024-04-09 00:00:00,0.6048804535370931,2h_wick_r60_v1p5,0.8424817761118525,2.828275708266628
503531,1079,502452,504180,-9433.904760260251,False,False,False,2981.08,0.022746823298938734,502452,3048.8901,0.7221011333914567,7.601891748279471,10.91271827440417,-0.0005679102691882321,-0.03461149631264915,2h_lower_wick,short,2024-07-08 18:00:00,0.2434612031386235,2h_wick_r60_v1p5,0.19764121438478485,1.7710777552400274
506723,1103,505620,508788,-35698.0686171815,False,False,False,3509.09,0.0060587172552470925,505620,3487.957452,0.017966695880809767,8.738789371472105,-3.641008142085468,0.03900478220789205,0.04041098188742964,2h_upper_wick,long,2024-07-19 20:00:00,0.6564417177914071,2h_wick_r60_v1p5,7.165337503764073,3.7636919865846936
512051,1247,510804,514048,45422.7901226714,False,True,False,2510.77,0.1915633578543634,510804,2991.741532,0.6137139311200803,18.493441485722627,24.115200406062144,0.0007476558982928427,0.013506934497287792,2h_lower_wick,short,2024-08-07 08:00:00,0.21377598510703905,2h_wick_r60_v1p5,0.8968224509307688,2.540529609365345
517067,441,516626,517456,14924.732541245874,False,True,False,2775.67,0.04619858363948892,516626,2653.100514,0.015663498768037135,0.709819071146427,12.803754986359014,0.005014138160278625,0.009947895338295654,2h_upper_wick,long,2024-08-24 18:00:00,0.7696233720520924,2h_wick_r60_v1p5,6.28942596298149,8.650856069042318
517619,163,517456,518370,33383.91070741514,False,True,False,2720.55,0.004746539486500945,517456,2733.4631980000004,0.6655127650367817,-6.691537583982701,-7.877614125154029,-0.010884916893836083,-0.0033583034891461194,2h_lower_wick,short,2024-08-26 16:00:00,0.02899177845089005,2h_wick_r60_v1p5,1.6259175680232407,1.572110426210635
522083,643,521440,522161,-592.6942429088522,False,False,False,2344.58,0.012325767635807505,521440,2316.0331140000003,0.003798670465333687,-0.38371660442170175,9.524442021093975,0.008982281833326722,0.018778711382298363,2h_upper_wick,long,2024-09-11 04:00:00,0.616809116809108,2h_wick_r60_v1p5,1.779931510385297,2.0974027285691776
524363,428,523935,525467,43638.76789338497,False,True,False,2385.86,0.01736837043124262,523935,2345.1289319999996,0.27362079898541913,7.68261613036936,3.583343080531357,0.009525845628908458,0.01527179567141923,2h_upper_wick,long,2024-09-19 02:00:00,0.6363348129359458,2h_wick_r60_v1p5,1.6904055164855238,2.106174374356596
526859,332,526527,527308,1017.9864546706667,False,True,False,2698.65,0.022995752703136807,526527,2637.987492,0.1481892912686079,5.632784437463615,1.6627123623653688,0.008051586057698623,-0.0028786684879413826,2h_upper_wick,long,2024-09-27 18:00:00,0.6007553876916204,2h_wick_r60_v1p5,1.548010253393285,3.823171895562722
527795,487,527308,528850,49598.604560681444,False,True,False,2602.72,0.01591068881785196,527308,2644.1310679999997,0.6907619313424431,-3.493395203885573,-9.988035898064275,-0.008902230565224656,-0.006017392859225645,2h_lower_wick,short,2024-10-01 00:00:00,0.05833100753558815,2h_wick_r60_v1p5,1.722004443626792,2.2457202222322596
528875,25,528850,529800,3812.8622120580403,False,True,False,2414.73,0.007720818353286418,528850,2396.22915,0.0821029888368652,13.017613889769027,6.962850864880721,-0.018307996428690743,6.396330979097087e-06,2h_upper_wick,long,2024-10-04 18:00:00,0.9110550954267266,2h_wick_r60_v1p5,1.971487672611394,1.8998607660596798
530387,587,529800,530796,-1620.878174930811,False,False,False,2374.57,0.01617863697427313,529800,2412.987306,0.7094017094017239,-7.4222463649359565,-4.219523086295971,0.00454011427646428,0.047674667495992695,2h_lower_wick,short,2024-10-10 00:00:00,0.13908313908313744,2h_wick_r60_v1p5,1.2427638586578984,2.418374689061119
531107,311,530796,531435,5166.151034196257,False,True,False,2451.73,0.013235568509515572,530796,2419.7038439999997,0.0,2.044751698991041,5.950521035918381,-0.001594090986812402,-0.0010980070050319313,2h_upper_wick,long,2024-10-12 12:00:00,0.6029962546816452,2h_wick_r60_v1p5,6.250710011610253,1.8078108010148606
534059,210,533849,535544,25782.971014758397,False,True,False,2626.71,0.006853041256933423,533849,2644.710952,0.8611374407582825,-6.807811454951101,-11.39307755496106,0.002734246982178945,0.017800170282969097,2h_lower_wick,short,2024-10-22 18:00:00,0.049763033175363215,2h_wick_r60_v1p5,2.4143026711692235,2.35048119933852
535859,315,535544,536601,20617.715211163973,False,True,False,2561.62,0.019155731442998203,535544,2513.472594,0.0,6.036766550090397,11.135684872118938,0.009057973906328565,0.02012241957180594,2h_upper_wick,long,2024-10-29 00:00:00,0.8800872093023354,2h_wick_r60_v1p5,0.7383373703821793,1.732681674509481
537539,938,536601,538173,26850.177959806402,False,True,False,2453.56,0.06358026051940846,536601,2609.557984,0.758828788556104,0.5430487083993931,-5.357488331217638,-0.008164304760358343,-0.011978144872594632,2h_lower_wick,short,2024-11-03 20:00:00,0.04023245417970882,2h_wick_r60_v1p5,0.7814732848561492,2.3314117294999126
538259,86,538173,551988,223327.4877437217,True,True,False,2584.83,0.039864615639747525,538173,2485.7370479999995,0.06767542401063714,20.781942131290776,18.55426025252745,-0.0003791472837904042,-0.004796903276981568,2h_upper_wick,long,2024-11-06 08:00:00,0.696707682075161,2h_wick_r60_v1p5,2.6693946833985027,4.470689819884038
555083,215,554868,556884,-54210.935336000985,False,False,True,3580.6,0.03620286591603028,554868,3455.500962,0.1935606060606102,10.298231269676805,14.639482858135732,0.01414780766628665,0.030205839525063727,2h_upper_wick,long,2025-01-03 18:00:00,0.6901515151515224,2h_wick_r60_v1p5,2.2623949005197,2.3755978413201224
563747,239,563508,566964,95432.27353813092,False,True,False,2975.63,0.048502631039477384,563508,3119.955884,0.8374614910659268,-18.834818985719096,-30.157214749202513,-0.0067838466631220395,-0.01635759596880093,2h_lower_wick,short,2025-02-02 20:00:00,0.03314849044978498,2h_wick_r60_v1p5,2.0330989620701203,5.583661732433802
568019,1055,566964,568315,-10439.274139970425,False,False,False,2757.6,0.032579264241980876,566964,2670.594012,0.11597704620960425,9.996446364844765,4.092960850342708,0.028398135521635837,0.04356903141242907,2h_upper_wick,long,2025-02-17 16:00:00,0.642102083962547,2h_wick_r60_v1p5,25.519720619343854,41.831031237002826
569987,102,569885,571759,123009.06667361094,True,True,False,2687.55,0.018437785343528468,569885,2737.1024700000003,0.7024119947848858,-15.04287885342146,-7.989010923671504,-0.0013922846750650253,-0.024311249285928094,2h_lower_wick,short,2025-02-24 12:00:00,0.0,2h_wick_r60_v1p5,0.4706277670028827,1.9256420428998389
571859,100,571759,573015,-37549.85289484623,False,False,False,2504.86,0.10639048931071038,571759,2263.9927079999998,0.11282051282051665,38.08723717097102,44.238895642626055,0.015975638545098203,0.03148521356924694,2h_upper_wick,long,2025-03-03 00:00:00,0.6333333333333379,2h_wick_r60_v1p5,5.1006103999275965,3.2005197522458944
573875,860,573015,575212,84737.91552441102,False,True,False,2030.53,0.065232878115566,573015,2162.987316,0.7500642178268673,-16.28697448210207,-13.222942993730658,-0.007621792098534419,-0.0034957044534733583,2h_lower_wick,short,2025-03-10 00:00:00,0.020806575905470043,2h_wick_r60_v1p5,1.4073906995977596,1.5905791988387799
575891,155,575736,576594,-37415.57817728678,False,False,False,1888.66,0.005278979805788175,575736,1898.630198,0.8172678888231738,-4.835835642173229,0.5205466585703231,-0.0006290913514130914,-0.014983193020881358,2h_lower_wick,short,2025-03-17 00:00:00,0.014784151389710159,2h_wick_r60_v1p5,1.5464838424362661,3.2780990655953963
578771,121,578650,580291,70873.5770020443,False,True,False,2007.52,0.013391168207539605,578650,2034.403038,0.7149321266968232,-8.171512416280923,-10.101064192882598,-0.012283390366465086,-0.04248051828783361,2h_lower_wick,short,2025-03-27 00:00:00,0.022624434389140365,2h_wick_r60_v1p5,0.06059858068497377,9.191522964583879
580979,214,580765,582726,120301.05474534782,True,True,False,1787.18,0.032705603240859915,580765,1845.6308000000001,0.6149624494511812,-9.592602231692053,-6.77354139321713,0.007087089251143874,0.0332425322148171,2h_lower_wick,short,2025-04-03 16:00:00,0.0,2h_wick_r60_v1p5,0.28585344131808194,6.464294377512993
587531,261,587270,587989,-10197.503697509062,False,False,False,1807.39,0.0053401769644123576,587270,1797.7894860000001,0.1878973909230422,-0.049018715098426924,-3.088025942410468,0.028590470276990798,0.028245043633422284,2h_upper_wick,long,2025-04-26 10:00:00,0.7057662793247073,2h_wick_r60_v1p5,1.4674793581554761,10.77563140214822
591179,595,590584,599220,289292.0533968997,True,True,False,2199.12,0.1952402319870894,590584,1839.897906,0.19899462645172644,31.906595331549347,39.63425002269226,0.005776249748538964,-0.01375413788809543,2h_upper_wick,long,2025-05-09 02:00:00,0.7431097243889788,2h_wick_r60_v1p5,1.983618894714397,2.2255222367662633
600611,833,599778,603796,-107642.76290987968,False,False,True,2758.46,0.08698897143163209,599778,2537.7074399999997,0.034240150093809464,10.422198779167097,27.43804381527648,0.004401236204991887,-0.0161291373875605,2h_upper_wick,long,2025-06-10 20:00:00,0.6530644152595365,2h_wick_r60_v1p5,3.9564806467560416,2.6276030737615956
603827,31,603796,604284,460.46536167361774,False,True,False,2305.0,0.0024068537960955094,603796,2310.547798,0.7786021505376377,-11.972130621562634,-14.22337950998331,-0.040658444941510385,-0.04244644251012808,2h_lower_wick,short,2025-06-22 00:00:00,0.06129032258064321,2h_wick_r60_v1p5,22.397576359054053,6.769457680962107
604955,671,604284,605281,39158.32696935907,False,True,False,2425.63,0.05025094993560253,604284,2309.571822,0.09949409780776607,-5.966962674544636,13.69369940355986,0.0057299196432172295,0.00015276523082086158,2h_upper_wick,long,2025-06-25 22:00:00,0.6543001686340651,2h_wick_r60_v1p5,1.6862319121697638,3.675948249369133
606443,485,605958,606708,-23837.35887314356,False,False,False,2485.78,0.012541431416303928,605958,2454.9909,0.3102756892230632,0.2585948231007489,3.4529934317999302,-0.006888865567527769,-0.007303983710508777,2h_upper_wick,long,2025-07-01 02:00:00,0.638596491228065,2h_wick_r60_v1p5,0.3407313249438584,1.589581827086783
609011,990,608021,631188,687933.1530731542,True,True,False,2769.59,0.09227457300134834,608021,2535.617022,0.11999999999999661,15.965011274043732,19.216271646090735,0.004217694651998283,-0.006473035052732001,2h_upper_wick,long,2025-07-10 00:00:00,0.6153488372093032,2h_wick_r60_v1p5,0.5343895167440892,4.97801583094163
633299,671,632628,636372,-32107.348223629175,False,False,False,4384.62,0.0415338937330223,632628,4209.771786,0.1811579165801958,9.838677650142309,22.74278002455872,0.013392820716552567,0.011295980698042163,2h_upper_wick,long,2025-10-02 08:00:00,0.7626063498651235,2h_wick_r60_v1p5,1.4319686427486356,3.226247694103179
642971,263,642708,649044,291923.0081585888,True,True,False,3232.88,0.11433438729553846,642708,3602.5093540000003,0.8351573545583078,-31.242933817337416,-41.197616239467294,-0.011050013141845061,0.05740102214316334,2h_lower_wick,short,2025-11-04 22:00:00,0.10017280201078747,2h_wick_r60_v1p5,7.4059504300030445,7.294452948588924
649379,335,649044,650032,20773.49107296276,False,True,False,3030.4,0.025328361289281398,649044,2955.54099,0.0,7.178234322665425,15.308834861572151,-0.004999220805500193,0.008694286386271344,2h_upper_wick,long,2025-11-27 04:00:00,0.7119372787051117,2h_wick_r60_v1p5,2.33831977831347,2.117644009664479
650555,523,650032,650941,83506.40203613206,False,True,False,2829.47,0.056297514375484026,650032,2988.7621280000003,0.681359044995409,-21.702375601683457,-16.98610503643043,0.01712377095243145,0.03573218324929561,2h_lower_wick,short,2025-12-01 06:00:00,0.06749311294766948,2h_wick_r60_v1p5,1.3669891454570866,1.8594660822665297
651443,502,650941,651829,143916.03504271363,True,True,False,3187.83,0.11463683342229225,650941,2859.97188,0.1197786998616866,8.528504079664529,32.716777930117686,-0.017318593551806316,-0.028489800134231524,2h_upper_wick,long,2025-12-04 08:00:00,0.8060857538036007,2h_wick_r60_v1p5,2.006341123039822,1.7177561016119918
651875,46,651829,652419,-10651.215894440655,False,False,False,3041.83,0.007570083140741035,651829,3064.856906,0.7510964912280708,-21.284582637274944,-12.302907750099266,-0.010637579136234865,-0.00555257228130368,2h_lower_wick,short,2025-12-05 20:00:00,0.2057291666666646,2h_wick_r60_v1p5,3.793992755825318,2.2760505461002736
652955,536,652419,653371,140704.73586541507,True,True,False,3118.27,0.012446407228173362,652419,3079.935864,0.19675090252707053,-3.146821834580809,3.196829376999979,0.016400175214310364,0.00805150969761037,2h_upper_wick,long,2025-12-09 14:00:00,0.7039711191335787,2h_wick_r60_v1p5,1.4358732865815633,1.966134124174878
654515,1144,653371,654541,108124.89278371586,True,True,False,3075.05,0.06744715630640141,653371,3282.453378,0.7704805883359045,0.6387903111725244,-4.634282186627949,0.0007173160680717938,-0.008239487738495699,2h_lower_wick,short,2025-12-15 00:00:00,0.01060372840772863,2h_wick_r60_v1p5,7.760273972602741,7.668101348866336
659723,2139,657584,661320,153802.9006437799,True,True,False,3001.36,0.011634167056180145,657584,2966.84325,0.031535269709515604,1.3221160766249387,1.3508515099149818,0.010814961375634091,0.005224236139977245,2h_upper_wick,long,2026-01-02 02:00:00,0.6182572614107873,2h_wick_r60_v1p5,1.1817009149542523,2.17038032735036
662003,683,661320,662399,50802.65100579942,False,True,False,3092.56,0.02689187210595767,661320,3175.724728,0.7956204379561946,1.203130689220881,-8.724111063065504,-0.0006095907282824831,0.010390166666130796,2h_lower_wick,short,2026-01-10 00:00:00,0.16144267926149525,2h_wick_r60_v1p5,3.322179416620804,1.9379583429515064
663659,1260,662399,663918,138377.42174652172,True,True,False,3307.04,0.06434209697574422,662399,3107.1213,0.2218356970832215,-9.18490273807815,5.042078958926616,-0.0027407285886021926,0.03501642502294322,2h_upper_wick,long,2026-01-15 18:00:00,0.6143965747926171,2h_wick_r60_v1p5,4.431099251275939,1.55529122287097
664547,68,664479,664944,-132394.75720662205,False,False,True,3345.02,0.0009251389517861419,664479,3341.928252,0.11255961844197088,3.2355759947729403,-1.1118919444554791,0.03296441274095896,0.04215866521278411,2h_upper_wick,long,2026-01-18 20:00:00,0.7535771065182816,2h_wick_r60_v1p5,4.380723216262259,4.611963190184049
667811,283,667528,670116,675483.4111797365,True,True,False,2740.13,0.07313586435680053,667528,2940.531776,0.8376121895220253,-23.073480175615344,-25.139974042429003,-0.040773684040331215,-0.037158380178017536,2h_lower_wick,short,2026-01-30 04:00:00,0.15341264871634172,2h_wick_r60_v1p5,0.667780711116104,3.2777457537006462
672947,421,672526,673329,5801.291542028077,False,True,False,1996.97,0.01457443226488131,672526,2026.074704,0.6604477611940356,3.695575447932903,-5.881517398025954,-0.013297962957040332,-0.008513877954268945,2h_lower_wick,short,2026-02-17 00:00:00,0.32164179104476986,2h_wick_r60_v1p5,1.2561557140879982,1.9672654905980445
675179,628,674551,675266,71714.46399317496,False,True,False,1854.55,0.05249766250572918,674551,1951.90954,0.6211225997045784,2.6724015326187853,-7.8911582474867465,-0.022764014569579882,-0.02350963980735654,2h_lower_wick,short,2026-02-24 18:00:00,0.21011816838995825,2h_wick_r60_v1p5,1.4799307517084281,1.5106135046707891
678491,533,677958,678745,107714.94338189252,True,True,False,1950.59,0.05176362331397155,677958,2051.559606,0.8965672990063255,0.011367542708438094,-11.578316163902514,-0.002665855865926381,-0.003271032132535101,2h_lower_wick,short,2026-03-08 06:00:00,0.07407407407407826,2h_wick_r60_v1p5,1.6903764707540454,1.9332887524564129
679859,1114,678745,680265,138375.05150027433,True,True,False,2069.98,0.044370363326660334,678745,1982.0363280000001,0.27824709609292325,0.6622874499734266,2.911996733120249,-0.008438363563995188,-0.009011634602135832,2h_upper_wick,long,2026-03-13 00:00:00,0.6045406546990503,2h_wick_r60_v1p5,4.857822789550888,1.6245052620213314
680963,263,680700,681437,220104.04612457892,True,True,False,2327.29,0.08377642577085065,680700,2147.389392,0.046144121365360974,12.909500351948203,20.605407128111842,0.03269109967681261,0.07589247997546322,2h_upper_wick,long,2026-03-16 20:00:00,0.6396965865992423,2h_wick_r60_v1p5,0.974487717440013,3.5070138602638083
682835,1398,681437,682873,206137.004997788,True,True,False,2047.74,0.1192883403166416,681437,2292.011506,0.6020902370634745,-0.8327353517959573,-6.057581412083238,0.016859807329555387,0.016253495951154884,2h_lower_wick,short,2026-03-23 08:00:00,0.0,2h_wick_r60_v1p5,6.005767792287381,5.0825902957067965
684755,1090,683665,684789,175497.21646333812,True,True,False,1982.49,0.07953728896488754,683665,2140.17188,0.7587500000000001,0.7761186013651002,1.912390350332739,-0.010323563950591974,-0.019125774089366332,2h_lower_wick,short,2026-03-30 00:00:00,0.04339285714285828,2h_wick_r60_v1p5,5.7595686531541,6.664894325612645
685547,758,684789,685646,78668.204007864,False,True,False,2127.77,0.043506502388237944,684789,2039.05773,0.03738317757009314,1.8987040584760777,12.072450988999176,0.023110107454972884,0.003410330301494735,2h_upper_wick,long,2026-04-01 18:00:00,0.9072798819478605,2h_wick_r60_v1p5,1.8845578473593887,1.5315459736582846
686651,1005,685646,686759,-10664.777364131529,False,False,False,2040.83,0.019748675783872294,685646,2081.13369,0.9336283185840806,-1.3339220581032682,-1.8987174350460632,0.002715676095890407,-0.003075229639264765,2h_lower_wick,short,2026-04-05 14:00:00,0.01603982300884761,2h_wick_r60_v1p5,1.5686832740213525,2.7100264640600993
687035,276,686759,687192,3790.1846076501533,False,True,False,2137.75,0.024451081331586133,686759,2086.727262,0.028554778554766076,2.556466859316515,11.244826152469788,-0.01839656843607651,-0.027178480533052274,2h_upper_wick,long,2026-04-06 22:00:00,0.6305361305361454,2h_wick_r60_v1p5,1.8170913365107595,2.9154817768596306
693899,634,693265,694011,-36962.37565251393,False,False,False,2261.78,0.0006487191504034318,693265,2263.2472599999996,0.6534496431403769,0.7495856857186087,-2.5987704561176947,-0.003078817866612571,0.0008934667410116504,2h_lower_wick,short,2026-04-30 18:00:00,0.0,2h_wick_r60_v1p5,0.5023812071917808,2.1332051081340997
694715,704,694011,695708,72878.66758759832,False,True,False,2324.64,0.016454993316134203,694011,2287.00731,0.2090747330960729,0.6295286283342421,3.693723305659092,-0.004637957474450061,0.018363430070433173,2h_upper_wick,long,2026-05-03 14:00:00,0.6423487544484077,2h_wick_r60_v1p5,13.988243390491482,7.54823236371259
695939,231,695708,696325,21159.40111688059,False,True,False,2298.85,0.01607009939752513,695708,2335.7927480000003,0.6705959397511325,-5.934579015765706,-10.691729578598988,-0.008332072442635563,0.006444082353421532,2h_lower_wick,short,2026-05-07 20:00:00,0.12508185985594705,2h_wick_r60_v1p5,12.963269695490139,4.776589877236749
700331,86,700245,702222,88887.55997676263,False,True,False,2069.35,0.01260339236958452,700245,2095.43083,0.7957317073170799,-7.37168548372336,-3.8095839575797914,0.008951719332637387,0.013934189656105378,2h_lower_wick,short,2026-05-23 02:00:00,0.06524390243903401,2h_wick_r60_v1p5,0.582988659348321,1.8102001030683939
703427,644,702783,704704,687331.854913211,True,True,False,1911.75,0.049310169216686406,702783,2006.018716,0.6421956177998662,-7.200113739102811,-7.247968976089574,0.01259770322022602,0.05924734765762851,2h_lower_wick,short,2026-06-02 20:00:00,0.028913485430313378,2h_wick_r60_v1p5,3.900567360277615,4.710223540458526
705059,355,704704,705375,99040.20316329226,False,True,False,1672.08,0.03872553520512101,704704,1609.741884,0.17402597402597103,8.200686738079055,22.75006768204925,-0.017821868516823547,-0.020357907463573577,2h_upper_wick,long,2026-06-08 12:00:00,0.7522727272727308,2h_wick_r60_v1p5,3.2662699971705234,2.855312905592235
706019,97,705922,706102,22031.117243972607,False,True,False,1681.12,0.008395684658147662,705922,1667.1233579999998,0.28214971209212336,4.973572861181206,5.653774259749088,0.01298954476658043,0.008390145216073508,2h_upper_wick,long,2026-06-11 20:00:00,0.6602687140115172,2h_wick_r60_v1p5,2.9486836978905777,3.0865434900546913
115846,5999,109847,136783,37135.1622576107,False,True,False,382.62,0.047318324759731745,109847,365.333052,0.009999999999990905,0.0767989891562304,-0.5790598650444316,-0.04568302589748263,-0.06692172604114399,2h_upper_wick+oi_flush,long,2020-10-30 20:00:00,0.7699999999999818,2h_wick_r60_v1p5_oi0,4.47222376160214,3.016214925688468
151444,455,150989,172818,71695.46912793306,False,True,False,1605.52,0.018126726927197856,150989,1576.9353239999998,0.07913802712242238,6.915002225938,13.785039894367316,-0.009402807337354768,-0.02175012962237044,2h_upper_wick+oi_flush,long,2021-03-03 14:00:00,0.9000557310050137,2h_wick_r60_v1p5_oi0,4.223717790030381,2.212807687485675
201751,9095,192656,209936,34274.426910554714,False,True,False,3116.22,0.4275096358480832,192656,2182.9765079999997,0.08937960042060954,-14.325100003496914,-23.046049311192846,-0.009952314095253434,-0.02699126640689198,2h_upper_wick+oi_flush,long,2021-08-25 14:00:00,0.768243953732914,2h_wick_r60_v1p5_oi0,1.932476582841508,1.7234862058159421
219679,7151,212528,231248,31590.289119135792,False,True,False,4211.08,0.27413084142643696,212528,3305.06088,0.2843786521231072,-3.559904369729715,2.129065190310037,-0.01181305761609952,-0.008524564077011076,2h_upper_wick+oi_flush,long,2021-10-26 20:00:00,0.6575769380599946,2h_wick_r60_v1p5_oi0,4.080898232685628,2.618961239386667
240535,71,240464,246224,39124.28035168933,False,True,False,3223.65,0.05674578443689615,240464,3406.5785480000004,0.768578694546484,-12.482741747723267,-41.600965710923674,-0.023474849843280188,-0.022581230549700737,2h_lower_wick+oi_flush,short,2022-01-07 06:00:00,0.18121880003767402,2h_wick_r60_v1p5_oi0,0.8205897217939879,3.4702146293976273
253231,1052,252179,254066,18872.726227091713,False,True,False,2647.23,0.1522874113696202,252179,3050.369804,0.6346060898985053,-3.23389429711667,-15.875430991860654,-0.023398786531736437,-0.007051209529160385,2h_lower_wick+oi_flush,short,2022-02-20 08:00:00,0.08530691155146776,2h_wick_r60_v1p5_oi0,1.4478711516617426,3.6893569572417864
263257,1458,261799,266378,9453.885492086352,False,True,False,3146.55,0.06156303259574303,261799,2964.072696,0.23148936170213644,-0.8843413221722116,-4.0480372966773785,-0.0009471282930928471,0.003575418879515624,2h_upper_wick+oi_flush,long,2022-03-27 04:00:00,0.6828368794326158,2h_wick_r60_v1p5_oi0,4.431615359702146,2.5509506013565333
275305,1204,274101,277466,25933.17423582128,False,True,False,2633.97,0.048788480506611887,274101,2762.4773940000005,0.6625730118316646,1.0553963038555452,-7.553812319275302,-0.01537020304941139,-0.004090737589022231,2h_lower_wick+oi_flush,short,2022-05-08 00:00:00,0.3161599520742869,2h_wick_r60_v1p5_oi0,3.4415198006355876,2.9773982851818874
285241,1289,283952,286538,43704.53024715526,False,True,False,1590.94,0.11910181653613572,283952,1780.423844,0.6209098164405442,-11.001052409842217,-17.926941011391726,-0.039393623197916394,-0.041723874004680916,2h_lower_wick+oi_flush,short,2022-06-11 12:00:00,0.02474062250598723,2h_wick_r60_v1p5_oi0,2.546146377680688,2.8331992542155557
290377,507,289870,291864,16756.747354300227,False,True,False,1133.53,0.05238623591788483,289870,1192.91137,0.9098039215686319,-6.139459357208647,-11.777741188577952,0.0006251922729705317,-0.015820019779788197,2h_lower_wick+oi_flush,short,2022-06-29 08:00:00,0.059313725490197595,2h_wick_r60_v1p5_oi0,1.0641348456736,2.2202811443625037
292033,169,291864,293479,18880.601961238688,False,True,False,1151.13,0.053947215666803716,291864,1092.208398,0.29229871645273986,8.52781358927691,12.486315422006664,0.0058989374539639705,-0.03941996890597654,2h_upper_wick+oi_flush,long,2022-07-05 02:00:00,0.6627771295215772,2h_wick_r60_v1p5_oi0,0.6669932111859544,2.411534626276744
293737,258,293479,294463,17465.501745553338,False,True,False,1169.68,0.016091796046781903,293479,1188.502252,0.681283422459888,-3.899590943348767,-10.17169745228407,-0.00279905837611516,-0.020406283056438768,2h_lower_wick+oi_flush,short,2022-07-11 00:00:00,0.05989304812833699,2h_wick_r60_v1p5_oi0,1.990374326782633,1.6389753306276058
294841,378,294463,296666,87236.47471089859,False,True,False,1195.66,0.08713172471770614,294463,1099.829922,0.30814179976626643,13.21568688919932,14.275673959616913,-0.012830588109409735,0.007937394609212278,2h_upper_wick+oi_flush,long,2022-07-14 20:00:00,0.6482275029217005,2h_wick_r60_v1p5_oi0,1.4749977187000038,1.6883045801573435
301369,860,300509,302229,4914.057706488122,False,True,False,1713.89,0.019428570901065312,300509,1681.2261780000001,0.04560622914350183,2.145060482211605,9.80785586402132,-0.009903180855840854,-0.027047661751606222,2h_upper_wick+oi_flush,long,2022-08-06 12:00:00,0.8609566184649612,2h_wick_r60_v1p5_oi0,0.13756526320257356,2.5099396320899414
302401,172,302229,302683,-30464.735373436066,False,False,False,1684.3,0.01588655227691027,302229,1711.05772,0.612592426618866,-9.037830417335005,-9.441498194238658,-0.032405668937361076,-0.04638023387543977,2h_lower_wick+oi_flush,short,2022-08-10 02:00:00,0.13062962133094203,2h_wick_r60_v1p5_oi0,1.7841773553522235,3.4458677095982977
302833,150,302683,303731,8961.978736356134,False,True,False,1914.12,0.011783157127859711,302683,1891.82829,0.2747963584092004,9.72521142833287,18.05720374002417,-0.011849011669464171,0.002175680766322241,2h_upper_wick+oi_flush,long,2022-08-11 14:00:00,0.6312889314805973,2h_wick_r60_v1p5_oi0,0.8725166328388851,1.5327145946088825
303937,206,303731,304463,5268.834124774468,False,True,False,1906.89,0.026995919009486613,303731,1958.368248,0.7303215077605311,-9.739743523585101,-13.978867006548612,-0.037193984602167496,-0.02649565792728381,2h_lower_wick+oi_flush,short,2022-08-15 10:00:00,0.13636363636363236,2h_wick_r60_v1p5_oi0,2.003046180373097,2.9448441997325125
305089,115,304974,305802,25299.36208357266,False,True,False,1736.37,0.049238096719017355,304974,1821.865554,0.6377374784110603,-10.937385158382186,-9.146462784144529,-0.02001821824518446,-0.06467892362426342,2h_lower_wick+oi_flush,short,2022-08-19 10:00:00,0.351899827288431,2h_wick_r60_v1p5_oi0,2.6127601584388214,4.263280195675381
307225,155,307070,308019,24661.925174954784,False,True,False,1562.95,0.05798599955212902,307070,1653.579218,0.6470380818053587,-16.520813237454387,-10.507722804726436,-0.03472115313070345,0.03339075332154229,2h_lower_wick+oi_flush,short,2022-08-26 20:00:00,0.16466854724964253,2h_wick_r60_v1p5_oi0,1.561484722116341,5.183378332002634
310177,455,309722,310395,-2851.127027264738,False,False,False,1638.81,0.041046524219948255,309722,1574.194776,0.0,6.351659772960103,4.740481034349565,-0.05276578207371285,-0.03670873861702795,2h_upper_wick+oi_flush,long,2022-09-06 02:00:00,0.62801024765158,2h_wick_r60_v1p5_oi0,3.179849980685649,5.7102988981784
316009,220,315789,316243,-17402.501966663054,False,False,False,1295.97,0.005848312846747916,315789,1303.549238,0.7613584212941692,-2.248482889993493,-1.0049732703411305,0.005421254293131339,-0.0006918618532232301,2h_lower_wick+oi_flush,short,2022-09-26 08:00:00,0.18494722349701603,2h_wick_r60_v1p5_oi0,1.3405599716500516,2.6390787348369256
321961,53,321908,322432,1821.3641402574722,False,True,False,1305.8,0.008457420667204119,321908,1294.848918,0.056034482758618435,2.972407172774371,1.9220079310291953,0.00845634980243437,-0.0458614136884401,2h_upper_wick+oi_flush,long,2022-10-17 00:00:00,0.6077586206896546,2h_wick_r60_v1p5_oi0,2.1834573409328066,3.498641372252598
324505,1508,322997,325224,33405.54589574665,False,True,False,1474.88,0.12668674871514196,322997,1309.0417559999999,0.05902319441825591,12.955512767550433,10.756350987147037,-0.09886515698613252,-0.09046878385592305,2h_upper_wick+oi_flush,long,2022-10-25 20:00:00,0.8936451065434641,2h_wick_r60_v1p5_oi0,19.93403829287263,12.85076506393515
328489,745,327744,329053,46202.53407956901,False,True,False,1488.75,0.08706381998320745,327744,1618.366262,0.6982477903550933,-8.283758138362678,-14.975224123206253,-0.01023485737159302,-0.021605835354376213,2h_lower_wick+oi_flush,short,2022-11-08 16:00:00,0.0,2h_wick_r60_v1p5_oi0,3.2718617332680395,3.9086179685122895
331753,23,331730,332258,-29656.570866496942,False,False,False,1219.5,0.001672786160468842,331730,1217.463444,0.0587889476778366,1.4841528398672161,2.929893608942635,-0.005979108983949932,-0.00033186963335551933,2h_upper_wick+oi_flush,long,2022-11-20 00:00:00,0.8071722516166976,2h_wick_r60_v1p5_oi0,3.9625898240940565,5.577380259602165
335473,832,334641,335631,7269.439055136987,False,True,False,1290.38,0.048871127555775384,334641,1230.2560019999999,0.09410548086867374,-0.6194046924336636,-1.3332183175861054,0.0018070411097437233,-0.00020975001192935494,2h_upper_wick+oi_flush,long,2022-12-02 22:00:00,0.6318510858324564,2h_wick_r60_v1p5_oi0,2.242716737249499,3.000687344684295
336193,113,336080,336736,-11670.57038575114,False,False,False,1294.38,0.004822678420733695,336080,1288.167582,0.035384615384618186,3.9486209465457707,0.7012985980251623,-0.001312398003525117,0.006428613210456735,2h_upper_wick+oi_flush,long,2022-12-05 10:00:00,0.7823076923076979,2h_wick_r60_v1p5_oi0,1.2003538316671563,4.687375367098177
340393,1419,338974,340449,17807.43321719661,False,True,False,1166.23,0.10981632096584715,338974,1294.301088,0.6159278148293464,0.03845163045320632,2.107272258356037,-0.005951907208624152,-0.013881804732890801,2h_lower_wick+oi_flush,short,2022-12-20 00:00:00,0.005492349941148396,2h_wick_r60_v1p5_oi0,10.503174843047256,12.4930343154767
340993,544,340449,341144,-295.2712000756874,False,False,False,1212.14,0.009982015864311578,340449,1200.1599840000001,0.07142857142857899,-1.082955265249817,3.931634955980804,0.004241486170865283,-0.007524127229816546,2h_upper_wick+oi_flush,long,2022-12-22 02:00:00,0.7003105590062285,2h_wick_r60_v1p5_oi0,1.8964782190397835,1.5679217514089625
347065,1587,345478,355572,49025.1805000442,False,True,False,1400.71,0.11261791242984454,345478,1258.931736,0.2974452554744507,6.173975592528887,4.111730300441529,0.005856053813427797,-0.12020611713839846,2h_upper_wick+oi_flush,long,2023-01-12 04:00:00,0.6468978102189892,2h_wick_r60_v1p5_oi0,1.2005388795552867,1.5635581795825988
356891,832,356059,362196,2902.577303465514,False,True,False,1578.75,0.019798753795652324,356059,1548.099558,0.11141011840688614,4.5194226385616485,9.951119477568177,-0.0016130891673055148,-0.008868076732383878,2h_upper_wick+oi_flush,long,2023-02-15 14:00:00,0.7131324004305732,2h_wick_r60_v1p5_oi0,2.379991668458957,2.633486737675503
363371,311,363060,364212,-8797.535740603402,False,False,False,1429.97,0.07157036581187026,363060,1532.313476,0.7813565744600243,-11.79501533401848,-9.170702143145297,-0.010030448624451349,0.02268872463439231,2h_lower_wick+oi_flush,short,2023-03-10 02:00:00,0.0299355816597181,2h_wick_r60_v1p5_oi0,6.438087286963676,3.922211290113962
367547,3334,364213,381204,46971.89962416631,False,True,False,1761.22,0.11691921957876938,364213,1576.855308,0.1655024180548052,-3.942420508508893,-0.1880735782716414,-0.02675898932214893,-0.024199268123200945,2h_upper_wick+oi_flush,long,2023-03-24 14:00:00,0.6367544331004844,2h_wick_r60_v1p5_oi0,1.1702822180715435,1.5860504004086742
386411,23,386388,389844,-12182.001081157709,False,False,False,1916.55,0.0033127207759136024,386388,1910.2219679999998,0.042553191489359384,7.367631137304727,6.391960717735728,0.02171132863226921,-0.045890069255860144,2h_upper_wick+oi_flush,long,2023-05-29 02:00:00,0.6005319148936166,2h_wick_r60_v1p5_oi0,2.421866932171485,5.724239893317468
402467,9167,393300,405972,-9777.285888807732,False,False,False,1890.28,0.0005993422153469652,393300,1889.1477539999998,0.25642427556041586,1.8605372637711568,0.3109279899343109,-0.02339336449532814,-0.027517745549330952,2h_upper_wick+oi_flush,long,2023-07-23 20:00:00,0.6615636960087485,2h_wick_r60_v1p5_oi0,2.0136030489592494,3.083796697750765
409931,215,409716,415082,8149.520137668995,False,True,False,1660.22,0.016523353531459728,409716,1687.652402,0.6727707006369431,-2.4090724416965443,-13.25403439162588,0.006673093481892378,-0.024379859849456453,2h_lower_wick+oi_flush,short,2023-08-18 18:00:00,0.17117834394904197,2h_wick_r60_v1p5_oi0,4.765816677743137,3.3137566763572446
422795,2312,420483,422900,10642.110482847143,False,True,False,1731.77,0.08585888872949132,420483,1594.838904,0.0024539877300591246,3.9915071367047386,3.430437853436917,-0.002476385986967311,-0.009712238485143687,2h_upper_wick+oi_flush,long,2023-10-02 10:00:00,0.6711656441717844,2h_wick_r60_v1p5_oi0,0.36222690170006305,1.6256279880398459
423995,1095,422900,424061,-54.019986028957646,False,False,False,1629.37,0.014397815106452327,422900,1652.8293680000002,0.6760044231478011,2.225102206729505,-0.8564093889329669,-0.012234671987915058,-0.026779506947389953,2h_lower_wick+oi_flush,short,2023-10-06 14:00:00,0.16218208625138494,2h_wick_r60_v1p5_oi0,1.7920574573811823,2.147081261431841
424907,391,424516,426094,13005.089737643139,False,True,False,1583.43,0.026931863107305,424516,1626.07472,0.8591370558375616,-5.155707826703083,-4.138981555026959,-0.03422714015021311,-0.028978284344563177,2h_lower_wick+oi_flush,short,2023-10-09 18:00:00,0.09454314720812246,2h_wick_r60_v1p5_oi0,3.2964077938867855,6.942638614522463
429083,1195,427888,455796,131352.1926257087,True,True,False,1817.82,0.15234564773726555,427888,1577.495436,0.2153796024763746,13.690140356738446,14.396261008325784,-0.009575680019695665,-0.028278639081223522,2h_upper_wick+oi_flush,long,2023-10-24 06:00:00,0.6282176604757277,2h_wick_r60_v1p5_oi0,2.591301471709895,5.780205123634419
459803,263,459540,476244,176532.66314368136,True,True,False,2427.7,0.020996322335667283,459540,2377.7754600000003,0.08624938393297206,4.832360656122901,7.475329714267115,-0.007610872610216757,-0.01399896429429004,2h_upper_wick+oi_flush,long,2024-02-07 22:00:00,0.775751601774286,2h_wick_r60_v1p5_oi0,2.139036748285053,4.156596156951396
503531,1079,502452,504180,-9433.904760260251,False,False,False,2981.08,0.022746823298938734,502452,3048.8901,0.7221011333914567,7.601891748279471,10.91271827440417,-0.0005679102691882321,-0.03461149631264915,2h_lower_wick+oi_flush,short,2024-07-08 18:00:00,0.2434612031386235,2h_wick_r60_v1p5_oi0,0.19764121438478485,1.7710777552400274
507251,1631,505620,508788,-35698.0686171815,False,False,False,3500.14,0.0034927455875397584,505620,3487.957452,0.006942034015960378,-4.460977171050066,-4.101078080675947,-0.004889509036552497,-0.004498119801633171,2h_upper_wick+oi_flush,long,2024-07-21 16:00:00,0.6046511627907013,2h_wick_r60_v1p5_oi0,5.892978595719144,2.4881796988747777
512219,1415,510804,514048,45422.7901226714,False,True,False,2360.12,0.2676226344423165,510804,2991.741532,0.6678609817269812,-7.452783166514472,13.320427236223082,-0.013351633447580946,-0.024171782802725694,2h_lower_wick+oi_flush,short,2024-08-07 22:00:00,0.1442135435327868,2h_wick_r60_v1p5_oi0,0.2628427491903562,1.9139114607680294
517619,163,517456,518370,33383.91070741514,False,True,False,2720.55,0.004746539486500945,517456,2733.4631980000004,0.6655127650367817,-6.691537583982701,-7.877614125154029,-0.010884916893836083,-0.0033583034891461194,2h_lower_wick+oi_flush,short,2024-08-26 16:00:00,0.02899177845089005,2h_wick_r60_v1p5_oi0,1.6259175680232407,1.572110426210635
526859,332,526527,527308,1017.9864546706667,False,True,False,2698.65,0.022995752703136807,526527,2637.987492,0.1481892912686079,5.632784437463615,1.6627123623653688,0.008051586057698623,-0.0028786684879413826,2h_upper_wick+oi_flush,long,2024-09-27 18:00:00,0.6007553876916204,2h_wick_r60_v1p5_oi0,1.548010253393285,3.823171895562722
527795,487,527308,528850,49598.604560681444,False,True,False,2602.72,0.01591068881785196,527308,2644.1310679999997,0.6907619313424431,-3.493395203885573,-9.988035898064275,-0.008902230565224656,-0.006017392859225645,2h_lower_wick+oi_flush,short,2024-10-01 00:00:00,0.05833100753558815,2h_wick_r60_v1p5_oi0,1.722004443626792,2.2457202222322596
528875,25,528850,529800,3812.8622120580403,False,True,False,2414.73,0.007720818353286418,528850,2396.22915,0.0821029888368652,13.017613889769027,6.962850864880721,-0.018307996428690743,6.396330979097087e-06,2h_upper_wick+oi_flush,long,2024-10-04 18:00:00,0.9110550954267266,2h_wick_r60_v1p5_oi0,1.971487672611394,1.8998607660596798
530507,707,529800,530796,-1620.878174930811,False,False,False,2389.07,0.01001113655104291,529800,2412.987306,0.7134363852556476,-3.665990768187209,-5.190198642457366,-0.015855832967123007,-0.023779437055436614,2h_lower_wick+oi_flush,short,2024-10-10 10:00:00,0.0,2h_wick_r60_v1p5_oi0,10.351360450524897,3.785743953480941
531107,311,530796,531435,5166.151034196257,False,True,False,2451.73,0.013235568509515572,530796,2419.7038439999997,0.0,2.044751698991041,5.950521035918381,-0.001594090986812402,-0.0010980070050319313,2h_upper_wick+oi_flush,long,2024-10-12 12:00:00,0.6029962546816452,2h_wick_r60_v1p5_oi0,6.250710011610253,1.8078108010148606
534299,450,533849,535544,25782.971014758397,False,True,False,2579.99,0.02508573754161847,533849,2644.710952,0.6705969049373582,-4.682681364954675,-12.923746685468126,-0.006415408997898164,-0.01319328943218312,2h_lower_wick+oi_flush,short,2024-10-23 14:00:00,0.23618275607959982,2h_wick_r60_v1p5_oi0,2.247710991073823,1.6869082727133713
537539,938,536601,538173,26850.177959806402,False,True,False,2453.56,0.06358026051940846,536601,2609.557984,0.758828788556104,0.5430487083993931,-5.357488331217638,-0.008164304760358343,-0.011978144872594632,2h_lower_wick+oi_flush,short,2024-11-03 20:00:00,0.04023245417970882,2h_wick_r60_v1p5_oi0,0.7814732848561492,2.3314117294999126
538259,86,538173,551988,223327.4877437217,True,True,False,2584.83,0.039864615639747525,538173,2485.7370479999995,0.06767542401063714,20.781942131290776,18.55426025252745,-0.0003791472837904042,-0.004796903276981568,2h_upper_wick+oi_flush,long,2024-11-06 08:00:00,0.696707682075161,2h_wick_r60_v1p5_oi0,2.6693946833985027,4.470689819884038
555779,911,554868,556884,-54210.935336000985,False,False,True,3664.6,0.060511931641592076,554868,3455.500962,0.05276658116526319,-2.788284182892596,-1.2618677227120756,-0.0013852136209125954,-0.0051446418134853955,2h_upper_wick+oi_flush,long,2025-01-06 04:00:00,0.6295346280688907,2h_wick_r60_v1p5_oi0,0.8233606883913631,3.1146100648079686
563747,239,563508,566964,95432.27353813092,False,True,False,2975.63,0.048502631039477384,563508,3119.955884,0.8374614910659268,-18.834818985719096,-30.157214749202513,-0.0067838466631220395,-0.01635759596880093,2h_lower_wick+oi_flush,short,2025-02-02 20:00:00,0.03314849044978498,2h_wick_r60_v1p5_oi0,2.0330989620701203,5.583661732433802
569987,102,569885,571759,123009.06667361094,True,True,False,2687.55,0.018437785343528468,569885,2737.1024700000003,0.7024119947848858,-15.04287885342146,-7.989010923671504,-0.0013922846750650253,-0.024311249285928094,2h_lower_wick+oi_flush,short,2025-02-24 12:00:00,0.0,2h_wick_r60_v1p5_oi0,0.4706277670028827,1.9256420428998389
573875,860,573015,575212,84737.91552441102,False,True,False,2030.53,0.065232878115566,573015,2162.987316,0.7500642178268673,-16.28697448210207,-13.222942993730658,-0.007621792098534419,-0.0034957044534733583,2h_lower_wick+oi_flush,short,2025-03-10 00:00:00,0.020806575905470043,2h_wick_r60_v1p5_oi0,1.4073906995977596,1.5905791988387799
575891,155,575736,576594,-37415.57817728678,False,False,False,1888.66,0.005278979805788175,575736,1898.630198,0.8172678888231738,-4.835835642173229,0.5205466585703231,-0.0006290913514130914,-0.014983193020881358,2h_lower_wick+oi_flush,short,2025-03-17 00:00:00,0.014784151389710159,2h_wick_r60_v1p5_oi0,1.5464838424362661,3.2780990655953963
578771,121,578650,580291,70873.5770020443,False,True,False,2007.52,0.013391168207539605,578650,2034.403038,0.7149321266968232,-8.171512416280923,-10.101064192882598,-0.012283390366465086,-0.04248051828783361,2h_lower_wick+oi_flush,short,2025-03-27 00:00:00,0.022624434389140365,2h_wick_r60_v1p5_oi0,0.06059858068497377,9.191522964583879
582011,1246,580765,582726,120301.05474534782,True,True,False,1550.53,0.1903225348751718,580765,1845.6308000000001,0.6080830552465697,-22.46487594880719,-24.589617161753683,-0.005723202858905374,0.003445928205443538,2h_lower_wick+oi_flush,short,2025-04-07 06:00:00,0.3737486095661847,2h_wick_r60_v1p5_oi0,0.15358158437043093,5.95391621267342
591179,595,590584,599220,289292.0533968997,True,True,False,2199.12,0.1952402319870894,590584,1839.897906,0.19899462645172644,31.906595331549347,39.63425002269226,0.005776249748538964,-0.01375413788809543,2h_upper_wick+oi_flush,long,2025-05-09 02:00:00,0.7431097243889788,2h_wick_r60_v1p5_oi0,1.983618894714397,2.2255222367662633
600611,833,599778,603796,-107642.76290987968,False,False,True,2758.46,0.08698897143163209,599778,2537.7074399999997,0.034240150093809464,10.422198779167097,27.43804381527648,0.004401236204991887,-0.0161291373875605,2h_upper_wick+oi_flush,long,2025-06-10 20:00:00,0.6530644152595365,2h_wick_r60_v1p5_oi0,3.9564806467560416,2.6276030737615956
603827,31,603796,604284,460.46536167361774,False,True,False,2305.0,0.0024068537960955094,603796,2310.547798,0.7786021505376377,-11.972130621562634,-14.22337950998331,-0.040658444941510385,-0.04244644251012808,2h_lower_wick+oi_flush,short,2025-06-22 00:00:00,0.06129032258064321,2h_wick_r60_v1p5_oi0,22.397576359054053,6.769457680962107
606443,485,605958,606708,-23837.35887314356,False,False,False,2485.78,0.012541431416303928,605958,2454.9909,0.3102756892230632,0.2585948231007489,3.4529934317999302,-0.006888865567527769,-0.007303983710508777,2h_upper_wick+oi_flush,long,2025-07-01 02:00:00,0.638596491228065,2h_wick_r60_v1p5_oi0,0.3407313249438584,1.589581827086783
609011,990,608021,631188,687933.1530731542,True,True,False,2769.59,0.09227457300134834,608021,2535.617022,0.11999999999999661,15.965011274043732,19.216271646090735,0.004217694651998283,-0.006473035052732001,2h_upper_wick+oi_flush,long,2025-07-10 00:00:00,0.6153488372093032,2h_wick_r60_v1p5_oi0,0.5343895167440892,4.97801583094163
642971,263,642708,649044,291923.0081585888,True,True,False,3232.88,0.11433438729553846,642708,3602.5093540000003,0.8351573545583078,-31.242933817337416,-41.197616239467294,-0.011050013141845061,0.05740102214316334,2h_lower_wick+oi_flush,short,2025-11-04 22:00:00,0.10017280201078747,2h_wick_r60_v1p5_oi0,7.4059504300030445,7.294452948588924
649379,335,649044,650032,20773.49107296276,False,True,False,3030.4,0.025328361289281398,649044,2955.54099,0.0,7.178234322665425,15.308834861572151,-0.004999220805500193,0.008694286386271344,2h_upper_wick+oi_flush,long,2025-11-27 04:00:00,0.7119372787051117,2h_wick_r60_v1p5_oi0,2.33831977831347,2.117644009664479
651443,502,650941,651829,143916.03504271363,True,True,False,3187.83,0.11463683342229225,650941,2859.97188,0.1197786998616866,8.528504079664529,32.716777930117686,-0.017318593551806316,-0.028489800134231524,2h_upper_wick+oi_flush,long,2025-12-04 08:00:00,0.8060857538036007,2h_wick_r60_v1p5_oi0,2.006341123039822,1.7177561016119918
651875,46,651829,652419,-10651.215894440655,False,False,False,3041.83,0.007570083140741035,651829,3064.856906,0.7510964912280708,-21.284582637274944,-12.302907750099266,-0.010637579136234865,-0.00555257228130368,2h_lower_wick+oi_flush,short,2025-12-05 20:00:00,0.2057291666666646,2h_wick_r60_v1p5_oi0,3.793992755825318,2.2760505461002736
653147,728,652419,653371,140704.73586541507,True,True,False,3314.29,0.07609058965781101,652419,3079.935864,0.19384506544039695,12.236554184608508,23.60066379153809,-0.016202202466718663,-0.02617295838975342,2h_upper_wick+oi_flush,long,2025-12-10 06:00:00,0.7403608065086611,2h_wick_r60_v1p5_oi0,2.8885038430536256,2.912267928649436
654515,1144,653371,654541,108124.89278371586,True,True,False,3075.05,0.06744715630640141,653371,3282.453378,0.7704805883359045,0.6387903111725244,-4.634282186627949,0.0007173160680717938,-0.008239487738495699,2h_lower_wick+oi_flush,short,2025-12-15 00:00:00,0.01060372840772863,2h_wick_r60_v1p5_oi0,7.760273972602741,7.668101348866336
660611,3027,657584,661320,153802.9006437799,True,True,False,3185.98,0.07386192378043566,657584,2966.84325,0.08148677626875557,1.1215870839898585,2.374693443360414,-0.049772445350355965,-0.05689973265496884,2h_upper_wick+oi_flush,long,2026-01-05 04:00:00,0.6976411722658982,2h_wick_r60_v1p5_oi0,4.692103694262278,4.063940227481113
662003,683,661320,662399,50802.65100579942,False,True,False,3092.56,0.02689187210595767,661320,3175.724728,0.7956204379561946,1.203130689220881,-8.724111063065504,-0.0006095907282824831,0.010390166666130796,2h_lower_wick+oi_flush,short,2026-01-10 00:00:00,0.16144267926149525,2h_wick_r60_v1p5_oi0,3.322179416620804,1.9379583429515064
663659,1260,662399,663918,138377.42174652172,True,True,False,3307.04,0.06434209697574422,662399,3107.1213,0.2218356970832215,-9.18490273807815,5.042078958926616,-0.0027407285886021926,0.03501642502294322,2h_upper_wick+oi_flush,long,2026-01-15 18:00:00,0.6143965747926171,2h_wick_r60_v1p5_oi0,4.431099251275939,1.55529122287097
667811,283,667528,670116,675483.4111797365,True,True,False,2740.13,0.07313586435680053,667528,2940.531776,0.8376121895220253,-23.073480175615344,-25.139974042429003,-0.040773684040331215,-0.037158380178017536,2h_lower_wick+oi_flush,short,2026-01-30 04:00:00,0.15341264871634172,2h_wick_r60_v1p5_oi0,0.667780711116104,3.2777457537006462
672947,421,672526,673329,5801.291542028077,False,True,False,1996.97,0.01457443226488131,672526,2026.074704,0.6604477611940356,3.695575447932903,-5.881517398025954,-0.013297962957040332,-0.008513877954268945,2h_lower_wick+oi_flush,short,2026-02-17 00:00:00,0.32164179104476986,2h_wick_r60_v1p5_oi0,1.2561557140879982,1.9672654905980445
675179,628,674551,675266,71714.46399317496,False,True,False,1854.55,0.05249766250572918,674551,1951.90954,0.6211225997045784,2.6724015326187853,-7.8911582474867465,-0.022764014569579882,-0.02350963980735654,2h_lower_wick+oi_flush,short,2026-02-24 18:00:00,0.21011816838995825,2h_wick_r60_v1p5_oi0,1.4799307517084281,1.5106135046707891
678491,533,677958,678745,107714.94338189252,True,True,False,1950.59,0.05176362331397155,677958,2051.559606,0.8965672990063255,0.011367542708438094,-11.578316163902514,-0.002665855865926381,-0.003271032132535101,2h_lower_wick+oi_flush,short,2026-03-08 06:00:00,0.07407407407407826,2h_wick_r60_v1p5_oi0,1.6903764707540454,1.9332887524564129
679859,1114,678745,680265,138375.05150027433,True,True,False,2069.98,0.044370363326660334,678745,1982.0363280000001,0.27824709609292325,0.6622874499734266,2.911996733120249,-0.008438363563995188,-0.009011634602135832,2h_upper_wick+oi_flush,long,2026-03-13 00:00:00,0.6045406546990503,2h_wick_r60_v1p5_oi0,4.857822789550888,1.6245052620213314
684755,1090,683665,684789,175497.21646333812,True,True,False,1982.49,0.07953728896488754,683665,2140.17188,0.7587500000000001,0.7761186013651002,1.912390350332739,-0.010323563950591974,-0.019125774089366332,2h_lower_wick+oi_flush,short,2026-03-30 00:00:00,0.04339285714285828,2h_wick_r60_v1p5_oi0,5.7595686531541,6.664894325612645
686651,1005,685646,686759,-10664.777364131529,False,False,False,2040.83,0.019748675783872294,685646,2081.13369,0.9336283185840806,-1.3339220581032682,-1.8987174350460632,0.002715676095890407,-0.003075229639264765,2h_lower_wick+oi_flush,short,2026-04-05 14:00:00,0.01603982300884761,2h_wick_r60_v1p5_oi0,1.5686832740213525,2.7100264640600993
687035,276,686759,687192,3790.1846076501533,False,True,False,2137.75,0.024451081331586133,686759,2086.727262,0.028554778554766076,2.556466859316515,11.244826152469788,-0.01839656843607651,-0.027178480533052274,2h_upper_wick+oi_flush,long,2026-04-06 22:00:00,0.6305361305361454,2h_wick_r60_v1p5_oi0,1.8170913365107595,2.9154817768596306
693899,634,693265,694011,-36962.37565251393,False,False,False,2261.78,0.0006487191504034318,693265,2263.2472599999996,0.6534496431403769,0.7495856857186087,-2.5987704561176947,-0.003078817866612571,0.0008934667410116504,2h_lower_wick+oi_flush,short,2026-04-30 18:00:00,0.0,2h_wick_r60_v1p5_oi0,0.5023812071917808,2.1332051081340997
694715,704,694011,695708,72878.66758759832,False,True,False,2324.64,0.016454993316134203,694011,2287.00731,0.2090747330960729,0.6295286283342421,3.693723305659092,-0.004637957474450061,0.018363430070433173,2h_upper_wick+oi_flush,long,2026-05-03 14:00:00,0.6423487544484077,2h_wick_r60_v1p5_oi0,13.988243390491482,7.54823236371259
695939,231,695708,696325,21159.40111688059,False,True,False,2298.85,0.01607009939752513,695708,2335.7927480000003,0.6705959397511325,-5.934579015765706,-10.691729578598988,-0.008332072442635563,0.006444082353421532,2h_lower_wick+oi_flush,short,2026-05-07 20:00:00,0.12508185985594705,2h_wick_r60_v1p5_oi0,12.963269695490139,4.776589877236749
702203,1958,700245,702222,88887.55997676263,False,True,False,1999.46,0.04799837456113143,700245,2095.43083,0.7258848022206785,3.224321956782136,-1.5300738469581319,0.001396292640551744,-0.0028445464247746077,2h_lower_wick+oi_flush,short,2026-05-29 14:00:00,0.08952116585705647,2h_wick_r60_v1p5_oi0,4.345082989336085,1.8153137381369209
705059,355,704704,705375,99040.20316329226,False,True,False,1672.08,0.03872553520512101,704704,1609.741884,0.17402597402597103,8.200686738079055,22.75006768204925,-0.017821868516823547,-0.020357907463573577,2h_upper_wick+oi_flush,long,2026-06-08 12:00:00,0.7522727272727308,2h_wick_r60_v1p5_oi0,3.2662699971705234,2.855312905592235
115846,5999,109847,136783,37135.1622576107,False,True,False,382.62,0.047318324759731745,109847,365.333052,0.009999999999990905,0.0767989891562304,-0.5790598650444316,-0.04568302589748263,-0.06692172604114399,2h_upper_wick+oi_flush,long,2020-10-30 20:00:00,0.7699999999999818,2h_wick_r60_v1p5_oiN0p5,4.47222376160214,3.016214925688468
151444,455,150989,172818,71695.46912793306,False,True,False,1605.52,0.018126726927197856,150989,1576.9353239999998,0.07913802712242238,6.915002225938,13.785039894367316,-0.009402807337354768,-0.02175012962237044,2h_upper_wick+oi_flush,long,2021-03-03 14:00:00,0.9000557310050137,2h_wick_r60_v1p5_oiN0p5,4.223717790030381,2.212807687485675
201751,9095,192656,209936,34274.426910554714,False,True,False,3116.22,0.4275096358480832,192656,2182.9765079999997,0.08937960042060954,-14.325100003496914,-23.046049311192846,-0.009952314095253434,-0.02699126640689198,2h_upper_wick+oi_flush,long,2021-08-25 14:00:00,0.768243953732914,2h_wick_r60_v1p5_oiN0p5,1.932476582841508,1.7234862058159421
219679,7151,212528,231248,31590.289119135792,False,True,False,4211.08,0.27413084142643696,212528,3305.06088,0.2843786521231072,-3.559904369729715,2.129065190310037,-0.01181305761609952,-0.008524564077011076,2h_upper_wick+oi_flush,long,2021-10-26 20:00:00,0.6575769380599946,2h_wick_r60_v1p5_oiN0p5,4.080898232685628,2.618961239386667
240535,71,240464,246224,39124.28035168933,False,True,False,3223.65,0.05674578443689615,240464,3406.5785480000004,0.768578694546484,-12.482741747723267,-41.600965710923674,-0.023474849843280188,-0.022581230549700737,2h_lower_wick+oi_flush,short,2022-01-07 06:00:00,0.18121880003767402,2h_wick_r60_v1p5_oiN0p5,0.8205897217939879,3.4702146293976273
253231,1052,252179,254066,18872.726227091713,False,True,False,2647.23,0.1522874113696202,252179,3050.369804,0.6346060898985053,-3.23389429711667,-15.875430991860654,-0.023398786531736437,-0.007051209529160385,2h_lower_wick+oi_flush,short,2022-02-20 08:00:00,0.08530691155146776,2h_wick_r60_v1p5_oiN0p5,1.4478711516617426,3.6893569572417864
264793,2994,261799,266378,9453.885492086352,False,True,False,3276.86,0.10552619185828505,261799,2964.072696,0.17324377273999583,-7.136073625462949,-24.577295290353554,-0.0068005205015307935,0.009015512283528704,2h_upper_wick+oi_flush,long,2022-04-01 12:00:00,0.7469913238175214,2h_wick_r60_v1p5_oiN0p5,1.5040866504272665,1.5011280325960379
275305,1204,274101,277466,25933.17423582128,False,True,False,2633.97,0.048788480506611887,274101,2762.4773940000005,0.6625730118316646,1.0553963038555452,-7.553812319275302,-0.01537020304941139,-0.004090737589022231,2h_lower_wick+oi_flush,short,2022-05-08 00:00:00,0.3161599520742869,2h_wick_r60_v1p5_oiN0p5,3.4415198006355876,2.9773982851818874
285241,1289,283952,286538,43704.53024715526,False,True,False,1590.94,0.11910181653613572,283952,1780.423844,0.6209098164405442,-11.001052409842217,-17.926941011391726,-0.039393623197916394,-0.041723874004680916,2h_lower_wick+oi_flush,short,2022-06-11 12:00:00,0.02474062250598723,2h_wick_r60_v1p5_oiN0p5,2.546146377680688,2.8331992542155557
290377,507,289870,291864,16756.747354300227,False,True,False,1133.53,0.05238623591788483,289870,1192.91137,0.9098039215686319,-6.139459357208647,-11.777741188577952,0.0006251922729705317,-0.015820019779788197,2h_lower_wick+oi_flush,short,2022-06-29 08:00:00,0.059313725490197595,2h_wick_r60_v1p5_oiN0p5,1.0641348456736,2.2202811443625037
292033,169,291864,293479,18880.601961238688,False,True,False,1151.13,0.053947215666803716,291864,1092.208398,0.29229871645273986,8.52781358927691,12.486315422006664,0.0058989374539639705,-0.03941996890597654,2h_upper_wick+oi_flush,long,2022-07-05 02:00:00,0.6627771295215772,2h_wick_r60_v1p5_oiN0p5,0.6669932111859544,2.411534626276744
293737,258,293479,294463,17465.501745553338,False,True,False,1169.68,0.016091796046781903,293479,1188.502252,0.681283422459888,-3.899590943348767,-10.17169745228407,-0.00279905837611516,-0.020406283056438768,2h_lower_wick+oi_flush,short,2022-07-11 00:00:00,0.05989304812833699,2h_wick_r60_v1p5_oiN0p5,1.990374326782633,1.6389753306276058
294841,378,294463,296666,87236.47471089859,False,True,False,1195.66,0.08713172471770614,294463,1099.829922,0.30814179976626643,13.21568688919932,14.275673959616913,-0.012830588109409735,0.007937394609212278,2h_upper_wick+oi_flush,long,2022-07-14 20:00:00,0.6482275029217005,2h_wick_r60_v1p5_oiN0p5,1.4749977187000038,1.6883045801573435
301369,860,300509,302229,4914.057706488122,False,True,False,1713.89,0.019428570901065312,300509,1681.2261780000001,0.04560622914350183,2.145060482211605,9.80785586402132,-0.009903180855840854,-0.027047661751606222,2h_upper_wick+oi_flush,long,2022-08-06 12:00:00,0.8609566184649612,2h_wick_r60_v1p5_oiN0p5,0.13756526320257356,2.5099396320899414
302401,172,302229,302683,-30464.735373436066,False,False,False,1684.3,0.01588655227691027,302229,1711.05772,0.612592426618866,-9.037830417335005,-9.441498194238658,-0.032405668937361076,-0.04638023387543977,2h_lower_wick+oi_flush,short,2022-08-10 02:00:00,0.13062962133094203,2h_wick_r60_v1p5_oiN0p5,1.7841773553522235,3.4458677095982977
302833,150,302683,303731,8961.978736356134,False,True,False,1914.12,0.011783157127859711,302683,1891.82829,0.2747963584092004,9.72521142833287,18.05720374002417,-0.011849011669464171,0.002175680766322241,2h_upper_wick+oi_flush,long,2022-08-11 14:00:00,0.6312889314805973,2h_wick_r60_v1p5_oiN0p5,0.8725166328388851,1.5327145946088825
303937,206,303731,304463,5268.834124774468,False,True,False,1906.89,0.026995919009486613,303731,1958.368248,0.7303215077605311,-9.739743523585101,-13.978867006548612,-0.037193984602167496,-0.02649565792728381,2h_lower_wick+oi_flush,short,2022-08-15 10:00:00,0.13636363636363236,2h_wick_r60_v1p5_oiN0p5,2.003046180373097,2.9448441997325125
305089,115,304974,305802,25299.36208357266,False,True,False,1736.37,0.049238096719017355,304974,1821.865554,0.6377374784110603,-10.937385158382186,-9.146462784144529,-0.02001821824518446,-0.06467892362426342,2h_lower_wick+oi_flush,short,2022-08-19 10:00:00,0.351899827288431,2h_wick_r60_v1p5_oiN0p5,2.6127601584388214,4.263280195675381
307225,155,307070,308019,24661.925174954784,False,True,False,1562.95,0.05798599955212902,307070,1653.579218,0.6470380818053587,-16.520813237454387,-10.507722804726436,-0.03472115313070345,0.03339075332154229,2h_lower_wick+oi_flush,short,2022-08-26 20:00:00,0.16466854724964253,2h_wick_r60_v1p5_oiN0p5,1.561484722116341,5.183378332002634
310177,455,309722,310395,-2851.127027264738,False,False,False,1638.81,0.041046524219948255,309722,1574.194776,0.0,6.351659772960103,4.740481034349565,-0.05276578207371285,-0.03670873861702795,2h_upper_wick+oi_flush,long,2022-09-06 02:00:00,0.62801024765158,2h_wick_r60_v1p5_oiN0p5,3.179849980685649,5.7102988981784
321961,53,321908,322432,1821.3641402574722,False,True,False,1305.8,0.008457420667204119,321908,1294.848918,0.056034482758618435,2.972407172774371,1.9220079310291953,0.00845634980243437,-0.0458614136884401,2h_upper_wick+oi_flush,long,2022-10-17 00:00:00,0.6077586206896546,2h_wick_r60_v1p5_oiN0p5,2.1834573409328066,3.498641372252598
324505,1508,322997,325224,33405.54589574665,False,True,False,1474.88,0.12668674871514196,322997,1309.0417559999999,0.05902319441825591,12.955512767550433,10.756350987147037,-0.09886515698613252,-0.09046878385592305,2h_upper_wick+oi_flush,long,2022-10-25 20:00:00,0.8936451065434641,2h_wick_r60_v1p5_oiN0p5,19.93403829287263,12.85076506393515
328489,745,327744,329053,46202.53407956901,False,True,False,1488.75,0.08706381998320745,327744,1618.366262,0.6982477903550933,-8.283758138362678,-14.975224123206253,-0.01023485737159302,-0.021605835354376213,2h_lower_wick+oi_flush,short,2022-11-08 16:00:00,0.0,2h_wick_r60_v1p5_oiN0p5,3.2718617332680395,3.9086179685122895
331753,23,331730,332258,-29656.570866496942,False,False,False,1219.5,0.001672786160468842,331730,1217.463444,0.0587889476778366,1.4841528398672161,2.929893608942635,-0.005979108983949932,-0.00033186963335551933,2h_upper_wick+oi_flush,long,2022-11-20 00:00:00,0.8071722516166976,2h_wick_r60_v1p5_oiN0p5,3.9625898240940565,5.577380259602165
340393,1419,338974,340449,17807.43321719661,False,True,False,1166.23,0.10981632096584715,338974,1294.301088,0.6159278148293464,0.03845163045320632,2.107272258356037,-0.005951907208624152,-0.013881804732890801,2h_lower_wick+oi_flush,short,2022-12-20 00:00:00,0.005492349941148396,2h_wick_r60_v1p5_oiN0p5,10.503174843047256,12.4930343154767
340993,544,340449,341144,-295.2712000756874,False,False,False,1212.14,0.009982015864311578,340449,1200.1599840000001,0.07142857142857899,-1.082955265249817,3.931634955980804,0.004241486170865283,-0.007524127229816546,2h_upper_wick+oi_flush,long,2022-12-22 02:00:00,0.7003105590062285,2h_wick_r60_v1p5_oiN0p5,1.8964782190397835,1.5679217514089625
347065,1587,345478,355572,49025.1805000442,False,True,False,1400.71,0.11261791242984454,345478,1258.931736,0.2974452554744507,6.173975592528887,4.111730300441529,0.005856053813427797,-0.12020611713839846,2h_upper_wick+oi_flush,long,2023-01-12 04:00:00,0.6468978102189892,2h_wick_r60_v1p5_oiN0p5,1.2005388795552867,1.5635581795825988
356891,832,356059,362196,2902.577303465514,False,True,False,1578.75,0.019798753795652324,356059,1548.099558,0.11141011840688614,4.5194226385616485,9.951119477568177,-0.0016130891673055148,-0.008868076732383878,2h_upper_wick+oi_flush,long,2023-02-15 14:00:00,0.7131324004305732,2h_wick_r60_v1p5_oiN0p5,2.379991668458957,2.633486737675503
363371,311,363060,364212,-8797.535740603402,False,False,False,1429.97,0.07157036581187026,363060,1532.313476,0.7813565744600243,-11.79501533401848,-9.170702143145297,-0.010030448624451349,0.02268872463439231,2h_lower_wick+oi_flush,short,2023-03-10 02:00:00,0.0299355816597181,2h_wick_r60_v1p5_oiN0p5,6.438087286963676,3.922211290113962
367547,3334,364213,381204,46971.89962416631,False,True,False,1761.22,0.11691921957876938,364213,1576.855308,0.1655024180548052,-3.942420508508893,-0.1880735782716414,-0.02675898932214893,-0.024199268123200945,2h_upper_wick+oi_flush,long,2023-03-24 14:00:00,0.6367544331004844,2h_wick_r60_v1p5_oiN0p5,1.1702822180715435,1.5860504004086742
386411,23,386388,389844,-12182.001081157709,False,False,False,1916.55,0.0033127207759136024,386388,1910.2219679999998,0.042553191489359384,7.367631137304727,6.391960717735728,0.02171132863226921,-0.045890069255860144,2h_upper_wick+oi_flush,long,2023-05-29 02:00:00,0.6005319148936166,2h_wick_r60_v1p5_oiN0p5,2.421866932171485,5.724239893317468
402467,9167,393300,405972,-9777.285888807732,False,False,False,1890.28,0.0005993422153469652,393300,1889.1477539999998,0.25642427556041586,1.8605372637711568,0.3109279899343109,-0.02339336449532814,-0.027517745549330952,2h_upper_wick+oi_flush,long,2023-07-23 20:00:00,0.6615636960087485,2h_wick_r60_v1p5_oiN0p5,2.0136030489592494,3.083796697750765
409931,215,409716,415082,8149.520137668995,False,True,False,1660.22,0.016523353531459728,409716,1687.652402,0.6727707006369431,-2.4090724416965443,-13.25403439162588,0.006673093481892378,-0.024379859849456453,2h_lower_wick+oi_flush,short,2023-08-18 18:00:00,0.17117834394904197,2h_wick_r60_v1p5_oiN0p5,4.765816677743137,3.3137566763572446
422795,2312,420483,422900,10642.110482847143,False,True,False,1731.77,0.08585888872949132,420483,1594.838904,0.0024539877300591246,3.9915071367047386,3.430437853436917,-0.002476385986967311,-0.009712238485143687,2h_upper_wick+oi_flush,long,2023-10-02 10:00:00,0.6711656441717844,2h_wick_r60_v1p5_oiN0p5,0.36222690170006305,1.6256279880398459
423995,1095,422900,424061,-54.019986028957646,False,False,False,1629.37,0.014397815106452327,422900,1652.8293680000002,0.6760044231478011,2.225102206729505,-0.8564093889329669,-0.012234671987915058,-0.026779506947389953,2h_lower_wick+oi_flush,short,2023-10-06 14:00:00,0.16218208625138494,2h_wick_r60_v1p5_oiN0p5,1.7920574573811823,2.147081261431841
424907,391,424516,426094,13005.089737643139,False,True,False,1583.43,0.026931863107305,424516,1626.07472,0.8591370558375616,-5.155707826703083,-4.138981555026959,-0.03422714015021311,-0.028978284344563177,2h_lower_wick+oi_flush,short,2023-10-09 18:00:00,0.09454314720812246,2h_wick_r60_v1p5_oiN0p5,3.2964077938867855,6.942638614522463
429083,1195,427888,455796,131352.1926257087,True,True,False,1817.82,0.15234564773726555,427888,1577.495436,0.2153796024763746,13.690140356738446,14.396261008325784,-0.009575680019695665,-0.028278639081223522,2h_upper_wick+oi_flush,long,2023-10-24 06:00:00,0.6282176604757277,2h_wick_r60_v1p5_oiN0p5,2.591301471709895,5.780205123634419
459803,263,459540,476244,176532.66314368136,True,True,False,2427.7,0.020996322335667283,459540,2377.7754600000003,0.08624938393297206,4.832360656122901,7.475329714267115,-0.007610872610216757,-0.01399896429429004,2h_upper_wick+oi_flush,long,2024-02-07 22:00:00,0.775751601774286,2h_wick_r60_v1p5_oiN0p5,2.139036748285053,4.156596156951396
503531,1079,502452,504180,-9433.904760260251,False,False,False,2981.08,0.022746823298938734,502452,3048.8901,0.7221011333914567,7.601891748279471,10.91271827440417,-0.0005679102691882321,-0.03461149631264915,2h_lower_wick+oi_flush,short,2024-07-08 18:00:00,0.2434612031386235,2h_wick_r60_v1p5_oiN0p5,0.19764121438478485,1.7710777552400274
512219,1415,510804,514048,45422.7901226714,False,True,False,2360.12,0.2676226344423165,510804,2991.741532,0.6678609817269812,-7.452783166514472,13.320427236223082,-0.013351633447580946,-0.024171782802725694,2h_lower_wick+oi_flush,short,2024-08-07 22:00:00,0.1442135435327868,2h_wick_r60_v1p5_oiN0p5,0.2628427491903562,1.9139114607680294
517619,163,517456,518370,33383.91070741514,False,True,False,2720.55,0.004746539486500945,517456,2733.4631980000004,0.6655127650367817,-6.691537583982701,-7.877614125154029,-0.010884916893836083,-0.0033583034891461194,2h_lower_wick+oi_flush,short,2024-08-26 16:00:00,0.02899177845089005,2h_wick_r60_v1p5_oiN0p5,1.6259175680232407,1.572110426210635
527795,487,527308,528850,49598.604560681444,False,True,False,2602.72,0.01591068881785196,527308,2644.1310679999997,0.6907619313424431,-3.493395203885573,-9.988035898064275,-0.008902230565224656,-0.006017392859225645,2h_lower_wick+oi_flush,short,2024-10-01 00:00:00,0.05833100753558815,2h_wick_r60_v1p5_oiN0p5,1.722004443626792,2.2457202222322596
528875,25,528850,529800,3812.8622120580403,False,True,False,2414.73,0.007720818353286418,528850,2396.22915,0.0821029888368652,13.017613889769027,6.962850864880721,-0.018307996428690743,6.396330979097087e-06,2h_upper_wick+oi_flush,long,2024-10-04 18:00:00,0.9110550954267266,2h_wick_r60_v1p5_oiN0p5,1.971487672611394,1.8998607660596798
530507,707,529800,530796,-1620.878174930811,False,False,False,2389.07,0.01001113655104291,529800,2412.987306,0.7134363852556476,-3.665990768187209,-5.190198642457366,-0.015855832967123007,-0.023779437055436614,2h_lower_wick+oi_flush,short,2024-10-10 10:00:00,0.0,2h_wick_r60_v1p5_oiN0p5,10.351360450524897,3.785743953480941
534299,450,533849,535544,25782.971014758397,False,True,False,2579.99,0.02508573754161847,533849,2644.710952,0.6705969049373582,-4.682681364954675,-12.923746685468126,-0.006415408997898164,-0.01319328943218312,2h_lower_wick+oi_flush,short,2024-10-23 14:00:00,0.23618275607959982,2h_wick_r60_v1p5_oiN0p5,2.247710991073823,1.6869082727133713
537539,938,536601,538173,26850.177959806402,False,True,False,2453.56,0.06358026051940846,536601,2609.557984,0.758828788556104,0.5430487083993931,-5.357488331217638,-0.008164304760358343,-0.011978144872594632,2h_lower_wick+oi_flush,short,2024-11-03 20:00:00,0.04023245417970882,2h_wick_r60_v1p5_oiN0p5,0.7814732848561492,2.3314117294999126
542555,4382,538173,551988,223327.4877437217,True,True,False,3106.4,0.24968970571500315,538173,2485.7370479999995,0.00346954510408319,-0.165227728269425,-4.0573915033058405,-0.006603710454198275,-0.0025369179049973267,2h_upper_wick+oi_flush,long,2024-11-21 06:00:00,0.7168465690053966,2h_wick_r60_v1p5_oiN0p5,2.354456889124528,1.8100664542061375
555779,911,554868,556884,-54210.935336000985,False,False,True,3664.6,0.060511931641592076,554868,3455.500962,0.05276658116526319,-2.788284182892596,-1.2618677227120756,-0.0013852136209125954,-0.0051446418134853955,2h_upper_wick+oi_flush,long,2025-01-06 04:00:00,0.6295346280688907,2h_wick_r60_v1p5_oiN0p5,0.8233606883913631,3.1146100648079686
563747,239,563508,566964,95432.27353813092,False,True,False,2975.63,0.048502631039477384,563508,3119.955884,0.8374614910659268,-18.834818985719096,-30.157214749202513,-0.0067838466631220395,-0.01635759596880093,2h_lower_wick+oi_flush,short,2025-02-02 20:00:00,0.03314849044978498,2h_wick_r60_v1p5_oiN0p5,2.0330989620701203,5.583661732433802
569987,102,569885,571759,123009.06667361094,True,True,False,2687.55,0.018437785343528468,569885,2737.1024700000003,0.7024119947848858,-15.04287885342146,-7.989010923671504,-0.0013922846750650253,-0.024311249285928094,2h_lower_wick+oi_flush,short,2025-02-24 12:00:00,0.0,2h_wick_r60_v1p5_oiN0p5,0.4706277670028827,1.9256420428998389
573875,860,573015,575212,84737.91552441102,False,True,False,2030.53,0.065232878115566,573015,2162.987316,0.7500642178268673,-16.28697448210207,-13.222942993730658,-0.007621792098534419,-0.0034957044534733583,2h_lower_wick+oi_flush,short,2025-03-10 00:00:00,0.020806575905470043,2h_wick_r60_v1p5_oiN0p5,1.4073906995977596,1.5905791988387799
575891,155,575736,576594,-37415.57817728678,False,False,False,1888.66,0.005278979805788175,575736,1898.630198,0.8172678888231738,-4.835835642173229,0.5205466585703231,-0.0006290913514130914,-0.014983193020881358,2h_lower_wick+oi_flush,short,2025-03-17 00:00:00,0.014784151389710159,2h_wick_r60_v1p5_oiN0p5,1.5464838424362661,3.2780990655953963
578771,121,578650,580291,70873.5770020443,False,True,False,2007.52,0.013391168207539605,578650,2034.403038,0.7149321266968232,-8.171512416280923,-10.101064192882598,-0.012283390366465086,-0.04248051828783361,2h_lower_wick+oi_flush,short,2025-03-27 00:00:00,0.022624434389140365,2h_wick_r60_v1p5_oiN0p5,0.06059858068497377,9.191522964583879
582011,1246,580765,582726,120301.05474534782,True,True,False,1550.53,0.1903225348751718,580765,1845.6308000000001,0.6080830552465697,-22.46487594880719,-24.589617161753683,-0.005723202858905374,0.003445928205443538,2h_lower_wick+oi_flush,short,2025-04-07 06:00:00,0.3737486095661847,2h_wick_r60_v1p5_oiN0p5,0.15358158437043093,5.95391621267342
591179,595,590584,599220,289292.0533968997,True,True,False,2199.12,0.1952402319870894,590584,1839.897906,0.19899462645172644,31.906595331549347,39.63425002269226,0.005776249748538964,-0.01375413788809543,2h_upper_wick+oi_flush,long,2025-05-09 02:00:00,0.7431097243889788,2h_wick_r60_v1p5_oiN0p5,1.983618894714397,2.2255222367662633
600611,833,599778,603796,-107642.76290987968,False,False,True,2758.46,0.08698897143163209,599778,2537.7074399999997,0.034240150093809464,10.422198779167097,27.43804381527648,0.004401236204991887,-0.0161291373875605,2h_upper_wick+oi_flush,long,2025-06-10 20:00:00,0.6530644152595365,2h_wick_r60_v1p5_oiN0p5,3.9564806467560416,2.6276030737615956
603827,31,603796,604284,460.46536167361774,False,True,False,2305.0,0.0024068537960955094,603796,2310.547798,0.7786021505376377,-11.972130621562634,-14.22337950998331,-0.040658444941510385,-0.04244644251012808,2h_lower_wick+oi_flush,short,2025-06-22 00:00:00,0.06129032258064321,2h_wick_r60_v1p5_oiN0p5,22.397576359054053,6.769457680962107
606443,485,605958,606708,-23837.35887314356,False,False,False,2485.78,0.012541431416303928,605958,2454.9909,0.3102756892230632,0.2585948231007489,3.4529934317999302,-0.006888865567527769,-0.007303983710508777,2h_upper_wick+oi_flush,long,2025-07-01 02:00:00,0.638596491228065,2h_wick_r60_v1p5_oiN0p5,0.3407313249438584,1.589581827086783
609011,990,608021,631188,687933.1530731542,True,True,False,2769.59,0.09227457300134834,608021,2535.617022,0.11999999999999661,15.965011274043732,19.216271646090735,0.004217694651998283,-0.006473035052732001,2h_upper_wick+oi_flush,long,2025-07-10 00:00:00,0.6153488372093032,2h_wick_r60_v1p5_oiN0p5,0.5343895167440892,4.97801583094163
642971,263,642708,649044,291923.0081585888,True,True,False,3232.88,0.11433438729553846,642708,3602.5093540000003,0.8351573545583078,-31.242933817337416,-41.197616239467294,-0.011050013141845061,0.05740102214316334,2h_lower_wick+oi_flush,short,2025-11-04 22:00:00,0.10017280201078747,2h_wick_r60_v1p5_oiN0p5,7.4059504300030445,7.294452948588924
651443,502,650941,651829,143916.03504271363,True,True,False,3187.83,0.11463683342229225,650941,2859.97188,0.1197786998616866,8.528504079664529,32.716777930117686,-0.017318593551806316,-0.028489800134231524,2h_upper_wick+oi_flush,long,2025-12-04 08:00:00,0.8060857538036007,2h_wick_r60_v1p5_oiN0p5,2.006341123039822,1.7177561016119918
651875,46,651829,652419,-10651.215894440655,False,False,False,3041.83,0.007570083140741035,651829,3064.856906,0.7510964912280708,-21.284582637274944,-12.302907750099266,-0.010637579136234865,-0.00555257228130368,2h_lower_wick+oi_flush,short,2025-12-05 20:00:00,0.2057291666666646,2h_wick_r60_v1p5_oiN0p5,3.793992755825318,2.2760505461002736
653147,728,652419,653371,140704.73586541507,True,True,False,3314.29,0.07609058965781101,652419,3079.935864,0.19384506544039695,12.236554184608508,23.60066379153809,-0.016202202466718663,-0.02617295838975342,2h_upper_wick+oi_flush,long,2025-12-10 06:00:00,0.7403608065086611,2h_wick_r60_v1p5_oiN0p5,2.8885038430536256,2.912267928649436
654515,1144,653371,654541,108124.89278371586,True,True,False,3075.05,0.06744715630640141,653371,3282.453378,0.7704805883359045,0.6387903111725244,-4.634282186627949,0.0007173160680717938,-0.008239487738495699,2h_lower_wick+oi_flush,short,2025-12-15 00:00:00,0.01060372840772863,2h_wick_r60_v1p5_oiN0p5,7.760273972602741,7.668101348866336
660611,3027,657584,661320,153802.9006437799,True,True,False,3185.98,0.07386192378043566,657584,2966.84325,0.08148677626875557,1.1215870839898585,2.374693443360414,-0.049772445350355965,-0.05689973265496884,2h_upper_wick+oi_flush,long,2026-01-05 04:00:00,0.6976411722658982,2h_wick_r60_v1p5_oiN0p5,4.692103694262278,4.063940227481113
667811,283,667528,670116,675483.4111797365,True,True,False,2740.13,0.07313586435680053,667528,2940.531776,0.8376121895220253,-23.073480175615344,-25.139974042429003,-0.040773684040331215,-0.037158380178017536,2h_lower_wick+oi_flush,short,2026-01-30 04:00:00,0.15341264871634172,2h_wick_r60_v1p5_oiN0p5,0.667780711116104,3.2777457537006462
672947,421,672526,673329,5801.291542028077,False,True,False,1996.97,0.01457443226488131,672526,2026.074704,0.6604477611940356,3.695575447932903,-5.881517398025954,-0.013297962957040332,-0.008513877954268945,2h_lower_wick+oi_flush,short,2026-02-17 00:00:00,0.32164179104476986,2h_wick_r60_v1p5_oiN0p5,1.2561557140879982,1.9672654905980445
675179,628,674551,675266,71714.46399317496,False,True,False,1854.55,0.05249766250572918,674551,1951.90954,0.6211225997045784,2.6724015326187853,-7.8911582474867465,-0.022764014569579882,-0.02350963980735654,2h_lower_wick+oi_flush,short,2026-02-24 18:00:00,0.21011816838995825,2h_wick_r60_v1p5_oiN0p5,1.4799307517084281,1.5106135046707891
678587,629,677958,678745,107714.94338189252,True,True,False,1943.67,0.05550819120529704,677958,2051.559606,0.6621184919210095,0.8969500080011343,-9.164722542088455,-0.024871861284450736,-0.02243700588661346,2h_lower_wick+oi_flush,short,2026-03-08 14:00:00,0.0,2h_wick_r60_v1p5_oiN0p5,2.814940435970749,2.397328975017511
679859,1114,678745,680265,138375.05150027433,True,True,False,2069.98,0.044370363326660334,678745,1982.0363280000001,0.27824709609292325,0.6622874499734266,2.911996733120249,-0.008438363563995188,-0.009011634602135832,2h_upper_wick+oi_flush,long,2026-03-13 00:00:00,0.6045406546990503,2h_wick_r60_v1p5_oiN0p5,4.857822789550888,1.6245052620213314
684755,1090,683665,684789,175497.21646333812,True,True,False,1982.49,0.07953728896488754,683665,2140.17188,0.7587500000000001,0.7761186013651002,1.912390350332739,-0.010323563950591974,-0.019125774089366332,2h_lower_wick+oi_flush,short,2026-03-30 00:00:00,0.04339285714285828,2h_wick_r60_v1p5_oiN0p5,5.7595686531541,6.664894325612645
687035,276,686759,687192,3790.1846076501533,False,True,False,2137.75,0.024451081331586133,686759,2086.727262,0.028554778554766076,2.556466859316515,11.244826152469788,-0.01839656843607651,-0.027178480533052274,2h_upper_wick+oi_flush,long,2026-04-06 22:00:00,0.6305361305361454,2h_wick_r60_v1p5_oiN0p5,1.8170913365107595,2.9154817768596306
695939,231,695708,696325,21159.40111688059,False,True,False,2298.85,0.01607009939752513,695708,2335.7927480000003,0.6705959397511325,-5.934579015765706,-10.691729578598988,-0.008332072442635563,0.006444082353421532,2h_lower_wick+oi_flush,short,2026-05-07 20:00:00,0.12508185985594705,2h_wick_r60_v1p5_oiN0p5,12.963269695490139,4.776589877236749
705059,355,704704,705375,99040.20316329226,False,True,False,1672.08,0.03872553520512101,704704,1609.741884,0.17402597402597103,8.200686738079055,22.75006768204925,-0.017821868516823547,-0.020357907463573577,2h_upper_wick+oi_flush,long,2026-06-08 12:00:00,0.7522727272727308,2h_wick_r60_v1p5_oiN0p5,3.2662699971705234,2.855312905592235
24782,9095,15687,30375,2119.0179211623945,False,True,False,123.09,0.48065270939962623,15687,182.253542,0.6728167281672819,0.036815951818303105,-1.2806394393805176,nan,nan,2h_lower_wick+macd_bull_cross_2h,short,2019-12-18 14:00:00,0.17589175891758838,2h_wick_r60_v1p5_macd2h,3.4910326549949624,5.4264920236371035
72122,11130,60992,95701,15339.936809933251,False,True,False,238.76,0.36375832694521426,60992,175.075008,0.2243589743589795,-0.09275141578551782,1.4887625581584087,nan,nan,2h_upper_wick+macd_bear_cross_2h,long,2020-05-31 08:00:00,0.66025641025641,2h_wick_r60_v1p5_macd2h,1.8647361179191293,2.4840904082160296
243247,2783,240464,246224,39124.28035168933,False,True,False,3355.67,0.015170904171149191,240464,3406.5785480000004,0.6015015015015043,0.4252488253475182,1.6118178218481845,0.0010158956929167129,-0.012592288261484064,2h_lower_wick+macd_bull_cross_2h,short,2022-01-16 16:00:00,0.2039039039039017,2h_wick_r60_v1p5_macd2h,2.2087909357229574,2.3054067193061147
353353,7875,345478,355572,49025.1805000442,False,True,False,1647.22,0.3084267819268003,345478,1258.931736,0.1938088829071307,-1.922450084887572,7.31402582680944,-0.032361618856106,-0.038893286714839714,2h_upper_wick+macd_bear_cross_2h,long,2023-02-03 00:00:00,0.6074472857783754,2h_wick_r60_v1p5_macd2h,2.3496787514338204,1.9639772790348238
522083,643,521440,522161,-592.6942429088522,False,False,False,2344.58,0.012325767635807505,521440,2316.0331140000003,0.003798670465333687,-0.38371660442170175,9.524442021093975,0.008982281833326722,0.018778711382298363,2h_upper_wick+macd_bear_cross_2h,long,2024-09-11 04:00:00,0.616809116809108,2h_wick_r60_v1p5_macd2h,1.779931510385297,2.0974027285691776
537539,938,536601,538173,26850.177959806402,False,True,False,2453.56,0.06358026051940846,536601,2609.557984,0.758828788556104,0.5430487083993931,-5.357488331217638,-0.008164304760358343,-0.011978144872594632,2h_lower_wick+macd_bull_cross_2h,short,2024-11-03 20:00:00,0.04023245417970882,2h_wick_r60_v1p5_macd2h,0.7814732848561492,2.3314117294999126
591803,1219,590584,599220,289292.0533968997,True,True,False,2540.17,0.3806037779141862,590584,1839.897906,0.27172031844928846,-1.1933072191577168,21.41821056494598,0.002616668956436863,0.0016761803991174329,2h_upper_wick+macd_bear_cross_2h,long,2025-05-11 06:00:00,0.7082035306334415,2h_wick_r60_v1p5_macd2h,1.3940718011660018,1.8971378700286516
618011,9990,608021,631188,687933.1530731542,True,True,False,4225.02,0.6662689843703062,608021,2535.617022,0.20550718768982543,-5.074554586615335,24.217585571556796,-0.014453897539021265,-0.004930627782332664,2h_upper_wick+macd_bear_cross_2h,long,2025-08-10 06:00:00,0.6936626847539986,2h_wick_r60_v1p5_macd2h,2.684188152968298,2.2526059674346754
29414,13727,15687,30375,2119.0179211623945,False,True,False,132.31,0.377473675459149,15687,182.253542,0.7475728155339897,0.6044609382969327,0.15349325719913146,nan,nan,2h_lower_wick+macd_bull_cross_4h,short,2020-01-03 16:00:00,0.0,2h_wick_r60_v1p5_macd4h,1.0769210806580887,2.213039968327904
453683,25795,427888,455796,131352.1926257087,True,True,False,2540.69,0.6105846914158679,427888,1577.495436,0.05120990433315041,-3.2652143983011417,-1.1825258118977136,-0.010394460821776419,-0.012532675251724412,2h_upper_wick+macd_bear_cross_4h,long,2024-01-17 16:00:00,0.9063027574563891,2h_wick_r60_v1p5_macd4h,1.1148383397291695,2.329149526984556
651827,886,650941,651829,143916.03504271363,True,True,False,3100.6,0.0841365335382247,650941,2859.97188,0.1967545638945223,-15.665916478599001,-4.633948556966985,-0.015039170134070523,-0.007223671689514544,2h_upper_wick+macd_bear_cross_4h,long,2025-12-05 16:00:00,0.6431469139379873,2h_wick_r60_v1p5_macd4h,1.9348678452651846,2.1905952799146613
2198,216,1982,2899,-52.4497206046708,False,False,False,182.81,0.05600557725293398,1982,173.114616,0.03058103975534985,1.2906614389237512,2.067772775092878,nan,nan,2h_upper_wick,long,2019-10-01 04:00:00,0.8501529051987744,2h_wick_r60_v2p0,2.741139182028035,3.3006243782211206
4166,139,4027,5104,528.8814636934749,False,True,False,179.94,0.022007721389313062,4027,176.065206,0.14767932489451208,1.018906942772719,0.8279234149865703,nan,nan,2h_upper_wick,long,2019-10-08 00:00:00,0.7890295358649793,2h_wick_r60_v2p0,6.053139243840337,4.716920429964381
5270,166,5104,6094,20.200317302334952,False,True,False,181.5,0.023211294765840274,5104,185.71285,0.680628272251306,-1.2970616795677745,-1.2810323154856635,nan,nan,2h_lower_wick,short,2019-10-11 20:00:00,0.0,2h_wick_r60_v2p0,2.071426445968896,4.4948942323258745
6662,51,6611,7835,72.55769383132247,False,True,False,174.08,0.015996208639705856,6611,176.86462,0.6345381526104444,-0.7593862934990092,-0.9023812928665134,nan,nan,2h_lower_wick,short,2019-10-16 16:00:00,0.28112449799196226,2h_wick_r60_v2p0,2.880294283062943,2.2359016966691487
11054,426,10628,11330,-103.48484822953833,False,False,False,182.06,0.0027105459738547832,10628,182.553482,0.7350993377483415,0.02529754285624608,-0.8545116847653778,nan,nan,2h_lower_wick,short,2019-10-31 22:00:00,0.05298013245033923,2h_wick_r60_v2p0,5.227490672531364,4.224799658841214
13214,343,12871,13737,47.644783237674346,False,True,False,184.78,0.017655503842407327,12871,188.04238400000003,0.6917808219178176,-0.32127935997324214,-0.634955406926335,nan,nan,2h_lower_wick,short,2019-11-08 10:00:00,0.020547945205480117,2h_wick_r60_v2p0,2.0015010099038775,3.040049903501803
16214,527,15687,30375,2119.0179211623945,False,True,False,178.54,0.020799495911280497,15687,182.253542,0.688622754491017,-0.5347917283209529,-0.20743955770859746,nan,nan,2h_lower_wick,short,2019-11-18 20:00:00,0.0,2h_wick_r60_v2p0,8.09075091533749,9.195953984775496
50270,1463,48807,55344,3600.431091184704,False,True,False,122.02,0.6475150467136537,48807,201.029786,0.7085714285714256,0.889351904036638,2.501470540481547,nan,nan,2h_lower_wick,short,2020-03-16 02:00:00,0.06857142857143117,2h_wick_r60_v2p0,0.28280866211549344,11.253611024881636
62366,1374,60992,95701,15339.936809933251,False,True,False,197.12,0.1259174124955631,60992,175.075008,0.26666666666666816,-0.1066487620539367,0.02686157999607719,nan,nan,2h_upper_wick,long,2020-04-27 02:00:00,0.6784313725490237,2h_wick_r60_v2p0,2.81484840664135,3.5047869027110767
103414,1919,101495,105239,-3981.593289927441,False,False,False,379.89,0.025360502112632854,101495,370.494084,0.29955947136563166,1.4130684078577398,1.4348197566728675,nan,nan,2h_upper_wick,long,2020-09-17 16:00:00,0.6189427312775385,2h_wick_r60_v2p0,0.8597544273247516,3.9567205266166825
113230,3383,109847,136783,37135.1622576107,False,True,False,395.21,0.08178003012987722,109847,365.333052,0.0,2.3575043672731715,1.3730472401390386,0.009549093174768819,0.04474222757982682,2h_upper_wick,long,2020-10-21 18:00:00,0.7673545966228976,2h_wick_r60_v2p0,2.035761225856294,5.247266529167034
151444,455,150989,172818,71695.46912793306,False,True,False,1605.52,0.018126726927197856,150989,1576.9353239999998,0.07913802712242238,6.915002225938,13.785039894367316,-0.009402807337354768,-0.02175012962237044,2h_upper_wick,long,2021-03-03 14:00:00,0.9000557310050137,2h_wick_r60_v2p0,4.223717790030381,2.212807687485675
195751,3095,192656,209936,34274.426910554714,False,True,False,2684.9,0.2299261994623354,192656,2182.9765079999997,0.19680851063829927,22.03461175442982,-3.9866825655632034,0.07272825457391607,0.08063728595870523,2h_upper_wick,long,2021-08-04 18:00:00,0.6850066489361673,2h_wick_r60_v2p0,1.5285915469399591,2.0270146464096634
216607,4079,212528,231248,31590.289119135792,False,True,False,3842.23,0.16252926632927855,212528,3305.06088,0.03193353303566179,-5.06580526504456,14.519285262300784,0.01505787386145152,0.009681296218749802,2h_upper_wick,long,2021-10-16 04:00:00,0.8917085853162274,2h_wick_r60_v2p0,0.2754869486741486,2.866916313088036
240535,71,240464,246224,39124.28035168933,False,True,False,3223.65,0.05674578443689615,240464,3406.5785480000004,0.768578694546484,-12.482741747723267,-41.600965710923674,-0.023474849843280188,-0.022581230549700737,2h_lower_wick,short,2022-01-07 06:00:00,0.18121880003767402,2h_wick_r60_v2p0,0.8205897217939879,3.4702146293976273
251887,307,251580,252179,4424.30129698629,False,True,False,3121.31,0.05482386718475807,251580,2959.0816979999995,0.20838001344386733,22.880179660562554,31.628333178915078,0.008196495675070414,0.029245259104273558,2h_upper_wick,long,2022-02-15 16:00:00,0.6296213309433145,2h_wick_r60_v2p0,0.9089630685608253,2.071988912324041
252535,356,252179,254066,18872.726227091713,False,True,False,2890.37,0.05535616685753042,252179,3050.369804,0.6084288713063125,-28.99158805904881,-19.96916485895925,0.0314005202151002,0.030593056996031542,2h_lower_wick,short,2022-02-17 22:00:00,0.23607298562893475,2h_wick_r60_v2p0,1.908143023004789,2.6872508612997192
262441,642,261799,266378,9453.885492086352,False,True,False,3035.14,0.02397623516316072,261799,2964.072696,0.0609110169491457,4.945984827199883,1.067604280934077,0.014646284270894538,0.01719366977360215,2h_upper_wick,long,2022-03-24 08:00:00,0.686440677966108,2h_wick_r60_v2p0,1.2382387442335314,2.502138256153439
275305,1204,274101,277466,25933.17423582128,False,True,False,2633.97,0.048788480506611887,274101,2762.4773940000005,0.6625730118316646,1.0553963038555452,-7.553812319275302,-0.01537020304941139,-0.004090737589022231,2h_lower_wick,short,2022-05-08 00:00:00,0.3161599520742869,2h_wick_r60_v2p0,3.4415198006355876,2.9773982851818874
280657,795,279862,281661,9503.979987315004,False,True,False,1814.6,0.09615458172600033,279862,1989.082104,0.8181237354914265,-15.19261499815152,-12.540900275009491,0.02920225202119564,0.07830238713273596,2h_lower_wick,short,2022-05-26 14:00:00,0.16856564796081505,2h_wick_r60_v2p0,9.816614263411651,6.585640382072367
285241,1289,283952,286538,43704.53024715526,False,True,False,1590.94,0.11910181653613572,283952,1780.423844,0.6209098164405442,-11.001052409842217,-17.926941011391726,-0.039393623197916394,-0.041723874004680916,2h_lower_wick,short,2022-06-11 12:00:00,0.02474062250598723,2h_wick_r60_v2p0,2.546146377680688,2.8331992542155557
290377,507,289870,291864,16756.747354300227,False,True,False,1133.53,0.05238623591788483,289870,1192.91137,0.9098039215686319,-6.139459357208647,-11.777741188577952,0.0006251922729705317,-0.015820019779788197,2h_lower_wick,short,2022-06-29 08:00:00,0.059313725490197595,2h_wick_r60_v2p0,1.0641348456736,2.2202811443625037
292033,169,291864,293479,18880.601961238688,False,True,False,1151.13,0.053947215666803716,291864,1092.208398,0.29229871645273986,8.52781358927691,12.486315422006664,0.0058989374539639705,-0.03941996890597654,2h_upper_wick,long,2022-07-05 02:00:00,0.6627771295215772,2h_wick_r60_v2p0,0.6669932111859544,2.411534626276744
295393,930,294463,296666,87236.47471089859,False,True,False,1330.15,0.20941426796351537,294463,1099.829922,0.00021822943187584716,4.270250425575014,8.633258772480879,-0.13211278713939045,-0.11503434155240344,2h_upper_wick,long,2022-07-16 18:00:00,0.6608714628646242,2h_wick_r60_v2p0,1.3545555435952394,3.4799990524858067
301369,860,300509,302229,4914.057706488122,False,True,False,1713.89,0.019428570901065312,300509,1681.2261780000001,0.04560622914350183,2.145060482211605,9.80785586402132,-0.009903180855840854,-0.027047661751606222,2h_upper_wick,long,2022-08-06 12:00:00,0.8609566184649612,2h_wick_r60_v2p0,0.13756526320257356,2.5099396320899414
302401,172,302229,302683,-30464.735373436066,False,False,False,1684.3,0.01588655227691027,302229,1711.05772,0.612592426618866,-9.037830417335005,-9.441498194238658,-0.032405668937361076,-0.04638023387543977,2h_lower_wick,short,2022-08-10 02:00:00,0.13062962133094203,2h_wick_r60_v2p0,1.7841773553522235,3.4458677095982977
303337,654,302683,303731,8961.978736356134,False,True,False,2002.6,0.05855272943402268,302683,1891.82829,0.17923410975128215,7.13419790152976,9.204551566877932,0.01757743764620434,0.019466487036004843,2h_upper_wick,long,2022-08-13 08:00:00,0.6766679826292992,2h_wick_r60_v2p0,3.6518714922899207,2.1684926644544107
303937,206,303731,304463,5268.834124774468,False,True,False,1906.89,0.026995919009486613,303731,1958.368248,0.7303215077605311,-9.739743523585101,-13.978867006548612,-0.037193984602167496,-0.02649565792728381,2h_lower_wick,short,2022-08-15 10:00:00,0.13636363636363236,2h_wick_r60_v2p0,2.003046180373097,2.9448441997325125
305089,115,304974,305802,25299.36208357266,False,True,False,1736.37,0.049238096719017355,304974,1821.865554,0.6377374784110603,-10.937385158382186,-9.146462784144529,-0.02001821824518446,-0.06467892362426342,2h_lower_wick,short,2022-08-19 10:00:00,0.351899827288431,2h_wick_r60_v2p0,2.6127601584388214,4.263280195675381
307225,155,307070,308019,24661.925174954784,False,True,False,1562.95,0.05798599955212902,307070,1653.579218,0.6470380818053587,-16.520813237454387,-10.507722804726436,-0.03472115313070345,0.03339075332154229,2h_lower_wick,short,2022-08-26 20:00:00,0.16466854724964253,2h_wick_r60_v2p0,1.561484722116341,5.183378332002634
310177,455,309722,310395,-2851.127027264738,False,False,False,1638.81,0.041046524219948255,309722,1574.194776,0.0,6.351659772960103,4.740481034349565,-0.05276578207371285,-0.03670873861702795,2h_upper_wick,long,2022-09-06 02:00:00,0.62801024765158,2h_wick_r60_v2p0,3.179849980685649,5.7102988981784
316009,220,315789,316243,-17402.501966663054,False,False,False,1295.97,0.005848312846747916,315789,1303.549238,0.7613584212941692,-2.248482889993493,-1.0049732703411305,0.005421254293131339,-0.0006918618532232301,2h_lower_wick,short,2022-09-26 08:00:00,0.18494722349701603,2h_wick_r60_v2p0,1.3405599716500516,2.6390787348369256
317785,231,317554,318102,-1585.5335684196907,False,False,False,1298.9,0.006966169836015057,317554,1307.948358,0.6330586524478965,-1.683369836060323,-3.2620609779066783,0.01385500068282508,0.02256339986929623,2h_lower_wick,short,2022-10-02 12:00:00,0.0,2h_wick_r60_v2p0,1.7871181546924289,3.366414702141128
321961,53,321908,322432,1821.3641402574722,False,True,False,1305.8,0.008457420667204119,321908,1294.848918,0.056034482758618435,2.972407172774371,1.9220079310291953,0.00845634980243437,-0.0458614136884401,2h_upper_wick,long,2022-10-17 00:00:00,0.6077586206896546,2h_wick_r60_v2p0,2.1834573409328066,3.498641372252598
324241,1244,322997,325224,33405.54589574665,False,True,False,1346.0,0.0282330520249654,322997,1309.0417559999999,0.023972602739719948,-1.0482144078603817,3.093710658688213,0.0016874636350634464,0.00791447751008234,2h_upper_wick,long,2022-10-24 22:00:00,0.8561643835616491,2h_wick_r60_v2p0,1.5195093433139129,2.263647431749903
327337,548,326789,327744,777.154318366549,False,True,False,1615.6,0.0017407732305578794,326789,1612.792494,0.0,9.319415678304889,5.4912390407513865,0.018133087341942744,0.025716350849351866,2h_upper_wick,long,2022-11-04 16:00:00,0.9993392798149952,2h_wick_r60_v2p0,3.969203260959787,4.683658369074991
328297,553,327744,329053,46202.53407956901,False,True,False,1573.07,0.02879481650530491,327744,1618.366262,0.7821083890126233,-0.8954564747452469,-5.656375971096081,0.006533579290972424,0.013374885369989764,2h_lower_wick,short,2022-11-08 00:00:00,0.0,2h_wick_r60_v2p0,1.3257307620441063,3.2803697294941006
331753,23,331730,332258,-29656.570866496942,False,False,False,1219.5,0.001672786160468842,331730,1217.463444,0.0587889476778366,1.4841528398672161,2.929893608942635,-0.005979108983949932,-0.00033186963335551933,2h_upper_wick,long,2022-11-20 00:00:00,0.8071722516166976,2h_wick_r60_v2p0,3.9625898240940565,5.577380259602165
332425,167,332258,332748,-18515.958767934877,False,False,False,1093.19,0.006576971981082869,332258,1100.37988,0.7370919881305721,-0.2997795927312694,-6.645372915569254,0.020478283145943355,0.022429540067258724,2h_lower_wick,short,2022-11-22 08:00:00,0.15014836795252146,2h_wick_r60_v2p0,0.5623364651297338,5.2974491724313735
335473,832,334641,335631,7269.439055136987,False,True,False,1290.38,0.048871127555775384,334641,1230.2560019999999,0.09410548086867374,-0.6194046924336636,-1.3332183175861054,0.0018070411097437233,-0.00020975001192935494,2h_upper_wick,long,2022-12-02 22:00:00,0.6318510858324564,2h_wick_r60_v2p0,2.242716737249499,3.000687344684295
336121,41,336080,336736,-11670.57038575114,False,False,False,1290.46,0.0017795960960613755,336080,1288.167582,0.13496932515336532,3.7374197561400675,-0.6795993223103398,0.009813470839951544,0.014090588667184933,2h_upper_wick,long,2022-12-05 04:00:00,0.8478527607361926,2h_wick_r60_v2p0,3.3742777293092994,5.54527483147663
340393,1419,338974,340449,17807.43321719661,False,True,False,1166.23,0.10981632096584715,338974,1294.301088,0.6159278148293464,0.03845163045320632,2.107272258356037,-0.005951907208624152,-0.013881804732890801,2h_lower_wick,short,2022-12-20 00:00:00,0.005492349941148396,2h_wick_r60_v2p0,10.503174843047256,12.4930343154767
346177,699,345478,355572,49025.1805000442,False,True,False,1290.99,0.025464656329864832,345478,1258.931736,0.23721503388787013,2.1734828474132994,0.12408494814276416,0.0013974803365113253,0.002279683566307922,2h_upper_wick,long,2023-01-09 02:00:00,0.6032039433148462,2h_wick_r60_v2p0,21.596951115977184,17.427344301565434
356891,832,356059,362196,2902.577303465514,False,True,False,1578.75,0.019798753795652324,356059,1548.099558,0.11141011840688614,4.5194226385616485,9.951119477568177,-0.0016130891673055148,-0.008868076732383878,2h_upper_wick,long,2023-02-15 14:00:00,0.7131324004305732,2h_wick_r60_v2p0,2.379991668458957,2.633486737675503
363371,311,363060,364212,-8797.535740603402,False,False,False,1429.97,0.07157036581187026,363060,1532.313476,0.7813565744600243,-11.79501533401848,-9.170702143145297,-0.010030448624451349,0.02268872463439231,2h_lower_wick,short,2023-03-10 02:00:00,0.0299355816597181,2h_wick_r60_v2p0,6.438087286963676,3.922211290113962
369587,5374,364213,381204,46971.89962416631,False,True,False,1833.56,0.16279533746542074,364213,1576.855308,0.002387774594076141,2.314478585324948,1.9665149334989902,0.06448016216986452,0.050161534065258584,2h_upper_wick,long,2023-03-31 16:00:00,0.6260744985673397,2h_wick_r60_v2p0,1.6701894325758015,2.2139599336792535
386411,23,386388,389844,-12182.001081157709,False,False,False,1916.55,0.0033127207759136024,386388,1910.2219679999998,0.042553191489359384,7.367631137304727,6.391960717735728,0.02171132863226921,-0.045890069255860144,2h_upper_wick,long,2023-05-29 02:00:00,0.6005319148936166,2h_wick_r60_v2p0,2.421866932171485,5.724239893317468
402467,9167,393300,405972,-9777.285888807732,False,False,False,1890.28,0.0005993422153469652,393300,1889.1477539999998,0.25642427556041586,1.8605372637711568,0.3109279899343109,-0.02339336449532814,-0.027517745549330952,2h_upper_wick,long,2023-07-23 20:00:00,0.6615636960087485,2h_wick_r60_v2p0,2.0136030489592494,3.083796697750765
409787,71,409716,415082,8149.520137668995,False,True,False,1682.91,0.002817977194264687,409716,1687.652402,0.7722308892355758,-9.606207856794011,-14.96627562526534,0.005969929716420408,0.006364593470105984,2h_lower_wick,short,2023-08-18 06:00:00,0.005720228809147158,2h_wick_r60_v2p0,0.867851031152384,2.202009155467693
421667,1184,420483,422900,10642.110482847143,False,True,False,1624.9,0.018848985891054104,420483,1594.838904,0.03956834532373213,1.970262415670474,3.6267670521661617,0.040597684424907854,0.054470922110326336,2h_upper_wick,long,2023-09-28 12:00:00,0.7182254196642669,2h_wick_r60_v2p0,1.4437993314283288,3.5092306948406744
423995,1095,422900,424061,-54.019986028957646,False,False,False,1629.37,0.014397815106452327,422900,1652.8293680000002,0.6760044231478011,2.225102206729505,-0.8564093889329669,-0.012234671987915058,-0.026779506947389953,2h_lower_wick,short,2023-10-06 14:00:00,0.16218208625138494,2h_wick_r60_v2p0,1.7920574573811823,2.147081261431841
424907,391,424516,426094,13005.089737643139,False,True,False,1583.43,0.026931863107305,424516,1626.07472,0.8591370558375616,-5.155707826703083,-4.138981555026959,-0.03422714015021311,-0.028978284344563177,2h_lower_wick,short,2023-10-09 18:00:00,0.09454314720812246,2h_wick_r60_v2p0,3.2964077938867855,6.942638614522463
426659,565,426094,427152,3213.8175412995042,False,True,False,1558.91,0.0019209701300013649,426094,1555.921122,0.2741514360313168,0.4668881067328918,3.112911879995295,0.0032065973614896492,0.0077573569427535904,2h_upper_wick,long,2023-10-15 20:00:00,0.6161879895561327,2h_wick_r60_v2p0,3.1818425137840585,5.199419430921351
429083,1195,427888,455796,131352.1926257087,True,True,False,1817.82,0.15234564773726555,427888,1577.495436,0.2153796024763746,13.690140356738446,14.396261008325784,-0.009575680019695665,-0.028278639081223522,2h_upper_wick,long,2023-10-24 06:00:00,0.6282176604757277,2h_wick_r60_v2p0,2.591301471709895,5.780205123634419
459563,23,459540,476244,176532.66314368136,True,True,False,2379.14,0.0005738725220083563,459540,2377.7754600000003,0.17820512820514206,6.465223000850134,8.043320980422688,0.0003987120911099762,0.0008531887954190687,2h_upper_wick,long,2024-02-07 02:00:00,0.7038461538461591,2h_wick_r60_v2p0,2.097729980560607,6.813244617166186
477395,575,476820,479124,-40958.31834407768,False,False,True,3702.3,0.10207122574972916,476820,3359.401746,0.0,20.89010707748318,39.10662545197829,0.003842022285888591,0.006582809898329378,2h_upper_wick,long,2024-04-09 00:00:00,0.6048804535370931,2h_wick_r60_v2p0,0.8424817761118525,2.828275708266628
506723,1103,505620,508788,-35698.0686171815,False,False,False,3509.09,0.0060587172552470925,505620,3487.957452,0.017966695880809767,8.738789371472105,-3.641008142085468,0.03900478220789205,0.04041098188742964,2h_upper_wick,long,2024-07-19 20:00:00,0.6564417177914071,2h_wick_r60_v2p0,7.165337503764073,3.7636919865846936
512051,1247,510804,514048,45422.7901226714,False,True,False,2510.77,0.1915633578543634,510804,2991.741532,0.6137139311200803,18.493441485722627,24.115200406062144,0.0007476558982928427,0.013506934497287792,2h_lower_wick,short,2024-08-07 08:00:00,0.21377598510703905,2h_wick_r60_v2p0,0.8968224509307688,2.540529609365345
517067,441,516626,517456,14924.732541245874,False,True,False,2775.67,0.04619858363948892,516626,2653.100514,0.015663498768037135,0.709819071146427,12.803754986359014,0.005014138160278625,0.009947895338295654,2h_upper_wick,long,2024-08-24 18:00:00,0.7696233720520924,2h_wick_r60_v2p0,6.28942596298149,8.650856069042318
518027,571,517456,518370,33383.91070741514,False,True,False,2442.38,0.11918014313906933,517456,2733.4631980000004,0.6733001658374833,-23.096794652980208,-30.191775475283546,7.496332891965274e-05,-0.07780624707362671,2h_lower_wick,short,2024-08-28 02:00:00,0.07495854063018943,2h_wick_r60_v2p0,0.8301926021131419,2.088588709427795
522083,643,521440,522161,-592.6942429088522,False,False,False,2344.58,0.012325767635807505,521440,2316.0331140000003,0.003798670465333687,-0.38371660442170175,9.524442021093975,0.008982281833326722,0.018778711382298363,2h_upper_wick,long,2024-09-11 04:00:00,0.616809116809108,2h_wick_r60_v2p0,1.779931510385297,2.0974027285691776
524363,428,523935,525467,43638.76789338497,False,True,False,2385.86,0.01736837043124262,523935,2345.1289319999996,0.27362079898541913,7.68261613036936,3.583343080531357,0.009525845628908458,0.01527179567141923,2h_upper_wick,long,2024-09-19 02:00:00,0.6363348129359458,2h_wick_r60_v2p0,1.6904055164855238,2.106174374356596
526859,332,526527,527308,1017.9864546706667,False,True,False,2698.65,0.022995752703136807,526527,2637.987492,0.1481892912686079,5.632784437463615,1.6627123623653688,0.008051586057698623,-0.0028786684879413826,2h_upper_wick,long,2024-09-27 18:00:00,0.6007553876916204,2h_wick_r60_v2p0,1.548010253393285,3.823171895562722
527795,487,527308,528850,49598.604560681444,False,True,False,2602.72,0.01591068881785196,527308,2644.1310679999997,0.6907619313424431,-3.493395203885573,-9.988035898064275,-0.008902230565224656,-0.006017392859225645,2h_lower_wick,short,2024-10-01 00:00:00,0.05833100753558815,2h_wick_r60_v2p0,1.722004443626792,2.2457202222322596
529235,385,528850,529800,3812.8622120580403,False,True,False,2408.65,0.0051834984145819885,528850,2396.22915,0.0,0.7933355694842208,11.12307074689275,-0.014583035722513293,-0.013695327188021689,2h_upper_wick,long,2024-10-06 00:00:00,0.8580715059588361,2h_wick_r60_v2p0,3.471476334761258,2.0379490825294484
530387,587,529800,530796,-1620.878174930811,False,False,False,2374.57,0.01617863697427313,529800,2412.987306,0.7094017094017239,-7.4222463649359565,-4.219523086295971,0.00454011427646428,0.047674667495992695,2h_lower_wick,short,2024-10-10 00:00:00,0.13908313908313744,2h_wick_r60_v2p0,1.2427638586578984,2.418374689061119
534059,210,533849,535544,25782.971014758397,False,True,False,2626.71,0.006853041256933423,533849,2644.710952,0.8611374407582825,-6.807811454951101,-11.39307755496106,0.002734246982178945,0.017800170282969097,2h_lower_wick,short,2024-10-22 18:00:00,0.049763033175363215,2h_wick_r60_v2p0,2.4143026711692235,2.35048119933852
537539,938,536601,538173,26850.177959806402,False,True,False,2453.56,0.06358026051940846,536601,2609.557984,0.758828788556104,0.5430487083993931,-5.357488331217638,-0.008164304760358343,-0.011978144872594632,2h_lower_wick,short,2024-11-03 20:00:00,0.04023245417970882,2h_wick_r60_v2p0,0.7814732848561492,2.3314117294999126
538259,86,538173,551988,223327.4877437217,True,True,False,2584.83,0.039864615639747525,538173,2485.7370479999995,0.06767542401063714,20.781942131290776,18.55426025252745,-0.0003791472837904042,-0.004796903276981568,2h_upper_wick,long,2024-11-06 08:00:00,0.696707682075161,2h_wick_r60_v2p0,2.6693946833985027,4.470689819884038
555083,215,554868,556884,-54210.935336000985,False,False,True,3580.6,0.03620286591603028,554868,3455.500962,0.1935606060606102,10.298231269676805,14.639482858135732,0.01414780766628665,0.030205839525063727,2h_upper_wick,long,2025-01-03 18:00:00,0.6901515151515224,2h_wick_r60_v2p0,2.2623949005197,2.3755978413201224
563747,239,563508,566964,95432.27353813092,False,True,False,2975.63,0.048502631039477384,563508,3119.955884,0.8374614910659268,-18.834818985719096,-30.157214749202513,-0.0067838466631220395,-0.01635759596880093,2h_lower_wick,short,2025-02-02 20:00:00,0.03314849044978498,2h_wick_r60_v2p0,2.0330989620701203,5.583661732433802
568019,1055,566964,568315,-10439.274139970425,False,False,False,2757.6,0.032579264241980876,566964,2670.594012,0.11597704620960425,9.996446364844765,4.092960850342708,0.028398135521635837,0.04356903141242907,2h_upper_wick,long,2025-02-17 16:00:00,0.642102083962547,2h_wick_r60_v2p0,25.519720619343854,41.831031237002826
570971,1086,569885,571759,123009.06667361094,True,True,False,2272.96,0.20420177653808258,569885,2737.1024700000003,0.7245989304812854,-0.1294002219243069,-6.982685268415722,0.005698524734193633,-0.00831249998473338,2h_lower_wick,short,2025-02-27 22:00:00,0.0,2h_wick_r60_v2p0,6.269898334737944,4.9683544303797476
571859,100,571759,573015,-37549.85289484623,False,False,False,2504.86,0.10639048931071038,571759,2263.9927079999998,0.11282051282051665,38.08723717097102,44.238895642626055,0.015975638545098203,0.03148521356924694,2h_upper_wick,long,2025-03-03 00:00:00,0.6333333333333379,2h_wick_r60_v2p0,5.1006103999275965,3.2005197522458944
574187,1172,573015,575212,84737.91552441102,False,True,False,1853.33,0.16708158611796087,573015,2162.987316,0.7203312566479247,-19.54100290690586,-23.387583927574383,-0.012312696914067778,-0.03400886991772534,2h_lower_wick,short,2025-03-11 02:00:00,0.08463759307096254,2h_wick_r60_v2p0,2.590064259722832,6.106869509926289
575891,155,575736,576594,-37415.57817728678,False,False,False,1888.66,0.005278979805788175,575736,1898.630198,0.8172678888231738,-4.835835642173229,0.5205466585703231,-0.0006290913514130914,-0.014983193020881358,2h_lower_wick,short,2025-03-17 00:00:00,0.014784151389710159,2h_wick_r60_v2p0,1.5464838424362661,3.2780990655953963
578771,121,578650,580291,70873.5770020443,False,True,False,2007.52,0.013391168207539605,578650,2034.403038,0.7149321266968232,-8.171512416280923,-10.101064192882598,-0.012283390366465086,-0.04248051828783361,2h_lower_wick,short,2025-03-27 00:00:00,0.022624434389140365,2h_wick_r60_v2p0,0.06059858068497377,9.191522964583879
580979,214,580765,582726,120301.05474534782,True,True,False,1787.18,0.032705603240859915,580765,1845.6308000000001,0.6149624494511812,-9.592602231692053,-6.77354139321713,0.007087089251143874,0.0332425322148171,2h_lower_wick,short,2025-04-03 16:00:00,0.0,2h_wick_r60_v2p0,0.28585344131808194,6.464294377512993
587531,261,587270,587989,-10197.503697509062,False,False,False,1807.39,0.0053401769644123576,587270,1797.7894860000001,0.1878973909230422,-0.049018715098426924,-3.088025942410468,0.028590470276990798,0.028245043633422284,2h_upper_wick,long,2025-04-26 10:00:00,0.7057662793247073,2h_wick_r60_v2p0,1.4674793581554761,10.77563140214822
591179,595,590584,599220,289292.0533968997,True,True,False,2199.12,0.1952402319870894,590584,1839.897906,0.19899462645172644,31.906595331549347,39.63425002269226,0.005776249748538964,-0.01375413788809543,2h_upper_wick,long,2025-05-09 02:00:00,0.7431097243889788,2h_wick_r60_v2p0,1.983618894714397,2.2255222367662633
600611,833,599778,603796,-107642.76290987968,False,False,True,2758.46,0.08698897143163209,599778,2537.7074399999997,0.034240150093809464,10.422198779167097,27.43804381527648,0.004401236204991887,-0.0161291373875605,2h_upper_wick,long,2025-06-10 20:00:00,0.6530644152595365,2h_wick_r60_v2p0,3.9564806467560416,2.6276030737615956
603827,31,603796,604284,460.46536167361774,False,True,False,2305.0,0.0024068537960955094,603796,2310.547798,0.7786021505376377,-11.972130621562634,-14.22337950998331,-0.040658444941510385,-0.04244644251012808,2h_lower_wick,short,2025-06-22 00:00:00,0.06129032258064321,2h_wick_r60_v2p0,22.397576359054053,6.769457680962107
604955,671,604284,605281,39158.32696935907,False,True,False,2425.63,0.05025094993560253,604284,2309.571822,0.09949409780776607,-5.966962674544636,13.69369940355986,0.0057299196432172295,0.00015276523082086158,2h_upper_wick,long,2025-06-25 22:00:00,0.6543001686340651,2h_wick_r60_v2p0,1.6862319121697638,3.675948249369133
609011,990,608021,631188,687933.1530731542,True,True,False,2769.59,0.09227457300134834,608021,2535.617022,0.11999999999999661,15.965011274043732,19.216271646090735,0.004217694651998283,-0.006473035052732001,2h_upper_wick,long,2025-07-10 00:00:00,0.6153488372093032,2h_wick_r60_v2p0,0.5343895167440892,4.97801583094163
633299,671,632628,636372,-32107.348223629175,False,False,False,4384.62,0.0415338937330223,632628,4209.771786,0.1811579165801958,9.838677650142309,22.74278002455872,0.013392820716552567,0.011295980698042163,2h_upper_wick,long,2025-10-02 08:00:00,0.7626063498651235,2h_wick_r60_v2p0,1.4319686427486356,3.226247694103179
642971,263,642708,649044,291923.0081585888,True,True,False,3232.88,0.11433438729553846,642708,3602.5093540000003,0.8351573545583078,-31.242933817337416,-41.197616239467294,-0.011050013141845061,0.05740102214316334,2h_lower_wick,short,2025-11-04 22:00:00,0.10017280201078747,2h_wick_r60_v2p0,7.4059504300030445,7.294452948588924
649379,335,649044,650032,20773.49107296276,False,True,False,3030.4,0.025328361289281398,649044,2955.54099,0.0,7.178234322665425,15.308834861572151,-0.004999220805500193,0.008694286386271344,2h_upper_wick,long,2025-11-27 04:00:00,0.7119372787051117,2h_wick_r60_v2p0,2.33831977831347,2.117644009664479
651827,886,650941,651829,143916.03504271363,True,True,False,3100.6,0.0841365335382247,650941,2859.97188,0.1967545638945223,-15.665916478599001,-4.633948556966985,-0.015039170134070523,-0.007223671689514544,2h_upper_wick,long,2025-12-05 16:00:00,0.6431469139379873,2h_wick_r60_v2p0,1.9348678452651846,2.1905952799146613
651875,46,651829,652419,-10651.215894440655,False,False,False,3041.83,0.007570083140741035,651829,3064.856906,0.7510964912280708,-21.284582637274944,-12.302907750099266,-0.010637579136234865,-0.00555257228130368,2h_lower_wick,short,2025-12-05 20:00:00,0.2057291666666646,2h_wick_r60_v2p0,3.793992755825318,2.2760505461002736
653147,728,652419,653371,140704.73586541507,True,True,False,3314.29,0.07609058965781101,652419,3079.935864,0.19384506544039695,12.236554184608508,23.60066379153809,-0.016202202466718663,-0.02617295838975342,2h_upper_wick,long,2025-12-10 06:00:00,0.7403608065086611,2h_wick_r60_v2p0,2.8885038430536256,2.912267928649436
654515,1144,653371,654541,108124.89278371586,True,True,False,3075.05,0.06744715630640141,653371,3282.453378,0.7704805883359045,0.6387903111725244,-4.634282186627949,0.0007173160680717938,-0.008239487738495699,2h_lower_wick,short,2025-12-15 00:00:00,0.01060372840772863,2h_wick_r60_v2p0,7.760273972602741,7.668101348866336
659723,2139,657584,661320,153802.9006437799,True,True,False,3001.36,0.011634167056180145,657584,2966.84325,0.031535269709515604,1.3221160766249387,1.3508515099149818,0.010814961375634091,0.005224236139977245,2h_upper_wick,long,2026-01-02 02:00:00,0.6182572614107873,2h_wick_r60_v2p0,1.1817009149542523,2.17038032735036
662363,1043,661320,662399,50802.65100579942,False,True,False,3102.23,0.023690934585765655,661320,3175.724728,0.6572580645161223,3.1301721055941947,-0.8076697639324131,0.002640471251153409,0.001819452048818393,2h_lower_wick,short,2026-01-11 06:00:00,0.033266129032250485,2h_wick_r60_v2p0,0.34558966074313413,2.2940312258771383
664547,68,664479,664944,-132394.75720662205,False,False,True,3345.02,0.0009251389517861419,664479,3341.928252,0.11255961844197088,3.2355759947729403,-1.1118919444554791,0.03296441274095896,0.04215866521278411,2h_upper_wick,long,2026-01-18 20:00:00,0.7535771065182816,2h_wick_r60_v2p0,4.380723216262259,4.611963190184049
667811,283,667528,670116,675483.4111797365,True,True,False,2740.13,0.07313586435680053,667528,2940.531776,0.8376121895220253,-23.073480175615344,-25.139974042429003,-0.040773684040331215,-0.037158380178017536,2h_lower_wick,short,2026-01-30 04:00:00,0.15341264871634172,2h_wick_r60_v2p0,0.667780711116104,3.2777457537006462
673139,613,672526,673329,5801.291542028077,False,True,False,1987.04,0.019644649327643204,672526,2026.074704,0.748537033940813,2.9276073110602265,-1.8929130985057157,0.0046402947461083865,0.004368778985501143,2h_lower_wick,short,2026-02-17 16:00:00,0.1138605584350435,2h_wick_r60_v2p0,6.184372711063102,5.025504354401971
678587,629,677958,678745,107714.94338189252,True,True,False,1943.67,0.05550819120529704,677958,2051.559606,0.6621184919210095,0.8969500080011343,-9.164722542088455,-0.024871861284450736,-0.02243700588661346,2h_lower_wick,short,2026-03-08 14:00:00,0.0,2h_wick_r60_v2p0,2.814940435970749,2.397328975017511
680003,1258,678745,680265,138375.05150027433,True,True,False,2123.15,0.07119630957642054,678745,1982.0363280000001,0.13413654618474677,4.6199752291450125,6.856491205257587,0.007759538573004265,0.0026786502670119727,2h_upper_wick,long,2026-03-13 12:00:00,0.7469879518072179,2h_wick_r60_v2p0,3.6738141946864973,3.8156486325364556
680963,263,680700,681437,220104.04612457892,True,True,False,2327.29,0.08377642577085065,680700,2147.389392,0.046144121365360974,12.909500351948203,20.605407128111842,0.03269109967681261,0.07589247997546322,2h_upper_wick,long,2026-03-16 20:00:00,0.6396965865992423,2h_wick_r60_v2p0,0.974487717440013,3.5070138602638083
682835,1398,681437,682873,206137.004997788,True,True,False,2047.74,0.1192883403166416,681437,2292.011506,0.6020902370634745,-0.8327353517959573,-6.057581412083238,0.016859807329555387,0.016253495951154884,2h_lower_wick,short,2026-03-23 08:00:00,0.0,2h_wick_r60_v2p0,6.005767792287381,5.0825902957067965
684755,1090,683665,684789,175497.21646333812,True,True,False,1982.49,0.07953728896488754,683665,2140.17188,0.7587500000000001,0.7761186013651002,1.912390350332739,-0.010323563950591974,-0.019125774089366332,2h_lower_wick,short,2026-03-30 00:00:00,0.04339285714285828,2h_wick_r60_v2p0,5.7595686531541,6.664894325612645
686651,1005,685646,686759,-10664.777364131529,False,False,False,2040.83,0.019748675783872294,685646,2081.13369,0.9336283185840806,-1.3339220581032682,-1.8987174350460632,0.002715676095890407,-0.003075229639264765,2h_lower_wick,short,2026-04-05 14:00:00,0.01603982300884761,2h_wick_r60_v2p0,1.5686832740213525,2.7100264640600993
687035,276,686759,687192,3790.1846076501533,False,True,False,2137.75,0.024451081331586133,686759,2086.727262,0.028554778554766076,2.556466859316515,11.244826152469788,-0.01839656843607651,-0.027178480533052274,2h_upper_wick,long,2026-04-06 22:00:00,0.6305361305361454,2h_wick_r60_v2p0,1.8170913365107595,2.9154817768596306
693899,634,693265,694011,-36962.37565251393,False,False,False,2261.78,0.0006487191504034318,693265,2263.2472599999996,0.6534496431403769,0.7495856857186087,-2.5987704561176947,-0.003078817866612571,0.0008934667410116504,2h_lower_wick,short,2026-04-30 18:00:00,0.0,2h_wick_r60_v2p0,0.5023812071917808,2.1332051081340997
694715,704,694011,695708,72878.66758759832,False,True,False,2324.64,0.016454993316134203,694011,2287.00731,0.2090747330960729,0.6295286283342421,3.693723305659092,-0.004637957474450061,0.018363430070433173,2h_upper_wick,long,2026-05-03 14:00:00,0.6423487544484077,2h_wick_r60_v2p0,13.988243390491482,7.54823236371259
695939,231,695708,696325,21159.40111688059,False,True,False,2298.85,0.01607009939752513,695708,2335.7927480000003,0.6705959397511325,-5.934579015765706,-10.691729578598988,-0.008332072442635563,0.006444082353421532,2h_lower_wick,short,2026-05-07 20:00:00,0.12508185985594705,2h_wick_r60_v2p0,12.963269695490139,4.776589877236749
700859,614,700245,702222,88887.55997676263,False,True,False,2088.64,0.0032513166462386778,700245,2095.43083,0.7125917560700094,0.03233153177589099,5.307719930514887,0.005671288441049693,0.014197588206745104,2h_lower_wick,short,2026-05-24 22:00:00,0.09937888198757693,2h_wick_r60_v2p0,5.443741333177085,3.016891891891892
703427,644,702783,704704,687331.854913211,True,True,False,1911.75,0.049310169216686406,702783,2006.018716,0.6421956177998662,-7.200113739102811,-7.247968976089574,0.01259770322022602,0.05924734765762851,2h_lower_wick,short,2026-06-02 20:00:00,0.028913485430313378,2h_wick_r60_v2p0,3.900567360277615,4.710223540458526
705059,355,704704,705375,99040.20316329226,False,True,False,1672.08,0.03872553520512101,704704,1609.741884,0.17402597402597103,8.200686738079055,22.75006768204925,-0.017821868516823547,-0.020357907463573577,2h_upper_wick,long,2026-06-08 12:00:00,0.7522727272727308,2h_wick_r60_v2p0,3.2662699971705234,2.855312905592235
706019,97,705922,706102,22031.117243972607,False,True,False,1681.12,0.008395684658147662,705922,1667.1233579999998,0.28214971209212336,4.973572861181206,5.653774259749088,0.01298954476658043,0.008390145216073508,2h_upper_wick,long,2026-06-11 20:00:00,0.6602687140115172,2h_wick_r60_v2p0,2.9486836978905777,3.0865434900546913
115846,5999,109847,136783,37135.1622576107,False,True,False,382.62,0.047318324759731745,109847,365.333052,0.009999999999990905,0.0767989891562304,-0.5790598650444316,-0.04568302589748263,-0.06692172604114399,2h_upper_wick+oi_flush,long,2020-10-30 20:00:00,0.7699999999999818,2h_wick_r60_v2p0_oi0,4.47222376160214,3.016214925688468
151444,455,150989,172818,71695.46912793306,False,True,False,1605.52,0.018126726927197856,150989,1576.9353239999998,0.07913802712242238,6.915002225938,13.785039894367316,-0.009402807337354768,-0.02175012962237044,2h_upper_wick+oi_flush,long,2021-03-03 14:00:00,0.9000557310050137,2h_wick_r60_v2p0_oi0,4.223717790030381,2.212807687485675
205543,12887,192656,209936,34274.426910554714,False,True,False,3449.88,0.580355989795196,192656,2182.9765079999997,0.02236342116738392,-53.4716458915724,-53.24876553884375,-0.18510000798256954,-0.3028838257934131,2h_upper_wick+oi_flush,long,2021-09-07 18:00:00,0.7899458045225178,2h_wick_r60_v2p0_oi0,6.3771626508237125,7.139574309157653
219679,7151,212528,231248,31590.289119135792,False,True,False,4211.08,0.27413084142643696,212528,3305.06088,0.2843786521231072,-3.559904369729715,2.129065190310037,-0.01181305761609952,-0.008524564077011076,2h_upper_wick+oi_flush,long,2021-10-26 20:00:00,0.6575769380599946,2h_wick_r60_v2p0_oi0,4.080898232685628,2.618961239386667
240535,71,240464,246224,39124.28035168933,False,True,False,3223.65,0.05674578443689615,240464,3406.5785480000004,0.768578694546484,-12.482741747723267,-41.600965710923674,-0.023474849843280188,-0.022581230549700737,2h_lower_wick+oi_flush,short,2022-01-07 06:00:00,0.18121880003767402,2h_wick_r60_v2p0_oi0,0.8205897217939879,3.4702146293976273
253231,1052,252179,254066,18872.726227091713,False,True,False,2647.23,0.1522874113696202,252179,3050.369804,0.6346060898985053,-3.23389429711667,-15.875430991860654,-0.023398786531736437,-0.007051209529160385,2h_lower_wick+oi_flush,short,2022-02-20 08:00:00,0.08530691155146776,2h_wick_r60_v2p0_oi0,1.4478711516617426,3.6893569572417864
263257,1458,261799,266378,9453.885492086352,False,True,False,3146.55,0.06156303259574303,261799,2964.072696,0.23148936170213644,-0.8843413221722116,-4.0480372966773785,-0.0009471282930928471,0.003575418879515624,2h_upper_wick+oi_flush,long,2022-03-27 04:00:00,0.6828368794326158,2h_wick_r60_v2p0_oi0,4.431615359702146,2.5509506013565333
275305,1204,274101,277466,25933.17423582128,False,True,False,2633.97,0.048788480506611887,274101,2762.4773940000005,0.6625730118316646,1.0553963038555452,-7.553812319275302,-0.01537020304941139,-0.004090737589022231,2h_lower_wick+oi_flush,short,2022-05-08 00:00:00,0.3161599520742869,2h_wick_r60_v2p0_oi0,3.4415198006355876,2.9773982851818874
285241,1289,283952,286538,43704.53024715526,False,True,False,1590.94,0.11910181653613572,283952,1780.423844,0.6209098164405442,-11.001052409842217,-17.926941011391726,-0.039393623197916394,-0.041723874004680916,2h_lower_wick+oi_flush,short,2022-06-11 12:00:00,0.02474062250598723,2h_wick_r60_v2p0_oi0,2.546146377680688,2.8331992542155557
290377,507,289870,291864,16756.747354300227,False,True,False,1133.53,0.05238623591788483,289870,1192.91137,0.9098039215686319,-6.139459357208647,-11.777741188577952,0.0006251922729705317,-0.015820019779788197,2h_lower_wick+oi_flush,short,2022-06-29 08:00:00,0.059313725490197595,2h_wick_r60_v2p0_oi0,1.0641348456736,2.2202811443625037
292033,169,291864,293479,18880.601961238688,False,True,False,1151.13,0.053947215666803716,291864,1092.208398,0.29229871645273986,8.52781358927691,12.486315422006664,0.0058989374539639705,-0.03941996890597654,2h_upper_wick+oi_flush,long,2022-07-05 02:00:00,0.6627771295215772,2h_wick_r60_v2p0_oi0,0.6669932111859544,2.411534626276744
295393,930,294463,296666,87236.47471089859,False,True,False,1330.15,0.20941426796351537,294463,1099.829922,0.00021822943187584716,4.270250425575014,8.633258772480879,-0.13211278713939045,-0.11503434155240344,2h_upper_wick+oi_flush,long,2022-07-16 18:00:00,0.6608714628646242,2h_wick_r60_v2p0_oi0,1.3545555435952394,3.4799990524858067
301369,860,300509,302229,4914.057706488122,False,True,False,1713.89,0.019428570901065312,300509,1681.2261780000001,0.04560622914350183,2.145060482211605,9.80785586402132,-0.009903180855840854,-0.027047661751606222,2h_upper_wick+oi_flush,long,2022-08-06 12:00:00,0.8609566184649612,2h_wick_r60_v2p0_oi0,0.13756526320257356,2.5099396320899414
302401,172,302229,302683,-30464.735373436066,False,False,False,1684.3,0.01588655227691027,302229,1711.05772,0.612592426618866,-9.037830417335005,-9.441498194238658,-0.032405668937361076,-0.04638023387543977,2h_lower_wick+oi_flush,short,2022-08-10 02:00:00,0.13062962133094203,2h_wick_r60_v2p0_oi0,1.7841773553522235,3.4458677095982977
303937,206,303731,304463,5268.834124774468,False,True,False,1906.89,0.026995919009486613,303731,1958.368248,0.7303215077605311,-9.739743523585101,-13.978867006548612,-0.037193984602167496,-0.02649565792728381,2h_lower_wick+oi_flush,short,2022-08-15 10:00:00,0.13636363636363236,2h_wick_r60_v2p0_oi0,2.003046180373097,2.9448441997325125
305089,115,304974,305802,25299.36208357266,False,True,False,1736.37,0.049238096719017355,304974,1821.865554,0.6377374784110603,-10.937385158382186,-9.146462784144529,-0.02001821824518446,-0.06467892362426342,2h_lower_wick+oi_flush,short,2022-08-19 10:00:00,0.351899827288431,2h_wick_r60_v2p0_oi0,2.6127601584388214,4.263280195675381
307225,155,307070,308019,24661.925174954784,False,True,False,1562.95,0.05798599955212902,307070,1653.579218,0.6470380818053587,-16.520813237454387,-10.507722804726436,-0.03472115313070345,0.03339075332154229,2h_lower_wick+oi_flush,short,2022-08-26 20:00:00,0.16466854724964253,2h_wick_r60_v2p0_oi0,1.561484722116341,5.183378332002634
310177,455,309722,310395,-2851.127027264738,False,False,False,1638.81,0.041046524219948255,309722,1574.194776,0.0,6.351659772960103,4.740481034349565,-0.05276578207371285,-0.03670873861702795,2h_upper_wick+oi_flush,long,2022-09-06 02:00:00,0.62801024765158,2h_wick_r60_v2p0_oi0,3.179849980685649,5.7102988981784
316009,220,315789,316243,-17402.501966663054,False,False,False,1295.97,0.005848312846747916,315789,1303.549238,0.7613584212941692,-2.248482889993493,-1.0049732703411305,0.005421254293131339,-0.0006918618532232301,2h_lower_wick+oi_flush,short,2022-09-26 08:00:00,0.18494722349701603,2h_wick_r60_v2p0_oi0,1.3405599716500516,2.6390787348369256
321961,53,321908,322432,1821.3641402574722,False,True,False,1305.8,0.008457420667204119,321908,1294.848918,0.056034482758618435,2.972407172774371,1.9220079310291953,0.00845634980243437,-0.0458614136884401,2h_upper_wick+oi_flush,long,2022-10-17 00:00:00,0.6077586206896546,2h_wick_r60_v2p0_oi0,2.1834573409328066,3.498641372252598
324505,1508,322997,325224,33405.54589574665,False,True,False,1474.88,0.12668674871514196,322997,1309.0417559999999,0.05902319441825591,12.955512767550433,10.756350987147037,-0.09886515698613252,-0.09046878385592305,2h_upper_wick+oi_flush,long,2022-10-25 20:00:00,0.8936451065434641,2h_wick_r60_v2p0_oi0,19.93403829287263,12.85076506393515
328489,745,327744,329053,46202.53407956901,False,True,False,1488.75,0.08706381998320745,327744,1618.366262,0.6982477903550933,-8.283758138362678,-14.975224123206253,-0.01023485737159302,-0.021605835354376213,2h_lower_wick+oi_flush,short,2022-11-08 16:00:00,0.0,2h_wick_r60_v2p0_oi0,3.2718617332680395,3.9086179685122895
331753,23,331730,332258,-29656.570866496942,False,False,False,1219.5,0.001672786160468842,331730,1217.463444,0.0587889476778366,1.4841528398672161,2.929893608942635,-0.005979108983949932,-0.00033186963335551933,2h_upper_wick+oi_flush,long,2022-11-20 00:00:00,0.8071722516166976,2h_wick_r60_v2p0_oi0,3.9625898240940565,5.577380259602165
335473,832,334641,335631,7269.439055136987,False,True,False,1290.38,0.048871127555775384,334641,1230.2560019999999,0.09410548086867374,-0.6194046924336636,-1.3332183175861054,0.0018070411097437233,-0.00020975001192935494,2h_upper_wick+oi_flush,long,2022-12-02 22:00:00,0.6318510858324564,2h_wick_r60_v2p0_oi0,2.242716737249499,3.000687344684295
336193,113,336080,336736,-11670.57038575114,False,False,False,1294.38,0.004822678420733695,336080,1288.167582,0.035384615384618186,3.9486209465457707,0.7012985980251623,-0.001312398003525117,0.006428613210456735,2h_upper_wick+oi_flush,long,2022-12-05 10:00:00,0.7823076923076979,2h_wick_r60_v2p0_oi0,1.2003538316671563,4.687375367098177
340393,1419,338974,340449,17807.43321719661,False,True,False,1166.23,0.10981632096584715,338974,1294.301088,0.6159278148293464,0.03845163045320632,2.107272258356037,-0.005951907208624152,-0.013881804732890801,2h_lower_wick+oi_flush,short,2022-12-20 00:00:00,0.005492349941148396,2h_wick_r60_v2p0_oi0,10.503174843047256,12.4930343154767
348649,3171,345478,355572,49025.1805000442,False,True,False,1573.98,0.25025047426399927,345478,1258.931736,0.24627192982456106,-1.9389799426654388,-5.535757563377125,-0.010737011918463435,-0.016683723924910687,2h_upper_wick+oi_flush,long,2023-01-17 16:00:00,0.739035087719297,2h_wick_r60_v2p0_oi0,1.362811522386599,2.271286580405843
356891,832,356059,362196,2902.577303465514,False,True,False,1578.75,0.019798753795652324,356059,1548.099558,0.11141011840688614,4.5194226385616485,9.951119477568177,-0.0016130891673055148,-0.008868076732383878,2h_upper_wick+oi_flush,long,2023-02-15 14:00:00,0.7131324004305732,2h_wick_r60_v2p0_oi0,2.379991668458957,2.633486737675503
363371,311,363060,364212,-8797.535740603402,False,False,False,1429.97,0.07157036581187026,363060,1532.313476,0.7813565744600243,-11.79501533401848,-9.170702143145297,-0.010030448624451349,0.02268872463439231,2h_lower_wick+oi_flush,short,2023-03-10 02:00:00,0.0299355816597181,2h_wick_r60_v2p0_oi0,6.438087286963676,3.922211290113962
372611,8398,364213,381204,46971.89962416631,False,True,False,1921.41,0.21850748781574336,364213,1576.855308,0.23110677718186307,7.455062475861996,6.8910836384207474,-0.007184822333124674,-0.0027242413796965126,2h_upper_wick+oi_flush,long,2023-04-11 04:00:00,0.7367137981472518,2h_wick_r60_v2p0_oi0,1.033812011526662,2.480579939678435
386411,23,386388,389844,-12182.001081157709,False,False,False,1916.55,0.0033127207759136024,386388,1910.2219679999998,0.042553191489359384,7.367631137304727,6.391960717735728,0.02171132863226921,-0.045890069255860144,2h_upper_wick+oi_flush,long,2023-05-29 02:00:00,0.6005319148936166,2h_wick_r60_v2p0_oi0,2.421866932171485,5.724239893317468
402467,9167,393300,405972,-9777.285888807732,False,False,False,1890.28,0.0005993422153469652,393300,1889.1477539999998,0.25642427556041586,1.8605372637711568,0.3109279899343109,-0.02339336449532814,-0.027517745549330952,2h_upper_wick+oi_flush,long,2023-07-23 20:00:00,0.6615636960087485,2h_wick_r60_v2p0_oi0,2.0136030489592494,3.083796697750765
409931,215,409716,415082,8149.520137668995,False,True,False,1660.22,0.016523353531459728,409716,1687.652402,0.6727707006369431,-2.4090724416965443,-13.25403439162588,0.006673093481892378,-0.024379859849456453,2h_lower_wick+oi_flush,short,2023-08-18 18:00:00,0.17117834394904197,2h_wick_r60_v2p0_oi0,4.765816677743137,3.3137566763572446
423995,1095,422900,424061,-54.019986028957646,False,False,False,1629.37,0.014397815106452327,422900,1652.8293680000002,0.6760044231478011,2.225102206729505,-0.8564093889329669,-0.012234671987915058,-0.026779506947389953,2h_lower_wick+oi_flush,short,2023-10-06 14:00:00,0.16218208625138494,2h_wick_r60_v2p0_oi0,1.7920574573811823,2.147081261431841
424907,391,424516,426094,13005.089737643139,False,True,False,1583.43,0.026931863107305,424516,1626.07472,0.8591370558375616,-5.155707826703083,-4.138981555026959,-0.03422714015021311,-0.028978284344563177,2h_lower_wick+oi_flush,short,2023-10-09 18:00:00,0.09454314720812246,2h_wick_r60_v2p0_oi0,3.2964077938867855,6.942638614522463
429083,1195,427888,455796,131352.1926257087,True,True,False,1817.82,0.15234564773726555,427888,1577.495436,0.2153796024763746,13.690140356738446,14.396261008325784,-0.009575680019695665,-0.028278639081223522,2h_upper_wick+oi_flush,long,2023-10-24 06:00:00,0.6282176604757277,2h_wick_r60_v2p0_oi0,2.591301471709895,5.780205123634419
459803,263,459540,476244,176532.66314368136,True,True,False,2427.7,0.020996322335667283,459540,2377.7754600000003,0.08624938393297206,4.832360656122901,7.475329714267115,-0.007610872610216757,-0.01399896429429004,2h_upper_wick+oi_flush,long,2024-02-07 22:00:00,0.775751601774286,2h_wick_r60_v2p0_oi0,2.139036748285053,4.156596156951396
507251,1631,505620,508788,-35698.0686171815,False,False,False,3500.14,0.0034927455875397584,505620,3487.957452,0.006942034015960378,-4.460977171050066,-4.101078080675947,-0.004889509036552497,-0.004498119801633171,2h_upper_wick+oi_flush,long,2024-07-21 16:00:00,0.6046511627907013,2h_wick_r60_v2p0_oi0,5.892978595719144,2.4881796988747777
513371,2567,510804,514048,45422.7901226714,False,True,False,2593.56,0.15352701768997057,510804,2991.741532,0.6684230334964258,-7.977277557512199,3.4593778804309236,-0.015025550905812035,-0.011670023601208057,2h_lower_wick+oi_flush,short,2024-08-11 22:00:00,0.015619119307488319,2h_wick_r60_v2p0_oi0,1.9297011336310548,4.680704171780022
518027,571,517456,518370,33383.91070741514,False,True,False,2442.38,0.11918014313906933,517456,2733.4631980000004,0.6733001658374833,-23.096794652980208,-30.191775475283546,7.496332891965274e-05,-0.07780624707362671,2h_lower_wick+oi_flush,short,2024-08-28 02:00:00,0.07495854063018943,2h_wick_r60_v2p0_oi0,0.8301926021131419,2.088588709427795
526859,332,526527,527308,1017.9864546706667,False,True,False,2698.65,0.022995752703136807,526527,2637.987492,0.1481892912686079,5.632784437463615,1.6627123623653688,0.008051586057698623,-0.0028786684879413826,2h_upper_wick+oi_flush,long,2024-09-27 18:00:00,0.6007553876916204,2h_wick_r60_v2p0_oi0,1.548010253393285,3.823171895562722
527795,487,527308,528850,49598.604560681444,False,True,False,2602.72,0.01591068881785196,527308,2644.1310679999997,0.6907619313424431,-3.493395203885573,-9.988035898064275,-0.008902230565224656,-0.006017392859225645,2h_lower_wick+oi_flush,short,2024-10-01 00:00:00,0.05833100753558815,2h_wick_r60_v2p0_oi0,1.722004443626792,2.2457202222322596
529235,385,528850,529800,3812.8622120580403,False,True,False,2408.65,0.0051834984145819885,528850,2396.22915,0.0,0.7933355694842208,11.12307074689275,-0.014583035722513293,-0.013695327188021689,2h_upper_wick+oi_flush,long,2024-10-06 00:00:00,0.8580715059588361,2h_wick_r60_v2p0_oi0,3.471476334761258,2.0379490825294484
530507,707,529800,530796,-1620.878174930811,False,False,False,2389.07,0.01001113655104291,529800,2412.987306,0.7134363852556476,-3.665990768187209,-5.190198642457366,-0.015855832967123007,-0.023779437055436614,2h_lower_wick+oi_flush,short,2024-10-10 10:00:00,0.0,2h_wick_r60_v2p0_oi0,10.351360450524897,3.785743953480941
537539,938,536601,538173,26850.177959806402,False,True,False,2453.56,0.06358026051940846,536601,2609.557984,0.758828788556104,0.5430487083993931,-5.357488331217638,-0.008164304760358343,-0.011978144872594632,2h_lower_wick+oi_flush,short,2024-11-03 20:00:00,0.04023245417970882,2h_wick_r60_v2p0_oi0,0.7814732848561492,2.3314117294999126
538259,86,538173,551988,223327.4877437217,True,True,False,2584.83,0.039864615639747525,538173,2485.7370479999995,0.06767542401063714,20.781942131290776,18.55426025252745,-0.0003791472837904042,-0.004796903276981568,2h_upper_wick+oi_flush,long,2024-11-06 08:00:00,0.696707682075161,2h_wick_r60_v2p0_oi0,2.6693946833985027,4.470689819884038
555779,911,554868,556884,-54210.935336000985,False,False,True,3664.6,0.060511931641592076,554868,3455.500962,0.05276658116526319,-2.788284182892596,-1.2618677227120756,-0.0013852136209125954,-0.0051446418134853955,2h_upper_wick+oi_flush,long,2025-01-06 04:00:00,0.6295346280688907,2h_wick_r60_v2p0_oi0,0.8233606883913631,3.1146100648079686
563747,239,563508,566964,95432.27353813092,False,True,False,2975.63,0.048502631039477384,563508,3119.955884,0.8374614910659268,-18.834818985719096,-30.157214749202513,-0.0067838466631220395,-0.01635759596880093,2h_lower_wick+oi_flush,short,2025-02-02 20:00:00,0.03314849044978498,2h_wick_r60_v2p0_oi0,2.0330989620701203,5.583661732433802
570971,1086,569885,571759,123009.06667361094,True,True,False,2272.96,0.20420177653808258,569885,2737.1024700000003,0.7245989304812854,-0.1294002219243069,-6.982685268415722,0.005698524734193633,-0.00831249998473338,2h_lower_wick+oi_flush,short,2025-02-27 22:00:00,0.0,2h_wick_r60_v2p0_oi0,6.269898334737944,4.9683544303797476
574187,1172,573015,575212,84737.91552441102,False,True,False,1853.33,0.16708158611796087,573015,2162.987316,0.7203312566479247,-19.54100290690586,-23.387583927574383,-0.012312696914067778,-0.03400886991772534,2h_lower_wick+oi_flush,short,2025-03-11 02:00:00,0.08463759307096254,2h_wick_r60_v2p0_oi0,2.590064259722832,6.106869509926289
575891,155,575736,576594,-37415.57817728678,False,False,False,1888.66,0.005278979805788175,575736,1898.630198,0.8172678888231738,-4.835835642173229,0.5205466585703231,-0.0006290913514130914,-0.014983193020881358,2h_lower_wick+oi_flush,short,2025-03-17 00:00:00,0.014784151389710159,2h_wick_r60_v2p0_oi0,1.5464838424362661,3.2780990655953963
578771,121,578650,580291,70873.5770020443,False,True,False,2007.52,0.013391168207539605,578650,2034.403038,0.7149321266968232,-8.171512416280923,-10.101064192882598,-0.012283390366465086,-0.04248051828783361,2h_lower_wick+oi_flush,short,2025-03-27 00:00:00,0.022624434389140365,2h_wick_r60_v2p0_oi0,0.06059858068497377,9.191522964583879
582011,1246,580765,582726,120301.05474534782,True,True,False,1550.53,0.1903225348751718,580765,1845.6308000000001,0.6080830552465697,-22.46487594880719,-24.589617161753683,-0.005723202858905374,0.003445928205443538,2h_lower_wick+oi_flush,short,2025-04-07 06:00:00,0.3737486095661847,2h_wick_r60_v2p0_oi0,0.15358158437043093,5.95391621267342
591179,595,590584,599220,289292.0533968997,True,True,False,2199.12,0.1952402319870894,590584,1839.897906,0.19899462645172644,31.906595331549347,39.63425002269226,0.005776249748538964,-0.01375413788809543,2h_upper_wick+oi_flush,long,2025-05-09 02:00:00,0.7431097243889788,2h_wick_r60_v2p0_oi0,1.983618894714397,2.2255222367662633
600611,833,599778,603796,-107642.76290987968,False,False,True,2758.46,0.08698897143163209,599778,2537.7074399999997,0.034240150093809464,10.422198779167097,27.43804381527648,0.004401236204991887,-0.0161291373875605,2h_upper_wick+oi_flush,long,2025-06-10 20:00:00,0.6530644152595365,2h_wick_r60_v2p0_oi0,3.9564806467560416,2.6276030737615956
603827,31,603796,604284,460.46536167361774,False,True,False,2305.0,0.0024068537960955094,603796,2310.547798,0.7786021505376377,-11.972130621562634,-14.22337950998331,-0.040658444941510385,-0.04244644251012808,2h_lower_wick+oi_flush,short,2025-06-22 00:00:00,0.06129032258064321,2h_wick_r60_v2p0_oi0,22.397576359054053,6.769457680962107
609011,990,608021,631188,687933.1530731542,True,True,False,2769.59,0.09227457300134834,608021,2535.617022,0.11999999999999661,15.965011274043732,19.216271646090735,0.004217694651998283,-0.006473035052732001,2h_upper_wick+oi_flush,long,2025-07-10 00:00:00,0.6153488372093032,2h_wick_r60_v2p0_oi0,0.5343895167440892,4.97801583094163
642971,263,642708,649044,291923.0081585888,True,True,False,3232.88,0.11433438729553846,642708,3602.5093540000003,0.8351573545583078,-31.242933817337416,-41.197616239467294,-0.011050013141845061,0.05740102214316334,2h_lower_wick+oi_flush,short,2025-11-04 22:00:00,0.10017280201078747,2h_wick_r60_v2p0_oi0,7.4059504300030445,7.294452948588924
649379,335,649044,650032,20773.49107296276,False,True,False,3030.4,0.025328361289281398,649044,2955.54099,0.0,7.178234322665425,15.308834861572151,-0.004999220805500193,0.008694286386271344,2h_upper_wick+oi_flush,long,2025-11-27 04:00:00,0.7119372787051117,2h_wick_r60_v2p0_oi0,2.33831977831347,2.117644009664479
651827,886,650941,651829,143916.03504271363,True,True,False,3100.6,0.0841365335382247,650941,2859.97188,0.1967545638945223,-15.665916478599001,-4.633948556966985,-0.015039170134070523,-0.007223671689514544,2h_upper_wick+oi_flush,long,2025-12-05 16:00:00,0.6431469139379873,2h_wick_r60_v2p0_oi0,1.9348678452651846,2.1905952799146613
651875,46,651829,652419,-10651.215894440655,False,False,False,3041.83,0.007570083140741035,651829,3064.856906,0.7510964912280708,-21.284582637274944,-12.302907750099266,-0.010637579136234865,-0.00555257228130368,2h_lower_wick+oi_flush,short,2025-12-05 20:00:00,0.2057291666666646,2h_wick_r60_v2p0_oi0,3.793992755825318,2.2760505461002736
653147,728,652419,653371,140704.73586541507,True,True,False,3314.29,0.07609058965781101,652419,3079.935864,0.19384506544039695,12.236554184608508,23.60066379153809,-0.016202202466718663,-0.02617295838975342,2h_upper_wick+oi_flush,long,2025-12-10 06:00:00,0.7403608065086611,2h_wick_r60_v2p0_oi0,2.8885038430536256,2.912267928649436
654515,1144,653371,654541,108124.89278371586,True,True,False,3075.05,0.06744715630640141,653371,3282.453378,0.7704805883359045,0.6387903111725244,-4.634282186627949,0.0007173160680717938,-0.008239487738495699,2h_lower_wick+oi_flush,short,2025-12-15 00:00:00,0.01060372840772863,2h_wick_r60_v2p0_oi0,7.760273972602741,7.668101348866336
660611,3027,657584,661320,153802.9006437799,True,True,False,3185.98,0.07386192378043566,657584,2966.84325,0.08148677626875557,1.1215870839898585,2.374693443360414,-0.049772445350355965,-0.05689973265496884,2h_upper_wick+oi_flush,long,2026-01-05 04:00:00,0.6976411722658982,2h_wick_r60_v2p0_oi0,4.692103694262278,4.063940227481113
667811,283,667528,670116,675483.4111797365,True,True,False,2740.13,0.07313586435680053,667528,2940.531776,0.8376121895220253,-23.073480175615344,-25.139974042429003,-0.040773684040331215,-0.037158380178017536,2h_lower_wick+oi_flush,short,2026-01-30 04:00:00,0.15341264871634172,2h_wick_r60_v2p0_oi0,0.667780711116104,3.2777457537006462
678587,629,677958,678745,107714.94338189252,True,True,False,1943.67,0.05550819120529704,677958,2051.559606,0.6621184919210095,0.8969500080011343,-9.164722542088455,-0.024871861284450736,-0.02243700588661346,2h_lower_wick+oi_flush,short,2026-03-08 14:00:00,0.0,2h_wick_r60_v2p0_oi0,2.814940435970749,2.397328975017511
684755,1090,683665,684789,175497.21646333812,True,True,False,1982.49,0.07953728896488754,683665,2140.17188,0.7587500000000001,0.7761186013651002,1.912390350332739,-0.010323563950591974,-0.019125774089366332,2h_lower_wick+oi_flush,short,2026-03-30 00:00:00,0.04339285714285828,2h_wick_r60_v2p0_oi0,5.7595686531541,6.664894325612645
686651,1005,685646,686759,-10664.777364131529,False,False,False,2040.83,0.019748675783872294,685646,2081.13369,0.9336283185840806,-1.3339220581032682,-1.8987174350460632,0.002715676095890407,-0.003075229639264765,2h_lower_wick+oi_flush,short,2026-04-05 14:00:00,0.01603982300884761,2h_wick_r60_v2p0_oi0,1.5686832740213525,2.7100264640600993
687035,276,686759,687192,3790.1846076501533,False,True,False,2137.75,0.024451081331586133,686759,2086.727262,0.028554778554766076,2.556466859316515,11.244826152469788,-0.01839656843607651,-0.027178480533052274,2h_upper_wick+oi_flush,long,2026-04-06 22:00:00,0.6305361305361454,2h_wick_r60_v2p0_oi0,1.8170913365107595,2.9154817768596306
693899,634,693265,694011,-36962.37565251393,False,False,False,2261.78,0.0006487191504034318,693265,2263.2472599999996,0.6534496431403769,0.7495856857186087,-2.5987704561176947,-0.003078817866612571,0.0008934667410116504,2h_lower_wick+oi_flush,short,2026-04-30 18:00:00,0.0,2h_wick_r60_v2p0_oi0,0.5023812071917808,2.1332051081340997
694715,704,694011,695708,72878.66758759832,False,True,False,2324.64,0.016454993316134203,694011,2287.00731,0.2090747330960729,0.6295286283342421,3.693723305659092,-0.004637957474450061,0.018363430070433173,2h_upper_wick+oi_flush,long,2026-05-03 14:00:00,0.6423487544484077,2h_wick_r60_v2p0_oi0,13.988243390491482,7.54823236371259
695939,231,695708,696325,21159.40111688059,False,True,False,2298.85,0.01607009939752513,695708,2335.7927480000003,0.6705959397511325,-5.934579015765706,-10.691729578598988,-0.008332072442635563,0.006444082353421532,2h_lower_wick+oi_flush,short,2026-05-07 20:00:00,0.12508185985594705,2h_wick_r60_v2p0_oi0,12.963269695490139,4.776589877236749
705059,355,704704,705375,99040.20316329226,False,True,False,1672.08,0.03872553520512101,704704,1609.741884,0.17402597402597103,8.200686738079055,22.75006768204925,-0.017821868516823547,-0.020357907463573577,2h_upper_wick+oi_flush,long,2026-06-08 12:00:00,0.7522727272727308,2h_wick_r60_v2p0_oi0,3.2662699971705234,2.855312905592235
115846,5999,109847,136783,37135.1622576107,False,True,False,382.62,0.047318324759731745,109847,365.333052,0.009999999999990905,0.0767989891562304,-0.5790598650444316,-0.04568302589748263,-0.06692172604114399,2h_upper_wick+oi_flush,long,2020-10-30 20:00:00,0.7699999999999818,2h_wick_r60_v2p0_oiN0p5,4.47222376160214,3.016214925688468
151444,455,150989,172818,71695.46912793306,False,True,False,1605.52,0.018126726927197856,150989,1576.9353239999998,0.07913802712242238,6.915002225938,13.785039894367316,-0.009402807337354768,-0.02175012962237044,2h_upper_wick+oi_flush,long,2021-03-03 14:00:00,0.9000557310050137,2h_wick_r60_v2p0_oiN0p5,4.223717790030381,2.212807687485675
205543,12887,192656,209936,34274.426910554714,False,True,False,3449.88,0.580355989795196,192656,2182.9765079999997,0.02236342116738392,-53.4716458915724,-53.24876553884375,-0.18510000798256954,-0.3028838257934131,2h_upper_wick+oi_flush,long,2021-09-07 18:00:00,0.7899458045225178,2h_wick_r60_v2p0_oiN0p5,6.3771626508237125,7.139574309157653
219679,7151,212528,231248,31590.289119135792,False,True,False,4211.08,0.27413084142643696,212528,3305.06088,0.2843786521231072,-3.559904369729715,2.129065190310037,-0.01181305761609952,-0.008524564077011076,2h_upper_wick+oi_flush,long,2021-10-26 20:00:00,0.6575769380599946,2h_wick_r60_v2p0_oiN0p5,4.080898232685628,2.618961239386667
240535,71,240464,246224,39124.28035168933,False,True,False,3223.65,0.05674578443689615,240464,3406.5785480000004,0.768578694546484,-12.482741747723267,-41.600965710923674,-0.023474849843280188,-0.022581230549700737,2h_lower_wick+oi_flush,short,2022-01-07 06:00:00,0.18121880003767402,2h_wick_r60_v2p0_oiN0p5,0.8205897217939879,3.4702146293976273
253231,1052,252179,254066,18872.726227091713,False,True,False,2647.23,0.1522874113696202,252179,3050.369804,0.6346060898985053,-3.23389429711667,-15.875430991860654,-0.023398786531736437,-0.007051209529160385,2h_lower_wick+oi_flush,short,2022-02-20 08:00:00,0.08530691155146776,2h_wick_r60_v2p0_oiN0p5,1.4478711516617426,3.6893569572417864
275305,1204,274101,277466,25933.17423582128,False,True,False,2633.97,0.048788480506611887,274101,2762.4773940000005,0.6625730118316646,1.0553963038555452,-7.553812319275302,-0.01537020304941139,-0.004090737589022231,2h_lower_wick+oi_flush,short,2022-05-08 00:00:00,0.3161599520742869,2h_wick_r60_v2p0_oiN0p5,3.4415198006355876,2.9773982851818874
285241,1289,283952,286538,43704.53024715526,False,True,False,1590.94,0.11910181653613572,283952,1780.423844,0.6209098164405442,-11.001052409842217,-17.926941011391726,-0.039393623197916394,-0.041723874004680916,2h_lower_wick+oi_flush,short,2022-06-11 12:00:00,0.02474062250598723,2h_wick_r60_v2p0_oiN0p5,2.546146377680688,2.8331992542155557
290377,507,289870,291864,16756.747354300227,False,True,False,1133.53,0.05238623591788483,289870,1192.91137,0.9098039215686319,-6.139459357208647,-11.777741188577952,0.0006251922729705317,-0.015820019779788197,2h_lower_wick+oi_flush,short,2022-06-29 08:00:00,0.059313725490197595,2h_wick_r60_v2p0_oiN0p5,1.0641348456736,2.2202811443625037
292033,169,291864,293479,18880.601961238688,False,True,False,1151.13,0.053947215666803716,291864,1092.208398,0.29229871645273986,8.52781358927691,12.486315422006664,0.0058989374539639705,-0.03941996890597654,2h_upper_wick+oi_flush,long,2022-07-05 02:00:00,0.6627771295215772,2h_wick_r60_v2p0_oiN0p5,0.6669932111859544,2.411534626276744
295393,930,294463,296666,87236.47471089859,False,True,False,1330.15,0.20941426796351537,294463,1099.829922,0.00021822943187584716,4.270250425575014,8.633258772480879,-0.13211278713939045,-0.11503434155240344,2h_upper_wick+oi_flush,long,2022-07-16 18:00:00,0.6608714628646242,2h_wick_r60_v2p0_oiN0p5,1.3545555435952394,3.4799990524858067
301369,860,300509,302229,4914.057706488122,False,True,False,1713.89,0.019428570901065312,300509,1681.2261780000001,0.04560622914350183,2.145060482211605,9.80785586402132,-0.009903180855840854,-0.027047661751606222,2h_upper_wick+oi_flush,long,2022-08-06 12:00:00,0.8609566184649612,2h_wick_r60_v2p0_oiN0p5,0.13756526320257356,2.5099396320899414
302401,172,302229,302683,-30464.735373436066,False,False,False,1684.3,0.01588655227691027,302229,1711.05772,0.612592426618866,-9.037830417335005,-9.441498194238658,-0.032405668937361076,-0.04638023387543977,2h_lower_wick+oi_flush,short,2022-08-10 02:00:00,0.13062962133094203,2h_wick_r60_v2p0_oiN0p5,1.7841773553522235,3.4458677095982977
303937,206,303731,304463,5268.834124774468,False,True,False,1906.89,0.026995919009486613,303731,1958.368248,0.7303215077605311,-9.739743523585101,-13.978867006548612,-0.037193984602167496,-0.02649565792728381,2h_lower_wick+oi_flush,short,2022-08-15 10:00:00,0.13636363636363236,2h_wick_r60_v2p0_oiN0p5,2.003046180373097,2.9448441997325125
305089,115,304974,305802,25299.36208357266,False,True,False,1736.37,0.049238096719017355,304974,1821.865554,0.6377374784110603,-10.937385158382186,-9.146462784144529,-0.02001821824518446,-0.06467892362426342,2h_lower_wick+oi_flush,short,2022-08-19 10:00:00,0.351899827288431,2h_wick_r60_v2p0_oiN0p5,2.6127601584388214,4.263280195675381
307225,155,307070,308019,24661.925174954784,False,True,False,1562.95,0.05798599955212902,307070,1653.579218,0.6470380818053587,-16.520813237454387,-10.507722804726436,-0.03472115313070345,0.03339075332154229,2h_lower_wick+oi_flush,short,2022-08-26 20:00:00,0.16466854724964253,2h_wick_r60_v2p0_oiN0p5,1.561484722116341,5.183378332002634
310177,455,309722,310395,-2851.127027264738,False,False,False,1638.81,0.041046524219948255,309722,1574.194776,0.0,6.351659772960103,4.740481034349565,-0.05276578207371285,-0.03670873861702795,2h_upper_wick+oi_flush,long,2022-09-06 02:00:00,0.62801024765158,2h_wick_r60_v2p0_oiN0p5,3.179849980685649,5.7102988981784
321961,53,321908,322432,1821.3641402574722,False,True,False,1305.8,0.008457420667204119,321908,1294.848918,0.056034482758618435,2.972407172774371,1.9220079310291953,0.00845634980243437,-0.0458614136884401,2h_upper_wick+oi_flush,long,2022-10-17 00:00:00,0.6077586206896546,2h_wick_r60_v2p0_oiN0p5,2.1834573409328066,3.498641372252598
324505,1508,322997,325224,33405.54589574665,False,True,False,1474.88,0.12668674871514196,322997,1309.0417559999999,0.05902319441825591,12.955512767550433,10.756350987147037,-0.09886515698613252,-0.09046878385592305,2h_upper_wick+oi_flush,long,2022-10-25 20:00:00,0.8936451065434641,2h_wick_r60_v2p0_oiN0p5,19.93403829287263,12.85076506393515
328489,745,327744,329053,46202.53407956901,False,True,False,1488.75,0.08706381998320745,327744,1618.366262,0.6982477903550933,-8.283758138362678,-14.975224123206253,-0.01023485737159302,-0.021605835354376213,2h_lower_wick+oi_flush,short,2022-11-08 16:00:00,0.0,2h_wick_r60_v2p0_oiN0p5,3.2718617332680395,3.9086179685122895
331753,23,331730,332258,-29656.570866496942,False,False,False,1219.5,0.001672786160468842,331730,1217.463444,0.0587889476778366,1.4841528398672161,2.929893608942635,-0.005979108983949932,-0.00033186963335551933,2h_upper_wick+oi_flush,long,2022-11-20 00:00:00,0.8071722516166976,2h_wick_r60_v2p0_oiN0p5,3.9625898240940565,5.577380259602165
340393,1419,338974,340449,17807.43321719661,False,True,False,1166.23,0.10981632096584715,338974,1294.301088,0.6159278148293464,0.03845163045320632,2.107272258356037,-0.005951907208624152,-0.013881804732890801,2h_lower_wick+oi_flush,short,2022-12-20 00:00:00,0.005492349941148396,2h_wick_r60_v2p0_oiN0p5,10.503174843047256,12.4930343154767
348649,3171,345478,355572,49025.1805000442,False,True,False,1573.98,0.25025047426399927,345478,1258.931736,0.24627192982456106,-1.9389799426654388,-5.535757563377125,-0.010737011918463435,-0.016683723924910687,2h_upper_wick+oi_flush,long,2023-01-17 16:00:00,0.739035087719297,2h_wick_r60_v2p0_oiN0p5,1.362811522386599,2.271286580405843
356891,832,356059,362196,2902.577303465514,False,True,False,1578.75,0.019798753795652324,356059,1548.099558,0.11141011840688614,4.5194226385616485,9.951119477568177,-0.0016130891673055148,-0.008868076732383878,2h_upper_wick+oi_flush,long,2023-02-15 14:00:00,0.7131324004305732,2h_wick_r60_v2p0_oiN0p5,2.379991668458957,2.633486737675503
363371,311,363060,364212,-8797.535740603402,False,False,False,1429.97,0.07157036581187026,363060,1532.313476,0.7813565744600243,-11.79501533401848,-9.170702143145297,-0.010030448624451349,0.02268872463439231,2h_lower_wick+oi_flush,short,2023-03-10 02:00:00,0.0299355816597181,2h_wick_r60_v2p0_oiN0p5,6.438087286963676,3.922211290113962
372611,8398,364213,381204,46971.89962416631,False,True,False,1921.41,0.21850748781574336,364213,1576.855308,0.23110677718186307,7.455062475861996,6.8910836384207474,-0.007184822333124674,-0.0027242413796965126,2h_upper_wick+oi_flush,long,2023-04-11 04:00:00,0.7367137981472518,2h_wick_r60_v2p0_oiN0p5,1.033812011526662,2.480579939678435
386411,23,386388,389844,-12182.001081157709,False,False,False,1916.55,0.0033127207759136024,386388,1910.2219679999998,0.042553191489359384,7.367631137304727,6.391960717735728,0.02171132863226921,-0.045890069255860144,2h_upper_wick+oi_flush,long,2023-05-29 02:00:00,0.6005319148936166,2h_wick_r60_v2p0_oiN0p5,2.421866932171485,5.724239893317468
402467,9167,393300,405972,-9777.285888807732,False,False,False,1890.28,0.0005993422153469652,393300,1889.1477539999998,0.25642427556041586,1.8605372637711568,0.3109279899343109,-0.02339336449532814,-0.027517745549330952,2h_upper_wick+oi_flush,long,2023-07-23 20:00:00,0.6615636960087485,2h_wick_r60_v2p0_oiN0p5,2.0136030489592494,3.083796697750765
409931,215,409716,415082,8149.520137668995,False,True,False,1660.22,0.016523353531459728,409716,1687.652402,0.6727707006369431,-2.4090724416965443,-13.25403439162588,0.006673093481892378,-0.024379859849456453,2h_lower_wick+oi_flush,short,2023-08-18 18:00:00,0.17117834394904197,2h_wick_r60_v2p0_oiN0p5,4.765816677743137,3.3137566763572446
423995,1095,422900,424061,-54.019986028957646,False,False,False,1629.37,0.014397815106452327,422900,1652.8293680000002,0.6760044231478011,2.225102206729505,-0.8564093889329669,-0.012234671987915058,-0.026779506947389953,2h_lower_wick+oi_flush,short,2023-10-06 14:00:00,0.16218208625138494,2h_wick_r60_v2p0_oiN0p5,1.7920574573811823,2.147081261431841
424907,391,424516,426094,13005.089737643139,False,True,False,1583.43,0.026931863107305,424516,1626.07472,0.8591370558375616,-5.155707826703083,-4.138981555026959,-0.03422714015021311,-0.028978284344563177,2h_lower_wick+oi_flush,short,2023-10-09 18:00:00,0.09454314720812246,2h_wick_r60_v2p0_oiN0p5,3.2964077938867855,6.942638614522463
429083,1195,427888,455796,131352.1926257087,True,True,False,1817.82,0.15234564773726555,427888,1577.495436,0.2153796024763746,13.690140356738446,14.396261008325784,-0.009575680019695665,-0.028278639081223522,2h_upper_wick+oi_flush,long,2023-10-24 06:00:00,0.6282176604757277,2h_wick_r60_v2p0_oiN0p5,2.591301471709895,5.780205123634419
459803,263,459540,476244,176532.66314368136,True,True,False,2427.7,0.020996322335667283,459540,2377.7754600000003,0.08624938393297206,4.832360656122901,7.475329714267115,-0.007610872610216757,-0.01399896429429004,2h_upper_wick+oi_flush,long,2024-02-07 22:00:00,0.775751601774286,2h_wick_r60_v2p0_oiN0p5,2.139036748285053,4.156596156951396
513371,2567,510804,514048,45422.7901226714,False,True,False,2593.56,0.15352701768997057,510804,2991.741532,0.6684230334964258,-7.977277557512199,3.4593778804309236,-0.015025550905812035,-0.011670023601208057,2h_lower_wick+oi_flush,short,2024-08-11 22:00:00,0.015619119307488319,2h_wick_r60_v2p0_oiN0p5,1.9297011336310548,4.680704171780022
518027,571,517456,518370,33383.91070741514,False,True,False,2442.38,0.11918014313906933,517456,2733.4631980000004,0.6733001658374833,-23.096794652980208,-30.191775475283546,7.496332891965274e-05,-0.07780624707362671,2h_lower_wick+oi_flush,short,2024-08-28 02:00:00,0.07495854063018943,2h_wick_r60_v2p0_oiN0p5,0.8301926021131419,2.088588709427795
527795,487,527308,528850,49598.604560681444,False,True,False,2602.72,0.01591068881785196,527308,2644.1310679999997,0.6907619313424431,-3.493395203885573,-9.988035898064275,-0.008902230565224656,-0.006017392859225645,2h_lower_wick+oi_flush,short,2024-10-01 00:00:00,0.05833100753558815,2h_wick_r60_v2p0_oiN0p5,1.722004443626792,2.2457202222322596
529235,385,528850,529800,3812.8622120580403,False,True,False,2408.65,0.0051834984145819885,528850,2396.22915,0.0,0.7933355694842208,11.12307074689275,-0.014583035722513293,-0.013695327188021689,2h_upper_wick+oi_flush,long,2024-10-06 00:00:00,0.8580715059588361,2h_wick_r60_v2p0_oiN0p5,3.471476334761258,2.0379490825294484
530507,707,529800,530796,-1620.878174930811,False,False,False,2389.07,0.01001113655104291,529800,2412.987306,0.7134363852556476,-3.665990768187209,-5.190198642457366,-0.015855832967123007,-0.023779437055436614,2h_lower_wick+oi_flush,short,2024-10-10 10:00:00,0.0,2h_wick_r60_v2p0_oiN0p5,10.351360450524897,3.785743953480941
537539,938,536601,538173,26850.177959806402,False,True,False,2453.56,0.06358026051940846,536601,2609.557984,0.758828788556104,0.5430487083993931,-5.357488331217638,-0.008164304760358343,-0.011978144872594632,2h_lower_wick+oi_flush,short,2024-11-03 20:00:00,0.04023245417970882,2h_wick_r60_v2p0_oiN0p5,0.7814732848561492,2.3314117294999126
543299,5126,538173,551988,223327.4877437217,True,True,False,3399.98,0.3677955207432708,538173,2485.7370479999995,0.03254914598776061,2.6936124936882493,9.924617811566932,0.002894391681337538,-0.025332637937001135,2h_upper_wick+oi_flush,long,2024-11-23 20:00:00,0.7537866580728237,2h_wick_r60_v2p0_oiN0p5,10.811035121766569,4.608295088081581
555779,911,554868,556884,-54210.935336000985,False,False,True,3664.6,0.060511931641592076,554868,3455.500962,0.05276658116526319,-2.788284182892596,-1.2618677227120756,-0.0013852136209125954,-0.0051446418134853955,2h_upper_wick+oi_flush,long,2025-01-06 04:00:00,0.6295346280688907,2h_wick_r60_v2p0_oiN0p5,0.8233606883913631,3.1146100648079686
563747,239,563508,566964,95432.27353813092,False,True,False,2975.63,0.048502631039477384,563508,3119.955884,0.8374614910659268,-18.834818985719096,-30.157214749202513,-0.0067838466631220395,-0.01635759596880093,2h_lower_wick+oi_flush,short,2025-02-02 20:00:00,0.03314849044978498,2h_wick_r60_v2p0_oiN0p5,2.0330989620701203,5.583661732433802
570971,1086,569885,571759,123009.06667361094,True,True,False,2272.96,0.20420177653808258,569885,2737.1024700000003,0.7245989304812854,-0.1294002219243069,-6.982685268415722,0.005698524734193633,-0.00831249998473338,2h_lower_wick+oi_flush,short,2025-02-27 22:00:00,0.0,2h_wick_r60_v2p0_oiN0p5,6.269898334737944,4.9683544303797476
574187,1172,573015,575212,84737.91552441102,False,True,False,1853.33,0.16708158611796087,573015,2162.987316,0.7203312566479247,-19.54100290690586,-23.387583927574383,-0.012312696914067778,-0.03400886991772534,2h_lower_wick+oi_flush,short,2025-03-11 02:00:00,0.08463759307096254,2h_wick_r60_v2p0_oiN0p5,2.590064259722832,6.106869509926289
575891,155,575736,576594,-37415.57817728678,False,False,False,1888.66,0.005278979805788175,575736,1898.630198,0.8172678888231738,-4.835835642173229,0.5205466585703231,-0.0006290913514130914,-0.014983193020881358,2h_lower_wick+oi_flush,short,2025-03-17 00:00:00,0.014784151389710159,2h_wick_r60_v2p0_oiN0p5,1.5464838424362661,3.2780990655953963
578771,121,578650,580291,70873.5770020443,False,True,False,2007.52,0.013391168207539605,578650,2034.403038,0.7149321266968232,-8.171512416280923,-10.101064192882598,-0.012283390366465086,-0.04248051828783361,2h_lower_wick+oi_flush,short,2025-03-27 00:00:00,0.022624434389140365,2h_wick_r60_v2p0_oiN0p5,0.06059858068497377,9.191522964583879
582011,1246,580765,582726,120301.05474534782,True,True,False,1550.53,0.1903225348751718,580765,1845.6308000000001,0.6080830552465697,-22.46487594880719,-24.589617161753683,-0.005723202858905374,0.003445928205443538,2h_lower_wick+oi_flush,short,2025-04-07 06:00:00,0.3737486095661847,2h_wick_r60_v2p0_oiN0p5,0.15358158437043093,5.95391621267342
591179,595,590584,599220,289292.0533968997,True,True,False,2199.12,0.1952402319870894,590584,1839.897906,0.19899462645172644,31.906595331549347,39.63425002269226,0.005776249748538964,-0.01375413788809543,2h_upper_wick+oi_flush,long,2025-05-09 02:00:00,0.7431097243889788,2h_wick_r60_v2p0_oiN0p5,1.983618894714397,2.2255222367662633
600611,833,599778,603796,-107642.76290987968,False,False,True,2758.46,0.08698897143163209,599778,2537.7074399999997,0.034240150093809464,10.422198779167097,27.43804381527648,0.004401236204991887,-0.0161291373875605,2h_upper_wick+oi_flush,long,2025-06-10 20:00:00,0.6530644152595365,2h_wick_r60_v2p0_oiN0p5,3.9564806467560416,2.6276030737615956
603827,31,603796,604284,460.46536167361774,False,True,False,2305.0,0.0024068537960955094,603796,2310.547798,0.7786021505376377,-11.972130621562634,-14.22337950998331,-0.040658444941510385,-0.04244644251012808,2h_lower_wick+oi_flush,short,2025-06-22 00:00:00,0.06129032258064321,2h_wick_r60_v2p0_oiN0p5,22.397576359054053,6.769457680962107
609011,990,608021,631188,687933.1530731542,True,True,False,2769.59,0.09227457300134834,608021,2535.617022,0.11999999999999661,15.965011274043732,19.216271646090735,0.004217694651998283,-0.006473035052732001,2h_upper_wick+oi_flush,long,2025-07-10 00:00:00,0.6153488372093032,2h_wick_r60_v2p0_oiN0p5,0.5343895167440892,4.97801583094163
642971,263,642708,649044,291923.0081585888,True,True,False,3232.88,0.11433438729553846,642708,3602.5093540000003,0.8351573545583078,-31.242933817337416,-41.197616239467294,-0.011050013141845061,0.05740102214316334,2h_lower_wick+oi_flush,short,2025-11-04 22:00:00,0.10017280201078747,2h_wick_r60_v2p0_oiN0p5,7.4059504300030445,7.294452948588924
651827,886,650941,651829,143916.03504271363,True,True,False,3100.6,0.0841365335382247,650941,2859.97188,0.1967545638945223,-15.665916478599001,-4.633948556966985,-0.015039170134070523,-0.007223671689514544,2h_upper_wick+oi_flush,long,2025-12-05 16:00:00,0.6431469139379873,2h_wick_r60_v2p0_oiN0p5,1.9348678452651846,2.1905952799146613
651875,46,651829,652419,-10651.215894440655,False,False,False,3041.83,0.007570083140741035,651829,3064.856906,0.7510964912280708,-21.284582637274944,-12.302907750099266,-0.010637579136234865,-0.00555257228130368,2h_lower_wick+oi_flush,short,2025-12-05 20:00:00,0.2057291666666646,2h_wick_r60_v2p0_oiN0p5,3.793992755825318,2.2760505461002736
653147,728,652419,653371,140704.73586541507,True,True,False,3314.29,0.07609058965781101,652419,3079.935864,0.19384506544039695,12.236554184608508,23.60066379153809,-0.016202202466718663,-0.02617295838975342,2h_upper_wick+oi_flush,long,2025-12-10 06:00:00,0.7403608065086611,2h_wick_r60_v2p0_oiN0p5,2.8885038430536256,2.912267928649436
654515,1144,653371,654541,108124.89278371586,True,True,False,3075.05,0.06744715630640141,653371,3282.453378,0.7704805883359045,0.6387903111725244,-4.634282186627949,0.0007173160680717938,-0.008239487738495699,2h_lower_wick+oi_flush,short,2025-12-15 00:00:00,0.01060372840772863,2h_wick_r60_v2p0_oiN0p5,7.760273972602741,7.668101348866336
660611,3027,657584,661320,153802.9006437799,True,True,False,3185.98,0.07386192378043566,657584,2966.84325,0.08148677626875557,1.1215870839898585,2.374693443360414,-0.049772445350355965,-0.05689973265496884,2h_upper_wick+oi_flush,long,2026-01-05 04:00:00,0.6976411722658982,2h_wick_r60_v2p0_oiN0p5,4.692103694262278,4.063940227481113
667811,283,667528,670116,675483.4111797365,True,True,False,2740.13,0.07313586435680053,667528,2940.531776,0.8376121895220253,-23.073480175615344,-25.139974042429003,-0.040773684040331215,-0.037158380178017536,2h_lower_wick+oi_flush,short,2026-01-30 04:00:00,0.15341264871634172,2h_wick_r60_v2p0_oiN0p5,0.667780711116104,3.2777457537006462
678587,629,677958,678745,107714.94338189252,True,True,False,1943.67,0.05550819120529704,677958,2051.559606,0.6621184919210095,0.8969500080011343,-9.164722542088455,-0.024871861284450736,-0.02243700588661346,2h_lower_wick+oi_flush,short,2026-03-08 14:00:00,0.0,2h_wick_r60_v2p0_oiN0p5,2.814940435970749,2.397328975017511
684755,1090,683665,684789,175497.21646333812,True,True,False,1982.49,0.07953728896488754,683665,2140.17188,0.7587500000000001,0.7761186013651002,1.912390350332739,-0.010323563950591974,-0.019125774089366332,2h_lower_wick+oi_flush,short,2026-03-30 00:00:00,0.04339285714285828,2h_wick_r60_v2p0_oiN0p5,5.7595686531541,6.664894325612645
687035,276,686759,687192,3790.1846076501533,False,True,False,2137.75,0.024451081331586133,686759,2086.727262,0.028554778554766076,2.556466859316515,11.244826152469788,-0.01839656843607651,-0.027178480533052274,2h_upper_wick+oi_flush,long,2026-04-06 22:00:00,0.6305361305361454,2h_wick_r60_v2p0_oiN0p5,1.8170913365107595,2.9154817768596306
695939,231,695708,696325,21159.40111688059,False,True,False,2298.85,0.01607009939752513,695708,2335.7927480000003,0.6705959397511325,-5.934579015765706,-10.691729578598988,-0.008332072442635563,0.006444082353421532,2h_lower_wick+oi_flush,short,2026-05-07 20:00:00,0.12508185985594705,2h_wick_r60_v2p0_oiN0p5,12.963269695490139,4.776589877236749
705059,355,704704,705375,99040.20316329226,False,True,False,1672.08,0.03872553520512101,704704,1609.741884,0.17402597402597103,8.200686738079055,22.75006768204925,-0.017821868516823547,-0.020357907463573577,2h_upper_wick+oi_flush,long,2026-06-08 12:00:00,0.7522727272727308,2h_wick_r60_v2p0_oiN0p5,3.2662699971705234,2.855312905592235
24782,9095,15687,30375,2119.0179211623945,False,True,False,123.09,0.48065270939962623,15687,182.253542,0.6728167281672819,0.036815951818303105,-1.2806394393805176,nan,nan,2h_lower_wick+macd_bull_cross_2h,short,2019-12-18 14:00:00,0.17589175891758838,2h_wick_r60_v2p0_macd2h,3.4910326549949624,5.4264920236371035
72122,11130,60992,95701,15339.936809933251,False,True,False,238.76,0.36375832694521426,60992,175.075008,0.2243589743589795,-0.09275141578551782,1.4887625581584087,nan,nan,2h_upper_wick+macd_bear_cross_2h,long,2020-05-31 08:00:00,0.66025641025641,2h_wick_r60_v2p0_macd2h,1.8647361179191293,2.4840904082160296
243247,2783,240464,246224,39124.28035168933,False,True,False,3355.67,0.015170904171149191,240464,3406.5785480000004,0.6015015015015043,0.4252488253475182,1.6118178218481845,0.0010158956929167129,-0.012592288261484064,2h_lower_wick+macd_bull_cross_2h,short,2022-01-16 16:00:00,0.2039039039039017,2h_wick_r60_v2p0_macd2h,2.2087909357229574,2.3054067193061147
522083,643,521440,522161,-592.6942429088522,False,False,False,2344.58,0.012325767635807505,521440,2316.0331140000003,0.003798670465333687,-0.38371660442170175,9.524442021093975,0.008982281833326722,0.018778711382298363,2h_upper_wick+macd_bear_cross_2h,long,2024-09-11 04:00:00,0.616809116809108,2h_wick_r60_v2p0_macd2h,1.779931510385297,2.0974027285691776
537539,938,536601,538173,26850.177959806402,False,True,False,2453.56,0.06358026051940846,536601,2609.557984,0.758828788556104,0.5430487083993931,-5.357488331217638,-0.008164304760358343,-0.011978144872594632,2h_lower_wick+macd_bull_cross_2h,short,2024-11-03 20:00:00,0.04023245417970882,2h_wick_r60_v2p0_macd2h,0.7814732848561492,2.3314117294999126
618011,9990,608021,631188,687933.1530731542,True,True,False,4225.02,0.6662689843703062,608021,2535.617022,0.20550718768982543,-5.074554586615335,24.217585571556796,-0.014453897539021265,-0.004930627782332664,2h_upper_wick+macd_bear_cross_2h,long,2025-08-10 06:00:00,0.6936626847539986,2h_wick_r60_v2p0_macd2h,2.684188152968298,2.2526059674346754
29414,13727,15687,30375,2119.0179211623945,False,True,False,132.31,0.377473675459149,15687,182.253542,0.7475728155339897,0.6044609382969327,0.15349325719913146,nan,nan,2h_lower_wick+macd_bull_cross_4h,short,2020-01-03 16:00:00,0.0,2h_wick_r60_v2p0_macd4h,1.0769210806580887,2.213039968327904
453683,25795,427888,455796,131352.1926257087,True,True,False,2540.69,0.6105846914158679,427888,1577.495436,0.05120990433315041,-3.2652143983011417,-1.1825258118977136,-0.010394460821776419,-0.012532675251724412,2h_upper_wick+macd_bear_cross_4h,long,2024-01-17 16:00:00,0.9063027574563891,2h_wick_r60_v2p0_macd4h,1.1148383397291695,2.329149526984556
651827,886,650941,651829,143916.03504271363,True,True,False,3100.6,0.0841365335382247,650941,2859.97188,0.1967545638945223,-15.665916478599001,-4.633948556966985,-0.015039170134070523,-0.007223671689514544,2h_upper_wick+macd_bear_cross_4h,long,2025-12-05 16:00:00,0.6431469139379873,2h_wick_r60_v2p0_macd4h,1.9348678452651846,2.1905952799146613
2198,216,1982,2899,-52.4497206046708,False,False,False,182.81,0.05600557725293398,1982,173.114616,0.03058103975534985,1.2906614389237512,2.067772775092878,nan,nan,2h_upper_wick,long,2019-10-01 04:00:00,0.8501529051987744,2h_wick_r75_v1p5,2.741139182028035,3.3006243782211206
4166,139,4027,5104,528.8814636934749,False,True,False,179.94,0.022007721389313062,4027,176.065206,0.14767932489451208,1.018906942772719,0.8279234149865703,nan,nan,2h_upper_wick,long,2019-10-08 00:00:00,0.7890295358649793,2h_wick_r75_v1p5,6.053139243840337,4.716920429964381
5462,358,5104,6094,20.200317302334952,False,True,False,183.13,0.014103915251460819,5104,185.71285,0.7753623188405819,-0.1832130859050105,-1.191908798782818,nan,nan,2h_lower_wick,short,2019-10-12 12:00:00,0.16666666666667695,2h_wick_r75_v1p5,0.6428680461218274,1.6829871182778
12614,209,12405,12871,-44.11552014380868,False,False,False,192.43,0.019400846159385754,12405,188.767746,0.02285714285715455,0.408302179131097,0.7783250445597194,nan,nan,2h_upper_wick,long,2019-11-06 08:00:00,0.971428571428565,2h_wick_r75_v1p5,1.0887649649400055,1.6718017626327455
13286,415,12871,13737,47.644783237674346,False,True,False,183.04,0.0273294580419583,12871,188.04238400000003,0.7674418604651129,-0.47363614430004375,-0.8323454760035048,nan,nan,2h_lower_wick,short,2019-11-08 16:00:00,0.06395348837208448,2h_wick_r75_v1p5,4.211134867058726,8.023827781700628
16238,551,15687,30375,2119.0179211623945,False,True,False,178.56,0.020685159050179314,15687,182.253542,0.8484848484848563,-0.5984770636372551,-0.20743955770859746,nan,nan,2h_lower_wick,short,2019-11-18 22:00:00,0.07575757575757185,2h_wick_r75_v1p5,1.0545925835176384,2.143973741703585
51566,2759,48807,55344,3600.431091184704,False,True,False,142.28,0.41291668540905246,48807,201.029786,0.7750511247443774,1.1736148030972258,3.942363877637505,nan,nan,2h_lower_wick,short,2020-03-20 14:00:00,0.0,2h_wick_r75_v1p5,4.068850978162277,5.8491864619686025
62978,1986,60992,95701,15339.936809933251,False,True,False,208.01,0.18811932311892288,60992,175.075008,0.0734177215189922,1.2842694571810067,0.6934382832830552,nan,nan,2h_upper_wick,long,2020-04-29 14:00:00,0.9139240506329109,2h_wick_r75_v1p5,31.006893008929744,9.706087311439529
113230,3383,109847,136783,37135.1622576107,False,True,False,395.21,0.08178003012987722,109847,365.333052,0.0,2.3575043672731715,1.3730472401390386,0.009549093174768819,0.04474222757982682,2h_upper_wick,long,2020-10-21 18:00:00,0.7673545966228976,2h_wick_r75_v1p5,2.035761225856294,5.247266529167034
151444,455,150989,172818,71695.46912793306,False,True,False,1605.52,0.018126726927197856,150989,1576.9353239999998,0.07913802712242238,6.915002225938,13.785039894367316,-0.009402807337354768,-0.02175012962237044,2h_upper_wick,long,2021-03-03 14:00:00,0.9000557310050137,2h_wick_r75_v1p5,4.223717790030381,2.212807687485675
197743,5087,192656,209936,34274.426910554714,False,True,False,3227.97,0.4787012082678812,192656,2182.9765079999997,0.14721657111151515,3.6841656873733584,-1.8852191806315375,0.044723475282364866,0.042931922286615576,2h_upper_wick,long,2021-08-11 16:00:00,0.7760310708341088,2h_wick_r75_v1p5,1.5097210986638163,1.7927085542271806
216607,4079,212528,231248,31590.289119135792,False,True,False,3842.23,0.16252926632927855,212528,3305.06088,0.03193353303566179,-5.06580526504456,14.519285262300784,0.01505787386145152,0.009681296218749802,2h_upper_wick,long,2021-10-16 04:00:00,0.8917085853162274,2h_wick_r75_v1p5,0.2754869486741486,2.866916313088036
240535,71,240464,246224,39124.28035168933,False,True,False,3223.65,0.05674578443689615,240464,3406.5785480000004,0.768578694546484,-12.482741747723267,-41.600965710923674,-0.023474849843280188,-0.022581230549700737,2h_lower_wick,short,2022-01-07 06:00:00,0.18121880003767402,2h_wick_r75_v1p5,0.8205897217939879,3.4702146293976273
251839,259,251580,252179,4424.30129698629,False,True,False,3090.64,0.044459165182535676,251580,2959.0816979999995,0.10910354412786138,23.573301076331152,27.186881994519112,0.024631209412173893,0.018894136643361037,2h_upper_wick,long,2022-02-15 12:00:00,0.858929812369704,2h_wick_r75_v1p5,1.6657767249601152,1.5157457090624813
264553,2754,261799,266378,9453.885492086352,False,True,False,3339.94,0.12680772118282757,261799,2964.072696,0.08057692307692413,-9.2771215708561,-14.745585510510736,0.02909019532712076,0.04396532877482162,2h_upper_wick,long,2022-03-31 16:00:00,0.8275000000000039,2h_wick_r75_v1p5,0.8715340358326238,3.190429392574009
275833,1732,274101,277466,25933.17423582128,False,True,False,2297.85,0.20220092434232018,274101,2762.4773940000005,0.8235763097949863,-14.243502702600807,-23.338679012192344,-0.05519633506887356,-0.1022642126800839,2h_lower_wick,short,2022-05-09 20:00:00,0.07323462414578905,2h_wick_r75_v1p5,2.609612935951718,2.3662562350613383
280657,795,279862,281661,9503.979987315004,False,True,False,1814.6,0.09615458172600033,279862,1989.082104,0.8181237354914265,-15.19261499815152,-12.540900275009491,0.02920225202119564,0.07830238713273596,2h_lower_wick,short,2022-05-26 14:00:00,0.16856564796081505,2h_wick_r75_v1p5,9.816614263411651,6.585640382072367
285721,1769,283952,286538,43704.53024715526,False,True,False,1356.24,0.31276458738866264,283952,1780.423844,0.7906547802028911,-4.7950107898050405,-17.13495952504391,-0.006282222178544239,-0.01244760033818193,2h_lower_wick,short,2022-06-13 04:00:00,0.1357208730402695,2h_wick_r75_v1p5,4.334563100110317,4.376138122823776
290377,507,289870,291864,16756.747354300227,False,True,False,1133.53,0.05238623591788483,289870,1192.91137,0.9098039215686319,-6.139459357208647,-11.777741188577952,0.0006251922729705317,-0.015820019779788197,2h_lower_wick,short,2022-06-29 08:00:00,0.059313725490197595,2h_wick_r75_v1p5,1.0641348456736,2.2202811443625037
301369,860,300509,302229,4914.057706488122,False,True,False,1713.89,0.019428570901065312,300509,1681.2261780000001,0.04560622914350183,2.145060482211605,9.80785586402132,-0.009903180855840854,-0.027047661751606222,2h_upper_wick,long,2022-08-06 12:00:00,0.8609566184649612,2h_wick_r75_v1p5,0.13756526320257356,2.5099396320899414
316009,220,315789,316243,-17402.501966663054,False,False,False,1295.97,0.005848312846747916,315789,1303.549238,0.7613584212941692,-2.248482889993493,-1.0049732703411305,0.005421254293131339,-0.0006918618532232301,2h_lower_wick,short,2022-09-26 08:00:00,0.18494722349701603,2h_wick_r75_v1p5,1.3405599716500516,2.6390787348369256
324241,1244,322997,325224,33405.54589574665,False,True,False,1346.0,0.0282330520249654,322997,1309.0417559999999,0.023972602739719948,-1.0482144078603817,3.093710658688213,0.0016874636350634464,0.00791447751008234,2h_upper_wick,long,2022-10-24 22:00:00,0.8561643835616491,2h_wick_r75_v1p5,1.5195093433139129,2.263647431749903
327337,548,326789,327744,777.154318366549,False,True,False,1615.6,0.0017407732305578794,326789,1612.792494,0.0,9.319415678304889,5.4912390407513865,0.018133087341942744,0.025716350849351866,2h_upper_wick,long,2022-11-04 16:00:00,0.9993392798149952,2h_wick_r75_v1p5,3.969203260959787,4.683658369074991
328297,553,327744,329053,46202.53407956901,False,True,False,1573.07,0.02879481650530491,327744,1618.366262,0.7821083890126233,-0.8954564747452469,-5.656375971096081,0.006533579290972424,0.013374885369989764,2h_lower_wick,short,2022-11-08 00:00:00,0.0,2h_wick_r75_v1p5,1.3257307620441063,3.2803697294941006
331753,23,331730,332258,-29656.570866496942,False,False,False,1219.5,0.001672786160468842,331730,1217.463444,0.0587889476778366,1.4841528398672161,2.929893608942635,-0.005979108983949932,-0.00033186963335551933,2h_upper_wick,long,2022-11-20 00:00:00,0.8071722516166976,2h_wick_r75_v1p5,3.9625898240940565,5.577380259602165
336121,41,336080,336736,-11670.57038575114,False,False,False,1290.46,0.0017795960960613755,336080,1288.167582,0.13496932515336532,3.7374197561400675,-0.6795993223103398,0.009813470839951544,0.014090588667184933,2h_upper_wick,long,2022-12-05 04:00:00,0.8478527607361926,2h_wick_r75_v1p5,3.3742777293092994,5.54527483147663
349633,4155,345478,355572,49025.1805000442,False,True,False,1655.74,0.3151944244894307,345478,1258.931736,0.14019079220240943,12.724334873700503,7.10383330047549,0.005664062059058228,-0.05285034472941619,2h_upper_wick,long,2023-01-21 02:00:00,0.8025715470759035,2h_wick_r75_v1p5,0.9759480768210045,1.7198508329332896
360083,4024,356059,362196,2902.577303465514,False,True,False,1604.23,0.036257643579793664,356059,1548.099558,0.05255140898705627,3.1206563410523387,0.8353272799500537,-0.009864601832165865,-0.0074998409457364135,2h_upper_wick,long,2023-02-26 16:00:00,0.8202589489718121,2h_wick_r75_v1p5,0.8162343956283429,1.7902748521959493
363371,311,363060,364212,-8797.535740603402,False,False,False,1429.97,0.07157036581187026,363060,1532.313476,0.7813565744600243,-11.79501533401848,-9.170702143145297,-0.010030448624451349,0.02268872463439231,2h_lower_wick,short,2023-03-10 02:00:00,0.0299355816597181,2h_wick_r75_v1p5,6.438087286963676,3.922211290113962
373307,9094,364213,381204,46971.89962416631,False,True,False,1991.78,0.2631342837195816,364213,1576.855308,0.012178619756426744,9.511570772959526,6.532268432843043,0.04368049505558824,0.08190748629005351,2h_upper_wick,long,2023-04-13 14:00:00,0.754623364907531,2h_wick_r75_v1p5,1.3496200625299777,2.3589321110282264
409787,71,409716,415082,8149.520137668995,False,True,False,1682.91,0.002817977194264687,409716,1687.652402,0.7722308892355758,-9.606207856794011,-14.96627562526534,0.005969929716420408,0.006364593470105984,2h_lower_wick,short,2023-08-18 06:00:00,0.005720228809147158,2h_wick_r75_v1p5,0.867851031152384,2.202009155467693
415787,705,415082,415885,-4457.51111620228,False,False,False,1648.08,0.0037527335753861912,415082,1641.9183179999998,0.19940476190476583,1.7442069197018837,2.0464957269208943,0.004375910645286973,0.009849997704507008,2h_upper_wick,long,2023-09-08 02:00:00,0.7529761904761962,2h_wick_r75_v1p5,2.949881100668101,1.86450777302835
424907,391,424516,426094,13005.089737643139,False,True,False,1583.43,0.026931863107305,424516,1626.07472,0.8591370558375616,-5.155707826703083,-4.138981555026959,-0.03422714015021311,-0.028978284344563177,2h_lower_wick,short,2023-10-09 18:00:00,0.09454314720812246,2h_wick_r75_v1p5,3.2964077938867855,6.942638614522463
426875,781,426094,427152,3213.8175412995042,False,True,False,1580.24,0.01562989129470793,426094,1555.921122,0.004953693732500923,2.5282712936873226,4.856767869641098,9.36438670615658e-05,0.0009245466420519932,2h_upper_wick,long,2023-10-16 14:00:00,0.9420633211285796,2h_wick_r75_v1p5,44.415228982099045,29.677607811010084
432299,4411,427888,455796,131352.1926257087,True,True,False,1837.09,0.16456121398249168,427888,1577.495436,0.0,3.4732614084765814,0.9528153060799021,0.0065181775735414504,0.011464748693807536,2h_upper_wick,long,2023-11-04 10:00:00,0.8091715976331412,2h_wick_r75_v1p5,3.942693513470463,3.2733729939368414
459803,263,459540,476244,176532.66314368136,True,True,False,2427.7,0.020996322335667283,459540,2377.7754600000003,0.08624938393297206,4.832360656122901,7.475329714267115,-0.007610872610216757,-0.01399896429429004,2h_upper_wick,long,2024-02-07 22:00:00,0.775751601774286,2h_wick_r75_v1p5,2.139036748285053,4.156596156951396
517067,441,516626,517456,14924.732541245874,False,True,False,2775.67,0.04619858363948892,516626,2653.100514,0.015663498768037135,0.709819071146427,12.803754986359014,0.005014138160278625,0.009947895338295654,2h_upper_wick,long,2024-08-24 18:00:00,0.7696233720520924,2h_wick_r75_v1p5,6.28942596298149,8.650856069042318
528635,1327,527308,528850,49598.604560681444,False,True,False,2353.46,0.12350797039252837,527308,2644.1310679999997,0.9155722326454079,3.4306245910392335,-12.35892521529837,-0.005024794247871722,-0.011492394330611,2h_lower_wick,short,2024-10-03 22:00:00,0.0,2h_wick_r75_v1p5,1.9316072573228171,1.6670489222336684
528875,25,528850,529800,3812.8622120580403,False,True,False,2414.73,0.007720818353286418,528850,2396.22915,0.0821029888368652,13.017613889769027,6.962850864880721,-0.018307996428690743,6.396330979097087e-06,2h_upper_wick,long,2024-10-04 18:00:00,0.9110550954267266,2h_wick_r75_v1p5,1.971487672611394,1.8998607660596798
534059,210,533849,535544,25782.971014758397,False,True,False,2626.71,0.006853041256933423,533849,2644.710952,0.8611374407582825,-6.807811454951101,-11.39307755496106,0.002734246982178945,0.017800170282969097,2h_lower_wick,short,2024-10-22 18:00:00,0.049763033175363215,2h_wick_r75_v1p5,2.4143026711692235,2.35048119933852
535859,315,535544,536601,20617.715211163973,False,True,False,2561.62,0.019155731442998203,535544,2513.472594,0.0,6.036766550090397,11.135684872118938,0.009057973906328565,0.02012241957180594,2h_upper_wick,long,2024-10-29 00:00:00,0.8800872093023354,2h_wick_r75_v1p5,0.7383373703821793,1.732681674509481
537539,938,536601,538173,26850.177959806402,False,True,False,2453.56,0.06358026051940846,536601,2609.557984,0.758828788556104,0.5430487083993931,-5.357488331217638,-0.008164304760358343,-0.011978144872594632,2h_lower_wick,short,2024-11-03 20:00:00,0.04023245417970882,2h_wick_r75_v1p5,0.7814732848561492,2.3314117294999126
543299,5126,538173,551988,223327.4877437217,True,True,False,3399.98,0.3677955207432708,538173,2485.7370479999995,0.03254914598776061,2.6936124936882493,9.924617811566932,0.002894391681337538,-0.025332637937001135,2h_upper_wick,long,2024-11-23 20:00:00,0.7537866580728237,2h_wick_r75_v1p5,10.811035121766569,4.608295088081581
563747,239,563508,566964,95432.27353813092,False,True,False,2975.63,0.048502631039477384,563508,3119.955884,0.8374614910659268,-18.834818985719096,-30.157214749202513,-0.0067838466631220395,-0.01635759596880093,2h_lower_wick,short,2025-02-02 20:00:00,0.03314849044978498,2h_wick_r75_v1p5,2.0330989620701203,5.583661732433802
573875,860,573015,575212,84737.91552441102,False,True,False,2030.53,0.065232878115566,573015,2162.987316,0.7500642178268673,-16.28697448210207,-13.222942993730658,-0.007621792098534419,-0.0034957044534733583,2h_lower_wick,short,2025-03-10 00:00:00,0.020806575905470043,2h_wick_r75_v1p5,1.4073906995977596,1.5905791988387799
575891,155,575736,576594,-37415.57817728678,False,False,False,1888.66,0.005278979805788175,575736,1898.630198,0.8172678888231738,-4.835835642173229,0.5205466585703231,-0.0006290913514130914,-0.014983193020881358,2h_lower_wick,short,2025-03-17 00:00:00,0.014784151389710159,2h_wick_r75_v1p5,1.5464838424362661,3.2780990655953963
593099,2515,590584,599220,289292.0533968997,True,True,False,2566.58,0.3949578352311034,590584,1839.897906,0.0,-8.575075532606988,-19.739630310975087,0.0027216183824816387,-0.018116100533610235,2h_upper_wick,long,2025-05-15 18:00:00,0.7639111518204733,2h_wick_r75_v1p5,0.5219526688212075,2.0670701069386337
603827,31,603796,604284,460.46536167361774,False,True,False,2305.0,0.0024068537960955094,603796,2310.547798,0.7786021505376377,-11.972130621562634,-14.22337950998331,-0.040658444941510385,-0.04244644251012808,2h_lower_wick,short,2025-06-22 00:00:00,0.06129032258064321,2h_wick_r75_v1p5,22.397576359054053,6.769457680962107
620411,12390,608021,631188,687933.1530731542,True,True,False,4288.0,0.6911071201982175,608021,2535.617022,0.04726217816994893,-20.08000060239403,-27.628905589540572,0.00235094996178864,-0.009419982252744541,2h_upper_wick,long,2025-08-18 14:00:00,0.9395624320077357,2h_wick_r75_v1p5,2.375447401982968,2.6156505128146814
633299,671,632628,636372,-32107.348223629175,False,False,False,4384.62,0.0415338937330223,632628,4209.771786,0.1811579165801958,9.838677650142309,22.74278002455872,0.013392820716552567,0.011295980698042163,2h_upper_wick,long,2025-10-02 08:00:00,0.7626063498651235,2h_wick_r75_v1p5,1.4319686427486356,3.226247694103179
642971,263,642708,649044,291923.0081585888,True,True,False,3232.88,0.11433438729553846,642708,3602.5093540000003,0.8351573545583078,-31.242933817337416,-41.197616239467294,-0.011050013141845061,0.05740102214316334,2h_lower_wick,short,2025-11-04 22:00:00,0.10017280201078747,2h_wick_r75_v1p5,7.4059504300030445,7.294452948588924
651443,502,650941,651829,143916.03504271363,True,True,False,3187.83,0.11463683342229225,650941,2859.97188,0.1197786998616866,8.528504079664529,32.716777930117686,-0.017318593551806316,-0.028489800134231524,2h_upper_wick,long,2025-12-04 08:00:00,0.8060857538036007,2h_wick_r75_v1p5,2.006341123039822,1.7177561016119918
651875,46,651829,652419,-10651.215894440655,False,False,False,3041.83,0.007570083140741035,651829,3064.856906,0.7510964912280708,-21.284582637274944,-12.302907750099266,-0.010637579136234865,-0.00555257228130368,2h_lower_wick,short,2025-12-05 20:00:00,0.2057291666666646,2h_wick_r75_v1p5,3.793992755825318,2.2760505461002736
654515,1144,653371,654541,108124.89278371586,True,True,False,3075.05,0.06744715630640141,653371,3282.453378,0.7704805883359045,0.6387903111725244,-4.634282186627949,0.0007173160680717938,-0.008239487738495699,2h_lower_wick,short,2025-12-15 00:00:00,0.01060372840772863,2h_wick_r75_v1p5,7.760273972602741,7.668101348866336
662003,683,661320,662399,50802.65100579942,False,True,False,3092.56,0.02689187210595767,661320,3175.724728,0.7956204379561946,1.203130689220881,-8.724111063065504,-0.0006095907282824831,0.010390166666130796,2h_lower_wick,short,2026-01-10 00:00:00,0.16144267926149525,2h_wick_r75_v1p5,3.322179416620804,1.9379583429515064
664547,68,664479,664944,-132394.75720662205,False,False,True,3345.02,0.0009251389517861419,664479,3341.928252,0.11255961844197088,3.2355759947729403,-1.1118919444554791,0.03296441274095896,0.04215866521278411,2h_upper_wick,long,2026-01-18 20:00:00,0.7535771065182816,2h_wick_r75_v1p5,4.380723216262259,4.611963190184049
667811,283,667528,670116,675483.4111797365,True,True,False,2740.13,0.07313586435680053,667528,2940.531776,0.8376121895220253,-23.073480175615344,-25.139974042429003,-0.040773684040331215,-0.037158380178017536,2h_lower_wick,short,2026-01-30 04:00:00,0.15341264871634172,2h_wick_r75_v1p5,0.667780711116104,3.2777457537006462
678491,533,677958,678745,107714.94338189252,True,True,False,1950.59,0.05176362331397155,677958,2051.559606,0.8965672990063255,0.011367542708438094,-11.578316163902514,-0.002665855865926381,-0.003271032132535101,2h_lower_wick,short,2026-03-08 06:00:00,0.07407407407407826,2h_wick_r75_v1p5,1.6903764707540454,1.9332887524564129
684755,1090,683665,684789,175497.21646333812,True,True,False,1982.49,0.07953728896488754,683665,2140.17188,0.7587500000000001,0.7761186013651002,1.912390350332739,-0.010323563950591974,-0.019125774089366332,2h_lower_wick,short,2026-03-30 00:00:00,0.04339285714285828,2h_wick_r75_v1p5,5.7595686531541,6.664894325612645
685547,758,684789,685646,78668.204007864,False,True,False,2127.77,0.043506502388237944,684789,2039.05773,0.03738317757009314,1.8987040584760777,12.072450988999176,0.023110107454972884,0.003410330301494735,2h_upper_wick,long,2026-04-01 18:00:00,0.9072798819478605,2h_wick_r75_v1p5,1.8845578473593887,1.5315459736582846
686651,1005,685646,686759,-10664.777364131529,False,False,False,2040.83,0.019748675783872294,685646,2081.13369,0.9336283185840806,-1.3339220581032682,-1.8987174350460632,0.002715676095890407,-0.003075229639264765,2h_lower_wick,short,2026-04-05 14:00:00,0.01603982300884761,2h_wick_r75_v1p5,1.5686832740213525,2.7100264640600993
695555,1544,694011,695708,72878.66758759832,False,True,False,2408.62,0.05317547061097927,694011,2287.00731,0.1012658227848032,1.4647170703066799,1.7995578594100365,0.03272587446853792,0.03810837986500348,2h_upper_wick,long,2026-05-06 12:00:00,0.841772151898736,2h_wick_r75_v1p5,1.658175500122103,2.185866466169891
700331,86,700245,702222,88887.55997676263,False,True,False,2069.35,0.01260339236958452,700245,2095.43083,0.7957317073170799,-7.37168548372336,-3.8095839575797914,0.008951719332637387,0.013934189656105378,2h_lower_wick,short,2026-05-23 02:00:00,0.06524390243903401,2h_wick_r75_v1p5,0.582988659348321,1.8102001030683939
704411,1628,702783,704704,687331.854913211,True,True,False,1576.92,0.27211191182812056,702783,2006.018716,0.7702265372168269,-2.140679946994041,-16.793529827881997,0.041325193381624103,0.031790489431894775,2h_lower_wick,short,2026-06-06 06:00:00,0.0,2h_wick_r75_v1p5,1.0146582508504864,2.257193961227837
705059,355,704704,705375,99040.20316329226,False,True,False,1672.08,0.03872553520512101,704704,1609.741884,0.17402597402597103,8.200686738079055,22.75006768204925,-0.017821868516823547,-0.020357907463573577,2h_upper_wick,long,2026-06-08 12:00:00,0.7522727272727308,2h_wick_r75_v1p5,3.2662699971705234,2.855312905592235
115846,5999,109847,136783,37135.1622576107,False,True,False,382.62,0.047318324759731745,109847,365.333052,0.009999999999990905,0.0767989891562304,-0.5790598650444316,-0.04568302589748263,-0.06692172604114399,2h_upper_wick+oi_flush,long,2020-10-30 20:00:00,0.7699999999999818,2h_wick_r75_v1p5_oi0,4.47222376160214,3.016214925688468
151444,455,150989,172818,71695.46912793306,False,True,False,1605.52,0.018126726927197856,150989,1576.9353239999998,0.07913802712242238,6.915002225938,13.785039894367316,-0.009402807337354768,-0.02175012962237044,2h_upper_wick+oi_flush,long,2021-03-03 14:00:00,0.9000557310050137,2h_wick_r75_v1p5_oi0,4.223717790030381,2.212807687485675
201751,9095,192656,209936,34274.426910554714,False,True,False,3116.22,0.4275096358480832,192656,2182.9765079999997,0.08937960042060954,-14.325100003496914,-23.046049311192846,-0.009952314095253434,-0.02699126640689198,2h_upper_wick+oi_flush,long,2021-08-25 14:00:00,0.768243953732914,2h_wick_r75_v1p5_oi0,1.932476582841508,1.7234862058159421
227647,15119,212528,231248,31590.289119135792,False,True,False,4148.62,0.25523255111718246,212528,3305.06088,0.005444311156225396,-1.3850649646600388,-12.830592529587989,-0.011472972400868975,-0.026785306638946738,2h_upper_wick+oi_flush,long,2021-11-23 12:00:00,0.7548214450493703,2h_wick_r75_v1p5_oi0,1.3136432665546256,2.924834549830291
240535,71,240464,246224,39124.28035168933,False,True,False,3223.65,0.05674578443689615,240464,3406.5785480000004,0.768578694546484,-12.482741747723267,-41.600965710923674,-0.023474849843280188,-0.022581230549700737,2h_lower_wick+oi_flush,short,2022-01-07 06:00:00,0.18121880003767402,2h_wick_r75_v1p5_oi0,0.8205897217939879,3.4702146293976273
275833,1732,274101,277466,25933.17423582128,False,True,False,2297.85,0.20220092434232018,274101,2762.4773940000005,0.8235763097949863,-14.243502702600807,-23.338679012192344,-0.05519633506887356,-0.1022642126800839,2h_lower_wick+oi_flush,short,2022-05-09 20:00:00,0.07323462414578905,2h_wick_r75_v1p5_oi0,2.609612935951718,2.3662562350613383
285721,1769,283952,286538,43704.53024715526,False,True,False,1356.24,0.31276458738866264,283952,1780.423844,0.7906547802028911,-4.7950107898050405,-17.13495952504391,-0.006282222178544239,-0.01244760033818193,2h_lower_wick+oi_flush,short,2022-06-13 04:00:00,0.1357208730402695,2h_wick_r75_v1p5_oi0,4.334563100110317,4.376138122823776
290377,507,289870,291864,16756.747354300227,False,True,False,1133.53,0.05238623591788483,289870,1192.91137,0.9098039215686319,-6.139459357208647,-11.777741188577952,0.0006251922729705317,-0.015820019779788197,2h_lower_wick+oi_flush,short,2022-06-29 08:00:00,0.059313725490197595,2h_wick_r75_v1p5_oi0,1.0641348456736,2.2202811443625037
301369,860,300509,302229,4914.057706488122,False,True,False,1713.89,0.019428570901065312,300509,1681.2261780000001,0.04560622914350183,2.145060482211605,9.80785586402132,-0.009903180855840854,-0.027047661751606222,2h_upper_wick+oi_flush,long,2022-08-06 12:00:00,0.8609566184649612,2h_wick_r75_v1p5_oi0,0.13756526320257356,2.5099396320899414
316009,220,315789,316243,-17402.501966663054,False,False,False,1295.97,0.005848312846747916,315789,1303.549238,0.7613584212941692,-2.248482889993493,-1.0049732703411305,0.005421254293131339,-0.0006918618532232301,2h_lower_wick+oi_flush,short,2022-09-26 08:00:00,0.18494722349701603,2h_wick_r75_v1p5_oi0,1.3405599716500516,2.6390787348369256
324505,1508,322997,325224,33405.54589574665,False,True,False,1474.88,0.12668674871514196,322997,1309.0417559999999,0.05902319441825591,12.955512767550433,10.756350987147037,-0.09886515698613252,-0.09046878385592305,2h_upper_wick+oi_flush,long,2022-10-25 20:00:00,0.8936451065434641,2h_wick_r75_v1p5_oi0,19.93403829287263,12.85076506393515
328561,817,327744,329053,46202.53407956901,False,True,False,1328.45,0.2182364876359666,327744,1618.366262,0.775879917184265,-19.771081554556773,-24.32190456967323,-0.09776867773684983,-0.159512680281503,2h_lower_wick+oi_flush,short,2022-11-08 22:00:00,0.18771566597653339,2h_wick_r75_v1p5_oi0,1.4235033752543136,11.503605731482486
331753,23,331730,332258,-29656.570866496942,False,False,False,1219.5,0.001672786160468842,331730,1217.463444,0.0587889476778366,1.4841528398672161,2.929893608942635,-0.005979108983949932,-0.00033186963335551933,2h_upper_wick+oi_flush,long,2022-11-20 00:00:00,0.8071722516166976,2h_wick_r75_v1p5_oi0,3.9625898240940565,5.577380259602165
336193,113,336080,336736,-11670.57038575114,False,False,False,1294.38,0.004822678420733695,336080,1288.167582,0.035384615384618186,3.9486209465457707,0.7012985980251623,-0.001312398003525117,0.006428613210456735,2h_upper_wick+oi_flush,long,2022-12-05 10:00:00,0.7823076923076979,2h_wick_r75_v1p5_oi0,1.2003538316671563,4.687375367098177
349633,4155,345478,355572,49025.1805000442,False,True,False,1655.74,0.3151944244894307,345478,1258.931736,0.14019079220240943,12.724334873700503,7.10383330047549,0.005664062059058228,-0.05285034472941619,2h_upper_wick+oi_flush,long,2023-01-21 02:00:00,0.8025715470759035,2h_wick_r75_v1p5_oi0,0.9759480768210045,1.7198508329332896
360083,4024,356059,362196,2902.577303465514,False,True,False,1604.23,0.036257643579793664,356059,1548.099558,0.05255140898705627,3.1206563410523387,0.8353272799500537,-0.009864601832165865,-0.0074998409457364135,2h_upper_wick+oi_flush,long,2023-02-26 16:00:00,0.8202589489718121,2h_wick_r75_v1p5_oi0,0.8162343956283429,1.7902748521959493
363371,311,363060,364212,-8797.535740603402,False,False,False,1429.97,0.07157036581187026,363060,1532.313476,0.7813565744600243,-11.79501533401848,-9.170702143145297,-0.010030448624451349,0.02268872463439231,2h_lower_wick+oi_flush,short,2023-03-10 02:00:00,0.0299355816597181,2h_wick_r75_v1p5_oi0,6.438087286963676,3.922211290113962
374243,10030,364213,381204,46971.89962416631,False,True,False,2103.8,0.33417440986919034,364213,1576.855308,0.04326047358834444,-3.0668252939824434,-6.069199317610035,-0.006464994396483181,-0.005272008714794829,2h_upper_wick+oi_flush,long,2023-04-16 20:00:00,0.859517304189434,2h_wick_r75_v1p5_oi0,3.843902532883715,2.841401153598146
414995,5279,409716,415082,8149.520137668995,False,True,False,1625.79,0.03805067198100609,409716,1687.652402,0.9161073825503361,-0.39910824242884857,0.27296642376273006,-0.002071330779091607,0.0041516143493693924,2h_lower_wick+oi_flush,short,2023-09-05 08:00:00,0.05033557046979072,2h_wick_r75_v1p5_oi0,0.5207647387711996,2.6194814225106566
424907,391,424516,426094,13005.089737643139,False,True,False,1583.43,0.026931863107305,424516,1626.07472,0.8591370558375616,-5.155707826703083,-4.138981555026959,-0.03422714015021311,-0.028978284344563177,2h_lower_wick+oi_flush,short,2023-10-09 18:00:00,0.09454314720812246,2h_wick_r75_v1p5_oi0,3.2964077938867855,6.942638614522463
435779,7891,427888,455796,131352.1926257087,True,True,False,2056.36,0.3035600313457898,427888,1577.495436,0.06741573033708341,5.432074205717707,2.8191083422997205,-0.009548964287662165,-0.022635125794938427,2h_upper_wick+oi_flush,long,2023-11-16 12:00:00,0.7584269662921309,2h_wick_r75_v1p5_oi0,1.6933296798512933,2.0335868294059924
459803,263,459540,476244,176532.66314368136,True,True,False,2427.7,0.020996322335667283,459540,2377.7754600000003,0.08624938393297206,4.832360656122901,7.475329714267115,-0.007610872610216757,-0.01399896429429004,2h_upper_wick+oi_flush,long,2024-02-07 22:00:00,0.775751601774286,2h_wick_r75_v1p5_oi0,2.139036748285053,4.156596156951396
528635,1327,527308,528850,49598.604560681444,False,True,False,2353.46,0.12350797039252837,527308,2644.1310679999997,0.9155722326454079,3.4306245910392335,-12.35892521529837,-0.005024794247871722,-0.011492394330611,2h_lower_wick+oi_flush,short,2024-10-03 22:00:00,0.0,2h_wick_r75_v1p5_oi0,1.9316072573228171,1.6670489222336684
528875,25,528850,529800,3812.8622120580403,False,True,False,2414.73,0.007720818353286418,528850,2396.22915,0.0821029888368652,13.017613889769027,6.962850864880721,-0.018307996428690743,6.396330979097087e-06,2h_upper_wick+oi_flush,long,2024-10-04 18:00:00,0.9110550954267266,2h_wick_r75_v1p5_oi0,1.971487672611394,1.8998607660596798
537539,938,536601,538173,26850.177959806402,False,True,False,2453.56,0.06358026051940846,536601,2609.557984,0.758828788556104,0.5430487083993931,-5.357488331217638,-0.008164304760358343,-0.011978144872594632,2h_lower_wick+oi_flush,short,2024-11-03 20:00:00,0.04023245417970882,2h_wick_r75_v1p5_oi0,0.7814732848561492,2.3314117294999126
543299,5126,538173,551988,223327.4877437217,True,True,False,3399.98,0.3677955207432708,538173,2485.7370479999995,0.03254914598776061,2.6936124936882493,9.924617811566932,0.002894391681337538,-0.025332637937001135,2h_upper_wick+oi_flush,long,2024-11-23 20:00:00,0.7537866580728237,2h_wick_r75_v1p5_oi0,10.811035121766569,4.608295088081581
563747,239,563508,566964,95432.27353813092,False,True,False,2975.63,0.048502631039477384,563508,3119.955884,0.8374614910659268,-18.834818985719096,-30.157214749202513,-0.0067838466631220395,-0.01635759596880093,2h_lower_wick+oi_flush,short,2025-02-02 20:00:00,0.03314849044978498,2h_wick_r75_v1p5_oi0,2.0330989620701203,5.583661732433802
573875,860,573015,575212,84737.91552441102,False,True,False,2030.53,0.065232878115566,573015,2162.987316,0.7500642178268673,-16.28697448210207,-13.222942993730658,-0.007621792098534419,-0.0034957044534733583,2h_lower_wick+oi_flush,short,2025-03-10 00:00:00,0.020806575905470043,2h_wick_r75_v1p5_oi0,1.4073906995977596,1.5905791988387799
575891,155,575736,576594,-37415.57817728678,False,False,False,1888.66,0.005278979805788175,575736,1898.630198,0.8172678888231738,-4.835835642173229,0.5205466585703231,-0.0006290913514130914,-0.014983193020881358,2h_lower_wick+oi_flush,short,2025-03-17 00:00:00,0.014784151389710159,2h_wick_r75_v1p5_oi0,1.5464838424362661,3.2780990655953963
593099,2515,590584,599220,289292.0533968997,True,True,False,2566.58,0.3949578352311034,590584,1839.897906,0.0,-8.575075532606988,-19.739630310975087,0.0027216183824816387,-0.018116100533610235,2h_upper_wick+oi_flush,long,2025-05-15 18:00:00,0.7639111518204733,2h_wick_r75_v1p5_oi0,0.5219526688212075,2.0670701069386337
603827,31,603796,604284,460.46536167361774,False,True,False,2305.0,0.0024068537960955094,603796,2310.547798,0.7786021505376377,-11.972130621562634,-14.22337950998331,-0.040658444941510385,-0.04244644251012808,2h_lower_wick+oi_flush,short,2025-06-22 00:00:00,0.06129032258064321,2h_wick_r75_v1p5_oi0,22.397576359054053,6.769457680962107
620411,12390,608021,631188,687933.1530731542,True,True,False,4288.0,0.6911071201982175,608021,2535.617022,0.04726217816994893,-20.08000060239403,-27.628905589540572,0.00235094996178864,-0.009419982252744541,2h_upper_wick+oi_flush,long,2025-08-18 14:00:00,0.9395624320077357,2h_wick_r75_v1p5_oi0,2.375447401982968,2.6156505128146814
642971,263,642708,649044,291923.0081585888,True,True,False,3232.88,0.11433438729553846,642708,3602.5093540000003,0.8351573545583078,-31.242933817337416,-41.197616239467294,-0.011050013141845061,0.05740102214316334,2h_lower_wick+oi_flush,short,2025-11-04 22:00:00,0.10017280201078747,2h_wick_r75_v1p5_oi0,7.4059504300030445,7.294452948588924
651443,502,650941,651829,143916.03504271363,True,True,False,3187.83,0.11463683342229225,650941,2859.97188,0.1197786998616866,8.528504079664529,32.716777930117686,-0.017318593551806316,-0.028489800134231524,2h_upper_wick+oi_flush,long,2025-12-04 08:00:00,0.8060857538036007,2h_wick_r75_v1p5_oi0,2.006341123039822,1.7177561016119918
651875,46,651829,652419,-10651.215894440655,False,False,False,3041.83,0.007570083140741035,651829,3064.856906,0.7510964912280708,-21.284582637274944,-12.302907750099266,-0.010637579136234865,-0.00555257228130368,2h_lower_wick+oi_flush,short,2025-12-05 20:00:00,0.2057291666666646,2h_wick_r75_v1p5_oi0,3.793992755825318,2.2760505461002736
654515,1144,653371,654541,108124.89278371586,True,True,False,3075.05,0.06744715630640141,653371,3282.453378,0.7704805883359045,0.6387903111725244,-4.634282186627949,0.0007173160680717938,-0.008239487738495699,2h_lower_wick+oi_flush,short,2025-12-15 00:00:00,0.01060372840772863,2h_wick_r75_v1p5_oi0,7.760273972602741,7.668101348866336
662003,683,661320,662399,50802.65100579942,False,True,False,3092.56,0.02689187210595767,661320,3175.724728,0.7956204379561946,1.203130689220881,-8.724111063065504,-0.0006095907282824831,0.010390166666130796,2h_lower_wick+oi_flush,short,2026-01-10 00:00:00,0.16144267926149525,2h_wick_r75_v1p5_oi0,3.322179416620804,1.9379583429515064
667811,283,667528,670116,675483.4111797365,True,True,False,2740.13,0.07313586435680053,667528,2940.531776,0.8376121895220253,-23.073480175615344,-25.139974042429003,-0.040773684040331215,-0.037158380178017536,2h_lower_wick+oi_flush,short,2026-01-30 04:00:00,0.15341264871634172,2h_wick_r75_v1p5_oi0,0.667780711116104,3.2777457537006462
678491,533,677958,678745,107714.94338189252,True,True,False,1950.59,0.05176362331397155,677958,2051.559606,0.8965672990063255,0.011367542708438094,-11.578316163902514,-0.002665855865926381,-0.003271032132535101,2h_lower_wick+oi_flush,short,2026-03-08 06:00:00,0.07407407407407826,2h_wick_r75_v1p5_oi0,1.6903764707540454,1.9332887524564129
684755,1090,683665,684789,175497.21646333812,True,True,False,1982.49,0.07953728896488754,683665,2140.17188,0.7587500000000001,0.7761186013651002,1.912390350332739,-0.010323563950591974,-0.019125774089366332,2h_lower_wick+oi_flush,short,2026-03-30 00:00:00,0.04339285714285828,2h_wick_r75_v1p5_oi0,5.7595686531541,6.664894325612645
686651,1005,685646,686759,-10664.777364131529,False,False,False,2040.83,0.019748675783872294,685646,2081.13369,0.9336283185840806,-1.3339220581032682,-1.8987174350460632,0.002715676095890407,-0.003075229639264765,2h_lower_wick+oi_flush,short,2026-04-05 14:00:00,0.01603982300884761,2h_wick_r75_v1p5_oi0,1.5686832740213525,2.7100264640600993
705059,355,704704,705375,99040.20316329226,False,True,False,1672.08,0.03872553520512101,704704,1609.741884,0.17402597402597103,8.200686738079055,22.75006768204925,-0.017821868516823547,-0.020357907463573577,2h_upper_wick+oi_flush,long,2026-06-08 12:00:00,0.7522727272727308,2h_wick_r75_v1p5_oi0,3.2662699971705234,2.855312905592235
115846,5999,109847,136783,37135.1622576107,False,True,False,382.62,0.047318324759731745,109847,365.333052,0.009999999999990905,0.0767989891562304,-0.5790598650444316,-0.04568302589748263,-0.06692172604114399,2h_upper_wick+oi_flush,long,2020-10-30 20:00:00,0.7699999999999818,2h_wick_r75_v1p5_oiN0p5,4.47222376160214,3.016214925688468
151444,455,150989,172818,71695.46912793306,False,True,False,1605.52,0.018126726927197856,150989,1576.9353239999998,0.07913802712242238,6.915002225938,13.785039894367316,-0.009402807337354768,-0.02175012962237044,2h_upper_wick+oi_flush,long,2021-03-03 14:00:00,0.9000557310050137,2h_wick_r75_v1p5_oiN0p5,4.223717790030381,2.212807687485675
201751,9095,192656,209936,34274.426910554714,False,True,False,3116.22,0.4275096358480832,192656,2182.9765079999997,0.08937960042060954,-14.325100003496914,-23.046049311192846,-0.009952314095253434,-0.02699126640689198,2h_upper_wick+oi_flush,long,2021-08-25 14:00:00,0.768243953732914,2h_wick_r75_v1p5_oiN0p5,1.932476582841508,1.7234862058159421
227647,15119,212528,231248,31590.289119135792,False,True,False,4148.62,0.25523255111718246,212528,3305.06088,0.005444311156225396,-1.3850649646600388,-12.830592529587989,-0.011472972400868975,-0.026785306638946738,2h_upper_wick+oi_flush,long,2021-11-23 12:00:00,0.7548214450493703,2h_wick_r75_v1p5_oiN0p5,1.3136432665546256,2.924834549830291
240535,71,240464,246224,39124.28035168933,False,True,False,3223.65,0.05674578443689615,240464,3406.5785480000004,0.768578694546484,-12.482741747723267,-41.600965710923674,-0.023474849843280188,-0.022581230549700737,2h_lower_wick+oi_flush,short,2022-01-07 06:00:00,0.18121880003767402,2h_wick_r75_v1p5_oiN0p5,0.8205897217939879,3.4702146293976273
275833,1732,274101,277466,25933.17423582128,False,True,False,2297.85,0.20220092434232018,274101,2762.4773940000005,0.8235763097949863,-14.243502702600807,-23.338679012192344,-0.05519633506887356,-0.1022642126800839,2h_lower_wick+oi_flush,short,2022-05-09 20:00:00,0.07323462414578905,2h_wick_r75_v1p5_oiN0p5,2.609612935951718,2.3662562350613383
285721,1769,283952,286538,43704.53024715526,False,True,False,1356.24,0.31276458738866264,283952,1780.423844,0.7906547802028911,-4.7950107898050405,-17.13495952504391,-0.006282222178544239,-0.01244760033818193,2h_lower_wick+oi_flush,short,2022-06-13 04:00:00,0.1357208730402695,2h_wick_r75_v1p5_oiN0p5,4.334563100110317,4.376138122823776
290377,507,289870,291864,16756.747354300227,False,True,False,1133.53,0.05238623591788483,289870,1192.91137,0.9098039215686319,-6.139459357208647,-11.777741188577952,0.0006251922729705317,-0.015820019779788197,2h_lower_wick+oi_flush,short,2022-06-29 08:00:00,0.059313725490197595,2h_wick_r75_v1p5_oiN0p5,1.0641348456736,2.2202811443625037
301369,860,300509,302229,4914.057706488122,False,True,False,1713.89,0.019428570901065312,300509,1681.2261780000001,0.04560622914350183,2.145060482211605,9.80785586402132,-0.009903180855840854,-0.027047661751606222,2h_upper_wick+oi_flush,long,2022-08-06 12:00:00,0.8609566184649612,2h_wick_r75_v1p5_oiN0p5,0.13756526320257356,2.5099396320899414
324505,1508,322997,325224,33405.54589574665,False,True,False,1474.88,0.12668674871514196,322997,1309.0417559999999,0.05902319441825591,12.955512767550433,10.756350987147037,-0.09886515698613252,-0.09046878385592305,2h_upper_wick+oi_flush,long,2022-10-25 20:00:00,0.8936451065434641,2h_wick_r75_v1p5_oiN0p5,19.93403829287263,12.85076506393515
328561,817,327744,329053,46202.53407956901,False,True,False,1328.45,0.2182364876359666,327744,1618.366262,0.775879917184265,-19.771081554556773,-24.32190456967323,-0.09776867773684983,-0.159512680281503,2h_lower_wick+oi_flush,short,2022-11-08 22:00:00,0.18771566597653339,2h_wick_r75_v1p5_oiN0p5,1.4235033752543136,11.503605731482486
331753,23,331730,332258,-29656.570866496942,False,False,False,1219.5,0.001672786160468842,331730,1217.463444,0.0587889476778366,1.4841528398672161,2.929893608942635,-0.005979108983949932,-0.00033186963335551933,2h_upper_wick+oi_flush,long,2022-11-20 00:00:00,0.8071722516166976,2h_wick_r75_v1p5_oiN0p5,3.9625898240940565,5.577380259602165
349633,4155,345478,355572,49025.1805000442,False,True,False,1655.74,0.3151944244894307,345478,1258.931736,0.14019079220240943,12.724334873700503,7.10383330047549,0.005664062059058228,-0.05285034472941619,2h_upper_wick+oi_flush,long,2023-01-21 02:00:00,0.8025715470759035,2h_wick_r75_v1p5_oiN0p5,0.9759480768210045,1.7198508329332896
360083,4024,356059,362196,2902.577303465514,False,True,False,1604.23,0.036257643579793664,356059,1548.099558,0.05255140898705627,3.1206563410523387,0.8353272799500537,-0.009864601832165865,-0.0074998409457364135,2h_upper_wick+oi_flush,long,2023-02-26 16:00:00,0.8202589489718121,2h_wick_r75_v1p5_oiN0p5,0.8162343956283429,1.7902748521959493
363371,311,363060,364212,-8797.535740603402,False,False,False,1429.97,0.07157036581187026,363060,1532.313476,0.7813565744600243,-11.79501533401848,-9.170702143145297,-0.010030448624451349,0.02268872463439231,2h_lower_wick+oi_flush,short,2023-03-10 02:00:00,0.0299355816597181,2h_wick_r75_v1p5_oiN0p5,6.438087286963676,3.922211290113962
374243,10030,364213,381204,46971.89962416631,False,True,False,2103.8,0.33417440986919034,364213,1576.855308,0.04326047358834444,-3.0668252939824434,-6.069199317610035,-0.006464994396483181,-0.005272008714794829,2h_upper_wick+oi_flush,long,2023-04-16 20:00:00,0.859517304189434,2h_wick_r75_v1p5_oiN0p5,3.843902532883715,2.841401153598146
424907,391,424516,426094,13005.089737643139,False,True,False,1583.43,0.026931863107305,424516,1626.07472,0.8591370558375616,-5.155707826703083,-4.138981555026959,-0.03422714015021311,-0.028978284344563177,2h_lower_wick+oi_flush,short,2023-10-09 18:00:00,0.09454314720812246,2h_wick_r75_v1p5_oiN0p5,3.2964077938867855,6.942638614522463
435779,7891,427888,455796,131352.1926257087,True,True,False,2056.36,0.3035600313457898,427888,1577.495436,0.06741573033708341,5.432074205717707,2.8191083422997205,-0.009548964287662165,-0.022635125794938427,2h_upper_wick+oi_flush,long,2023-11-16 12:00:00,0.7584269662921309,2h_wick_r75_v1p5_oiN0p5,1.6933296798512933,2.0335868294059924
459803,263,459540,476244,176532.66314368136,True,True,False,2427.7,0.020996322335667283,459540,2377.7754600000003,0.08624938393297206,4.832360656122901,7.475329714267115,-0.007610872610216757,-0.01399896429429004,2h_upper_wick+oi_flush,long,2024-02-07 22:00:00,0.775751601774286,2h_wick_r75_v1p5_oiN0p5,2.139036748285053,4.156596156951396
528635,1327,527308,528850,49598.604560681444,False,True,False,2353.46,0.12350797039252837,527308,2644.1310679999997,0.9155722326454079,3.4306245910392335,-12.35892521529837,-0.005024794247871722,-0.011492394330611,2h_lower_wick+oi_flush,short,2024-10-03 22:00:00,0.0,2h_wick_r75_v1p5_oiN0p5,1.9316072573228171,1.6670489222336684
528875,25,528850,529800,3812.8622120580403,False,True,False,2414.73,0.007720818353286418,528850,2396.22915,0.0821029888368652,13.017613889769027,6.962850864880721,-0.018307996428690743,6.396330979097087e-06,2h_upper_wick+oi_flush,long,2024-10-04 18:00:00,0.9110550954267266,2h_wick_r75_v1p5_oiN0p5,1.971487672611394,1.8998607660596798
537539,938,536601,538173,26850.177959806402,False,True,False,2453.56,0.06358026051940846,536601,2609.557984,0.758828788556104,0.5430487083993931,-5.357488331217638,-0.008164304760358343,-0.011978144872594632,2h_lower_wick+oi_flush,short,2024-11-03 20:00:00,0.04023245417970882,2h_wick_r75_v1p5_oiN0p5,0.7814732848561492,2.3314117294999126
543299,5126,538173,551988,223327.4877437217,True,True,False,3399.98,0.3677955207432708,538173,2485.7370479999995,0.03254914598776061,2.6936124936882493,9.924617811566932,0.002894391681337538,-0.025332637937001135,2h_upper_wick+oi_flush,long,2024-11-23 20:00:00,0.7537866580728237,2h_wick_r75_v1p5_oiN0p5,10.811035121766569,4.608295088081581
563747,239,563508,566964,95432.27353813092,False,True,False,2975.63,0.048502631039477384,563508,3119.955884,0.8374614910659268,-18.834818985719096,-30.157214749202513,-0.0067838466631220395,-0.01635759596880093,2h_lower_wick+oi_flush,short,2025-02-02 20:00:00,0.03314849044978498,2h_wick_r75_v1p5_oiN0p5,2.0330989620701203,5.583661732433802
573875,860,573015,575212,84737.91552441102,False,True,False,2030.53,0.065232878115566,573015,2162.987316,0.7500642178268673,-16.28697448210207,-13.222942993730658,-0.007621792098534419,-0.0034957044534733583,2h_lower_wick+oi_flush,short,2025-03-10 00:00:00,0.020806575905470043,2h_wick_r75_v1p5_oiN0p5,1.4073906995977596,1.5905791988387799
575891,155,575736,576594,-37415.57817728678,False,False,False,1888.66,0.005278979805788175,575736,1898.630198,0.8172678888231738,-4.835835642173229,0.5205466585703231,-0.0006290913514130914,-0.014983193020881358,2h_lower_wick+oi_flush,short,2025-03-17 00:00:00,0.014784151389710159,2h_wick_r75_v1p5_oiN0p5,1.5464838424362661,3.2780990655953963
593099,2515,590584,599220,289292.0533968997,True,True,False,2566.58,0.3949578352311034,590584,1839.897906,0.0,-8.575075532606988,-19.739630310975087,0.0027216183824816387,-0.018116100533610235,2h_upper_wick+oi_flush,long,2025-05-15 18:00:00,0.7639111518204733,2h_wick_r75_v1p5_oiN0p5,0.5219526688212075,2.0670701069386337
603827,31,603796,604284,460.46536167361774,False,True,False,2305.0,0.0024068537960955094,603796,2310.547798,0.7786021505376377,-11.972130621562634,-14.22337950998331,-0.040658444941510385,-0.04244644251012808,2h_lower_wick+oi_flush,short,2025-06-22 00:00:00,0.06129032258064321,2h_wick_r75_v1p5_oiN0p5,22.397576359054053,6.769457680962107
620411,12390,608021,631188,687933.1530731542,True,True,False,4288.0,0.6911071201982175,608021,2535.617022,0.04726217816994893,-20.08000060239403,-27.628905589540572,0.00235094996178864,-0.009419982252744541,2h_upper_wick+oi_flush,long,2025-08-18 14:00:00,0.9395624320077357,2h_wick_r75_v1p5_oiN0p5,2.375447401982968,2.6156505128146814
642971,263,642708,649044,291923.0081585888,True,True,False,3232.88,0.11433438729553846,642708,3602.5093540000003,0.8351573545583078,-31.242933817337416,-41.197616239467294,-0.011050013141845061,0.05740102214316334,2h_lower_wick+oi_flush,short,2025-11-04 22:00:00,0.10017280201078747,2h_wick_r75_v1p5_oiN0p5,7.4059504300030445,7.294452948588924
651443,502,650941,651829,143916.03504271363,True,True,False,3187.83,0.11463683342229225,650941,2859.97188,0.1197786998616866,8.528504079664529,32.716777930117686,-0.017318593551806316,-0.028489800134231524,2h_upper_wick+oi_flush,long,2025-12-04 08:00:00,0.8060857538036007,2h_wick_r75_v1p5_oiN0p5,2.006341123039822,1.7177561016119918
651875,46,651829,652419,-10651.215894440655,False,False,False,3041.83,0.007570083140741035,651829,3064.856906,0.7510964912280708,-21.284582637274944,-12.302907750099266,-0.010637579136234865,-0.00555257228130368,2h_lower_wick+oi_flush,short,2025-12-05 20:00:00,0.2057291666666646,2h_wick_r75_v1p5_oiN0p5,3.793992755825318,2.2760505461002736
654515,1144,653371,654541,108124.89278371586,True,True,False,3075.05,0.06744715630640141,653371,3282.453378,0.7704805883359045,0.6387903111725244,-4.634282186627949,0.0007173160680717938,-0.008239487738495699,2h_lower_wick+oi_flush,short,2025-12-15 00:00:00,0.01060372840772863,2h_wick_r75_v1p5_oiN0p5,7.760273972602741,7.668101348866336
667811,283,667528,670116,675483.4111797365,True,True,False,2740.13,0.07313586435680053,667528,2940.531776,0.8376121895220253,-23.073480175615344,-25.139974042429003,-0.040773684040331215,-0.037158380178017536,2h_lower_wick+oi_flush,short,2026-01-30 04:00:00,0.15341264871634172,2h_wick_r75_v1p5_oiN0p5,0.667780711116104,3.2777457537006462
684755,1090,683665,684789,175497.21646333812,True,True,False,1982.49,0.07953728896488754,683665,2140.17188,0.7587500000000001,0.7761186013651002,1.912390350332739,-0.010323563950591974,-0.019125774089366332,2h_lower_wick+oi_flush,short,2026-03-30 00:00:00,0.04339285714285828,2h_wick_r75_v1p5_oiN0p5,5.7595686531541,6.664894325612645
705059,355,704704,705375,99040.20316329226,False,True,False,1672.08,0.03872553520512101,704704,1609.741884,0.17402597402597103,8.200686738079055,22.75006768204925,-0.017821868516823547,-0.020357907463573577,2h_upper_wick+oi_flush,long,2026-06-08 12:00:00,0.7522727272727308,2h_wick_r75_v1p5_oiN0p5,3.2662699971705234,2.855312905592235
29318,13631,15687,30375,2119.0179211623945,False,True,False,129.15,0.4111772512582268,15687,182.253542,0.7647058823529903,0.023976753872579915,-0.3625105959083864,nan,nan,2h_lower_wick+macd_bull_cross_2h,short,2020-01-03 08:00:00,0.0,2h_wick_r75_v1p5_macd2h,5.025637736794046,1.5572152132307888
537539,938,536601,538173,26850.177959806402,False,True,False,2453.56,0.06358026051940846,536601,2609.557984,0.758828788556104,0.5430487083993931,-5.357488331217638,-0.008164304760358343,-0.011978144872594632,2h_lower_wick+macd_bull_cross_2h,short,2024-11-03 20:00:00,0.04023245417970882,2h_wick_r75_v1p5_macd2h,0.7814732848561492,2.3314117294999126
453683,25795,427888,455796,131352.1926257087,True,True,False,2540.69,0.6105846914158679,427888,1577.495436,0.05120990433315041,-3.2652143983011417,-1.1825258118977136,-0.010394460821776419,-0.012532675251724412,2h_upper_wick+macd_bear_cross_4h,long,2024-01-17 16:00:00,0.9063027574563891,2h_wick_r75_v1p5_macd4h,1.1148383397291695,2.329149526984556
12710,305,12405,12871,-44.11552014380868,False,False,False,190.5,0.009176641861263768,12405,188.767746,0.07317073170731876,-0.04540110793890073,0.5853513153557406,nan,nan,2h_upper_wick_setup@2019-11-06 08:00:00+macd_bear_cross_2h,long,2019-11-06 16:00:00,0.3739837398373993,2h_wick_r75_v1p5_then_macd2h_12h,0.8868234357642624,0.5314590062014594
13430,559,12871,13737,47.644783237674346,False,True,False,184.47,0.019365663793570853,12871,188.04238400000003,0.3529411764705981,0.005043165179750009,-0.647865104487022,nan,nan,2h_lower_wick_setup@2019-11-08 16:00:00+macd_bull_cross_2h,short,2019-11-09 04:00:00,0.5441176470588247,2h_wick_r75_v1p5_then_macd2h_12h,2.9258575582563338,2.020783105145457
29318,13631,15687,30375,2119.0179211623945,False,True,False,129.15,0.4111772512582268,15687,182.253542,0.7647058823529903,0.023976753872579915,-0.3625105959083864,nan,nan,2h_lower_wick_setup@2020-01-03 08:00:00+macd_bull_cross_2h,short,2020-01-03 08:00:00,0.0,2h_wick_r75_v1p5_then_macd2h_12h,5.025637736794046,1.5572152132307888
68498,7506,60992,95701,15339.936809933251,False,True,False,211.95,0.2106239629587794,60992,175.075008,0.8293413173652717,-0.06680518203734342,1.0777622508270461,nan,nan,2h_upper_wick_setup@2020-05-18 06:00:00+macd_bear_cross_2h,long,2020-05-18 18:00:00,0.1586826347305391,2h_wick_r75_v1p5_then_macd2h_12h,1.3336817723364702,2.6360930695648936
161236,10247,150989,172818,71695.46912793306,False,True,False,2095.03,0.32854529169009883,150989,1576.9353239999998,0.15492604662823542,-0.5053689594672122,-2.0761052605783803,0.028836993728024174,-0.004226629180129837,2h_upper_wick_setup@2021-04-06 02:00:00+macd_bear_cross_2h,long,2021-04-06 14:00:00,0.2511907746302335,2h_wick_r75_v1p5_then_macd2h_12h,0.6776750572348363,0.5092794466269195
197839,5183,192656,209936,34274.426910554714,False,True,False,3157.22,0.4462913313220136,192656,2182.9765079999997,0.1361591931307046,-4.66325570657358,-6.035787190299075,-0.009991477965009543,-0.028754143682475974,2h_upper_wick_setup@2021-08-11 16:00:00+macd_bear_cross_2h,long,2021-08-12 00:00:00,0.0,2h_wick_r75_v1p5_then_macd2h_12h,1.4112787255623533,2.0109713859457647
216751,4223,212528,231248,31590.289119135792,False,True,False,3901.96,0.18060155067400752,212528,3305.06088,0.43534246575342117,-0.5386591672575136,12.018561325380517,0.04301156659047667,0.04761930344662546,2h_upper_wick_setup@2021-10-16 04:00:00+macd_bear_cross_2h,long,2021-10-16 16:00:00,0.41753424657534893,2h_wick_r75_v1p5_then_macd2h_12h,1.0889095643873674,0.7408472050220124
240727,263,240464,246224,39124.28035168933,False,True,False,3210.49,0.06107745172855261,240464,3406.5785480000004,0.6252000914703791,2.4851197378910825,-34.18543107274277,2.757409073383954e-05,-0.004506574122622231,2h_lower_wick_setup@2022-01-07 20:00:00+macd_bull_cross_2h,short,2022-01-07 22:00:00,0.3727418248342139,2h_wick_r75_v1p5_then_macd2h_12h,1.2580534985790564,1.2209217148273661
275953,1852,274101,277466,25933.17423582128,False,True,False,2399.12,0.15145444746407044,274101,2762.4773940000005,0.03456402199528316,2.060684224410039,-23.45138116944547,-0.0018363899638722536,0.028739009703399265,2h_lower_wick_setup@2022-05-09 20:00:00+macd_bull_cross_2h,short,2022-05-10 06:00:00,0.1656629135026627,2h_wick_r75_v1p5_then_macd2h_12h,1.4430443450225638,3.6943406730520567
301417,908,300509,302229,4914.057706488122,False,True,False,1713.71,0.01932150618701578,300509,1681.2261780000001,0.3802281368821299,-0.19504051898703523,8.122760766784427,-0.0025133473024134823,-0.00031544509972725177,2h_upper_wick_setup@2022-08-06 12:00:00+macd_bear_cross_2h,long,2022-08-06 16:00:00,0.4553231939163471,2h_wick_r75_v1p5_then_macd2h_12h,0.7160975552900845,0.422021967736755
363611,551,363060,364212,-8797.535740603402,False,False,False,1428.24,0.07286833865456788,363060,1532.313476,0.7410674900749846,1.056625843044337,-11.693191483161485,0.02061173037219466,0.002794836661444977,2h_lower_wick_setup@2023-03-10 16:00:00+macd_bull_cross_2h,short,2023-03-10 22:00:00,0.04146449051610285,2h_wick_r75_v1p5_then_macd2h_12h,0.7904747725620571,1.391408159859815
415019,5303,409716,415082,8149.520137668995,False,True,False,1632.52,0.033771348589910044,409716,1687.652402,0.3323593864134358,0.2042687509885499,0.27296642376273006,0.007085397207150734,0.0049993902267417845,2h_lower_wick_setup@2023-09-05 08:00:00+macd_bull_cross_2h,short,2023-09-05 10:00:00,0.19868517165814584,2h_wick_r75_v1p5_then_macd2h_12h,0.6276518653639521,1.059476182318382
435851,7963,427888,455796,131352.1926257087,True,True,False,1996.73,0.2657596050249367,427888,1577.495436,0.10301507537688284,-2.491584237157908,-0.1150745691463333,-0.010429965690247234,-0.015193472370976013,2h_upper_wick_setup@2023-11-16 12:00:00+macd_bear_cross_2h,long,2023-11-16 18:00:00,0.6452261306532666,2h_wick_r75_v1p5_then_macd2h_12h,0.547763431075289,0.8919327842072171
462011,2471,459540,476244,176532.66314368136,True,True,False,2801.88,0.178361896291082,459540,2377.7754600000003,0.6363892013498353,-0.035394206151167396,8.999364178008705,-0.007897660927114858,0.0024781183983821897,2h_upper_wick_setup@2024-02-15 02:00:00+macd_bear_cross_2h,long,2024-02-15 14:00:00,0.3084926884139431,2h_wick_r75_v1p5_then_macd2h_12h,0.77914484102814,0.476745563923864
517115,489,516626,517456,14924.732541245874,False,True,False,2751.92,0.0372467931307332,516626,2653.100514,0.25175209564381157,-1.2275206009689086,13.183224675777943,0.008335616893626163,0.006374627961747814,2h_upper_wick_setup@2024-08-24 18:00:00+macd_bear_cross_2h,long,2024-08-24 22:00:00,0.19541019650954794,2h_wick_r75_v1p5_then_macd2h_12h,6.380283891945973,3.227250363651921
529763,913,528850,529800,3812.8622120580403,False,True,False,2449.49,0.02222694352916932,528850,2396.22915,0.49403341288782315,-1.0447352698322714,9.602937948706332,-0.005696342823882983,-0.012044693327023959,2h_upper_wick_setup@2024-10-07 16:00:00+macd_bear_cross_2h,long,2024-10-07 20:00:00,0.0684780613181568,2h_wick_r75_v1p5_then_macd2h_12h,1.0466878783861415,3.7046472034806737
537539,938,536601,538173,26850.177959806402,False,True,False,2453.56,0.06358026051940846,536601,2609.557984,0.758828788556104,0.5430487083993931,-5.357488331217638,-0.008164304760358343,-0.011978144872594632,2h_lower_wick_setup@2024-11-03 20:00:00+macd_bull_cross_2h,short,2024-11-03 20:00:00,0.04023245417970882,2h_wick_r75_v1p5_then_macd2h_12h,0.7814732848561492,2.3314117294999126
543347,5174,538173,551988,223327.4877437217,True,True,False,3398.64,0.3672564452199454,538173,2485.7370479999995,0.5172286031863665,-0.12438977895817516,7.710821029217655,0.002175628395626017,-0.0028288145838420986,2h_upper_wick_setup@2024-11-23 20:00:00+macd_bear_cross_2h,long,2024-11-24 00:00:00,0.0,2h_wick_r75_v1p5_then_macd2h_12h,3.139214190887778,1.643250262675515
565475,1967,563508,566964,95432.27353813092,False,True,False,2635.04,0.18402600491833132,563508,3119.955884,0.33073929961089193,2.0062096249168704,-0.8538387472204647,0.0010567700900594446,0.0017812937147390073,2h_lower_wick_setup@2025-02-08 08:00:00+macd_bull_cross_2h,short,2025-02-08 20:00:00,0.4778917580474081,2h_wick_r75_v1p5_then_macd2h_12h,1.1986530255513856,0.9563034039462909
573995,980,573015,575212,84737.91552441102,False,True,False,2101.98,0.029023737618816714,573015,2162.987316,0.20182765058465135,0.22064303315419664,-11.130958566552028,-0.004415412870066748,-0.004024769486879243,2h_lower_wick_setup@2025-03-10 00:00:00+macd_bull_cross_2h,short,2025-03-10 10:00:00,0.48924044413874396,2h_wick_r75_v1p5_then_macd2h_12h,8.719702443407074,4.8525566854494535
598643,8059,590584,599220,289292.0533968997,True,True,False,2597.95,0.41200769430083795,590584,1839.897906,0.35082140964495095,-0.4608462700492062,12.635349787887698,-0.01926774015327737,-0.029397394847117342,2h_upper_wick_setup@2025-06-03 16:00:00+macd_bear_cross_2h,long,2025-06-04 00:00:00,0.5373608903020742,2h_wick_r75_v1p5_then_macd2h_12h,1.3320676830811768,1.0122843998020419
604139,343,603796,604284,460.46536167361774,False,True,False,2244.38,0.029481548579117556,603796,2310.547798,0.0,1.3094933393423887,-20.321116689052232,-0.017968163178675667,-0.031159301686518592,2h_lower_wick_setup@2025-06-22 22:00:00+macd_bull_cross_2h,short,2025-06-23 02:00:00,0.3633392751039782,2h_wick_r75_v1p5_then_macd2h_12h,0.2943884323194668,0.5559670511901073
620555,12534,608021,631188,687933.1530731542,True,True,False,4298.91,0.6954098204504009,608021,2535.617022,0.3616112650046146,-0.27094693571145,-17.245177652217876,-0.015077161004209971,-0.018014334775563468,2h_upper_wick_setup@2025-08-18 14:00:00+macd_bear_cross_2h,long,2025-08-19 02:00:00,0.5081948291782143,2h_wick_r75_v1p5_then_macd2h_12h,0.7838519606182113,5.279963236600428
643115,407,642708,649044,291923.0081585888,True,True,False,3306.61,0.08948722528511066,642708,3602.5093540000003,0.566827212522578,0.07836542240227118,-34.51321407752906,0.01882797927605151,0.02579675451883756,2h_lower_wick_setup@2025-11-04 22:00:00+macd_bull_cross_2h,short,2025-11-05 10:00:00,0.11408789885611037,2h_wick_r75_v1p5_then_macd2h_12h,0.031208602398940223,0.25418980058020124
651515,574,650941,651829,143916.03504271363,True,True,False,3173.44,0.10960531542009422,650941,2859.97188,0.47542326597487455,-0.3701055878568269,29.19868186351131,-0.004142270377351376,-0.01260247765565925,2h_upper_wick_setup@2025-12-04 08:00:00+macd_bear_cross_2h,long,2025-12-04 14:00:00,0.03659202621518704,2h_wick_r75_v1p5_then_macd2h_12h,0.3963264533232342,0.44926350984183383
685643,854,684789,685646,78668.204007864,False,True,False,2092.94,0.02642508311915237,684789,2039.05773,0.016263869889043384,-2.725424738783115,9.775930724812257,0.008996549688894406,0.02884547403061055,2h_upper_wick_setup@2026-04-01 18:00:00+macd_bear_cross_2h,long,2026-04-02 02:00:00,0.2793737650098748,2h_wick_r75_v1p5_then_macd2h_12h,19.96788532247406,7.868983033877075
686699,1053,685646,686759,-10664.777364131529,False,False,False,2061.13,0.009705205397039451,685646,2081.13369,0.5,0.5574602771370349,-1.21418074409315,-0.01648066627601208,-0.012981533793845812,2h_lower_wick_setup@2026-04-05 14:00:00+macd_bull_cross_2h,short,2026-04-05 18:00:00,0.11257763975153771,2h_wick_r75_v1p5_then_macd2h_12h,2.4089960074722536,3.6969224859142904
695579,1568,694011,695708,72878.66758759832,False,True,False,2359.1,0.03152271953166608,694011,2287.00731,0.0,-1.057262709561698,1.7995578594100365,0.0045340894842034185,0.03740834599603038,2h_upper_wick_setup@2026-05-06 12:00:00+macd_bear_cross_2h,long,2026-05-06 14:00:00,0.07977736549165444,2h_wick_r75_v1p5_then_macd2h_12h,3.4412886761950365,4.511985188014087
704459,1676,702783,704704,687331.854913211,True,True,False,1559.83,0.28604957976189715,702783,2006.018716,0.0036440935317306597,0.4078210943686784,-13.997762011408739,0.0002426341387296027,-0.018235977047514673,2h_lower_wick_setup@2026-06-06 06:00:00+macd_bull_cross_2h,short,2026-06-06 10:00:00,0.6456119040388688,2h_wick_r75_v1p5_then_macd2h_12h,0.20379047631232167,0.31221993689465655
2366,384,1982,2899,-52.4497206046708,False,False,False,175.37,0.013028270241491224,1982,173.114616,0.3014128728414466,-0.3488570256064829,1.5378636935024184,nan,nan,2h_upper_wick_setup@2019-10-01 04:00:00+macd_bear_cross_2h,long,2019-10-01 18:00:00,0.20251177394034398,2h_wick_r75_v1p5_then_macd2h_24h,4.337886852371299,2.131218341191575
4358,331,4027,5104,528.8814636934749,False,True,False,178.88,0.015987224642215914,4027,176.065206,0.515337423312887,-0.07898760232140445,0.7447846978117598,nan,nan,2h_upper_wick_setup@2019-10-08 00:00:00+macd_bear_cross_2h,long,2019-10-08 16:00:00,0.4723926380368,2h_wick_r75_v1p5_then_macd2h_24h,0.8205791098481611,2.1162853727311717
5678,574,5104,6094,20.200317302334952,False,True,False,181.31,0.02428354751530537,5104,185.71285,0.43030303030303363,0.028388822049689066,-1.0239776409176669,nan,nan,2h_lower_wick_setup@2019-10-12 12:00:00+macd_bull_cross_2h,short,2019-10-13 06:00:00,0.01818181818181881,2h_wick_r75_v1p5_then_macd2h_24h,0.7268085313269276,0.5217995726096626
12710,305,12405,12871,-44.11552014380868,False,False,False,190.5,0.009176641861263768,12405,188.767746,0.07317073170731876,-0.04540110793890073,0.5853513153557406,nan,nan,2h_upper_wick_setup@2019-11-06 08:00:00+macd_bear_cross_2h,long,2019-11-06 16:00:00,0.3739837398373993,2h_wick_r75_v1p5_then_macd2h_24h,0.8868234357642624,0.5314590062014594
13430,559,12871,13737,47.644783237674346,False,True,False,184.47,0.019365663793570853,12871,188.04238400000003,0.3529411764705981,0.005043165179750009,-0.647865104487022,nan,nan,2h_lower_wick_setup@2019-11-08 16:00:00+macd_bull_cross_2h,short,2019-11-09 04:00:00,0.5441176470588247,2h_wick_r75_v1p5_then_macd2h_24h,2.9258575582563338,2.020783105145457
17438,1751,15687,30375,2119.0179211623945,False,True,False,149.44,0.2195766996788009,15687,182.253542,0.9124293785310726,0.011888782157194022,-1.720533826847901,nan,nan,2h_lower_wick_setup@2019-11-22 08:00:00+macd_bull_cross_2h,short,2019-11-23 02:00:00,0.0,2h_wick_r75_v1p5_then_macd2h_24h,0.11422351460127894,0.7655190635859034
53414,4607,48807,55344,3600.431091184704,False,True,False,139.52,0.44086715883027505,48807,201.029786,0.0,0.10434497377527058,-0.12907335245910767,nan,nan,2h_lower_wick_setup@2020-03-26 08:00:00+macd_bull_cross_2h,short,2020-03-27 00:00:00,0.009195402298848757,2h_wick_r75_v1p5_then_macd2h_24h,23.10031775048366,6.514432094200733
63242,2250,60992,95701,15339.936809933251,False,True,False,212.54,0.21399394709723496,60992,175.075008,0.06675062972292208,-0.2676459630751751,1.473779145987744,nan,nan,2h_upper_wick_setup@2020-04-29 18:00:00+macd_bear_cross_2h,long,2020-04-30 12:00:00,0.19143576826196607,2h_wick_r75_v1p5_then_macd2h_24h,1.5177255944576067,1.845808177514358
161236,10247,150989,172818,71695.46912793306,False,True,False,2095.03,0.32854529169009883,150989,1576.9353239999998,0.15492604662823542,-0.5053689594672122,-2.0761052605783803,0.028836993728024174,-0.004226629180129837,2h_upper_wick_setup@2021-04-06 02:00:00+macd_bear_cross_2h,long,2021-04-06 14:00:00,0.2511907746302335,2h_wick_r75_v1p5_then_macd2h_24h,0.6776750572348363,0.5092794466269195
197839,5183,192656,209936,34274.426910554714,False,True,False,3157.22,0.4462913313220136,192656,2182.9765079999997,0.1361591931307046,-4.66325570657358,-6.035787190299075,-0.009991477965009543,-0.028754143682475974,2h_upper_wick_setup@2021-08-11 16:00:00+macd_bear_cross_2h,long,2021-08-12 00:00:00,0.0,2h_wick_r75_v1p5_then_macd2h_24h,1.4112787255623533,2.0109713859457647
216751,4223,212528,231248,31590.289119135792,False,True,False,3901.96,0.18060155067400752,212528,3305.06088,0.43534246575342117,-0.5386591672575136,12.018561325380517,0.04301156659047667,0.04761930344662546,2h_upper_wick_setup@2021-10-16 04:00:00+macd_bear_cross_2h,long,2021-10-16 16:00:00,0.41753424657534893,2h_wick_r75_v1p5_then_macd2h_24h,1.0889095643873674,0.7408472050220124
240727,263,240464,246224,39124.28035168933,False,True,False,3210.49,0.06107745172855261,240464,3406.5785480000004,0.6252000914703791,2.4851197378910825,-34.18543107274277,2.757409073383954e-05,-0.004506574122622231,2h_lower_wick_setup@2022-01-07 20:00:00+macd_bull_cross_2h,short,2022-01-07 22:00:00,0.3727418248342139,2h_wick_r75_v1p5_then_macd2h_24h,1.2580534985790564,1.2209217148273661
275953,1852,274101,277466,25933.17423582128,False,True,False,2399.12,0.15145444746407044,274101,2762.4773940000005,0.03456402199528316,2.060684224410039,-23.45138116944547,-0.0018363899638722536,0.028739009703399265,2h_lower_wick_setup@2022-05-09 20:00:00+macd_bull_cross_2h,short,2022-05-10 06:00:00,0.1656629135026627,2h_wick_r75_v1p5_then_macd2h_24h,1.4430443450225638,3.6943406730520567
280945,1083,279862,281661,9503.979987315004,False,True,False,1812.49,0.097430663893318,279862,1989.082104,0.0,0.4114139811178319,-18.388448636183767,-0.0017498706960137334,0.00969760540551734,2h_lower_wick_setup@2022-05-26 14:00:00+macd_bull_cross_2h,short,2022-05-27 14:00:00,0.17234988880652238,2h_wick_r75_v1p5_then_macd2h_24h,0.7529856605530318,1.535911356932018
286033,2081,283952,286538,43704.53024715526,False,True,False,1227.22,0.4507780544645621,283952,1780.423844,0.46884193634661664,1.511359391212764,-21.268400263802903,-0.04870538159922144,0.040502307459648446,2h_lower_wick_setup@2022-06-13 16:00:00+macd_bull_cross_2h,short,2022-06-14 06:00:00,0.19728982793973354,2h_wick_r75_v1p5_then_macd2h_24h,1.9158493623461093,2.954660741199494
301417,908,300509,302229,4914.057706488122,False,True,False,1713.71,0.01932150618701578,300509,1681.2261780000001,0.3802281368821299,-0.19504051898703523,8.122760766784427,-0.0025133473024134823,-0.00031544509972725177,2h_upper_wick_setup@2022-08-06 12:00:00+macd_bear_cross_2h,long,2022-08-06 16:00:00,0.4553231939163471,2h_wick_r75_v1p5_then_macd2h_24h,0.7160975552900845,0.422021967736755
327625,836,326789,327744,777.154318366549,False,True,False,1635.16,0.01386880586511463,326789,1612.792494,0.6796352583586646,-0.19251194090474044,9.123786515235217,-0.008289872940295817,-0.0021191373123516932,2h_upper_wick_setup@2022-11-04 16:00:00+macd_bear_cross_2h,long,2022-11-05 16:00:00,0.15927051671733197,2h_wick_r75_v1p5_then_macd2h_24h,0.7655277786538353,1.007444296844814
349897,4419,345478,355572,49025.1805000442,False,True,False,1629.4,0.29427192389087575,345478,1258.931736,0.17673086933889062,-1.78228035187772,6.172183385501704,-0.018012957106048888,-0.02117393728502348,2h_upper_wick_setup@2023-01-21 02:00:00+macd_bear_cross_2h,long,2023-01-22 00:00:00,0.00260281103591642,2h_wick_r75_v1p5_then_macd2h_24h,1.2497150730664068,1.0137160781369816
363611,551,363060,364212,-8797.535740603402,False,False,False,1428.24,0.07286833865456788,363060,1532.313476,0.7410674900749846,1.056625843044337,-11.693191483161485,0.02061173037219466,0.002794836661444977,2h_lower_wick_setup@2023-03-10 16:00:00+macd_bull_cross_2h,short,2023-03-10 22:00:00,0.04146449051610285,2h_wick_r75_v1p5_then_macd2h_24h,0.7904747725620571,1.391408159859815
410003,287,409716,415082,8149.520137668995,False,True,False,1662.84,0.014921701426475309,409716,1687.652402,0.5644257703081115,0.5351281546750641,-10.756116170982878,-0.00287107532499431,0.012117883810103036,2h_lower_wick_setup@2023-08-18 06:00:00+macd_bull_cross_2h,short,2023-08-19 00:00:00,0.3319327731092556,2h_wick_r75_v1p5_then_macd2h_24h,0.5830741770565778,0.6212801831707119
425099,583,424516,426094,13005.089737643139,False,True,False,1590.42,0.022418430351730967,424516,1626.07472,0.35889070146820357,0.2914119664520065,-3.9063385206321737,-0.0008500697542388469,0.0020093997390586704,2h_lower_wick_setup@2023-10-09 18:00:00+macd_bull_cross_2h,short,2023-10-10 10:00:00,0.5203915171288562,2h_wick_r75_v1p5_then_macd2h_24h,0.08106621055086749,0.21761901157950503
427139,1045,426094,427152,3213.8175412995042,False,True,False,1584.52,0.018380673413083137,426094,1555.921122,0.08978328173373647,-0.4868165677958025,3.704543290002187,0.00011363042509349164,0.006679587867076897,2h_upper_wick_setup@2023-10-16 14:00:00+macd_bear_cross_2h,long,2023-10-17 12:00:00,0.3219814241486013,2h_wick_r75_v1p5_then_macd2h_24h,0.31692964824120606,0.5524005552062448
435851,7963,427888,455796,131352.1926257087,True,True,False,1996.73,0.2657596050249367,427888,1577.495436,0.10301507537688284,-2.491584237157908,-0.1150745691463333,-0.010429965690247234,-0.015193472370976013,2h_upper_wick_setup@2023-11-16 12:00:00+macd_bear_cross_2h,long,2023-11-16 18:00:00,0.6452261306532666,2h_wick_r75_v1p5_then_macd2h_24h,0.547763431075289,0.8919327842072171
460043,503,459540,476244,176532.66314368136,True,True,False,2423.95,0.019419217994620652,459540,2377.7754600000003,0.2685961590478737,-0.7811643588353299,8.102943999756832,0.0006369689591962935,-0.0016646460430069787,2h_upper_wick_setup@2024-02-07 22:00:00+macd_bear_cross_2h,long,2024-02-08 18:00:00,0.028942385718142137,2h_wick_r75_v1p5_then_macd2h_24h,2.665315370861335,2.5014260761423186
517115,489,516626,517456,14924.732541245874,False,True,False,2751.92,0.0372467931307332,516626,2653.100514,0.25175209564381157,-1.2275206009689086,13.183224675777943,0.008335616893626163,0.006374627961747814,2h_upper_wick_setup@2024-08-24 18:00:00+macd_bear_cross_2h,long,2024-08-24 22:00:00,0.19541019650954794,2h_wick_r75_v1p5_then_macd2h_24h,6.380283891945973,3.227250363651921
529763,913,528850,529800,3812.8622120580403,False,True,False,2449.49,0.02222694352916932,528850,2396.22915,0.49403341288782315,-1.0447352698322714,9.602937948706332,-0.005696342823882983,-0.012044693327023959,2h_upper_wick_setup@2024-10-07 16:00:00+macd_bear_cross_2h,long,2024-10-07 20:00:00,0.0684780613181568,2h_wick_r75_v1p5_then_macd2h_24h,1.0466878783861415,3.7046472034806737
534827,978,533849,535544,25782.971014758397,False,True,False,2535.42,0.04310565981178649,533849,2644.710952,0.03289799966937062,1.8518893286976237,-6.121803958568805,0.00846444628894405,0.018477670503849852,2h_lower_wick_setup@2024-10-24 16:00:00+macd_bull_cross_2h,short,2024-10-25 10:00:00,0.07588031079517486,2h_wick_r75_v1p5_then_macd2h_24h,1.346293440649917,1.4321195193685352
537539,938,536601,538173,26850.177959806402,False,True,False,2453.56,0.06358026051940846,536601,2609.557984,0.758828788556104,0.5430487083993931,-5.357488331217638,-0.008164304760358343,-0.011978144872594632,2h_lower_wick_setup@2024-11-03 20:00:00+macd_bull_cross_2h,short,2024-11-03 20:00:00,0.04023245417970882,2h_wick_r75_v1p5_then_macd2h_24h,0.7814732848561492,2.3314117294999126
543347,5174,538173,551988,223327.4877437217,True,True,False,3398.64,0.3672564452199454,538173,2485.7370479999995,0.5172286031863665,-0.12438977895817516,7.710821029217655,0.002175628395626017,-0.0028288145838420986,2h_upper_wick_setup@2024-11-23 20:00:00+macd_bear_cross_2h,long,2024-11-24 00:00:00,0.0,2h_wick_r75_v1p5_then_macd2h_24h,3.139214190887778,1.643250262675515
564035,527,563508,566964,95432.27353813092,False,True,False,2752.77,0.1333877817616438,563508,3119.955884,0.202191235059765,9.100428762185658,-46.01362627331268,0.005659747786865399,0.02392482260558748,2h_lower_wick_setup@2025-02-03 04:00:00+macd_bull_cross_2h,short,2025-02-03 20:00:00,0.23074369189907099,2h_wick_r75_v1p5_then_macd2h_24h,0.6206607916839961,0.5316263008415516
573995,980,573015,575212,84737.91552441102,False,True,False,2101.98,0.029023737618816714,573015,2162.987316,0.20182765058465135,0.22064303315419664,-11.130958566552028,-0.004415412870066748,-0.004024769486879243,2h_lower_wick_setup@2025-03-10 00:00:00+macd_bull_cross_2h,short,2025-03-10 10:00:00,0.48924044413874396,2h_wick_r75_v1p5_then_macd2h_24h,8.719702443407074,4.8525566854494535
597083,6499,590584,599220,289292.0533968997,True,True,False,2660.48,0.4459932756725471,590584,1839.897906,0.07452830188679574,-0.5502477641367349,8.905753749413126,-0.0030163010990869044,0.0020163039336997812,2h_upper_wick_setup@2025-05-28 14:00:00+macd_bear_cross_2h,long,2025-05-29 14:00:00,0.08286163522012503,2h_wick_r75_v1p5_then_macd2h_24h,1.5262975348310637,1.6896365745358364
604139,343,603796,604284,460.46536167361774,False,True,False,2244.38,0.029481548579117556,603796,2310.547798,0.0,1.3094933393423887,-20.321116689052232,-0.017968163178675667,-0.031159301686518592,2h_lower_wick_setup@2025-06-22 22:00:00+macd_bull_cross_2h,short,2025-06-23 02:00:00,0.3633392751039782,2h_wick_r75_v1p5_then_macd2h_24h,0.2943884323194668,0.5559670511901073
620555,12534,608021,631188,687933.1530731542,True,True,False,4298.91,0.6954098204504009,608021,2535.617022,0.3616112650046146,-0.27094693571145,-17.245177652217876,-0.015077161004209971,-0.018014334775563468,2h_upper_wick_setup@2025-08-18 14:00:00+macd_bear_cross_2h,long,2025-08-19 02:00:00,0.5081948291782143,2h_wick_r75_v1p5_then_macd2h_24h,0.7838519606182113,5.279963236600428
633587,959,632628,636372,-32107.348223629175,False,False,False,4474.91,0.06298161218186271,632628,4209.771786,0.5478314364810787,-1.9806766219383718,16.593026983030526,0.002194318880620161,0.00026054511431117255,2h_upper_wick_setup@2025-10-02 08:00:00+macd_bear_cross_2h,long,2025-10-03 08:00:00,0.08489695478312419,2h_wick_r75_v1p5_then_macd2h_24h,0.55453095749844,0.48864810381756324
643115,407,642708,649044,291923.0081585888,True,True,False,3306.61,0.08948722528511066,642708,3602.5093540000003,0.566827212522578,0.07836542240227118,-34.51321407752906,0.01882797927605151,0.02579675451883756,2h_lower_wick_setup@2025-11-04 22:00:00+macd_bull_cross_2h,short,2025-11-05 10:00:00,0.11408789885611037,2h_wick_r75_v1p5_then_macd2h_24h,0.031208602398940223,0.25418980058020124
651515,574,650941,651829,143916.03504271363,True,True,False,3173.44,0.10960531542009422,650941,2859.97188,0.47542326597487455,-0.3701055878568269,29.19868186351131,-0.004142270377351376,-0.01260247765565925,2h_upper_wick_setup@2025-12-04 08:00:00+macd_bear_cross_2h,long,2025-12-04 14:00:00,0.03659202621518704,2h_wick_r75_v1p5_then_macd2h_24h,0.3963264533232342,0.44926350984183383
668099,571,667528,670116,675483.4111797365,True,True,False,2699.13,0.0894368837366113,667528,2940.531776,0.3262899262899215,0.032300194691977424,-19.564621464302043,0.00852160101317967,0.009075157419560664,2h_lower_wick_setup@2026-01-30 08:00:00+macd_bull_cross_2h,short,2026-01-31 04:00:00,0.4604422604422571,2h_wick_r75_v1p5_then_macd2h_24h,0.10069389553042873,0.25650120007938926
678707,749,677958,678745,107714.94338189252,True,True,False,1938.61,0.058263191668257,677958,2051.559606,0.11877667140824996,0.4319892830761418,-5.8015196342829505,0.011174455769337621,0.0028820299680991646,2h_lower_wick_setup@2026-03-08 06:00:00+macd_bull_cross_2h,short,2026-03-09 00:00:00,0.39260312944523823,2h_wick_r75_v1p5_then_macd2h_24h,1.1721248050664859,1.7786676005914857
685643,854,684789,685646,78668.204007864,False,True,False,2092.94,0.02642508311915237,684789,2039.05773,0.016263869889043384,-2.725424738783115,9.775930724812257,0.008996549688894406,0.02884547403061055,2h_upper_wick_setup@2026-04-01 18:00:00+macd_bear_cross_2h,long,2026-04-02 02:00:00,0.2793737650098748,2h_wick_r75_v1p5_then_macd2h_24h,19.96788532247406,7.868983033877075
686699,1053,685646,686759,-10664.777364131529,False,False,False,2061.13,0.009705205397039451,685646,2081.13369,0.5,0.5574602771370349,-1.21418074409315,-0.01648066627601208,-0.012981533793845812,2h_lower_wick_setup@2026-04-05 14:00:00+macd_bull_cross_2h,short,2026-04-05 18:00:00,0.11257763975153771,2h_wick_r75_v1p5_then_macd2h_24h,2.4089960074722536,3.6969224859142904
695579,1568,694011,695708,72878.66758759832,False,True,False,2359.1,0.03152271953166608,694011,2287.00731,0.0,-1.057262709561698,1.7995578594100365,0.0045340894842034185,0.03740834599603038,2h_upper_wick_setup@2026-05-06 12:00:00+macd_bear_cross_2h,long,2026-05-06 14:00:00,0.07977736549165444,2h_wick_r75_v1p5_then_macd2h_24h,3.4412886761950365,4.511985188014087
700547,302,700245,702222,88887.55997676263,False,True,False,2077.08,0.008834917287730892,700245,2095.43083,0.0,0.9820325139294681,-4.146968278598873,-0.02388044896705066,-0.018609019363473367,2h_lower_wick_setup@2026-05-23 02:00:00+macd_bull_cross_2h,short,2026-05-23 20:00:00,0.38943488943489357,2h_wick_r75_v1p5_then_macd2h_24h,1.3369123800147675,1.6355774525128588
704459,1676,702783,704704,687331.854913211,True,True,False,1559.83,0.28604957976189715,702783,2006.018716,0.0036440935317306597,0.4078210943686784,-13.997762011408739,0.0002426341387296027,-0.018235977047514673,2h_lower_wick_setup@2026-06-06 06:00:00+macd_bull_cross_2h,short,2026-06-06 10:00:00,0.6456119040388688,2h_wick_r75_v1p5_then_macd2h_24h,0.20379047631232167,0.31221993689465655
705251,547,704704,705375,99040.20316329226,False,True,False,1667.31,0.03576232722289019,704704,1609.741884,0.7410207939508445,-0.007840628505579872,18.238990467674007,-0.011838122763156211,0.03324733012081316,2h_upper_wick_setup@2026-06-08 12:00:00+macd_bear_cross_2h,long,2026-06-09 04:00:00,0.08191556395716271,2h_wick_r75_v1p5_then_macd2h_24h,0.142533098839573,0.13850036165363055
29414,13727,15687,30375,2119.0179211623945,False,True,False,132.31,0.377473675459149,15687,182.253542,0.7475728155339897,0.6044609382969327,0.15349325719913146,nan,nan,2h_lower_wick_setup@2020-01-03 08:00:00+macd_bull_cross_4h,short,2020-01-03 16:00:00,0.0,2h_wick_r75_v1p5_then_macd4h_12h,1.0769210806580887,2.213039968327904
84530,23538,60992,95701,15339.936809933251,False,True,False,238.11,0.36004563255539024,60992,175.075008,0.09683098591549484,-0.10551874352594948,-0.05579991571648246,nan,nan,2h_upper_wick_setup@2020-07-13 12:00:00+macd_bear_cross_4h,long,2020-07-13 20:00:00,0.0,2h_wick_r75_v1p5_then_macd4h_12h,2.183730265208959,2.7499044432755526
435827,7939,427888,455796,131352.1926257087,True,True,False,2005.5,0.271319050586464,427888,1577.495436,0.22739567233384822,0.38568645109135735,-0.1150745691463333,-0.004813713547875853,0.014583402617490693,2h_upper_wick_setup@2023-11-16 12:00:00+macd_bear_cross_4h,long,2023-11-16 16:00:00,0.01700154559505621,2h_wick_r75_v1p5_then_macd4h_12h,2.5964042660826445,4.3088791338774834
695603,1592,694011,695708,72878.66758759832,False,True,False,2359.6,0.03174134585516475,694011,2287.00731,0.523385300668147,-2.6457883612733344,-0.5985370616417498,-0.03307895846878306,-0.028694851942321464,2h_upper_wick_setup@2026-05-06 12:00:00+macd_bear_cross_4h,long,2026-05-06 16:00:00,0.43429844097996473,2h_wick_r75_v1p5_then_macd4h_12h,0.9387962370757953,2.0817155302082186
18182,2495,15687,30375,2119.0179211623945,False,True,False,150.52,0.21082608291256966,15687,182.253542,0.0838574423480099,1.1973836078640097,0.5984619747330857,nan,nan,2h_lower_wick_setup@2019-11-24 18:00:00+macd_bull_cross_4h,short,2019-11-25 16:00:00,0.18238993710691392,2h_wick_r75_v1p5_then_macd4h_24h,2.0416385120544116,2.137899334471821
53462,4655,48807,55344,3600.431091184704,False,True,False,139.36,0.4425214265212398,48807,201.029786,0.03389830508471474,0.36216084895981177,0.031033160508236346,nan,nan,2h_lower_wick_setup@2020-03-26 08:00:00+macd_bull_cross_4h,short,2020-03-27 04:00:00,0.0,2h_wick_r75_v1p5_then_macd4h_24h,1.8974815854362828,0.4577045647589243
77546,16554,60992,95701,15339.936809933251,False,True,False,227.53,0.2996143915641003,60992,175.075008,0.2360801781737194,-0.47274254877185695,-0.24346292821475768,nan,nan,2h_upper_wick_setup@2020-06-18 04:00:00+macd_bear_cross_4h,long,2020-06-19 04:00:00,0.13808463251670453,2h_wick_r75_v1p5_then_macd4h_24h,8.149107800361099,4.079566647317966
204559,11903,192656,209936,34274.426910554714,False,True,False,3910.93,0.7915584458502107,192656,2182.9765079999997,0.11225944404845482,-13.331068166708377,-0.9747862132065848,-0.0036288717385585256,0.01875073428527707,2h_upper_wick_setup@2021-09-03 16:00:00+macd_bear_cross_4h,long,2021-09-04 08:00:00,0.43763364219530376,2h_wick_r75_v1p5_then_macd4h_24h,0.2559044865887947,0.25685224322630457
216847,4319,212528,231248,31590.289119135792,False,True,False,3813.13,0.15372458736675387,212528,3305.06088,0.1812066428421262,-15.818550129452284,-1.8927369825807858,0.0051725007361220765,-0.016530924511237166,2h_upper_wick_setup@2021-10-16 04:00:00+macd_bear_cross_4h,long,2021-10-17 00:00:00,0.6113096489384088,2h_wick_r75_v1p5_then_macd4h_24h,0.48770308012845726,0.32406364495403867
276121,2020,274101,277466,25933.17423582128,False,True,False,2347.69,0.17667894568703724,274101,2762.4773940000005,0.1565135895032788,13.729930119190172,1.5800252862979676,-0.020801111632717473,-0.036094890686022896,2h_lower_wick_setup@2022-05-09 20:00:00+macd_bull_cross_4h,short,2022-05-10 20:00:00,0.1565135895032788,2h_wick_r75_v1p5_then_macd4h_24h,0.5130425966057547,0.6825171775819708
301609,1100,300509,302229,4914.057706488122,False,True,False,1685.65,0.002631306874642192,300509,1681.2261780000001,0.34426229508198486,-6.443269000200116,-0.6315572931336106,0.009861103875416166,0.0209755390403763,2h_upper_wick_setup@2022-08-06 12:00:00+macd_bear_cross_4h,long,2022-08-07 08:00:00,0.38797814207648057,2h_wick_r75_v1p5_then_macd4h_24h,0.44621112175145305,0.17293029880456062
435827,7939,427888,455796,131352.1926257087,True,True,False,2005.5,0.271319050586464,427888,1577.495436,0.22739567233384822,0.38568645109135735,-0.1150745691463333,-0.004813713547875853,0.014583402617490693,2h_upper_wick_setup@2023-11-16 12:00:00+macd_bear_cross_4h,long,2023-11-16 16:00:00,0.01700154559505621,2h_wick_r75_v1p5_then_macd4h_24h,2.5964042660826445,4.3088791338774834
469523,9983,459540,476244,176532.66314368136,True,True,False,3988.57,0.6774376164181624,459540,2377.7754600000003,0.3764950084017013,-6.162192082348913,-3.3440438912375114,-0.0009318478821583875,0.008559757493836306,2h_upper_wick_setup@2024-03-11 20:00:00+macd_bear_cross_4h,long,2024-03-12 16:00:00,0.17554611050706934,2h_wick_r75_v1p5_then_macd4h_24h,0.5806734314898218,1.4965292040145322
528803,1495,527308,528850,49598.604560681444,False,True,False,2384.34,0.10895722422137766,527308,2644.1310679999997,0.16820083682009812,10.700674291117217,2.1279627215659787,0.006625889122826578,0.002428658478224266,2h_lower_wick_setup@2024-10-03 22:00:00+macd_bull_cross_4h,short,2024-10-04 12:00:00,0.17238493723848522,2h_wick_r75_v1p5_then_macd4h_24h,0.4446275600418877,0.39790059699518443
537731,1130,536601,538173,26850.177959806402,False,True,False,2469.05,0.05690771106295944,536601,2609.557984,0.0,4.588577301537494,1.3666028482684354,0.002157261757564255,0.00020539220762372246,2h_lower_wick_setup@2024-11-03 20:00:00+macd_bull_cross_4h,short,2024-11-04 12:00:00,0.51807228915661,2h_wick_r75_v1p5_then_macd4h_24h,0.38138446815297916,0.24484578321151138
543491,5318,538173,551988,223327.4877437217,True,True,False,3351.76,0.34839684780688884,538173,2485.7370479999995,0.15360051093725577,-9.055580059863757,-0.7773963058795488,-0.003623572365717531,-0.005890891713767332,2h_upper_wick_setup@2024-11-23 20:00:00+macd_bear_cross_4h,long,2024-11-24 12:00:00,0.07344722976209327,2h_wick_r75_v1p5_then_macd4h_24h,0.740363163988591,0.737985037273502
565523,2015,563508,566964,95432.27353813092,False,True,False,2635.56,0.18379239478516896,563508,3119.955884,0.5142679900744429,5.00635695591,1.262411588956752,0.00030378955767917937,0.0010610452980543972,2h_lower_wick_setup@2025-02-08 08:00:00+macd_bull_cross_4h,short,2025-02-09 00:00:00,0.09491315136474911,2h_wick_r75_v1p5_then_macd4h_24h,0.545480906899614,0.24967239016646323
695603,1592,694011,695708,72878.66758759832,False,True,False,2359.6,0.03174134585516475,694011,2287.00731,0.523385300668147,-2.6457883612733344,-0.5985370616417498,-0.03307895846878306,-0.028694851942321464,2h_upper_wick_setup@2026-05-06 12:00:00+macd_bear_cross_4h,long,2026-05-06 16:00:00,0.43429844097996473,2h_wick_r75_v1p5_then_macd4h_24h,0.9387962370757953,2.0817155302082186
704675,1892,702783,704704,687331.854913211,True,True,False,1591.89,0.26014907813982124,702783,2006.018716,0.38983050847456624,11.708981074044566,2.8423984733000083,0.0049816767582386845,-0.015506874644983348,2h_lower_wick_setup@2026-06-06 06:00:00+macd_bull_cross_4h,short,2026-06-07 04:00:00,0.4848668280871671,2h_wick_r75_v1p5_then_macd4h_24h,1.4303111968599589,0.5025592414391472
2198,216,1982,2899,-52.4497206046708,False,False,False,182.81,0.05600557725293398,1982,173.114616,0.03058103975534985,1.2906614389237512,2.067772775092878,nan,nan,2h_upper_wick,long,2019-10-01 04:00:00,0.8501529051987744,2h_wick_r75_v2p0,2.741139182028035,3.3006243782211206
4166,139,4027,5104,528.8814636934749,False,True,False,179.94,0.022007721389313062,4027,176.065206,0.14767932489451208,1.018906942772719,0.8279234149865703,nan,nan,2h_upper_wick,long,2019-10-08 00:00:00,0.7890295358649793,2h_wick_r75_v2p0,6.053139243840337,4.716920429964381
13286,415,12871,13737,47.644783237674346,False,True,False,183.04,0.0273294580419583,12871,188.04238400000003,0.7674418604651129,-0.47363614430004375,-0.8323454760035048,nan,nan,2h_lower_wick,short,2019-11-08 16:00:00,0.06395348837208448,2h_wick_r75_v2p0,4.211134867058726,8.023827781700628
16238,551,15687,30375,2119.0179211623945,False,True,False,178.56,0.020685159050179314,15687,182.253542,0.8484848484848563,-0.5984770636372551,-0.20743955770859746,nan,nan,2h_lower_wick,short,2019-11-18 22:00:00,0.07575757575757185,2h_wick_r75_v2p0,1.0545925835176384,2.143973741703585
51566,2759,48807,55344,3600.431091184704,False,True,False,142.28,0.41291668540905246,48807,201.029786,0.7750511247443774,1.1736148030972258,3.942363877637505,nan,nan,2h_lower_wick,short,2020-03-20 14:00:00,0.0,2h_wick_r75_v2p0,4.068850978162277,5.8491864619686025
62978,1986,60992,95701,15339.936809933251,False,True,False,208.01,0.18811932311892288,60992,175.075008,0.0734177215189922,1.2842694571810067,0.6934382832830552,nan,nan,2h_upper_wick,long,2020-04-29 14:00:00,0.9139240506329109,2h_wick_r75_v2p0,31.006893008929744,9.706087311439529
113230,3383,109847,136783,37135.1622576107,False,True,False,395.21,0.08178003012987722,109847,365.333052,0.0,2.3575043672731715,1.3730472401390386,0.009549093174768819,0.04474222757982682,2h_upper_wick,long,2020-10-21 18:00:00,0.7673545966228976,2h_wick_r75_v2p0,2.035761225856294,5.247266529167034
151444,455,150989,172818,71695.46912793306,False,True,False,1605.52,0.018126726927197856,150989,1576.9353239999998,0.07913802712242238,6.915002225938,13.785039894367316,-0.009402807337354768,-0.02175012962237044,2h_upper_wick,long,2021-03-03 14:00:00,0.9000557310050137,2h_wick_r75_v2p0,4.223717790030381,2.212807687485675
204367,11711,192656,209936,34274.426910554714,False,True,False,3965.49,0.8165518435345436,192656,2182.9765079999997,0.17862462760675127,5.928144115891911,16.58291279483919,0.06592244306083916,0.07203344855044769,2h_upper_wick,long,2021-09-03 16:00:00,0.779543197616686,2h_wick_r75_v2p0,1.9152973748374773,3.1135654986386583
216607,4079,212528,231248,31590.289119135792,False,True,False,3842.23,0.16252926632927855,212528,3305.06088,0.03193353303566179,-5.06580526504456,14.519285262300784,0.01505787386145152,0.009681296218749802,2h_upper_wick,long,2021-10-16 04:00:00,0.8917085853162274,2h_wick_r75_v2p0,0.2754869486741486,2.866916313088036
240535,71,240464,246224,39124.28035168933,False,True,False,3223.65,0.05674578443689615,240464,3406.5785480000004,0.768578694546484,-12.482741747723267,-41.600965710923674,-0.023474849843280188,-0.022581230549700737,2h_lower_wick,short,2022-01-07 06:00:00,0.18121880003767402,2h_wick_r75_v2p0,0.8205897217939879,3.4702146293976273
264553,2754,261799,266378,9453.885492086352,False,True,False,3339.94,0.12680772118282757,261799,2964.072696,0.08057692307692413,-9.2771215708561,-14.745585510510736,0.02909019532712076,0.04396532877482162,2h_upper_wick,long,2022-03-31 16:00:00,0.8275000000000039,2h_wick_r75_v2p0,0.8715340358326238,3.190429392574009
275833,1732,274101,277466,25933.17423582128,False,True,False,2297.85,0.20220092434232018,274101,2762.4773940000005,0.8235763097949863,-14.243502702600807,-23.338679012192344,-0.05519633506887356,-0.1022642126800839,2h_lower_wick,short,2022-05-09 20:00:00,0.07323462414578905,2h_wick_r75_v2p0,2.609612935951718,2.3662562350613383
280657,795,279862,281661,9503.979987315004,False,True,False,1814.6,0.09615458172600033,279862,1989.082104,0.8181237354914265,-15.19261499815152,-12.540900275009491,0.02920225202119564,0.07830238713273596,2h_lower_wick,short,2022-05-26 14:00:00,0.16856564796081505,2h_wick_r75_v2p0,9.816614263411651,6.585640382072367
285721,1769,283952,286538,43704.53024715526,False,True,False,1356.24,0.31276458738866264,283952,1780.423844,0.7906547802028911,-4.7950107898050405,-17.13495952504391,-0.006282222178544239,-0.01244760033818193,2h_lower_wick,short,2022-06-13 04:00:00,0.1357208730402695,2h_wick_r75_v2p0,4.334563100110317,4.376138122823776
290377,507,289870,291864,16756.747354300227,False,True,False,1133.53,0.05238623591788483,289870,1192.91137,0.9098039215686319,-6.139459357208647,-11.777741188577952,0.0006251922729705317,-0.015820019779788197,2h_lower_wick,short,2022-06-29 08:00:00,0.059313725490197595,2h_wick_r75_v2p0,1.0641348456736,2.2202811443625037
301369,860,300509,302229,4914.057706488122,False,True,False,1713.89,0.019428570901065312,300509,1681.2261780000001,0.04560622914350183,2.145060482211605,9.80785586402132,-0.009903180855840854,-0.027047661751606222,2h_upper_wick,long,2022-08-06 12:00:00,0.8609566184649612,2h_wick_r75_v2p0,0.13756526320257356,2.5099396320899414
316009,220,315789,316243,-17402.501966663054,False,False,False,1295.97,0.005848312846747916,315789,1303.549238,0.7613584212941692,-2.248482889993493,-1.0049732703411305,0.005421254293131339,-0.0006918618532232301,2h_lower_wick,short,2022-09-26 08:00:00,0.18494722349701603,2h_wick_r75_v2p0,1.3405599716500516,2.6390787348369256
324241,1244,322997,325224,33405.54589574665,False,True,False,1346.0,0.0282330520249654,322997,1309.0417559999999,0.023972602739719948,-1.0482144078603817,3.093710658688213,0.0016874636350634464,0.00791447751008234,2h_upper_wick,long,2022-10-24 22:00:00,0.8561643835616491,2h_wick_r75_v2p0,1.5195093433139129,2.263647431749903
327337,548,326789,327744,777.154318366549,False,True,False,1615.6,0.0017407732305578794,326789,1612.792494,0.0,9.319415678304889,5.4912390407513865,0.018133087341942744,0.025716350849351866,2h_upper_wick,long,2022-11-04 16:00:00,0.9993392798149952,2h_wick_r75_v2p0,3.969203260959787,4.683658369074991
328297,553,327744,329053,46202.53407956901,False,True,False,1573.07,0.02879481650530491,327744,1618.366262,0.7821083890126233,-0.8954564747452469,-5.656375971096081,0.006533579290972424,0.013374885369989764,2h_lower_wick,short,2022-11-08 00:00:00,0.0,2h_wick_r75_v2p0,1.3257307620441063,3.2803697294941006
331753,23,331730,332258,-29656.570866496942,False,False,False,1219.5,0.001672786160468842,331730,1217.463444,0.0587889476778366,1.4841528398672161,2.929893608942635,-0.005979108983949932,-0.00033186963335551933,2h_upper_wick,long,2022-11-20 00:00:00,0.8071722516166976,2h_wick_r75_v2p0,3.9625898240940565,5.577380259602165
336121,41,336080,336736,-11670.57038575114,False,False,False,1290.46,0.0017795960960613755,336080,1288.167582,0.13496932515336532,3.7374197561400675,-0.6795993223103398,0.009813470839951544,0.014090588667184933,2h_upper_wick,long,2022-12-05 04:00:00,0.8478527607361926,2h_wick_r75_v2p0,3.3742777293092994,5.54527483147663
363371,311,363060,364212,-8797.535740603402,False,False,False,1429.97,0.07157036581187026,363060,1532.313476,0.7813565744600243,-11.79501533401848,-9.170702143145297,-0.010030448624451349,0.02268872463439231,2h_lower_wick,short,2023-03-10 02:00:00,0.0299355816597181,2h_wick_r75_v2p0,6.438087286963676,3.922211290113962
373307,9094,364213,381204,46971.89962416631,False,True,False,1991.78,0.2631342837195816,364213,1576.855308,0.012178619756426744,9.511570772959526,6.532268432843043,0.04368049505558824,0.08190748629005351,2h_upper_wick,long,2023-04-13 14:00:00,0.754623364907531,2h_wick_r75_v2p0,1.3496200625299777,2.3589321110282264
409787,71,409716,415082,8149.520137668995,False,True,False,1682.91,0.002817977194264687,409716,1687.652402,0.7722308892355758,-9.606207856794011,-14.96627562526534,0.005969929716420408,0.006364593470105984,2h_lower_wick,short,2023-08-18 06:00:00,0.005720228809147158,2h_wick_r75_v2p0,0.867851031152384,2.202009155467693
424907,391,424516,426094,13005.089737643139,False,True,False,1583.43,0.026931863107305,424516,1626.07472,0.8591370558375616,-5.155707826703083,-4.138981555026959,-0.03422714015021311,-0.028978284344563177,2h_lower_wick,short,2023-10-09 18:00:00,0.09454314720812246,2h_wick_r75_v2p0,3.2964077938867855,6.942638614522463
426875,781,426094,427152,3213.8175412995042,False,True,False,1580.24,0.01562989129470793,426094,1555.921122,0.004953693732500923,2.5282712936873226,4.856767869641098,9.36438670615658e-05,0.0009245466420519932,2h_upper_wick,long,2023-10-16 14:00:00,0.9420633211285796,2h_wick_r75_v2p0,44.415228982099045,29.677607811010084
432299,4411,427888,455796,131352.1926257087,True,True,False,1837.09,0.16456121398249168,427888,1577.495436,0.0,3.4732614084765814,0.9528153060799021,0.0065181775735414504,0.011464748693807536,2h_upper_wick,long,2023-11-04 10:00:00,0.8091715976331412,2h_wick_r75_v2p0,3.942693513470463,3.2733729939368414
459803,263,459540,476244,176532.66314368136,True,True,False,2427.7,0.020996322335667283,459540,2377.7754600000003,0.08624938393297206,4.832360656122901,7.475329714267115,-0.007610872610216757,-0.01399896429429004,2h_upper_wick,long,2024-02-07 22:00:00,0.775751601774286,2h_wick_r75_v2p0,2.139036748285053,4.156596156951396
517067,441,516626,517456,14924.732541245874,False,True,False,2775.67,0.04619858363948892,516626,2653.100514,0.015663498768037135,0.709819071146427,12.803754986359014,0.005014138160278625,0.009947895338295654,2h_upper_wick,long,2024-08-24 18:00:00,0.7696233720520924,2h_wick_r75_v2p0,6.28942596298149,8.650856069042318
529235,385,528850,529800,3812.8622120580403,False,True,False,2408.65,0.0051834984145819885,528850,2396.22915,0.0,0.7933355694842208,11.12307074689275,-0.014583035722513293,-0.013695327188021689,2h_upper_wick,long,2024-10-06 00:00:00,0.8580715059588361,2h_wick_r75_v2p0,3.471476334761258,2.0379490825294484
534059,210,533849,535544,25782.971014758397,False,True,False,2626.71,0.006853041256933423,533849,2644.710952,0.8611374407582825,-6.807811454951101,-11.39307755496106,0.002734246982178945,0.017800170282969097,2h_lower_wick,short,2024-10-22 18:00:00,0.049763033175363215,2h_wick_r75_v2p0,2.4143026711692235,2.35048119933852
537539,938,536601,538173,26850.177959806402,False,True,False,2453.56,0.06358026051940846,536601,2609.557984,0.758828788556104,0.5430487083993931,-5.357488331217638,-0.008164304760358343,-0.011978144872594632,2h_lower_wick,short,2024-11-03 20:00:00,0.04023245417970882,2h_wick_r75_v2p0,0.7814732848561492,2.3314117294999126
543299,5126,538173,551988,223327.4877437217,True,True,False,3399.98,0.3677955207432708,538173,2485.7370479999995,0.03254914598776061,2.6936124936882493,9.924617811566932,0.002894391681337538,-0.025332637937001135,2h_upper_wick,long,2024-11-23 20:00:00,0.7537866580728237,2h_wick_r75_v2p0,10.811035121766569,4.608295088081581
563747,239,563508,566964,95432.27353813092,False,True,False,2975.63,0.048502631039477384,563508,3119.955884,0.8374614910659268,-18.834818985719096,-30.157214749202513,-0.0067838466631220395,-0.01635759596880093,2h_lower_wick,short,2025-02-02 20:00:00,0.03314849044978498,2h_wick_r75_v2p0,2.0330989620701203,5.583661732433802
575891,155,575736,576594,-37415.57817728678,False,False,False,1888.66,0.005278979805788175,575736,1898.630198,0.8172678888231738,-4.835835642173229,0.5205466585703231,-0.0006290913514130914,-0.014983193020881358,2h_lower_wick,short,2025-03-17 00:00:00,0.014784151389710159,2h_wick_r75_v2p0,1.5464838424362661,3.2780990655953963
593099,2515,590584,599220,289292.0533968997,True,True,False,2566.58,0.3949578352311034,590584,1839.897906,0.0,-8.575075532606988,-19.739630310975087,0.0027216183824816387,-0.018116100533610235,2h_upper_wick,long,2025-05-15 18:00:00,0.7639111518204733,2h_wick_r75_v2p0,0.5219526688212075,2.0670701069386337
603827,31,603796,604284,460.46536167361774,False,True,False,2305.0,0.0024068537960955094,603796,2310.547798,0.7786021505376377,-11.972130621562634,-14.22337950998331,-0.040658444941510385,-0.04244644251012808,2h_lower_wick,short,2025-06-22 00:00:00,0.06129032258064321,2h_wick_r75_v2p0,22.397576359054053,6.769457680962107
620411,12390,608021,631188,687933.1530731542,True,True,False,4288.0,0.6911071201982175,608021,2535.617022,0.04726217816994893,-20.08000060239403,-27.628905589540572,0.00235094996178864,-0.009419982252744541,2h_upper_wick,long,2025-08-18 14:00:00,0.9395624320077357,2h_wick_r75_v2p0,2.375447401982968,2.6156505128146814
633299,671,632628,636372,-32107.348223629175,False,False,False,4384.62,0.0415338937330223,632628,4209.771786,0.1811579165801958,9.838677650142309,22.74278002455872,0.013392820716552567,0.011295980698042163,2h_upper_wick,long,2025-10-02 08:00:00,0.7626063498651235,2h_wick_r75_v2p0,1.4319686427486356,3.226247694103179
642971,263,642708,649044,291923.0081585888,True,True,False,3232.88,0.11433438729553846,642708,3602.5093540000003,0.8351573545583078,-31.242933817337416,-41.197616239467294,-0.011050013141845061,0.05740102214316334,2h_lower_wick,short,2025-11-04 22:00:00,0.10017280201078747,2h_wick_r75_v2p0,7.4059504300030445,7.294452948588924
651875,46,651829,652419,-10651.215894440655,False,False,False,3041.83,0.007570083140741035,651829,3064.856906,0.7510964912280708,-21.284582637274944,-12.302907750099266,-0.010637579136234865,-0.00555257228130368,2h_lower_wick,short,2025-12-05 20:00:00,0.2057291666666646,2h_wick_r75_v2p0,3.793992755825318,2.2760505461002736
654515,1144,653371,654541,108124.89278371586,True,True,False,3075.05,0.06744715630640141,653371,3282.453378,0.7704805883359045,0.6387903111725244,-4.634282186627949,0.0007173160680717938,-0.008239487738495699,2h_lower_wick,short,2025-12-15 00:00:00,0.01060372840772863,2h_wick_r75_v2p0,7.760273972602741,7.668101348866336
664547,68,664479,664944,-132394.75720662205,False,False,True,3345.02,0.0009251389517861419,664479,3341.928252,0.11255961844197088,3.2355759947729403,-1.1118919444554791,0.03296441274095896,0.04215866521278411,2h_upper_wick,long,2026-01-18 20:00:00,0.7535771065182816,2h_wick_r75_v2p0,4.380723216262259,4.611963190184049
667811,283,667528,670116,675483.4111797365,True,True,False,2740.13,0.07313586435680053,667528,2940.531776,0.8376121895220253,-23.073480175615344,-25.139974042429003,-0.040773684040331215,-0.037158380178017536,2h_lower_wick,short,2026-01-30 04:00:00,0.15341264871634172,2h_wick_r75_v2p0,0.667780711116104,3.2777457537006462
684755,1090,683665,684789,175497.21646333812,True,True,False,1982.49,0.07953728896488754,683665,2140.17188,0.7587500000000001,0.7761186013651002,1.912390350332739,-0.010323563950591974,-0.019125774089366332,2h_lower_wick,short,2026-03-30 00:00:00,0.04339285714285828,2h_wick_r75_v2p0,5.7595686531541,6.664894325612645
686651,1005,685646,686759,-10664.777364131529,False,False,False,2040.83,0.019748675783872294,685646,2081.13369,0.9336283185840806,-1.3339220581032682,-1.8987174350460632,0.002715676095890407,-0.003075229639264765,2h_lower_wick,short,2026-04-05 14:00:00,0.01603982300884761,2h_wick_r75_v2p0,1.5686832740213525,2.7100264640600993
695555,1544,694011,695708,72878.66758759832,False,True,False,2408.62,0.05317547061097927,694011,2287.00731,0.1012658227848032,1.4647170703066799,1.7995578594100365,0.03272587446853792,0.03810837986500348,2h_upper_wick,long,2026-05-06 12:00:00,0.841772151898736,2h_wick_r75_v2p0,1.658175500122103,2.185866466169891
704411,1628,702783,704704,687331.854913211,True,True,False,1576.92,0.27211191182812056,702783,2006.018716,0.7702265372168269,-2.140679946994041,-16.793529827881997,0.041325193381624103,0.031790489431894775,2h_lower_wick,short,2026-06-06 06:00:00,0.0,2h_wick_r75_v2p0,1.0146582508504864,2.257193961227837
705059,355,704704,705375,99040.20316329226,False,True,False,1672.08,0.03872553520512101,704704,1609.741884,0.17402597402597103,8.200686738079055,22.75006768204925,-0.017821868516823547,-0.020357907463573577,2h_upper_wick,long,2026-06-08 12:00:00,0.7522727272727308,2h_wick_r75_v2p0,3.2662699971705234,2.855312905592235
115846,5999,109847,136783,37135.1622576107,False,True,False,382.62,0.047318324759731745,109847,365.333052,0.009999999999990905,0.0767989891562304,-0.5790598650444316,-0.04568302589748263,-0.06692172604114399,2h_upper_wick+oi_flush,long,2020-10-30 20:00:00,0.7699999999999818,2h_wick_r75_v2p0_oi0,4.47222376160214,3.016214925688468
151444,455,150989,172818,71695.46912793306,False,True,False,1605.52,0.018126726927197856,150989,1576.9353239999998,0.07913802712242238,6.915002225938,13.785039894367316,-0.009402807337354768,-0.02175012962237044,2h_upper_wick+oi_flush,long,2021-03-03 14:00:00,0.9000557310050137,2h_wick_r75_v2p0_oi0,4.223717790030381,2.212807687485675
205543,12887,192656,209936,34274.426910554714,False,True,False,3449.88,0.580355989795196,192656,2182.9765079999997,0.02236342116738392,-53.4716458915724,-53.24876553884375,-0.18510000798256954,-0.3028838257934131,2h_upper_wick+oi_flush,long,2021-09-07 18:00:00,0.7899458045225178,2h_wick_r75_v2p0_oi0,6.3771626508237125,7.139574309157653
227647,15119,212528,231248,31590.289119135792,False,True,False,4148.62,0.25523255111718246,212528,3305.06088,0.005444311156225396,-1.3850649646600388,-12.830592529587989,-0.011472972400868975,-0.026785306638946738,2h_upper_wick+oi_flush,long,2021-11-23 12:00:00,0.7548214450493703,2h_wick_r75_v2p0_oi0,1.3136432665546256,2.924834549830291
240535,71,240464,246224,39124.28035168933,False,True,False,3223.65,0.05674578443689615,240464,3406.5785480000004,0.768578694546484,-12.482741747723267,-41.600965710923674,-0.023474849843280188,-0.022581230549700737,2h_lower_wick+oi_flush,short,2022-01-07 06:00:00,0.18121880003767402,2h_wick_r75_v2p0_oi0,0.8205897217939879,3.4702146293976273
275833,1732,274101,277466,25933.17423582128,False,True,False,2297.85,0.20220092434232018,274101,2762.4773940000005,0.8235763097949863,-14.243502702600807,-23.338679012192344,-0.05519633506887356,-0.1022642126800839,2h_lower_wick+oi_flush,short,2022-05-09 20:00:00,0.07323462414578905,2h_wick_r75_v2p0_oi0,2.609612935951718,2.3662562350613383
285721,1769,283952,286538,43704.53024715526,False,True,False,1356.24,0.31276458738866264,283952,1780.423844,0.7906547802028911,-4.7950107898050405,-17.13495952504391,-0.006282222178544239,-0.01244760033818193,2h_lower_wick+oi_flush,short,2022-06-13 04:00:00,0.1357208730402695,2h_wick_r75_v2p0_oi0,4.334563100110317,4.376138122823776
290377,507,289870,291864,16756.747354300227,False,True,False,1133.53,0.05238623591788483,289870,1192.91137,0.9098039215686319,-6.139459357208647,-11.777741188577952,0.0006251922729705317,-0.015820019779788197,2h_lower_wick+oi_flush,short,2022-06-29 08:00:00,0.059313725490197595,2h_wick_r75_v2p0_oi0,1.0641348456736,2.2202811443625037
301369,860,300509,302229,4914.057706488122,False,True,False,1713.89,0.019428570901065312,300509,1681.2261780000001,0.04560622914350183,2.145060482211605,9.80785586402132,-0.009903180855840854,-0.027047661751606222,2h_upper_wick+oi_flush,long,2022-08-06 12:00:00,0.8609566184649612,2h_wick_r75_v2p0_oi0,0.13756526320257356,2.5099396320899414
316009,220,315789,316243,-17402.501966663054,False,False,False,1295.97,0.005848312846747916,315789,1303.549238,0.7613584212941692,-2.248482889993493,-1.0049732703411305,0.005421254293131339,-0.0006918618532232301,2h_lower_wick+oi_flush,short,2022-09-26 08:00:00,0.18494722349701603,2h_wick_r75_v2p0_oi0,1.3405599716500516,2.6390787348369256
324505,1508,322997,325224,33405.54589574665,False,True,False,1474.88,0.12668674871514196,322997,1309.0417559999999,0.05902319441825591,12.955512767550433,10.756350987147037,-0.09886515698613252,-0.09046878385592305,2h_upper_wick+oi_flush,long,2022-10-25 20:00:00,0.8936451065434641,2h_wick_r75_v2p0_oi0,19.93403829287263,12.85076506393515
328561,817,327744,329053,46202.53407956901,False,True,False,1328.45,0.2182364876359666,327744,1618.366262,0.775879917184265,-19.771081554556773,-24.32190456967323,-0.09776867773684983,-0.159512680281503,2h_lower_wick+oi_flush,short,2022-11-08 22:00:00,0.18771566597653339,2h_wick_r75_v2p0_oi0,1.4235033752543136,11.503605731482486
331753,23,331730,332258,-29656.570866496942,False,False,False,1219.5,0.001672786160468842,331730,1217.463444,0.0587889476778366,1.4841528398672161,2.929893608942635,-0.005979108983949932,-0.00033186963335551933,2h_upper_wick+oi_flush,long,2022-11-20 00:00:00,0.8071722516166976,2h_wick_r75_v2p0_oi0,3.9625898240940565,5.577380259602165
336193,113,336080,336736,-11670.57038575114,False,False,False,1294.38,0.004822678420733695,336080,1288.167582,0.035384615384618186,3.9486209465457707,0.7012985980251623,-0.001312398003525117,0.006428613210456735,2h_upper_wick+oi_flush,long,2022-12-05 10:00:00,0.7823076923076979,2h_wick_r75_v2p0_oi0,1.2003538316671563,4.687375367098177
363371,311,363060,364212,-8797.535740603402,False,False,False,1429.97,0.07157036581187026,363060,1532.313476,0.7813565744600243,-11.79501533401848,-9.170702143145297,-0.010030448624451349,0.02268872463439231,2h_lower_wick+oi_flush,short,2023-03-10 02:00:00,0.0299355816597181,2h_wick_r75_v2p0_oi0,6.438087286963676,3.922211290113962
374243,10030,364213,381204,46971.89962416631,False,True,False,2103.8,0.33417440986919034,364213,1576.855308,0.04326047358834444,-3.0668252939824434,-6.069199317610035,-0.006464994396483181,-0.005272008714794829,2h_upper_wick+oi_flush,long,2023-04-16 20:00:00,0.859517304189434,2h_wick_r75_v2p0_oi0,3.843902532883715,2.841401153598146
414995,5279,409716,415082,8149.520137668995,False,True,False,1625.79,0.03805067198100609,409716,1687.652402,0.9161073825503361,-0.39910824242884857,0.27296642376273006,-0.002071330779091607,0.0041516143493693924,2h_lower_wick+oi_flush,short,2023-09-05 08:00:00,0.05033557046979072,2h_wick_r75_v2p0_oi0,0.5207647387711996,2.6194814225106566
424907,391,424516,426094,13005.089737643139,False,True,False,1583.43,0.026931863107305,424516,1626.07472,0.8591370558375616,-5.155707826703083,-4.138981555026959,-0.03422714015021311,-0.028978284344563177,2h_lower_wick+oi_flush,short,2023-10-09 18:00:00,0.09454314720812246,2h_wick_r75_v2p0_oi0,3.2964077938867855,6.942638614522463
435779,7891,427888,455796,131352.1926257087,True,True,False,2056.36,0.3035600313457898,427888,1577.495436,0.06741573033708341,5.432074205717707,2.8191083422997205,-0.009548964287662165,-0.022635125794938427,2h_upper_wick+oi_flush,long,2023-11-16 12:00:00,0.7584269662921309,2h_wick_r75_v2p0_oi0,1.6933296798512933,2.0335868294059924
459803,263,459540,476244,176532.66314368136,True,True,False,2427.7,0.020996322335667283,459540,2377.7754600000003,0.08624938393297206,4.832360656122901,7.475329714267115,-0.007610872610216757,-0.01399896429429004,2h_upper_wick+oi_flush,long,2024-02-07 22:00:00,0.775751601774286,2h_wick_r75_v2p0_oi0,2.139036748285053,4.156596156951396
529235,385,528850,529800,3812.8622120580403,False,True,False,2408.65,0.0051834984145819885,528850,2396.22915,0.0,0.7933355694842208,11.12307074689275,-0.014583035722513293,-0.013695327188021689,2h_upper_wick+oi_flush,long,2024-10-06 00:00:00,0.8580715059588361,2h_wick_r75_v2p0_oi0,3.471476334761258,2.0379490825294484
537539,938,536601,538173,26850.177959806402,False,True,False,2453.56,0.06358026051940846,536601,2609.557984,0.758828788556104,0.5430487083993931,-5.357488331217638,-0.008164304760358343,-0.011978144872594632,2h_lower_wick+oi_flush,short,2024-11-03 20:00:00,0.04023245417970882,2h_wick_r75_v2p0_oi0,0.7814732848561492,2.3314117294999126
543299,5126,538173,551988,223327.4877437217,True,True,False,3399.98,0.3677955207432708,538173,2485.7370479999995,0.03254914598776061,2.6936124936882493,9.924617811566932,0.002894391681337538,-0.025332637937001135,2h_upper_wick+oi_flush,long,2024-11-23 20:00:00,0.7537866580728237,2h_wick_r75_v2p0_oi0,10.811035121766569,4.608295088081581
563747,239,563508,566964,95432.27353813092,False,True,False,2975.63,0.048502631039477384,563508,3119.955884,0.8374614910659268,-18.834818985719096,-30.157214749202513,-0.0067838466631220395,-0.01635759596880093,2h_lower_wick+oi_flush,short,2025-02-02 20:00:00,0.03314849044978498,2h_wick_r75_v2p0_oi0,2.0330989620701203,5.583661732433802
575891,155,575736,576594,-37415.57817728678,False,False,False,1888.66,0.005278979805788175,575736,1898.630198,0.8172678888231738,-4.835835642173229,0.5205466585703231,-0.0006290913514130914,-0.014983193020881358,2h_lower_wick+oi_flush,short,2025-03-17 00:00:00,0.014784151389710159,2h_wick_r75_v2p0_oi0,1.5464838424362661,3.2780990655953963
593099,2515,590584,599220,289292.0533968997,True,True,False,2566.58,0.3949578352311034,590584,1839.897906,0.0,-8.575075532606988,-19.739630310975087,0.0027216183824816387,-0.018116100533610235,2h_upper_wick+oi_flush,long,2025-05-15 18:00:00,0.7639111518204733,2h_wick_r75_v2p0_oi0,0.5219526688212075,2.0670701069386337
603827,31,603796,604284,460.46536167361774,False,True,False,2305.0,0.0024068537960955094,603796,2310.547798,0.7786021505376377,-11.972130621562634,-14.22337950998331,-0.040658444941510385,-0.04244644251012808,2h_lower_wick+oi_flush,short,2025-06-22 00:00:00,0.06129032258064321,2h_wick_r75_v2p0_oi0,22.397576359054053,6.769457680962107
620411,12390,608021,631188,687933.1530731542,True,True,False,4288.0,0.6911071201982175,608021,2535.617022,0.04726217816994893,-20.08000060239403,-27.628905589540572,0.00235094996178864,-0.009419982252744541,2h_upper_wick+oi_flush,long,2025-08-18 14:00:00,0.9395624320077357,2h_wick_r75_v2p0_oi0,2.375447401982968,2.6156505128146814
642971,263,642708,649044,291923.0081585888,True,True,False,3232.88,0.11433438729553846,642708,3602.5093540000003,0.8351573545583078,-31.242933817337416,-41.197616239467294,-0.011050013141845061,0.05740102214316334,2h_lower_wick+oi_flush,short,2025-11-04 22:00:00,0.10017280201078747,2h_wick_r75_v2p0_oi0,7.4059504300030445,7.294452948588924
651875,46,651829,652419,-10651.215894440655,False,False,False,3041.83,0.007570083140741035,651829,3064.856906,0.7510964912280708,-21.284582637274944,-12.302907750099266,-0.010637579136234865,-0.00555257228130368,2h_lower_wick+oi_flush,short,2025-12-05 20:00:00,0.2057291666666646,2h_wick_r75_v2p0_oi0,3.793992755825318,2.2760505461002736
654515,1144,653371,654541,108124.89278371586,True,True,False,3075.05,0.06744715630640141,653371,3282.453378,0.7704805883359045,0.6387903111725244,-4.634282186627949,0.0007173160680717938,-0.008239487738495699,2h_lower_wick+oi_flush,short,2025-12-15 00:00:00,0.01060372840772863,2h_wick_r75_v2p0_oi0,7.760273972602741,7.668101348866336
667811,283,667528,670116,675483.4111797365,True,True,False,2740.13,0.07313586435680053,667528,2940.531776,0.8376121895220253,-23.073480175615344,-25.139974042429003,-0.040773684040331215,-0.037158380178017536,2h_lower_wick+oi_flush,short,2026-01-30 04:00:00,0.15341264871634172,2h_wick_r75_v2p0_oi0,0.667780711116104,3.2777457537006462
684755,1090,683665,684789,175497.21646333812,True,True,False,1982.49,0.07953728896488754,683665,2140.17188,0.7587500000000001,0.7761186013651002,1.912390350332739,-0.010323563950591974,-0.019125774089366332,2h_lower_wick+oi_flush,short,2026-03-30 00:00:00,0.04339285714285828,2h_wick_r75_v2p0_oi0,5.7595686531541,6.664894325612645
686651,1005,685646,686759,-10664.777364131529,False,False,False,2040.83,0.019748675783872294,685646,2081.13369,0.9336283185840806,-1.3339220581032682,-1.8987174350460632,0.002715676095890407,-0.003075229639264765,2h_lower_wick+oi_flush,short,2026-04-05 14:00:00,0.01603982300884761,2h_wick_r75_v2p0_oi0,1.5686832740213525,2.7100264640600993
705059,355,704704,705375,99040.20316329226,False,True,False,1672.08,0.03872553520512101,704704,1609.741884,0.17402597402597103,8.200686738079055,22.75006768204925,-0.017821868516823547,-0.020357907463573577,2h_upper_wick+oi_flush,long,2026-06-08 12:00:00,0.7522727272727308,2h_wick_r75_v2p0_oi0,3.2662699971705234,2.855312905592235
115846,5999,109847,136783,37135.1622576107,False,True,False,382.62,0.047318324759731745,109847,365.333052,0.009999999999990905,0.0767989891562304,-0.5790598650444316,-0.04568302589748263,-0.06692172604114399,2h_upper_wick+oi_flush,long,2020-10-30 20:00:00,0.7699999999999818,2h_wick_r75_v2p0_oiN0p5,4.47222376160214,3.016214925688468
151444,455,150989,172818,71695.46912793306,False,True,False,1605.52,0.018126726927197856,150989,1576.9353239999998,0.07913802712242238,6.915002225938,13.785039894367316,-0.009402807337354768,-0.02175012962237044,2h_upper_wick+oi_flush,long,2021-03-03 14:00:00,0.9000557310050137,2h_wick_r75_v2p0_oiN0p5,4.223717790030381,2.212807687485675
205543,12887,192656,209936,34274.426910554714,False,True,False,3449.88,0.580355989795196,192656,2182.9765079999997,0.02236342116738392,-53.4716458915724,-53.24876553884375,-0.18510000798256954,-0.3028838257934131,2h_upper_wick+oi_flush,long,2021-09-07 18:00:00,0.7899458045225178,2h_wick_r75_v2p0_oiN0p5,6.3771626508237125,7.139574309157653
227647,15119,212528,231248,31590.289119135792,False,True,False,4148.62,0.25523255111718246,212528,3305.06088,0.005444311156225396,-1.3850649646600388,-12.830592529587989,-0.011472972400868975,-0.026785306638946738,2h_upper_wick+oi_flush,long,2021-11-23 12:00:00,0.7548214450493703,2h_wick_r75_v2p0_oiN0p5,1.3136432665546256,2.924834549830291
240535,71,240464,246224,39124.28035168933,False,True,False,3223.65,0.05674578443689615,240464,3406.5785480000004,0.768578694546484,-12.482741747723267,-41.600965710923674,-0.023474849843280188,-0.022581230549700737,2h_lower_wick+oi_flush,short,2022-01-07 06:00:00,0.18121880003767402,2h_wick_r75_v2p0_oiN0p5,0.8205897217939879,3.4702146293976273
275833,1732,274101,277466,25933.17423582128,False,True,False,2297.85,0.20220092434232018,274101,2762.4773940000005,0.8235763097949863,-14.243502702600807,-23.338679012192344,-0.05519633506887356,-0.1022642126800839,2h_lower_wick+oi_flush,short,2022-05-09 20:00:00,0.07323462414578905,2h_wick_r75_v2p0_oiN0p5,2.609612935951718,2.3662562350613383
285721,1769,283952,286538,43704.53024715526,False,True,False,1356.24,0.31276458738866264,283952,1780.423844,0.7906547802028911,-4.7950107898050405,-17.13495952504391,-0.006282222178544239,-0.01244760033818193,2h_lower_wick+oi_flush,short,2022-06-13 04:00:00,0.1357208730402695,2h_wick_r75_v2p0_oiN0p5,4.334563100110317,4.376138122823776
290377,507,289870,291864,16756.747354300227,False,True,False,1133.53,0.05238623591788483,289870,1192.91137,0.9098039215686319,-6.139459357208647,-11.777741188577952,0.0006251922729705317,-0.015820019779788197,2h_lower_wick+oi_flush,short,2022-06-29 08:00:00,0.059313725490197595,2h_wick_r75_v2p0_oiN0p5,1.0641348456736,2.2202811443625037
301369,860,300509,302229,4914.057706488122,False,True,False,1713.89,0.019428570901065312,300509,1681.2261780000001,0.04560622914350183,2.145060482211605,9.80785586402132,-0.009903180855840854,-0.027047661751606222,2h_upper_wick+oi_flush,long,2022-08-06 12:00:00,0.8609566184649612,2h_wick_r75_v2p0_oiN0p5,0.13756526320257356,2.5099396320899414
324505,1508,322997,325224,33405.54589574665,False,True,False,1474.88,0.12668674871514196,322997,1309.0417559999999,0.05902319441825591,12.955512767550433,10.756350987147037,-0.09886515698613252,-0.09046878385592305,2h_upper_wick+oi_flush,long,2022-10-25 20:00:00,0.8936451065434641,2h_wick_r75_v2p0_oiN0p5,19.93403829287263,12.85076506393515
328561,817,327744,329053,46202.53407956901,False,True,False,1328.45,0.2182364876359666,327744,1618.366262,0.775879917184265,-19.771081554556773,-24.32190456967323,-0.09776867773684983,-0.159512680281503,2h_lower_wick+oi_flush,short,2022-11-08 22:00:00,0.18771566597653339,2h_wick_r75_v2p0_oiN0p5,1.4235033752543136,11.503605731482486
331753,23,331730,332258,-29656.570866496942,False,False,False,1219.5,0.001672786160468842,331730,1217.463444,0.0587889476778366,1.4841528398672161,2.929893608942635,-0.005979108983949932,-0.00033186963335551933,2h_upper_wick+oi_flush,long,2022-11-20 00:00:00,0.8071722516166976,2h_wick_r75_v2p0_oiN0p5,3.9625898240940565,5.577380259602165
363371,311,363060,364212,-8797.535740603402,False,False,False,1429.97,0.07157036581187026,363060,1532.313476,0.7813565744600243,-11.79501533401848,-9.170702143145297,-0.010030448624451349,0.02268872463439231,2h_lower_wick+oi_flush,short,2023-03-10 02:00:00,0.0299355816597181,2h_wick_r75_v2p0_oiN0p5,6.438087286963676,3.922211290113962
374243,10030,364213,381204,46971.89962416631,False,True,False,2103.8,0.33417440986919034,364213,1576.855308,0.04326047358834444,-3.0668252939824434,-6.069199317610035,-0.006464994396483181,-0.005272008714794829,2h_upper_wick+oi_flush,long,2023-04-16 20:00:00,0.859517304189434,2h_wick_r75_v2p0_oiN0p5,3.843902532883715,2.841401153598146
424907,391,424516,426094,13005.089737643139,False,True,False,1583.43,0.026931863107305,424516,1626.07472,0.8591370558375616,-5.155707826703083,-4.138981555026959,-0.03422714015021311,-0.028978284344563177,2h_lower_wick+oi_flush,short,2023-10-09 18:00:00,0.09454314720812246,2h_wick_r75_v2p0_oiN0p5,3.2964077938867855,6.942638614522463
435779,7891,427888,455796,131352.1926257087,True,True,False,2056.36,0.3035600313457898,427888,1577.495436,0.06741573033708341,5.432074205717707,2.8191083422997205,-0.009548964287662165,-0.022635125794938427,2h_upper_wick+oi_flush,long,2023-11-16 12:00:00,0.7584269662921309,2h_wick_r75_v2p0_oiN0p5,1.6933296798512933,2.0335868294059924
459803,263,459540,476244,176532.66314368136,True,True,False,2427.7,0.020996322335667283,459540,2377.7754600000003,0.08624938393297206,4.832360656122901,7.475329714267115,-0.007610872610216757,-0.01399896429429004,2h_upper_wick+oi_flush,long,2024-02-07 22:00:00,0.775751601774286,2h_wick_r75_v2p0_oiN0p5,2.139036748285053,4.156596156951396
529235,385,528850,529800,3812.8622120580403,False,True,False,2408.65,0.0051834984145819885,528850,2396.22915,0.0,0.7933355694842208,11.12307074689275,-0.014583035722513293,-0.013695327188021689,2h_upper_wick+oi_flush,long,2024-10-06 00:00:00,0.8580715059588361,2h_wick_r75_v2p0_oiN0p5,3.471476334761258,2.0379490825294484
537539,938,536601,538173,26850.177959806402,False,True,False,2453.56,0.06358026051940846,536601,2609.557984,0.758828788556104,0.5430487083993931,-5.357488331217638,-0.008164304760358343,-0.011978144872594632,2h_lower_wick+oi_flush,short,2024-11-03 20:00:00,0.04023245417970882,2h_wick_r75_v2p0_oiN0p5,0.7814732848561492,2.3314117294999126
543299,5126,538173,551988,223327.4877437217,True,True,False,3399.98,0.3677955207432708,538173,2485.7370479999995,0.03254914598776061,2.6936124936882493,9.924617811566932,0.002894391681337538,-0.025332637937001135,2h_upper_wick+oi_flush,long,2024-11-23 20:00:00,0.7537866580728237,2h_wick_r75_v2p0_oiN0p5,10.811035121766569,4.608295088081581
563747,239,563508,566964,95432.27353813092,False,True,False,2975.63,0.048502631039477384,563508,3119.955884,0.8374614910659268,-18.834818985719096,-30.157214749202513,-0.0067838466631220395,-0.01635759596880093,2h_lower_wick+oi_flush,short,2025-02-02 20:00:00,0.03314849044978498,2h_wick_r75_v2p0_oiN0p5,2.0330989620701203,5.583661732433802
575891,155,575736,576594,-37415.57817728678,False,False,False,1888.66,0.005278979805788175,575736,1898.630198,0.8172678888231738,-4.835835642173229,0.5205466585703231,-0.0006290913514130914,-0.014983193020881358,2h_lower_wick+oi_flush,short,2025-03-17 00:00:00,0.014784151389710159,2h_wick_r75_v2p0_oiN0p5,1.5464838424362661,3.2780990655953963
593099,2515,590584,599220,289292.0533968997,True,True,False,2566.58,0.3949578352311034,590584,1839.897906,0.0,-8.575075532606988,-19.739630310975087,0.0027216183824816387,-0.018116100533610235,2h_upper_wick+oi_flush,long,2025-05-15 18:00:00,0.7639111518204733,2h_wick_r75_v2p0_oiN0p5,0.5219526688212075,2.0670701069386337
603827,31,603796,604284,460.46536167361774,False,True,False,2305.0,0.0024068537960955094,603796,2310.547798,0.7786021505376377,-11.972130621562634,-14.22337950998331,-0.040658444941510385,-0.04244644251012808,2h_lower_wick+oi_flush,short,2025-06-22 00:00:00,0.06129032258064321,2h_wick_r75_v2p0_oiN0p5,22.397576359054053,6.769457680962107
620411,12390,608021,631188,687933.1530731542,True,True,False,4288.0,0.6911071201982175,608021,2535.617022,0.04726217816994893,-20.08000060239403,-27.628905589540572,0.00235094996178864,-0.009419982252744541,2h_upper_wick+oi_flush,long,2025-08-18 14:00:00,0.9395624320077357,2h_wick_r75_v2p0_oiN0p5,2.375447401982968,2.6156505128146814
642971,263,642708,649044,291923.0081585888,True,True,False,3232.88,0.11433438729553846,642708,3602.5093540000003,0.8351573545583078,-31.242933817337416,-41.197616239467294,-0.011050013141845061,0.05740102214316334,2h_lower_wick+oi_flush,short,2025-11-04 22:00:00,0.10017280201078747,2h_wick_r75_v2p0_oiN0p5,7.4059504300030445,7.294452948588924
651875,46,651829,652419,-10651.215894440655,False,False,False,3041.83,0.007570083140741035,651829,3064.856906,0.7510964912280708,-21.284582637274944,-12.302907750099266,-0.010637579136234865,-0.00555257228130368,2h_lower_wick+oi_flush,short,2025-12-05 20:00:00,0.2057291666666646,2h_wick_r75_v2p0_oiN0p5,3.793992755825318,2.2760505461002736
654515,1144,653371,654541,108124.89278371586,True,True,False,3075.05,0.06744715630640141,653371,3282.453378,0.7704805883359045,0.6387903111725244,-4.634282186627949,0.0007173160680717938,-0.008239487738495699,2h_lower_wick+oi_flush,short,2025-12-15 00:00:00,0.01060372840772863,2h_wick_r75_v2p0_oiN0p5,7.760273972602741,7.668101348866336
667811,283,667528,670116,675483.4111797365,True,True,False,2740.13,0.07313586435680053,667528,2940.531776,0.8376121895220253,-23.073480175615344,-25.139974042429003,-0.040773684040331215,-0.037158380178017536,2h_lower_wick+oi_flush,short,2026-01-30 04:00:00,0.15341264871634172,2h_wick_r75_v2p0_oiN0p5,0.667780711116104,3.2777457537006462
684755,1090,683665,684789,175497.21646333812,True,True,False,1982.49,0.07953728896488754,683665,2140.17188,0.7587500000000001,0.7761186013651002,1.912390350332739,-0.010323563950591974,-0.019125774089366332,2h_lower_wick+oi_flush,short,2026-03-30 00:00:00,0.04339285714285828,2h_wick_r75_v2p0_oiN0p5,5.7595686531541,6.664894325612645
705059,355,704704,705375,99040.20316329226,False,True,False,1672.08,0.03872553520512101,704704,1609.741884,0.17402597402597103,8.200686738079055,22.75006768204925,-0.017821868516823547,-0.020357907463573577,2h_upper_wick+oi_flush,long,2026-06-08 12:00:00,0.7522727272727308,2h_wick_r75_v2p0_oiN0p5,3.2662699971705234,2.855312905592235
537539,938,536601,538173,26850.177959806402,False,True,False,2453.56,0.06358026051940846,536601,2609.557984,0.758828788556104,0.5430487083993931,-5.357488331217638,-0.008164304760358343,-0.011978144872594632,2h_lower_wick+macd_bull_cross_2h,short,2024-11-03 20:00:00,0.04023245417970882,2h_wick_r75_v2p0_macd2h,0.7814732848561492,2.3314117294999126
453683,25795,427888,455796,131352.1926257087,True,True,False,2540.69,0.6105846914158679,427888,1577.495436,0.05120990433315041,-3.2652143983011417,-1.1825258118977136,-0.010394460821776419,-0.012532675251724412,2h_upper_wick+macd_bear_cross_4h,long,2024-01-17 16:00:00,0.9063027574563891,2h_wick_r75_v2p0_macd4h,1.1148383397291695,2.329149526984556
13430,559,12871,13737,47.644783237674346,False,True,False,184.47,0.019365663793570853,12871,188.04238400000003,0.3529411764705981,0.005043165179750009,-0.647865104487022,nan,nan,2h_lower_wick_setup@2019-11-08 16:00:00+macd_bull_cross_2h,short,2019-11-09 04:00:00,0.5441176470588247,2h_wick_r75_v2p0_then_macd2h_12h,2.9258575582563338,2.020783105145457
68498,7506,60992,95701,15339.936809933251,False,True,False,211.95,0.2106239629587794,60992,175.075008,0.8293413173652717,-0.06680518203734342,1.0777622508270461,nan,nan,2h_upper_wick_setup@2020-05-18 06:00:00+macd_bear_cross_2h,long,2020-05-18 18:00:00,0.1586826347305391,2h_wick_r75_v2p0_then_macd2h_12h,1.3336817723364702,2.6360930695648936
161236,10247,150989,172818,71695.46912793306,False,True,False,2095.03,0.32854529169009883,150989,1576.9353239999998,0.15492604662823542,-0.5053689594672122,-2.0761052605783803,0.028836993728024174,-0.004226629180129837,2h_upper_wick_setup@2021-04-06 02:00:00+macd_bear_cross_2h,long,2021-04-06 14:00:00,0.2511907746302335,2h_wick_r75_v2p0_then_macd2h_12h,0.6776750572348363,0.5092794466269195
204439,11783,192656,209936,34274.426910554714,False,True,False,3922.31,0.7967715115695604,192656,2182.9765079999997,0.42351313969570975,-2.2943363096452174,13.783479864336243,0.008028910774448228,0.007903666850874957,2h_upper_wick_setup@2021-09-03 16:00:00+macd_bear_cross_2h,long,2021-09-03 22:00:00,0.21493775933609854,2h_wick_r75_v2p0_then_macd2h_12h,0.8584943158698614,0.8945072222215855
216751,4223,212528,231248,31590.289119135792,False,True,False,3901.96,0.18060155067400752,212528,3305.06088,0.43534246575342117,-0.5386591672575136,12.018561325380517,0.04301156659047667,0.04761930344662546,2h_upper_wick_setup@2021-10-16 04:00:00+macd_bear_cross_2h,long,2021-10-16 16:00:00,0.41753424657534893,2h_wick_r75_v2p0_then_macd2h_12h,1.0889095643873674,0.7408472050220124
240727,263,240464,246224,39124.28035168933,False,True,False,3210.49,0.06107745172855261,240464,3406.5785480000004,0.6252000914703791,2.4851197378910825,-34.18543107274277,2.757409073383954e-05,-0.004506574122622231,2h_lower_wick_setup@2022-01-07 20:00:00+macd_bull_cross_2h,short,2022-01-07 22:00:00,0.3727418248342139,2h_wick_r75_v2p0_then_macd2h_12h,1.2580534985790564,1.2209217148273661
275953,1852,274101,277466,25933.17423582128,False,True,False,2399.12,0.15145444746407044,274101,2762.4773940000005,0.03456402199528316,2.060684224410039,-23.45138116944547,-0.0018363899638722536,0.028739009703399265,2h_lower_wick_setup@2022-05-09 20:00:00+macd_bull_cross_2h,short,2022-05-10 06:00:00,0.1656629135026627,2h_wick_r75_v2p0_then_macd2h_12h,1.4430443450225638,3.6943406730520567
301417,908,300509,302229,4914.057706488122,False,True,False,1713.71,0.01932150618701578,300509,1681.2261780000001,0.3802281368821299,-0.19504051898703523,8.122760766784427,-0.0025133473024134823,-0.00031544509972725177,2h_upper_wick_setup@2022-08-06 12:00:00+macd_bear_cross_2h,long,2022-08-06 16:00:00,0.4553231939163471,2h_wick_r75_v2p0_then_macd2h_12h,0.7160975552900845,0.422021967736755
363611,551,363060,364212,-8797.535740603402,False,False,False,1428.24,0.07286833865456788,363060,1532.313476,0.7410674900749846,1.056625843044337,-11.693191483161485,0.02061173037219466,0.002794836661444977,2h_lower_wick_setup@2023-03-10 16:00:00+macd_bull_cross_2h,short,2023-03-10 22:00:00,0.04146449051610285,2h_wick_r75_v2p0_then_macd2h_12h,0.7904747725620571,1.391408159859815
415019,5303,409716,415082,8149.520137668995,False,True,False,1632.52,0.033771348589910044,409716,1687.652402,0.3323593864134358,0.2042687509885499,0.27296642376273006,0.007085397207150734,0.0049993902267417845,2h_lower_wick_setup@2023-09-05 08:00:00+macd_bull_cross_2h,short,2023-09-05 10:00:00,0.19868517165814584,2h_wick_r75_v2p0_then_macd2h_12h,0.6276518653639521,1.059476182318382
435851,7963,427888,455796,131352.1926257087,True,True,False,1996.73,0.2657596050249367,427888,1577.495436,0.10301507537688284,-2.491584237157908,-0.1150745691463333,-0.010429965690247234,-0.015193472370976013,2h_upper_wick_setup@2023-11-16 12:00:00+macd_bear_cross_2h,long,2023-11-16 18:00:00,0.6452261306532666,2h_wick_r75_v2p0_then_macd2h_12h,0.547763431075289,0.8919327842072171
462011,2471,459540,476244,176532.66314368136,True,True,False,2801.88,0.178361896291082,459540,2377.7754600000003,0.6363892013498353,-0.035394206151167396,8.999364178008705,-0.007897660927114858,0.0024781183983821897,2h_upper_wick_setup@2024-02-15 02:00:00+macd_bear_cross_2h,long,2024-02-15 14:00:00,0.3084926884139431,2h_wick_r75_v2p0_then_macd2h_12h,0.77914484102814,0.476745563923864
517115,489,516626,517456,14924.732541245874,False,True,False,2751.92,0.0372467931307332,516626,2653.100514,0.25175209564381157,-1.2275206009689086,13.183224675777943,0.008335616893626163,0.006374627961747814,2h_upper_wick_setup@2024-08-24 18:00:00+macd_bear_cross_2h,long,2024-08-24 22:00:00,0.19541019650954794,2h_wick_r75_v2p0_then_macd2h_12h,6.380283891945973,3.227250363651921
529763,913,528850,529800,3812.8622120580403,False,True,False,2449.49,0.02222694352916932,528850,2396.22915,0.49403341288782315,-1.0447352698322714,9.602937948706332,-0.005696342823882983,-0.012044693327023959,2h_upper_wick_setup@2024-10-07 16:00:00+macd_bear_cross_2h,long,2024-10-07 20:00:00,0.0684780613181568,2h_wick_r75_v2p0_then_macd2h_12h,1.0466878783861415,3.7046472034806737
537539,938,536601,538173,26850.177959806402,False,True,False,2453.56,0.06358026051940846,536601,2609.557984,0.758828788556104,0.5430487083993931,-5.357488331217638,-0.008164304760358343,-0.011978144872594632,2h_lower_wick_setup@2024-11-03 20:00:00+macd_bull_cross_2h,short,2024-11-03 20:00:00,0.04023245417970882,2h_wick_r75_v2p0_then_macd2h_12h,0.7814732848561492,2.3314117294999126
543347,5174,538173,551988,223327.4877437217,True,True,False,3398.64,0.3672564452199454,538173,2485.7370479999995,0.5172286031863665,-0.12438977895817516,7.710821029217655,0.002175628395626017,-0.0028288145838420986,2h_upper_wick_setup@2024-11-23 20:00:00+macd_bear_cross_2h,long,2024-11-24 00:00:00,0.0,2h_wick_r75_v2p0_then_macd2h_12h,3.139214190887778,1.643250262675515
565475,1967,563508,566964,95432.27353813092,False,True,False,2635.04,0.18402600491833132,563508,3119.955884,0.33073929961089193,2.0062096249168704,-0.8538387472204647,0.0010567700900594446,0.0017812937147390073,2h_lower_wick_setup@2025-02-08 08:00:00+macd_bull_cross_2h,short,2025-02-08 20:00:00,0.4778917580474081,2h_wick_r75_v2p0_then_macd2h_12h,1.1986530255513856,0.9563034039462909
598643,8059,590584,599220,289292.0533968997,True,True,False,2597.95,0.41200769430083795,590584,1839.897906,0.35082140964495095,-0.4608462700492062,12.635349787887698,-0.01926774015327737,-0.029397394847117342,2h_upper_wick_setup@2025-06-03 16:00:00+macd_bear_cross_2h,long,2025-06-04 00:00:00,0.5373608903020742,2h_wick_r75_v2p0_then_macd2h_12h,1.3320676830811768,1.0122843998020419
604139,343,603796,604284,460.46536167361774,False,True,False,2244.38,0.029481548579117556,603796,2310.547798,0.0,1.3094933393423887,-20.321116689052232,-0.017968163178675667,-0.031159301686518592,2h_lower_wick_setup@2025-06-22 22:00:00+macd_bull_cross_2h,short,2025-06-23 02:00:00,0.3633392751039782,2h_wick_r75_v2p0_then_macd2h_12h,0.2943884323194668,0.5559670511901073
620555,12534,608021,631188,687933.1530731542,True,True,False,4298.91,0.6954098204504009,608021,2535.617022,0.3616112650046146,-0.27094693571145,-17.245177652217876,-0.015077161004209971,-0.018014334775563468,2h_upper_wick_setup@2025-08-18 14:00:00+macd_bear_cross_2h,long,2025-08-19 02:00:00,0.5081948291782143,2h_wick_r75_v2p0_then_macd2h_12h,0.7838519606182113,5.279963236600428
643115,407,642708,649044,291923.0081585888,True,True,False,3306.61,0.08948722528511066,642708,3602.5093540000003,0.566827212522578,0.07836542240227118,-34.51321407752906,0.01882797927605151,0.02579675451883756,2h_lower_wick_setup@2025-11-04 22:00:00+macd_bull_cross_2h,short,2025-11-05 10:00:00,0.11408789885611037,2h_wick_r75_v2p0_then_macd2h_12h,0.031208602398940223,0.25418980058020124
686699,1053,685646,686759,-10664.777364131529,False,False,False,2061.13,0.009705205397039451,685646,2081.13369,0.5,0.5574602771370349,-1.21418074409315,-0.01648066627601208,-0.012981533793845812,2h_lower_wick_setup@2026-04-05 14:00:00+macd_bull_cross_2h,short,2026-04-05 18:00:00,0.11257763975153771,2h_wick_r75_v2p0_then_macd2h_12h,2.4089960074722536,3.6969224859142904
695579,1568,694011,695708,72878.66758759832,False,True,False,2359.1,0.03152271953166608,694011,2287.00731,0.0,-1.057262709561698,1.7995578594100365,0.0045340894842034185,0.03740834599603038,2h_upper_wick_setup@2026-05-06 12:00:00+macd_bear_cross_2h,long,2026-05-06 14:00:00,0.07977736549165444,2h_wick_r75_v2p0_then_macd2h_12h,3.4412886761950365,4.511985188014087
704459,1676,702783,704704,687331.854913211,True,True,False,1559.83,0.28604957976189715,702783,2006.018716,0.0036440935317306597,0.4078210943686784,-13.997762011408739,0.0002426341387296027,-0.018235977047514673,2h_lower_wick_setup@2026-06-06 06:00:00+macd_bull_cross_2h,short,2026-06-06 10:00:00,0.6456119040388688,2h_wick_r75_v2p0_then_macd2h_12h,0.20379047631232167,0.31221993689465655
2366,384,1982,2899,-52.4497206046708,False,False,False,175.37,0.013028270241491224,1982,173.114616,0.3014128728414466,-0.3488570256064829,1.5378636935024184,nan,nan,2h_upper_wick_setup@2019-10-01 04:00:00+macd_bear_cross_2h,long,2019-10-01 18:00:00,0.20251177394034398,2h_wick_r75_v2p0_then_macd2h_24h,4.337886852371299,2.131218341191575
4358,331,4027,5104,528.8814636934749,False,True,False,178.88,0.015987224642215914,4027,176.065206,0.515337423312887,-0.07898760232140445,0.7447846978117598,nan,nan,2h_upper_wick_setup@2019-10-08 00:00:00+macd_bear_cross_2h,long,2019-10-08 16:00:00,0.4723926380368,2h_wick_r75_v2p0_then_macd2h_24h,0.8205791098481611,2.1162853727311717
13430,559,12871,13737,47.644783237674346,False,True,False,184.47,0.019365663793570853,12871,188.04238400000003,0.3529411764705981,0.005043165179750009,-0.647865104487022,nan,nan,2h_lower_wick_setup@2019-11-08 16:00:00+macd_bull_cross_2h,short,2019-11-09 04:00:00,0.5441176470588247,2h_wick_r75_v2p0_then_macd2h_24h,2.9258575582563338,2.020783105145457
17438,1751,15687,30375,2119.0179211623945,False,True,False,149.44,0.2195766996788009,15687,182.253542,0.9124293785310726,0.011888782157194022,-1.720533826847901,nan,nan,2h_lower_wick_setup@2019-11-22 08:00:00+macd_bull_cross_2h,short,2019-11-23 02:00:00,0.0,2h_wick_r75_v2p0_then_macd2h_24h,0.11422351460127894,0.7655190635859034
53414,4607,48807,55344,3600.431091184704,False,True,False,139.52,0.44086715883027505,48807,201.029786,0.0,0.10434497377527058,-0.12907335245910767,nan,nan,2h_lower_wick_setup@2020-03-26 08:00:00+macd_bull_cross_2h,short,2020-03-27 00:00:00,0.009195402298848757,2h_wick_r75_v2p0_then_macd2h_24h,23.10031775048366,6.514432094200733
63242,2250,60992,95701,15339.936809933251,False,True,False,212.54,0.21399394709723496,60992,175.075008,0.06675062972292208,-0.2676459630751751,1.473779145987744,nan,nan,2h_upper_wick_setup@2020-04-29 18:00:00+macd_bear_cross_2h,long,2020-04-30 12:00:00,0.19143576826196607,2h_wick_r75_v2p0_then_macd2h_24h,1.5177255944576067,1.845808177514358
161236,10247,150989,172818,71695.46912793306,False,True,False,2095.03,0.32854529169009883,150989,1576.9353239999998,0.15492604662823542,-0.5053689594672122,-2.0761052605783803,0.028836993728024174,-0.004226629180129837,2h_upper_wick_setup@2021-04-06 02:00:00+macd_bear_cross_2h,long,2021-04-06 14:00:00,0.2511907746302335,2h_wick_r75_v2p0_then_macd2h_24h,0.6776750572348363,0.5092794466269195
204439,11783,192656,209936,34274.426910554714,False,True,False,3922.31,0.7967715115695604,192656,2182.9765079999997,0.42351313969570975,-2.2943363096452174,13.783479864336243,0.008028910774448228,0.007903666850874957,2h_upper_wick_setup@2021-09-03 16:00:00+macd_bear_cross_2h,long,2021-09-03 22:00:00,0.21493775933609854,2h_wick_r75_v2p0_then_macd2h_24h,0.8584943158698614,0.8945072222215855
216751,4223,212528,231248,31590.289119135792,False,True,False,3901.96,0.18060155067400752,212528,3305.06088,0.43534246575342117,-0.5386591672575136,12.018561325380517,0.04301156659047667,0.04761930344662546,2h_upper_wick_setup@2021-10-16 04:00:00+macd_bear_cross_2h,long,2021-10-16 16:00:00,0.41753424657534893,2h_wick_r75_v2p0_then_macd2h_24h,1.0889095643873674,0.7408472050220124
240727,263,240464,246224,39124.28035168933,False,True,False,3210.49,0.06107745172855261,240464,3406.5785480000004,0.6252000914703791,2.4851197378910825,-34.18543107274277,2.757409073383954e-05,-0.004506574122622231,2h_lower_wick_setup@2022-01-07 20:00:00+macd_bull_cross_2h,short,2022-01-07 22:00:00,0.3727418248342139,2h_wick_r75_v2p0_then_macd2h_24h,1.2580534985790564,1.2209217148273661
275953,1852,274101,277466,25933.17423582128,False,True,False,2399.12,0.15145444746407044,274101,2762.4773940000005,0.03456402199528316,2.060684224410039,-23.45138116944547,-0.0018363899638722536,0.028739009703399265,2h_lower_wick_setup@2022-05-09 20:00:00+macd_bull_cross_2h,short,2022-05-10 06:00:00,0.1656629135026627,2h_wick_r75_v2p0_then_macd2h_24h,1.4430443450225638,3.6943406730520567
280945,1083,279862,281661,9503.979987315004,False,True,False,1812.49,0.097430663893318,279862,1989.082104,0.0,0.4114139811178319,-18.388448636183767,-0.0017498706960137334,0.00969760540551734,2h_lower_wick_setup@2022-05-26 14:00:00+macd_bull_cross_2h,short,2022-05-27 14:00:00,0.17234988880652238,2h_wick_r75_v2p0_then_macd2h_24h,0.7529856605530318,1.535911356932018
286033,2081,283952,286538,43704.53024715526,False,True,False,1227.22,0.4507780544645621,283952,1780.423844,0.46884193634661664,1.511359391212764,-21.268400263802903,-0.04870538159922144,0.040502307459648446,2h_lower_wick_setup@2022-06-13 16:00:00+macd_bull_cross_2h,short,2022-06-14 06:00:00,0.19728982793973354,2h_wick_r75_v2p0_then_macd2h_24h,1.9158493623461093,2.954660741199494
301417,908,300509,302229,4914.057706488122,False,True,False,1713.71,0.01932150618701578,300509,1681.2261780000001,0.3802281368821299,-0.19504051898703523,8.122760766784427,-0.0025133473024134823,-0.00031544509972725177,2h_upper_wick_setup@2022-08-06 12:00:00+macd_bear_cross_2h,long,2022-08-06 16:00:00,0.4553231939163471,2h_wick_r75_v2p0_then_macd2h_24h,0.7160975552900845,0.422021967736755
327625,836,326789,327744,777.154318366549,False,True,False,1635.16,0.01386880586511463,326789,1612.792494,0.6796352583586646,-0.19251194090474044,9.123786515235217,-0.008289872940295817,-0.0021191373123516932,2h_upper_wick_setup@2022-11-04 16:00:00+macd_bear_cross_2h,long,2022-11-05 16:00:00,0.15927051671733197,2h_wick_r75_v2p0_then_macd2h_24h,0.7655277786538353,1.007444296844814
363611,551,363060,364212,-8797.535740603402,False,False,False,1428.24,0.07286833865456788,363060,1532.313476,0.7410674900749846,1.056625843044337,-11.693191483161485,0.02061173037219466,0.002794836661444977,2h_lower_wick_setup@2023-03-10 16:00:00+macd_bull_cross_2h,short,2023-03-10 22:00:00,0.04146449051610285,2h_wick_r75_v2p0_then_macd2h_24h,0.7904747725620571,1.391408159859815
410003,287,409716,415082,8149.520137668995,False,True,False,1662.84,0.014921701426475309,409716,1687.652402,0.5644257703081115,0.5351281546750641,-10.756116170982878,-0.00287107532499431,0.012117883810103036,2h_lower_wick_setup@2023-08-18 06:00:00+macd_bull_cross_2h,short,2023-08-19 00:00:00,0.3319327731092556,2h_wick_r75_v2p0_then_macd2h_24h,0.5830741770565778,0.6212801831707119
425099,583,424516,426094,13005.089737643139,False,True,False,1590.42,0.022418430351730967,424516,1626.07472,0.35889070146820357,0.2914119664520065,-3.9063385206321737,-0.0008500697542388469,0.0020093997390586704,2h_lower_wick_setup@2023-10-09 18:00:00+macd_bull_cross_2h,short,2023-10-10 10:00:00,0.5203915171288562,2h_wick_r75_v2p0_then_macd2h_24h,0.08106621055086749,0.21761901157950503
427139,1045,426094,427152,3213.8175412995042,False,True,False,1584.52,0.018380673413083137,426094,1555.921122,0.08978328173373647,-0.4868165677958025,3.704543290002187,0.00011363042509349164,0.006679587867076897,2h_upper_wick_setup@2023-10-16 14:00:00+macd_bear_cross_2h,long,2023-10-17 12:00:00,0.3219814241486013,2h_wick_r75_v2p0_then_macd2h_24h,0.31692964824120606,0.5524005552062448
435851,7963,427888,455796,131352.1926257087,True,True,False,1996.73,0.2657596050249367,427888,1577.495436,0.10301507537688284,-2.491584237157908,-0.1150745691463333,-0.010429965690247234,-0.015193472370976013,2h_upper_wick_setup@2023-11-16 12:00:00+macd_bear_cross_2h,long,2023-11-16 18:00:00,0.6452261306532666,2h_wick_r75_v2p0_then_macd2h_24h,0.547763431075289,0.8919327842072171
460043,503,459540,476244,176532.66314368136,True,True,False,2423.95,0.019419217994620652,459540,2377.7754600000003,0.2685961590478737,-0.7811643588353299,8.102943999756832,0.0006369689591962935,-0.0016646460430069787,2h_upper_wick_setup@2024-02-07 22:00:00+macd_bear_cross_2h,long,2024-02-08 18:00:00,0.028942385718142137,2h_wick_r75_v2p0_then_macd2h_24h,2.665315370861335,2.5014260761423186
517115,489,516626,517456,14924.732541245874,False,True,False,2751.92,0.0372467931307332,516626,2653.100514,0.25175209564381157,-1.2275206009689086,13.183224675777943,0.008335616893626163,0.006374627961747814,2h_upper_wick_setup@2024-08-24 18:00:00+macd_bear_cross_2h,long,2024-08-24 22:00:00,0.19541019650954794,2h_wick_r75_v2p0_then_macd2h_24h,6.380283891945973,3.227250363651921
529763,913,528850,529800,3812.8622120580403,False,True,False,2449.49,0.02222694352916932,528850,2396.22915,0.49403341288782315,-1.0447352698322714,9.602937948706332,-0.005696342823882983,-0.012044693327023959,2h_upper_wick_setup@2024-10-07 16:00:00+macd_bear_cross_2h,long,2024-10-07 20:00:00,0.0684780613181568,2h_wick_r75_v2p0_then_macd2h_24h,1.0466878783861415,3.7046472034806737
537539,938,536601,538173,26850.177959806402,False,True,False,2453.56,0.06358026051940846,536601,2609.557984,0.758828788556104,0.5430487083993931,-5.357488331217638,-0.008164304760358343,-0.011978144872594632,2h_lower_wick_setup@2024-11-03 20:00:00+macd_bull_cross_2h,short,2024-11-03 20:00:00,0.04023245417970882,2h_wick_r75_v2p0_then_macd2h_24h,0.7814732848561492,2.3314117294999126
543347,5174,538173,551988,223327.4877437217,True,True,False,3398.64,0.3672564452199454,538173,2485.7370479999995,0.5172286031863665,-0.12438977895817516,7.710821029217655,0.002175628395626017,-0.0028288145838420986,2h_upper_wick_setup@2024-11-23 20:00:00+macd_bear_cross_2h,long,2024-11-24 00:00:00,0.0,2h_wick_r75_v2p0_then_macd2h_24h,3.139214190887778,1.643250262675515
564035,527,563508,566964,95432.27353813092,False,True,False,2752.77,0.1333877817616438,563508,3119.955884,0.202191235059765,9.100428762185658,-46.01362627331268,0.005659747786865399,0.02392482260558748,2h_lower_wick_setup@2025-02-03 04:00:00+macd_bull_cross_2h,short,2025-02-03 20:00:00,0.23074369189907099,2h_wick_r75_v2p0_then_macd2h_24h,0.6206607916839961,0.5316263008415516
597083,6499,590584,599220,289292.0533968997,True,True,False,2660.48,0.4459932756725471,590584,1839.897906,0.07452830188679574,-0.5502477641367349,8.905753749413126,-0.0030163010990869044,0.0020163039336997812,2h_upper_wick_setup@2025-05-28 14:00:00+macd_bear_cross_2h,long,2025-05-29 14:00:00,0.08286163522012503,2h_wick_r75_v2p0_then_macd2h_24h,1.5262975348310637,1.6896365745358364
604139,343,603796,604284,460.46536167361774,False,True,False,2244.38,0.029481548579117556,603796,2310.547798,0.0,1.3094933393423887,-20.321116689052232,-0.017968163178675667,-0.031159301686518592,2h_lower_wick_setup@2025-06-22 22:00:00+macd_bull_cross_2h,short,2025-06-23 02:00:00,0.3633392751039782,2h_wick_r75_v2p0_then_macd2h_24h,0.2943884323194668,0.5559670511901073
620555,12534,608021,631188,687933.1530731542,True,True,False,4298.91,0.6954098204504009,608021,2535.617022,0.3616112650046146,-0.27094693571145,-17.245177652217876,-0.015077161004209971,-0.018014334775563468,2h_upper_wick_setup@2025-08-18 14:00:00+macd_bear_cross_2h,long,2025-08-19 02:00:00,0.5081948291782143,2h_wick_r75_v2p0_then_macd2h_24h,0.7838519606182113,5.279963236600428
633587,959,632628,636372,-32107.348223629175,False,False,False,4474.91,0.06298161218186271,632628,4209.771786,0.5478314364810787,-1.9806766219383718,16.593026983030526,0.002194318880620161,0.00026054511431117255,2h_upper_wick_setup@2025-10-02 08:00:00+macd_bear_cross_2h,long,2025-10-03 08:00:00,0.08489695478312419,2h_wick_r75_v2p0_then_macd2h_24h,0.55453095749844,0.48864810381756324
643115,407,642708,649044,291923.0081585888,True,True,False,3306.61,0.08948722528511066,642708,3602.5093540000003,0.566827212522578,0.07836542240227118,-34.51321407752906,0.01882797927605151,0.02579675451883756,2h_lower_wick_setup@2025-11-04 22:00:00+macd_bull_cross_2h,short,2025-11-05 10:00:00,0.11408789885611037,2h_wick_r75_v2p0_then_macd2h_24h,0.031208602398940223,0.25418980058020124
668099,571,667528,670116,675483.4111797365,True,True,False,2699.13,0.0894368837366113,667528,2940.531776,0.3262899262899215,0.032300194691977424,-19.564621464302043,0.00852160101317967,0.009075157419560664,2h_lower_wick_setup@2026-01-30 04:00:00+macd_bull_cross_2h,short,2026-01-31 04:00:00,0.4604422604422571,2h_wick_r75_v2p0_then_macd2h_24h,0.10069389553042873,0.25650120007938926
686699,1053,685646,686759,-10664.777364131529,False,False,False,2061.13,0.009705205397039451,685646,2081.13369,0.5,0.5574602771370349,-1.21418074409315,-0.01648066627601208,-0.012981533793845812,2h_lower_wick_setup@2026-04-05 14:00:00+macd_bull_cross_2h,short,2026-04-05 18:00:00,0.11257763975153771,2h_wick_r75_v2p0_then_macd2h_24h,2.4089960074722536,3.6969224859142904
695579,1568,694011,695708,72878.66758759832,False,True,False,2359.1,0.03152271953166608,694011,2287.00731,0.0,-1.057262709561698,1.7995578594100365,0.0045340894842034185,0.03740834599603038,2h_upper_wick_setup@2026-05-06 12:00:00+macd_bear_cross_2h,long,2026-05-06 14:00:00,0.07977736549165444,2h_wick_r75_v2p0_then_macd2h_24h,3.4412886761950365,4.511985188014087
704459,1676,702783,704704,687331.854913211,True,True,False,1559.83,0.28604957976189715,702783,2006.018716,0.0036440935317306597,0.4078210943686784,-13.997762011408739,0.0002426341387296027,-0.018235977047514673,2h_lower_wick_setup@2026-06-06 06:00:00+macd_bull_cross_2h,short,2026-06-06 10:00:00,0.6456119040388688,2h_wick_r75_v2p0_then_macd2h_24h,0.20379047631232167,0.31221993689465655
705251,547,704704,705375,99040.20316329226,False,True,False,1667.31,0.03576232722289019,704704,1609.741884,0.7410207939508445,-0.007840628505579872,18.238990467674007,-0.011838122763156211,0.03324733012081316,2h_upper_wick_setup@2026-06-08 12:00:00+macd_bear_cross_2h,long,2026-06-09 04:00:00,0.08191556395716271,2h_wick_r75_v2p0_then_macd2h_24h,0.142533098839573,0.13850036165363055
84530,23538,60992,95701,15339.936809933251,False,True,False,238.11,0.36004563255539024,60992,175.075008,0.09683098591549484,-0.10551874352594948,-0.05579991571648246,nan,nan,2h_upper_wick_setup@2020-07-13 12:00:00+macd_bear_cross_4h,long,2020-07-13 20:00:00,0.0,2h_wick_r75_v2p0_then_macd4h_12h,2.183730265208959,2.7499044432755526
435827,7939,427888,455796,131352.1926257087,True,True,False,2005.5,0.271319050586464,427888,1577.495436,0.22739567233384822,0.38568645109135735,-0.1150745691463333,-0.004813713547875853,0.014583402617490693,2h_upper_wick_setup@2023-11-16 12:00:00+macd_bear_cross_4h,long,2023-11-16 16:00:00,0.01700154559505621,2h_wick_r75_v2p0_then_macd4h_12h,2.5964042660826445,4.3088791338774834
695603,1592,694011,695708,72878.66758759832,False,True,False,2359.6,0.03174134585516475,694011,2287.00731,0.523385300668147,-2.6457883612733344,-0.5985370616417498,-0.03307895846878306,-0.028694851942321464,2h_upper_wick_setup@2026-05-06 12:00:00+macd_bear_cross_4h,long,2026-05-06 16:00:00,0.43429844097996473,2h_wick_r75_v2p0_then_macd4h_12h,0.9387962370757953,2.0817155302082186
53462,4655,48807,55344,3600.431091184704,False,True,False,139.36,0.4425214265212398,48807,201.029786,0.03389830508471474,0.36216084895981177,0.031033160508236346,nan,nan,2h_lower_wick_setup@2020-03-26 08:00:00+macd_bull_cross_4h,short,2020-03-27 04:00:00,0.0,2h_wick_r75_v2p0_then_macd4h_24h,1.8974815854362828,0.4577045647589243
77546,16554,60992,95701,15339.936809933251,False,True,False,227.53,0.2996143915641003,60992,175.075008,0.2360801781737194,-0.47274254877185695,-0.24346292821475768,nan,nan,2h_upper_wick_setup@2020-06-18 04:00:00+macd_bear_cross_4h,long,2020-06-19 04:00:00,0.13808463251670453,2h_wick_r75_v2p0_then_macd4h_24h,8.149107800361099,4.079566647317966
204559,11903,192656,209936,34274.426910554714,False,True,False,3910.93,0.7915584458502107,192656,2182.9765079999997,0.11225944404845482,-13.331068166708377,-0.9747862132065848,-0.0036288717385585256,0.01875073428527707,2h_upper_wick_setup@2021-09-03 16:00:00+macd_bear_cross_4h,long,2021-09-04 08:00:00,0.43763364219530376,2h_wick_r75_v2p0_then_macd4h_24h,0.2559044865887947,0.25685224322630457
216847,4319,212528,231248,31590.289119135792,False,True,False,3813.13,0.15372458736675387,212528,3305.06088,0.1812066428421262,-15.818550129452284,-1.8927369825807858,0.0051725007361220765,-0.016530924511237166,2h_upper_wick_setup@2021-10-16 04:00:00+macd_bear_cross_4h,long,2021-10-17 00:00:00,0.6113096489384088,2h_wick_r75_v2p0_then_macd4h_24h,0.48770308012845726,0.32406364495403867
276121,2020,274101,277466,25933.17423582128,False,True,False,2347.69,0.17667894568703724,274101,2762.4773940000005,0.1565135895032788,13.729930119190172,1.5800252862979676,-0.020801111632717473,-0.036094890686022896,2h_lower_wick_setup@2022-05-09 20:00:00+macd_bull_cross_4h,short,2022-05-10 20:00:00,0.1565135895032788,2h_wick_r75_v2p0_then_macd4h_24h,0.5130425966057547,0.6825171775819708
301609,1100,300509,302229,4914.057706488122,False,True,False,1685.65,0.002631306874642192,300509,1681.2261780000001,0.34426229508198486,-6.443269000200116,-0.6315572931336106,0.009861103875416166,0.0209755390403763,2h_upper_wick_setup@2022-08-06 12:00:00+macd_bear_cross_4h,long,2022-08-07 08:00:00,0.38797814207648057,2h_wick_r75_v2p0_then_macd4h_24h,0.44621112175145305,0.17293029880456062
435827,7939,427888,455796,131352.1926257087,True,True,False,2005.5,0.271319050586464,427888,1577.495436,0.22739567233384822,0.38568645109135735,-0.1150745691463333,-0.004813713547875853,0.014583402617490693,2h_upper_wick_setup@2023-11-16 12:00:00+macd_bear_cross_4h,long,2023-11-16 16:00:00,0.01700154559505621,2h_wick_r75_v2p0_then_macd4h_24h,2.5964042660826445,4.3088791338774834
469523,9983,459540,476244,176532.66314368136,True,True,False,3988.57,0.6774376164181624,459540,2377.7754600000003,0.3764950084017013,-6.162192082348913,-3.3440438912375114,-0.0009318478821583875,0.008559757493836306,2h_upper_wick_setup@2024-03-11 20:00:00+macd_bear_cross_4h,long,2024-03-12 16:00:00,0.17554611050706934,2h_wick_r75_v2p0_then_macd4h_24h,0.5806734314898218,1.4965292040145322
537731,1130,536601,538173,26850.177959806402,False,True,False,2469.05,0.05690771106295944,536601,2609.557984,0.0,4.588577301537494,1.3666028482684354,0.002157261757564255,0.00020539220762372246,2h_lower_wick_setup@2024-11-03 20:00:00+macd_bull_cross_4h,short,2024-11-04 12:00:00,0.51807228915661,2h_wick_r75_v2p0_then_macd4h_24h,0.38138446815297916,0.24484578321151138
543491,5318,538173,551988,223327.4877437217,True,True,False,3351.76,0.34839684780688884,538173,2485.7370479999995,0.15360051093725577,-9.055580059863757,-0.7773963058795488,-0.003623572365717531,-0.005890891713767332,2h_upper_wick_setup@2024-11-23 20:00:00+macd_bear_cross_4h,long,2024-11-24 12:00:00,0.07344722976209327,2h_wick_r75_v2p0_then_macd4h_24h,0.740363163988591,0.737985037273502
565523,2015,563508,566964,95432.27353813092,False,True,False,2635.56,0.18379239478516896,563508,3119.955884,0.5142679900744429,5.00635695591,1.262411588956752,0.00030378955767917937,0.0010610452980543972,2h_lower_wick_setup@2025-02-08 08:00:00+macd_bull_cross_4h,short,2025-02-09 00:00:00,0.09491315136474911,2h_wick_r75_v2p0_then_macd4h_24h,0.545480906899614,0.24967239016646323
695603,1592,694011,695708,72878.66758759832,False,True,False,2359.6,0.03174134585516475,694011,2287.00731,0.523385300668147,-2.6457883612733344,-0.5985370616417498,-0.03307895846878306,-0.028694851942321464,2h_upper_wick_setup@2026-05-06 12:00:00+macd_bear_cross_4h,long,2026-05-06 16:00:00,0.43429844097996473,2h_wick_r75_v2p0_then_macd4h_24h,0.9387962370757953,2.0817155302082186
704675,1892,702783,704704,687331.854913211,True,True,False,1591.89,0.26014907813982124,702783,2006.018716,0.38983050847456624,11.708981074044566,2.8423984733000083,0.0049816767582386845,-0.015506874644983348,2h_lower_wick_setup@2026-06-06 06:00:00+macd_bull_cross_4h,short,2026-06-07 04:00:00,0.4848668280871671,2h_wick_r75_v2p0_then_macd4h_24h,1.4303111968599589,0.5025592414391472
2198,216,1982,2899,-52.4497206046708,False,False,False,182.81,0.05600557725293398,1982,173.114616,0.03058103975534985,1.2906614389237512,2.067772775092878,nan,nan,2h_upper_wick,long,2019-10-01 04:00:00,0.8501529051987744,2h_wick_r85_v1p5,2.741139182028035,3.3006243782211206
12614,209,12405,12871,-44.11552014380868,False,False,False,192.43,0.019400846159385754,12405,188.767746,0.02285714285715455,0.408302179131097,0.7783250445597194,nan,nan,2h_upper_wick,long,2019-11-06 08:00:00,0.971428571428565,2h_wick_r85_v1p5,1.0887649649400055,1.6718017626327455
17222,1535,15687,30375,2119.0179211623945,False,True,False,159.48,0.14279873338349658,15687,182.253542,0.9777397260273932,-0.6279417798035523,-1.4466728778978712,nan,nan,2h_lower_wick,short,2019-11-22 08:00:00,0.0,2h_wick_r85_v1p5,4.047493828320055,10.00109359227633
53222,4415,48807,55344,3600.431091184704,False,True,False,135.44,0.4842718989958654,48807,201.029786,0.9000000000000021,-0.3928714088870646,-0.07535704326368098,nan,nan,2h_lower_wick,short,2020-03-26 08:00:00,0.09999999999999781,2h_wick_r85_v1p5,0.217264771055004,3.0406194545914706
62978,1986,60992,95701,15339.936809933251,False,True,False,208.01,0.18811932311892288,60992,175.075008,0.0734177215189922,1.2842694571810067,0.6934382832830552,nan,nan,2h_upper_wick,long,2020-04-29 14:00:00,0.9139240506329109,2h_wick_r85_v1p5,31.006893008929744,9.706087311439529
114502,4655,109847,136783,37135.1622576107,False,True,False,407.72,0.11602275722920363,109847,365.333052,0.0,-0.4566829143603629,-1.9954900007725973,0.026643220238798948,0.08401119247732369,2h_upper_wick,long,2020-10-26 04:00:00,0.9854227405247944,2h_wick_r85_v1p5,5.473135978015686,1.9069483442309756
151444,455,150989,172818,71695.46912793306,False,True,False,1605.52,0.018126726927197856,150989,1576.9353239999998,0.07913802712242238,6.915002225938,13.785039894367316,-0.009402807337354768,-0.02175012962237044,2h_upper_wick,long,2021-03-03 14:00:00,0.9000557310050137,2h_wick_r85_v1p5,4.223717790030381,2.212807687485675
216607,4079,212528,231248,31590.289119135792,False,True,False,3842.23,0.16252926632927855,212528,3305.06088,0.03193353303566179,-5.06580526504456,14.519285262300784,0.01505787386145152,0.009681296218749802,2h_upper_wick,long,2021-10-16 04:00:00,0.8917085853162274,2h_wick_r85_v1p5,0.2754869486741486,2.866916313088036
240559,95,240464,246224,39124.28035168933,False,True,False,3215.59,0.05939455838586394,240464,3406.5785480000004,0.9262939958592162,-14.21874214514692,-43.55240236188746,0.029642495124911683,0.0054717921595939245,2h_lower_wick,short,2022-01-07 08:00:00,0.0,2h_wick_r85_v1p5,1.8447773266928842,2.017787349604904
251839,259,251580,252179,4424.30129698629,False,True,False,3090.64,0.044459165182535676,251580,2959.0816979999995,0.10910354412786138,23.573301076331152,27.186881994519112,0.024631209412173893,0.018894136643361037,2h_upper_wick,long,2022-02-15 12:00:00,0.858929812369704,2h_wick_r85_v1p5,1.6657767249601152,1.5157457090624813
290377,507,289870,291864,16756.747354300227,False,True,False,1133.53,0.05238623591788483,289870,1192.91137,0.9098039215686319,-6.139459357208647,-11.777741188577952,0.0006251922729705317,-0.015820019779788197,2h_lower_wick,short,2022-06-29 08:00:00,0.059313725490197595,2h_wick_r85_v1p5,1.0641348456736,2.2202811443625037
301369,860,300509,302229,4914.057706488122,False,True,False,1713.89,0.019428570901065312,300509,1681.2261780000001,0.04560622914350183,2.145060482211605,9.80785586402132,-0.009903180855840854,-0.027047661751606222,2h_upper_wick,long,2022-08-06 12:00:00,0.8609566184649612,2h_wick_r85_v1p5,0.13756526320257356,2.5099396320899414
324241,1244,322997,325224,33405.54589574665,False,True,False,1346.0,0.0282330520249654,322997,1309.0417559999999,0.023972602739719948,-1.0482144078603817,3.093710658688213,0.0016874636350634464,0.00791447751008234,2h_upper_wick,long,2022-10-24 22:00:00,0.8561643835616491,2h_wick_r85_v1p5,1.5195093433139129,2.263647431749903
327337,548,326789,327744,777.154318366549,False,True,False,1615.6,0.0017407732305578794,326789,1612.792494,0.0,9.319415678304889,5.4912390407513865,0.018133087341942744,0.025716350849351866,2h_upper_wick,long,2022-11-04 16:00:00,0.9993392798149952,2h_wick_r85_v1p5,3.969203260959787,4.683658369074991
374243,10030,364213,381204,46971.89962416631,False,True,False,2103.8,0.33417440986919034,364213,1576.855308,0.04326047358834444,-3.0668252939824434,-6.069199317610035,-0.006464994396483181,-0.005272008714794829,2h_upper_wick,long,2023-04-16 20:00:00,0.859517304189434,2h_wick_r85_v1p5,3.843902532883715,2.841401153598146
414995,5279,409716,415082,8149.520137668995,False,True,False,1625.79,0.03805067198100609,409716,1687.652402,0.9161073825503361,-0.39910824242884857,0.27296642376273006,-0.002071330779091607,0.0041516143493693924,2h_lower_wick,short,2023-09-05 08:00:00,0.05033557046979072,2h_wick_r85_v1p5,0.5207647387711996,2.6194814225106566
424907,391,424516,426094,13005.089737643139,False,True,False,1583.43,0.026931863107305,424516,1626.07472,0.8591370558375616,-5.155707826703083,-4.138981555026959,-0.03422714015021311,-0.028978284344563177,2h_lower_wick,short,2023-10-09 18:00:00,0.09454314720812246,2h_wick_r85_v1p5,3.2964077938867855,6.942638614522463
426875,781,426094,427152,3213.8175412995042,False,True,False,1580.24,0.01562989129470793,426094,1555.921122,0.004953693732500923,2.5282712936873226,4.856767869641098,9.36438670615658e-05,0.0009245466420519932,2h_upper_wick,long,2023-10-16 14:00:00,0.9420633211285796,2h_wick_r85_v1p5,44.415228982099045,29.677607811010084
444827,16939,427888,455796,131352.1926257087,True,True,False,2237.71,0.4185207442971013,427888,1577.495436,0.08406725380305846,1.9361289049176413,-2.5816557145907293,0.0036125827437307745,-0.010187429123721725,2h_upper_wick,long,2023-12-17 22:00:00,0.8799039231385087,2h_wick_r85_v1p5,1.6696890033442422,2.048102504401361
464819,5279,459540,476244,176532.66314368136,True,True,False,3030.0,0.27430030756562673,459540,2377.7754600000003,0.0,7.658381563457663,4.767862578648579,0.015160658628398771,0.021917830408473726,2h_upper_wick,long,2024-02-25 08:00:00,0.8988391376451126,2h_wick_r85_v1p5,1.5985808521260658,2.0935155164427974
528635,1327,527308,528850,49598.604560681444,False,True,False,2353.46,0.12350797039252837,527308,2644.1310679999997,0.9155722326454079,3.4306245910392335,-12.35892521529837,-0.005024794247871722,-0.011492394330611,2h_lower_wick,short,2024-10-03 22:00:00,0.0,2h_wick_r85_v1p5,1.9316072573228171,1.6670489222336684
528875,25,528850,529800,3812.8622120580403,False,True,False,2414.73,0.007720818353286418,528850,2396.22915,0.0821029888368652,13.017613889769027,6.962850864880721,-0.018307996428690743,6.396330979097087e-06,2h_upper_wick,long,2024-10-04 18:00:00,0.9110550954267266,2h_wick_r85_v1p5,1.971487672611394,1.8998607660596798
534059,210,533849,535544,25782.971014758397,False,True,False,2626.71,0.006853041256933423,533849,2644.710952,0.8611374407582825,-6.807811454951101,-11.39307755496106,0.002734246982178945,0.017800170282969097,2h_lower_wick,short,2024-10-22 18:00:00,0.049763033175363215,2h_wick_r85_v1p5,2.4143026711692235,2.35048119933852
535859,315,535544,536601,20617.715211163973,False,True,False,2561.62,0.019155731442998203,535544,2513.472594,0.0,6.036766550090397,11.135684872118938,0.009057973906328565,0.02012241957180594,2h_upper_wick,long,2024-10-29 00:00:00,0.8800872093023354,2h_wick_r85_v1p5,0.7383373703821793,1.732681674509481
544499,6326,538173,551988,223327.4877437217,True,True,False,3642.83,0.4654929019668377,538173,2485.7370479999995,0.05565862708720076,30.40115744267262,22.396974392855554,0.007187358167374702,0.006607747092604699,2h_upper_wick,long,2024-11-28 00:00:00,0.929035250463823,2h_wick_r85_v1p5,1.2728193406091814,2.0356860379941524
596795,6211,590584,599220,289292.0533968997,True,True,False,2650.0,0.4402973074528844,590584,1839.897906,0.057819663779928566,-3.3321080328652783,8.220470797111492,0.005097018537219888,-0.0033475442053787496,2h_upper_wick,long,2025-05-28 14:00:00,0.8892002037697418,2h_wick_r85_v1p5,5.068592900319741,6.0558290060497395
620411,12390,608021,631188,687933.1530731542,True,True,False,4288.0,0.6911071201982175,608021,2535.617022,0.04726217816994893,-20.08000060239403,-27.628905589540572,0.00235094996178864,-0.009419982252744541,2h_upper_wick,long,2025-08-18 14:00:00,0.9395624320077357,2h_wick_r85_v1p5,2.375447401982968,2.6156505128146814
678491,533,677958,678745,107714.94338189252,True,True,False,1950.59,0.05176362331397155,677958,2051.559606,0.8965672990063255,0.011367542708438094,-11.578316163902514,-0.002665855865926381,-0.003271032132535101,2h_lower_wick,short,2026-03-08 06:00:00,0.07407407407407826,2h_wick_r85_v1p5,1.6903764707540454,1.9332887524564129
685547,758,684789,685646,78668.204007864,False,True,False,2127.77,0.043506502388237944,684789,2039.05773,0.03738317757009314,1.8987040584760777,12.072450988999176,0.023110107454972884,0.003410330301494735,2h_upper_wick,long,2026-04-01 18:00:00,0.9072798819478605,2h_wick_r85_v1p5,1.8845578473593887,1.5315459736582846
686651,1005,685646,686759,-10664.777364131529,False,False,False,2040.83,0.019748675783872294,685646,2081.13369,0.9336283185840806,-1.3339220581032682,-1.8987174350460632,0.002715676095890407,-0.003075229639264765,2h_lower_wick,short,2026-04-05 14:00:00,0.01603982300884761,2h_wick_r85_v1p5,1.5686832740213525,2.7100264640600993
123550,13703,109847,136783,37135.1622576107,False,True,False,510.87,0.3983678651664946,109847,365.333052,0.0,-9.131540691698842,-14.278957698476962,-0.006647487395496587,-0.09126501935922227,2h_upper_wick+oi_flush,long,2020-11-26 14:00:00,0.9073962717979546,2h_wick_r85_v1p5_oi0,1.4738673555105783,1.8882943469380338
151444,455,150989,172818,71695.46912793306,False,True,False,1605.52,0.018126726927197856,150989,1576.9353239999998,0.07913802712242238,6.915002225938,13.785039894367316,-0.009402807337354768,-0.02175012962237044,2h_upper_wick+oi_flush,long,2021-03-03 14:00:00,0.9000557310050137,2h_wick_r85_v1p5_oi0,4.223717790030381,2.212807687485675
240703,239,240464,246224,39124.28035168933,False,True,False,3209.86,0.0612857096571191,240464,3406.5785480000004,0.9347925216598273,-1.4844505210916452,-34.18543107274277,-0.004534023191789083,-0.0014621140206074745,2h_lower_wick+oi_flush,short,2022-01-07 20:00:00,0.022039823681407795,2h_wick_r85_v1p5_oi0,1.463045556644307,2.635128453822909
290377,507,289870,291864,16756.747354300227,False,True,False,1133.53,0.05238623591788483,289870,1192.91137,0.9098039215686319,-6.139459357208647,-11.777741188577952,0.0006251922729705317,-0.015820019779788197,2h_lower_wick+oi_flush,short,2022-06-29 08:00:00,0.059313725490197595,2h_wick_r85_v1p5_oi0,1.0641348456736,2.2202811443625037
301369,860,300509,302229,4914.057706488122,False,True,False,1713.89,0.019428570901065312,300509,1681.2261780000001,0.04560622914350183,2.145060482211605,9.80785586402132,-0.009903180855840854,-0.027047661751606222,2h_upper_wick+oi_flush,long,2022-08-06 12:00:00,0.8609566184649612,2h_wick_r85_v1p5_oi0,0.13756526320257356,2.5099396320899414
324505,1508,322997,325224,33405.54589574665,False,True,False,1474.88,0.12668674871514196,322997,1309.0417559999999,0.05902319441825591,12.955512767550433,10.756350987147037,-0.09886515698613252,-0.09046878385592305,2h_upper_wick+oi_flush,long,2022-10-25 20:00:00,0.8936451065434641,2h_wick_r85_v1p5_oi0,19.93403829287263,12.85076506393515
374243,10030,364213,381204,46971.89962416631,False,True,False,2103.8,0.33417440986919034,364213,1576.855308,0.04326047358834444,-3.0668252939824434,-6.069199317610035,-0.006464994396483181,-0.005272008714794829,2h_upper_wick+oi_flush,long,2023-04-16 20:00:00,0.859517304189434,2h_wick_r85_v1p5_oi0,3.843902532883715,2.841401153598146
414995,5279,409716,415082,8149.520137668995,False,True,False,1625.79,0.03805067198100609,409716,1687.652402,0.9161073825503361,-0.39910824242884857,0.27296642376273006,-0.002071330779091607,0.0041516143493693924,2h_lower_wick+oi_flush,short,2023-09-05 08:00:00,0.05033557046979072,2h_wick_r85_v1p5_oi0,0.5207647387711996,2.6194814225106566
424907,391,424516,426094,13005.089737643139,False,True,False,1583.43,0.026931863107305,424516,1626.07472,0.8591370558375616,-5.155707826703083,-4.138981555026959,-0.03422714015021311,-0.028978284344563177,2h_lower_wick+oi_flush,short,2023-10-09 18:00:00,0.09454314720812246,2h_wick_r85_v1p5_oi0,3.2964077938867855,6.942638614522463
444827,16939,427888,455796,131352.1926257087,True,True,False,2237.71,0.4185207442971013,427888,1577.495436,0.08406725380305846,1.9361289049176413,-2.5816557145907293,0.0036125827437307745,-0.010187429123721725,2h_upper_wick+oi_flush,long,2023-12-17 22:00:00,0.8799039231385087,2h_wick_r85_v1p5_oi0,1.6696890033442422,2.048102504401361
469283,9743,459540,476244,176532.66314368136,True,True,False,4031.82,0.6956268864848996,459540,2377.7754600000003,0.022612003381237533,13.0862265276931,1.9536869009966153,-0.015879031713933123,-0.02577862399641273,2h_upper_wick+oi_flush,long,2024-03-11 20:00:00,0.8543956043956076,2h_wick_r85_v1p5_oi0,0.8139397850669211,2.115077165846083
528635,1327,527308,528850,49598.604560681444,False,True,False,2353.46,0.12350797039252837,527308,2644.1310679999997,0.9155722326454079,3.4306245910392335,-12.35892521529837,-0.005024794247871722,-0.011492394330611,2h_lower_wick+oi_flush,short,2024-10-03 22:00:00,0.0,2h_wick_r85_v1p5_oi0,1.9316072573228171,1.6670489222336684
528875,25,528850,529800,3812.8622120580403,False,True,False,2414.73,0.007720818353286418,528850,2396.22915,0.0821029888368652,13.017613889769027,6.962850864880721,-0.018307996428690743,6.396330979097087e-06,2h_upper_wick+oi_flush,long,2024-10-04 18:00:00,0.9110550954267266,2h_wick_r85_v1p5_oi0,1.971487672611394,1.8998607660596798
596795,6211,590584,599220,289292.0533968997,True,True,False,2650.0,0.4402973074528844,590584,1839.897906,0.057819663779928566,-3.3321080328652783,8.220470797111492,0.005097018537219888,-0.0033475442053787496,2h_upper_wick+oi_flush,long,2025-05-28 14:00:00,0.8892002037697418,2h_wick_r85_v1p5_oi0,5.068592900319741,6.0558290060497395
620411,12390,608021,631188,687933.1530731542,True,True,False,4288.0,0.6911071201982175,608021,2535.617022,0.04726217816994893,-20.08000060239403,-27.628905589540572,0.00235094996178864,-0.009419982252744541,2h_upper_wick+oi_flush,long,2025-08-18 14:00:00,0.9395624320077357,2h_wick_r85_v1p5_oi0,2.375447401982968,2.6156505128146814
678491,533,677958,678745,107714.94338189252,True,True,False,1950.59,0.05176362331397155,677958,2051.559606,0.8965672990063255,0.011367542708438094,-11.578316163902514,-0.002665855865926381,-0.003271032132535101,2h_lower_wick+oi_flush,short,2026-03-08 06:00:00,0.07407407407407826,2h_wick_r85_v1p5_oi0,1.6903764707540454,1.9332887524564129
686651,1005,685646,686759,-10664.777364131529,False,False,False,2040.83,0.019748675783872294,685646,2081.13369,0.9336283185840806,-1.3339220581032682,-1.8987174350460632,0.002715676095890407,-0.003075229639264765,2h_lower_wick+oi_flush,short,2026-04-05 14:00:00,0.01603982300884761,2h_wick_r85_v1p5_oi0,1.5686832740213525,2.7100264640600993
123550,13703,109847,136783,37135.1622576107,False,True,False,510.87,0.3983678651664946,109847,365.333052,0.0,-9.131540691698842,-14.278957698476962,-0.006647487395496587,-0.09126501935922227,2h_upper_wick+oi_flush,long,2020-11-26 14:00:00,0.9073962717979546,2h_wick_r85_v1p5_oiN0p5,1.4738673555105783,1.8882943469380338
151444,455,150989,172818,71695.46912793306,False,True,False,1605.52,0.018126726927197856,150989,1576.9353239999998,0.07913802712242238,6.915002225938,13.785039894367316,-0.009402807337354768,-0.02175012962237044,2h_upper_wick+oi_flush,long,2021-03-03 14:00:00,0.9000557310050137,2h_wick_r85_v1p5_oiN0p5,4.223717790030381,2.212807687485675
290377,507,289870,291864,16756.747354300227,False,True,False,1133.53,0.05238623591788483,289870,1192.91137,0.9098039215686319,-6.139459357208647,-11.777741188577952,0.0006251922729705317,-0.015820019779788197,2h_lower_wick+oi_flush,short,2022-06-29 08:00:00,0.059313725490197595,2h_wick_r85_v1p5_oiN0p5,1.0641348456736,2.2202811443625037
301369,860,300509,302229,4914.057706488122,False,True,False,1713.89,0.019428570901065312,300509,1681.2261780000001,0.04560622914350183,2.145060482211605,9.80785586402132,-0.009903180855840854,-0.027047661751606222,2h_upper_wick+oi_flush,long,2022-08-06 12:00:00,0.8609566184649612,2h_wick_r85_v1p5_oiN0p5,0.13756526320257356,2.5099396320899414
324505,1508,322997,325224,33405.54589574665,False,True,False,1474.88,0.12668674871514196,322997,1309.0417559999999,0.05902319441825591,12.955512767550433,10.756350987147037,-0.09886515698613252,-0.09046878385592305,2h_upper_wick+oi_flush,long,2022-10-25 20:00:00,0.8936451065434641,2h_wick_r85_v1p5_oiN0p5,19.93403829287263,12.85076506393515
374243,10030,364213,381204,46971.89962416631,False,True,False,2103.8,0.33417440986919034,364213,1576.855308,0.04326047358834444,-3.0668252939824434,-6.069199317610035,-0.006464994396483181,-0.005272008714794829,2h_upper_wick+oi_flush,long,2023-04-16 20:00:00,0.859517304189434,2h_wick_r85_v1p5_oiN0p5,3.843902532883715,2.841401153598146
424907,391,424516,426094,13005.089737643139,False,True,False,1583.43,0.026931863107305,424516,1626.07472,0.8591370558375616,-5.155707826703083,-4.138981555026959,-0.03422714015021311,-0.028978284344563177,2h_lower_wick+oi_flush,short,2023-10-09 18:00:00,0.09454314720812246,2h_wick_r85_v1p5_oiN0p5,3.2964077938867855,6.942638614522463
444827,16939,427888,455796,131352.1926257087,True,True,False,2237.71,0.4185207442971013,427888,1577.495436,0.08406725380305846,1.9361289049176413,-2.5816557145907293,0.0036125827437307745,-0.010187429123721725,2h_upper_wick+oi_flush,long,2023-12-17 22:00:00,0.8799039231385087,2h_wick_r85_v1p5_oiN0p5,1.6696890033442422,2.048102504401361
469283,9743,459540,476244,176532.66314368136,True,True,False,4031.82,0.6956268864848996,459540,2377.7754600000003,0.022612003381237533,13.0862265276931,1.9536869009966153,-0.015879031713933123,-0.02577862399641273,2h_upper_wick+oi_flush,long,2024-03-11 20:00:00,0.8543956043956076,2h_wick_r85_v1p5_oiN0p5,0.8139397850669211,2.115077165846083
528635,1327,527308,528850,49598.604560681444,False,True,False,2353.46,0.12350797039252837,527308,2644.1310679999997,0.9155722326454079,3.4306245910392335,-12.35892521529837,-0.005024794247871722,-0.011492394330611,2h_lower_wick+oi_flush,short,2024-10-03 22:00:00,0.0,2h_wick_r85_v1p5_oiN0p5,1.9316072573228171,1.6670489222336684
528875,25,528850,529800,3812.8622120580403,False,True,False,2414.73,0.007720818353286418,528850,2396.22915,0.0821029888368652,13.017613889769027,6.962850864880721,-0.018307996428690743,6.396330979097087e-06,2h_upper_wick+oi_flush,long,2024-10-04 18:00:00,0.9110550954267266,2h_wick_r85_v1p5_oiN0p5,1.971487672611394,1.8998607660596798
620411,12390,608021,631188,687933.1530731542,True,True,False,4288.0,0.6911071201982175,608021,2535.617022,0.04726217816994893,-20.08000060239403,-27.628905589540572,0.00235094996178864,-0.009419982252744541,2h_upper_wick+oi_flush,long,2025-08-18 14:00:00,0.9395624320077357,2h_wick_r85_v1p5_oiN0p5,2.375447401982968,2.6156505128146814
453683,25795,427888,455796,131352.1926257087,True,True,False,2540.69,0.6105846914158679,427888,1577.495436,0.05120990433315041,-3.2652143983011417,-1.1825258118977136,-0.010394460821776419,-0.012532675251724412,2h_upper_wick+macd_bear_cross_4h,long,2024-01-17 16:00:00,0.9063027574563891,2h_wick_r85_v1p5_macd4h,1.1148383397291695,2.329149526984556
12710,305,12405,12871,-44.11552014380868,False,False,False,190.5,0.009176641861263768,12405,188.767746,0.07317073170731876,-0.04540110793890073,0.5853513153557406,nan,nan,2h_upper_wick_setup@2019-11-06 08:00:00+macd_bear_cross_2h,long,2019-11-06 16:00:00,0.3739837398373993,2h_wick_r85_v1p5_then_macd2h_12h,0.8868234357642624,0.5314590062014594
68498,7506,60992,95701,15339.936809933251,False,True,False,211.95,0.2106239629587794,60992,175.075008,0.8293413173652717,-0.06680518203734342,1.0777622508270461,nan,nan,2h_upper_wick_setup@2020-05-18 06:00:00+macd_bear_cross_2h,long,2020-05-18 18:00:00,0.1586826347305391,2h_wick_r85_v1p5_then_macd2h_12h,1.3336817723364702,2.6360930695648936
161236,10247,150989,172818,71695.46912793306,False,True,False,2095.03,0.32854529169009883,150989,1576.9353239999998,0.15492604662823542,-0.5053689594672122,-2.0761052605783803,0.028836993728024174,-0.004226629180129837,2h_upper_wick_setup@2021-04-06 02:00:00+macd_bear_cross_2h,long,2021-04-06 14:00:00,0.2511907746302335,2h_wick_r85_v1p5_then_macd2h_12h,0.6776750572348363,0.5092794466269195
216751,4223,212528,231248,31590.289119135792,False,True,False,3901.96,0.18060155067400752,212528,3305.06088,0.43534246575342117,-0.5386591672575136,12.018561325380517,0.04301156659047667,0.04761930344662546,2h_upper_wick_setup@2021-10-16 04:00:00+macd_bear_cross_2h,long,2021-10-16 16:00:00,0.41753424657534893,2h_wick_r85_v1p5_then_macd2h_12h,1.0889095643873674,0.7408472050220124
240727,263,240464,246224,39124.28035168933,False,True,False,3210.49,0.06107745172855261,240464,3406.5785480000004,0.6252000914703791,2.4851197378910825,-34.18543107274277,2.757409073383954e-05,-0.004506574122622231,2h_lower_wick_setup@2022-01-07 20:00:00+macd_bull_cross_2h,short,2022-01-07 22:00:00,0.3727418248342139,2h_wick_r85_v1p5_then_macd2h_12h,1.2580534985790564,1.2209217148273661
301417,908,300509,302229,4914.057706488122,False,True,False,1713.71,0.01932150618701578,300509,1681.2261780000001,0.3802281368821299,-0.19504051898703523,8.122760766784427,-0.0025133473024134823,-0.00031544509972725177,2h_upper_wick_setup@2022-08-06 12:00:00+macd_bear_cross_2h,long,2022-08-06 16:00:00,0.4553231939163471,2h_wick_r85_v1p5_then_macd2h_12h,0.7160975552900845,0.422021967736755
415019,5303,409716,415082,8149.520137668995,False,True,False,1632.52,0.033771348589910044,409716,1687.652402,0.3323593864134358,0.2042687509885499,0.27296642376273006,0.007085397207150734,0.0049993902267417845,2h_lower_wick_setup@2023-09-05 08:00:00+macd_bull_cross_2h,short,2023-09-05 10:00:00,0.19868517165814584,2h_wick_r85_v1p5_then_macd2h_12h,0.6276518653639521,1.059476182318382
444875,16987,427888,455796,131352.1926257087,True,True,False,2179.53,0.38163949654685414,427888,1577.495436,0.2590792107520828,-2.009100554621016,-3.4181819329572054,0.015338245959669816,0.010177416636951264,2h_upper_wick_setup@2023-12-17 22:00:00+macd_bear_cross_2h,long,2023-12-18 02:00:00,0.04032027452101356,2h_wick_r85_v1p5_then_macd2h_12h,6.191689860273238,4.073550050530841
598643,8059,590584,599220,289292.0533968997,True,True,False,2597.95,0.41200769430083795,590584,1839.897906,0.35082140964495095,-0.4608462700492062,12.635349787887698,-0.01926774015327737,-0.029397394847117342,2h_upper_wick_setup@2025-06-03 16:00:00+macd_bear_cross_2h,long,2025-06-04 00:00:00,0.5373608903020742,2h_wick_r85_v1p5_then_macd2h_12h,1.3320676830811768,1.0122843998020419
620555,12534,608021,631188,687933.1530731542,True,True,False,4298.91,0.6954098204504009,608021,2535.617022,0.3616112650046146,-0.27094693571145,-17.245177652217876,-0.015077161004209971,-0.018014334775563468,2h_upper_wick_setup@2025-08-18 14:00:00+macd_bear_cross_2h,long,2025-08-19 02:00:00,0.5081948291782143,2h_wick_r85_v1p5_then_macd2h_12h,0.7838519606182113,5.279963236600428
685643,854,684789,685646,78668.204007864,False,True,False,2092.94,0.02642508311915237,684789,2039.05773,0.016263869889043384,-2.725424738783115,9.775930724812257,0.008996549688894406,0.02884547403061055,2h_upper_wick_setup@2026-04-01 18:00:00+macd_bear_cross_2h,long,2026-04-02 02:00:00,0.2793737650098748,2h_wick_r85_v1p5_then_macd2h_12h,19.96788532247406,7.868983033877075
686699,1053,685646,686759,-10664.777364131529,False,False,False,2061.13,0.009705205397039451,685646,2081.13369,0.5,0.5574602771370349,-1.21418074409315,-0.01648066627601208,-0.012981533793845812,2h_lower_wick_setup@2026-04-05 14:00:00+macd_bull_cross_2h,short,2026-04-05 18:00:00,0.11257763975153771,2h_wick_r85_v1p5_then_macd2h_12h,2.4089960074722536,3.6969224859142904
2366,384,1982,2899,-52.4497206046708,False,False,False,175.37,0.013028270241491224,1982,173.114616,0.3014128728414466,-0.3488570256064829,1.5378636935024184,nan,nan,2h_upper_wick_setup@2019-10-01 04:00:00+macd_bear_cross_2h,long,2019-10-01 18:00:00,0.20251177394034398,2h_wick_r85_v1p5_then_macd2h_24h,4.337886852371299,2.131218341191575
12710,305,12405,12871,-44.11552014380868,False,False,False,190.5,0.009176641861263768,12405,188.767746,0.07317073170731876,-0.04540110793890073,0.5853513153557406,nan,nan,2h_upper_wick_setup@2019-11-06 08:00:00+macd_bear_cross_2h,long,2019-11-06 16:00:00,0.3739837398373993,2h_wick_r85_v1p5_then_macd2h_24h,0.8868234357642624,0.5314590062014594
17438,1751,15687,30375,2119.0179211623945,False,True,False,149.44,0.2195766996788009,15687,182.253542,0.9124293785310726,0.011888782157194022,-1.720533826847901,nan,nan,2h_lower_wick_setup@2019-11-22 08:00:00+macd_bull_cross_2h,short,2019-11-23 02:00:00,0.0,2h_wick_r85_v1p5_then_macd2h_24h,0.11422351460127894,0.7655190635859034
53414,4607,48807,55344,3600.431091184704,False,True,False,139.52,0.44086715883027505,48807,201.029786,0.0,0.10434497377527058,-0.12907335245910767,nan,nan,2h_lower_wick_setup@2020-03-26 08:00:00+macd_bull_cross_2h,short,2020-03-27 00:00:00,0.009195402298848757,2h_wick_r85_v1p5_then_macd2h_24h,23.10031775048366,6.514432094200733
63242,2250,60992,95701,15339.936809933251,False,True,False,212.54,0.21399394709723496,60992,175.075008,0.06675062972292208,-0.2676459630751751,1.473779145987744,nan,nan,2h_upper_wick_setup@2020-04-29 14:00:00+macd_bear_cross_2h,long,2020-04-30 12:00:00,0.19143576826196607,2h_wick_r85_v1p5_then_macd2h_24h,1.5177255944576067,1.845808177514358
161236,10247,150989,172818,71695.46912793306,False,True,False,2095.03,0.32854529169009883,150989,1576.9353239999998,0.15492604662823542,-0.5053689594672122,-2.0761052605783803,0.028836993728024174,-0.004226629180129837,2h_upper_wick_setup@2021-04-06 02:00:00+macd_bear_cross_2h,long,2021-04-06 14:00:00,0.2511907746302335,2h_wick_r85_v1p5_then_macd2h_24h,0.6776750572348363,0.5092794466269195
216751,4223,212528,231248,31590.289119135792,False,True,False,3901.96,0.18060155067400752,212528,3305.06088,0.43534246575342117,-0.5386591672575136,12.018561325380517,0.04301156659047667,0.04761930344662546,2h_upper_wick_setup@2021-10-16 04:00:00+macd_bear_cross_2h,long,2021-10-16 16:00:00,0.41753424657534893,2h_wick_r85_v1p5_then_macd2h_24h,1.0889095643873674,0.7408472050220124
240727,263,240464,246224,39124.28035168933,False,True,False,3210.49,0.06107745172855261,240464,3406.5785480000004,0.6252000914703791,2.4851197378910825,-34.18543107274277,2.757409073383954e-05,-0.004506574122622231,2h_lower_wick_setup@2022-01-07 20:00:00+macd_bull_cross_2h,short,2022-01-07 22:00:00,0.3727418248342139,2h_wick_r85_v1p5_then_macd2h_24h,1.2580534985790564,1.2209217148273661
301417,908,300509,302229,4914.057706488122,False,True,False,1713.71,0.01932150618701578,300509,1681.2261780000001,0.3802281368821299,-0.19504051898703523,8.122760766784427,-0.0025133473024134823,-0.00031544509972725177,2h_upper_wick_setup@2022-08-06 12:00:00+macd_bear_cross_2h,long,2022-08-06 16:00:00,0.4553231939163471,2h_wick_r85_v1p5_then_macd2h_24h,0.7160975552900845,0.422021967736755
327625,836,326789,327744,777.154318366549,False,True,False,1635.16,0.01386880586511463,326789,1612.792494,0.6796352583586646,-0.19251194090474044,9.123786515235217,-0.008289872940295817,-0.0021191373123516932,2h_upper_wick_setup@2022-11-04 16:00:00+macd_bear_cross_2h,long,2022-11-05 16:00:00,0.15927051671733197,2h_wick_r85_v1p5_then_macd2h_24h,0.7655277786538353,1.007444296844814
415019,5303,409716,415082,8149.520137668995,False,True,False,1632.52,0.033771348589910044,409716,1687.652402,0.3323593864134358,0.2042687509885499,0.27296642376273006,0.007085397207150734,0.0049993902267417845,2h_lower_wick_setup@2023-09-05 08:00:00+macd_bull_cross_2h,short,2023-09-05 10:00:00,0.19868517165814584,2h_wick_r85_v1p5_then_macd2h_24h,0.6276518653639521,1.059476182318382
425099,583,424516,426094,13005.089737643139,False,True,False,1590.42,0.022418430351730967,424516,1626.07472,0.35889070146820357,0.2914119664520065,-3.9063385206321737,-0.0008500697542388469,0.0020093997390586704,2h_lower_wick_setup@2023-10-09 18:00:00+macd_bull_cross_2h,short,2023-10-10 10:00:00,0.5203915171288562,2h_wick_r85_v1p5_then_macd2h_24h,0.08106621055086749,0.21761901157950503
427139,1045,426094,427152,3213.8175412995042,False,True,False,1584.52,0.018380673413083137,426094,1555.921122,0.08978328173373647,-0.4868165677958025,3.704543290002187,0.00011363042509349164,0.006679587867076897,2h_upper_wick_setup@2023-10-16 14:00:00+macd_bear_cross_2h,long,2023-10-17 12:00:00,0.3219814241486013,2h_wick_r85_v1p5_then_macd2h_24h,0.31692964824120606,0.5524005552062448
444875,16987,427888,455796,131352.1926257087,True,True,False,2179.53,0.38163949654685414,427888,1577.495436,0.2590792107520828,-2.009100554621016,-3.4181819329572054,0.015338245959669816,0.010177416636951264,2h_upper_wick_setup@2023-12-17 22:00:00+macd_bear_cross_2h,long,2023-12-18 02:00:00,0.04032027452101356,2h_wick_r85_v1p5_then_macd2h_24h,6.191689860273238,4.073550050530841
465131,5591,459540,476244,176532.66314368136,True,True,False,3050.43,0.28289237201564843,459540,2377.7754600000003,0.17727487034417297,-0.9516968091705849,10.619025808054403,-0.0033571664346905283,-0.010510877954453934,2h_upper_wick_setup@2024-02-25 16:00:00+macd_bear_cross_2h,long,2024-02-26 10:00:00,0.11142542825711352,2h_wick_r85_v1p5_then_macd2h_24h,2.6842846509727227,1.6115055810654422
544691,6518,538173,551988,223327.4877437217,True,True,False,3549.64,0.42800301538572105,538173,2485.7370479999995,0.1456613179622979,-2.738820271999238,13.763634409222298,-0.002325677122636871,0.008931318962281942,2h_upper_wick_setup@2024-11-28 00:00:00+macd_bear_cross_2h,long,2024-11-28 16:00:00,0.22604767097679088,2h_wick_r85_v1p5_then_macd2h_24h,1.471588068655224,1.398777170878981
597083,6499,590584,599220,289292.0533968997,True,True,False,2660.48,0.4459932756725471,590584,1839.897906,0.07452830188679574,-0.5502477641367349,8.905753749413126,-0.0030163010990869044,0.0020163039336997812,2h_upper_wick_setup@2025-05-28 14:00:00+macd_bear_cross_2h,long,2025-05-29 14:00:00,0.08286163522012503,2h_wick_r85_v1p5_then_macd2h_24h,1.5262975348310637,1.6896365745358364
620555,12534,608021,631188,687933.1530731542,True,True,False,4298.91,0.6954098204504009,608021,2535.617022,0.3616112650046146,-0.27094693571145,-17.245177652217876,-0.015077161004209971,-0.018014334775563468,2h_upper_wick_setup@2025-08-18 14:00:00+macd_bear_cross_2h,long,2025-08-19 02:00:00,0.5081948291782143,2h_wick_r85_v1p5_then_macd2h_24h,0.7838519606182113,5.279963236600428
678707,749,677958,678745,107714.94338189252,True,True,False,1938.61,0.058263191668257,677958,2051.559606,0.11877667140824996,0.4319892830761418,-5.8015196342829505,0.011174455769337621,0.0028820299680991646,2h_lower_wick_setup@2026-03-08 06:00:00+macd_bull_cross_2h,short,2026-03-09 00:00:00,0.39260312944523823,2h_wick_r85_v1p5_then_macd2h_24h,1.1721248050664859,1.7786676005914857
685643,854,684789,685646,78668.204007864,False,True,False,2092.94,0.02642508311915237,684789,2039.05773,0.016263869889043384,-2.725424738783115,9.775930724812257,0.008996549688894406,0.02884547403061055,2h_upper_wick_setup@2026-04-01 18:00:00+macd_bear_cross_2h,long,2026-04-02 02:00:00,0.2793737650098748,2h_wick_r85_v1p5_then_macd2h_24h,19.96788532247406,7.868983033877075
686699,1053,685646,686759,-10664.777364131529,False,False,False,2061.13,0.009705205397039451,685646,2081.13369,0.5,0.5574602771370349,-1.21418074409315,-0.01648066627601208,-0.012981533793845812,2h_lower_wick_setup@2026-04-05 14:00:00+macd_bull_cross_2h,short,2026-04-05 18:00:00,0.11257763975153771,2h_wick_r85_v1p5_then_macd2h_24h,2.4089960074722536,3.6969224859142904
453683,25795,427888,455796,131352.1926257087,True,True,False,2540.69,0.6105846914158679,427888,1577.495436,0.05120990433315041,-3.2652143983011417,-1.1825258118977136,-0.010394460821776419,-0.012532675251724412,2h_upper_wick_setup@2024-01-17 16:00:00+macd_bear_cross_4h,long,2024-01-17 16:00:00,0.9063027574563891,2h_wick_r85_v1p5_then_macd4h_12h,1.1148383397291695,2.329149526984556
18182,2495,15687,30375,2119.0179211623945,False,True,False,150.52,0.21082608291256966,15687,182.253542,0.0838574423480099,1.1973836078640097,0.5984619747330857,nan,nan,2h_lower_wick_setup@2019-11-24 18:00:00+macd_bull_cross_4h,short,2019-11-25 16:00:00,0.18238993710691392,2h_wick_r85_v1p5_then_macd4h_24h,2.0416385120544116,2.137899334471821
53462,4655,48807,55344,3600.431091184704,False,True,False,139.36,0.4425214265212398,48807,201.029786,0.03389830508471474,0.36216084895981177,0.031033160508236346,nan,nan,2h_lower_wick_setup@2020-03-26 08:00:00+macd_bull_cross_4h,short,2020-03-27 04:00:00,0.0,2h_wick_r85_v1p5_then_macd4h_24h,1.8974815854362828,0.4577045647589243
216847,4319,212528,231248,31590.289119135792,False,True,False,3813.13,0.15372458736675387,212528,3305.06088,0.1812066428421262,-15.818550129452284,-1.8927369825807858,0.0051725007361220765,-0.016530924511237166,2h_upper_wick_setup@2021-10-16 04:00:00+macd_bear_cross_4h,long,2021-10-17 00:00:00,0.6113096489384088,2h_wick_r85_v1p5_then_macd4h_24h,0.48770308012845726,0.32406364495403867
301609,1100,300509,302229,4914.057706488122,False,True,False,1685.65,0.002631306874642192,300509,1681.2261780000001,0.34426229508198486,-6.443269000200116,-0.6315572931336106,0.009861103875416166,0.0209755390403763,2h_upper_wick_setup@2022-08-06 12:00:00+macd_bear_cross_4h,long,2022-08-07 08:00:00,0.38797814207648057,2h_wick_r85_v1p5_then_macd4h_24h,0.44621112175145305,0.17293029880456062
453683,25795,427888,455796,131352.1926257087,True,True,False,2540.69,0.6105846914158679,427888,1577.495436,0.05120990433315041,-3.2652143983011417,-1.1825258118977136,-0.010394460821776419,-0.012532675251724412,2h_upper_wick_setup@2024-01-17 16:00:00+macd_bear_cross_4h,long,2024-01-17 16:00:00,0.9063027574563891,2h_wick_r85_v1p5_then_macd4h_24h,1.1148383397291695,2.329149526984556
469523,9983,459540,476244,176532.66314368136,True,True,False,3988.57,0.6774376164181624,459540,2377.7754600000003,0.3764950084017013,-6.162192082348913,-3.3440438912375114,-0.0009318478821583875,0.008559757493836306,2h_upper_wick_setup@2024-03-11 20:00:00+macd_bear_cross_4h,long,2024-03-12 16:00:00,0.17554611050706934,2h_wick_r85_v1p5_then_macd4h_24h,0.5806734314898218,1.4965292040145322
528803,1495,527308,528850,49598.604560681444,False,True,False,2384.34,0.10895722422137766,527308,2644.1310679999997,0.16820083682009812,10.700674291117217,2.1279627215659787,0.006625889122826578,0.002428658478224266,2h_lower_wick_setup@2024-10-03 22:00:00+macd_bull_cross_4h,short,2024-10-04 12:00:00,0.17238493723848522,2h_wick_r85_v1p5_then_macd4h_24h,0.4446275600418877,0.39790059699518443
2198,216,1982,2899,-52.4497206046708,False,False,False,182.81,0.05600557725293398,1982,173.114616,0.03058103975534985,1.2906614389237512,2.067772775092878,nan,nan,2h_upper_wick,long,2019-10-01 04:00:00,0.8501529051987744,2h_wick_r85_v2p0,2.741139182028035,3.3006243782211206
17222,1535,15687,30375,2119.0179211623945,False,True,False,159.48,0.14279873338349658,15687,182.253542,0.9777397260273932,-0.6279417798035523,-1.4466728778978712,nan,nan,2h_lower_wick,short,2019-11-22 08:00:00,0.0,2h_wick_r85_v2p0,4.047493828320055,10.00109359227633
53222,4415,48807,55344,3600.431091184704,False,True,False,135.44,0.4842718989958654,48807,201.029786,0.9000000000000021,-0.3928714088870646,-0.07535704326368098,nan,nan,2h_lower_wick,short,2020-03-26 08:00:00,0.09999999999999781,2h_wick_r85_v2p0,0.217264771055004,3.0406194545914706
62978,1986,60992,95701,15339.936809933251,False,True,False,208.01,0.18811932311892288,60992,175.075008,0.0734177215189922,1.2842694571810067,0.6934382832830552,nan,nan,2h_upper_wick,long,2020-04-29 14:00:00,0.9139240506329109,2h_wick_r85_v2p0,31.006893008929744,9.706087311439529
131782,21935,109847,136783,37135.1622576107,False,True,False,605.34,0.6569538307199208,109847,365.333052,0.007555555555556263,3.756655460977985,1.2567370599894137,0.04059234418418778,0.04006816199385499,2h_upper_wick,long,2020-12-25 04:00:00,0.8528888888888888,2h_wick_r85_v2p0,3.9795082536144837,2.0314911443894936
151444,455,150989,172818,71695.46912793306,False,True,False,1605.52,0.018126726927197856,150989,1576.9353239999998,0.07913802712242238,6.915002225938,13.785039894367316,-0.009402807337354768,-0.02175012962237044,2h_upper_wick,long,2021-03-03 14:00:00,0.9000557310050137,2h_wick_r85_v2p0,4.223717790030381,2.212807687485675
216607,4079,212528,231248,31590.289119135792,False,True,False,3842.23,0.16252926632927855,212528,3305.06088,0.03193353303566179,-5.06580526504456,14.519285262300784,0.01505787386145152,0.009681296218749802,2h_upper_wick,long,2021-10-16 04:00:00,0.8917085853162274,2h_wick_r85_v2p0,0.2754869486741486,2.866916313088036
240559,95,240464,246224,39124.28035168933,False,True,False,3215.59,0.05939455838586394,240464,3406.5785480000004,0.9262939958592162,-14.21874214514692,-43.55240236188746,0.029642495124911683,0.0054717921595939245,2h_lower_wick,short,2022-01-07 08:00:00,0.0,2h_wick_r85_v2p0,1.8447773266928842,2.017787349604904
290377,507,289870,291864,16756.747354300227,False,True,False,1133.53,0.05238623591788483,289870,1192.91137,0.9098039215686319,-6.139459357208647,-11.777741188577952,0.0006251922729705317,-0.015820019779788197,2h_lower_wick,short,2022-06-29 08:00:00,0.059313725490197595,2h_wick_r85_v2p0,1.0641348456736,2.2202811443625037
301369,860,300509,302229,4914.057706488122,False,True,False,1713.89,0.019428570901065312,300509,1681.2261780000001,0.04560622914350183,2.145060482211605,9.80785586402132,-0.009903180855840854,-0.027047661751606222,2h_upper_wick,long,2022-08-06 12:00:00,0.8609566184649612,2h_wick_r85_v2p0,0.13756526320257356,2.5099396320899414
324241,1244,322997,325224,33405.54589574665,False,True,False,1346.0,0.0282330520249654,322997,1309.0417559999999,0.023972602739719948,-1.0482144078603817,3.093710658688213,0.0016874636350634464,0.00791447751008234,2h_upper_wick,long,2022-10-24 22:00:00,0.8561643835616491,2h_wick_r85_v2p0,1.5195093433139129,2.263647431749903
327337,548,326789,327744,777.154318366549,False,True,False,1615.6,0.0017407732305578794,326789,1612.792494,0.0,9.319415678304889,5.4912390407513865,0.018133087341942744,0.025716350849351866,2h_upper_wick,long,2022-11-04 16:00:00,0.9993392798149952,2h_wick_r85_v2p0,3.969203260959787,4.683658369074991
374243,10030,364213,381204,46971.89962416631,False,True,False,2103.8,0.33417440986919034,364213,1576.855308,0.04326047358834444,-3.0668252939824434,-6.069199317610035,-0.006464994396483181,-0.005272008714794829,2h_upper_wick,long,2023-04-16 20:00:00,0.859517304189434,2h_wick_r85_v2p0,3.843902532883715,2.841401153598146
414995,5279,409716,415082,8149.520137668995,False,True,False,1625.79,0.03805067198100609,409716,1687.652402,0.9161073825503361,-0.39910824242884857,0.27296642376273006,-0.002071330779091607,0.0041516143493693924,2h_lower_wick,short,2023-09-05 08:00:00,0.05033557046979072,2h_wick_r85_v2p0,0.5207647387711996,2.6194814225106566
424907,391,424516,426094,13005.089737643139,False,True,False,1583.43,0.026931863107305,424516,1626.07472,0.8591370558375616,-5.155707826703083,-4.138981555026959,-0.03422714015021311,-0.028978284344563177,2h_lower_wick,short,2023-10-09 18:00:00,0.09454314720812246,2h_wick_r85_v2p0,3.2964077938867855,6.942638614522463
426875,781,426094,427152,3213.8175412995042,False,True,False,1580.24,0.01562989129470793,426094,1555.921122,0.004953693732500923,2.5282712936873226,4.856767869641098,9.36438670615658e-05,0.0009245466420519932,2h_upper_wick,long,2023-10-16 14:00:00,0.9420633211285796,2h_wick_r85_v2p0,44.415228982099045,29.677607811010084
444827,16939,427888,455796,131352.1926257087,True,True,False,2237.71,0.4185207442971013,427888,1577.495436,0.08406725380305846,1.9361289049176413,-2.5816557145907293,0.0036125827437307745,-0.010187429123721725,2h_upper_wick,long,2023-12-17 22:00:00,0.8799039231385087,2h_wick_r85_v2p0,1.6696890033442422,2.048102504401361
464819,5279,459540,476244,176532.66314368136,True,True,False,3030.0,0.27430030756562673,459540,2377.7754600000003,0.0,7.658381563457663,4.767862578648579,0.015160658628398771,0.021917830408473726,2h_upper_wick,long,2024-02-25 08:00:00,0.8988391376451126,2h_wick_r85_v2p0,1.5985808521260658,2.0935155164427974
529235,385,528850,529800,3812.8622120580403,False,True,False,2408.65,0.0051834984145819885,528850,2396.22915,0.0,0.7933355694842208,11.12307074689275,-0.014583035722513293,-0.013695327188021689,2h_upper_wick,long,2024-10-06 00:00:00,0.8580715059588361,2h_wick_r85_v2p0,3.471476334761258,2.0379490825294484
534059,210,533849,535544,25782.971014758397,False,True,False,2626.71,0.006853041256933423,533849,2644.710952,0.8611374407582825,-6.807811454951101,-11.39307755496106,0.002734246982178945,0.017800170282969097,2h_lower_wick,short,2024-10-22 18:00:00,0.049763033175363215,2h_wick_r85_v2p0,2.4143026711692235,2.35048119933852
544499,6326,538173,551988,223327.4877437217,True,True,False,3642.83,0.4654929019668377,538173,2485.7370479999995,0.05565862708720076,30.40115744267262,22.396974392855554,0.007187358167374702,0.006607747092604699,2h_upper_wick,long,2024-11-28 00:00:00,0.929035250463823,2h_wick_r85_v2p0,1.2728193406091814,2.0356860379941524
596795,6211,590584,599220,289292.0533968997,True,True,False,2650.0,0.4402973074528844,590584,1839.897906,0.057819663779928566,-3.3321080328652783,8.220470797111492,0.005097018537219888,-0.0033475442053787496,2h_upper_wick,long,2025-05-28 14:00:00,0.8892002037697418,2h_wick_r85_v2p0,5.068592900319741,6.0558290060497395
620411,12390,608021,631188,687933.1530731542,True,True,False,4288.0,0.6911071201982175,608021,2535.617022,0.04726217816994893,-20.08000060239403,-27.628905589540572,0.00235094996178864,-0.009419982252744541,2h_upper_wick,long,2025-08-18 14:00:00,0.9395624320077357,2h_wick_r85_v2p0,2.375447401982968,2.6156505128146814
686651,1005,685646,686759,-10664.777364131529,False,False,False,2040.83,0.019748675783872294,685646,2081.13369,0.9336283185840806,-1.3339220581032682,-1.8987174350460632,0.002715676095890407,-0.003075229639264765,2h_lower_wick,short,2026-04-05 14:00:00,0.01603982300884761,2h_wick_r85_v2p0,1.5686832740213525,2.7100264640600993
151444,455,150989,172818,71695.46912793306,False,True,False,1605.52,0.018126726927197856,150989,1576.9353239999998,0.07913802712242238,6.915002225938,13.785039894367316,-0.009402807337354768,-0.02175012962237044,2h_upper_wick+oi_flush,long,2021-03-03 14:00:00,0.9000557310050137,2h_wick_r85_v2p0_oi0,4.223717790030381,2.212807687485675
240703,239,240464,246224,39124.28035168933,False,True,False,3209.86,0.0612857096571191,240464,3406.5785480000004,0.9347925216598273,-1.4844505210916452,-34.18543107274277,-0.004534023191789083,-0.0014621140206074745,2h_lower_wick+oi_flush,short,2022-01-07 20:00:00,0.022039823681407795,2h_wick_r85_v2p0_oi0,1.463045556644307,2.635128453822909
290377,507,289870,291864,16756.747354300227,False,True,False,1133.53,0.05238623591788483,289870,1192.91137,0.9098039215686319,-6.139459357208647,-11.777741188577952,0.0006251922729705317,-0.015820019779788197,2h_lower_wick+oi_flush,short,2022-06-29 08:00:00,0.059313725490197595,2h_wick_r85_v2p0_oi0,1.0641348456736,2.2202811443625037
301369,860,300509,302229,4914.057706488122,False,True,False,1713.89,0.019428570901065312,300509,1681.2261780000001,0.04560622914350183,2.145060482211605,9.80785586402132,-0.009903180855840854,-0.027047661751606222,2h_upper_wick+oi_flush,long,2022-08-06 12:00:00,0.8609566184649612,2h_wick_r85_v2p0_oi0,0.13756526320257356,2.5099396320899414
324505,1508,322997,325224,33405.54589574665,False,True,False,1474.88,0.12668674871514196,322997,1309.0417559999999,0.05902319441825591,12.955512767550433,10.756350987147037,-0.09886515698613252,-0.09046878385592305,2h_upper_wick+oi_flush,long,2022-10-25 20:00:00,0.8936451065434641,2h_wick_r85_v2p0_oi0,19.93403829287263,12.85076506393515
374243,10030,364213,381204,46971.89962416631,False,True,False,2103.8,0.33417440986919034,364213,1576.855308,0.04326047358834444,-3.0668252939824434,-6.069199317610035,-0.006464994396483181,-0.005272008714794829,2h_upper_wick+oi_flush,long,2023-04-16 20:00:00,0.859517304189434,2h_wick_r85_v2p0_oi0,3.843902532883715,2.841401153598146
414995,5279,409716,415082,8149.520137668995,False,True,False,1625.79,0.03805067198100609,409716,1687.652402,0.9161073825503361,-0.39910824242884857,0.27296642376273006,-0.002071330779091607,0.0041516143493693924,2h_lower_wick+oi_flush,short,2023-09-05 08:00:00,0.05033557046979072,2h_wick_r85_v2p0_oi0,0.5207647387711996,2.6194814225106566
424907,391,424516,426094,13005.089737643139,False,True,False,1583.43,0.026931863107305,424516,1626.07472,0.8591370558375616,-5.155707826703083,-4.138981555026959,-0.03422714015021311,-0.028978284344563177,2h_lower_wick+oi_flush,short,2023-10-09 18:00:00,0.09454314720812246,2h_wick_r85_v2p0_oi0,3.2964077938867855,6.942638614522463
444827,16939,427888,455796,131352.1926257087,True,True,False,2237.71,0.4185207442971013,427888,1577.495436,0.08406725380305846,1.9361289049176413,-2.5816557145907293,0.0036125827437307745,-0.010187429123721725,2h_upper_wick+oi_flush,long,2023-12-17 22:00:00,0.8799039231385087,2h_wick_r85_v2p0_oi0,1.6696890033442422,2.048102504401361
469283,9743,459540,476244,176532.66314368136,True,True,False,4031.82,0.6956268864848996,459540,2377.7754600000003,0.022612003381237533,13.0862265276931,1.9536869009966153,-0.015879031713933123,-0.02577862399641273,2h_upper_wick+oi_flush,long,2024-03-11 20:00:00,0.8543956043956076,2h_wick_r85_v2p0_oi0,0.8139397850669211,2.115077165846083
529235,385,528850,529800,3812.8622120580403,False,True,False,2408.65,0.0051834984145819885,528850,2396.22915,0.0,0.7933355694842208,11.12307074689275,-0.014583035722513293,-0.013695327188021689,2h_upper_wick+oi_flush,long,2024-10-06 00:00:00,0.8580715059588361,2h_wick_r85_v2p0_oi0,3.471476334761258,2.0379490825294484
596795,6211,590584,599220,289292.0533968997,True,True,False,2650.0,0.4402973074528844,590584,1839.897906,0.057819663779928566,-3.3321080328652783,8.220470797111492,0.005097018537219888,-0.0033475442053787496,2h_upper_wick+oi_flush,long,2025-05-28 14:00:00,0.8892002037697418,2h_wick_r85_v2p0_oi0,5.068592900319741,6.0558290060497395
620411,12390,608021,631188,687933.1530731542,True,True,False,4288.0,0.6911071201982175,608021,2535.617022,0.04726217816994893,-20.08000060239403,-27.628905589540572,0.00235094996178864,-0.009419982252744541,2h_upper_wick+oi_flush,long,2025-08-18 14:00:00,0.9395624320077357,2h_wick_r85_v2p0_oi0,2.375447401982968,2.6156505128146814
686651,1005,685646,686759,-10664.777364131529,False,False,False,2040.83,0.019748675783872294,685646,2081.13369,0.9336283185840806,-1.3339220581032682,-1.8987174350460632,0.002715676095890407,-0.003075229639264765,2h_lower_wick+oi_flush,short,2026-04-05 14:00:00,0.01603982300884761,2h_wick_r85_v2p0_oi0,1.5686832740213525,2.7100264640600993
151444,455,150989,172818,71695.46912793306,False,True,False,1605.52,0.018126726927197856,150989,1576.9353239999998,0.07913802712242238,6.915002225938,13.785039894367316,-0.009402807337354768,-0.02175012962237044,2h_upper_wick+oi_flush,long,2021-03-03 14:00:00,0.9000557310050137,2h_wick_r85_v2p0_oiN0p5,4.223717790030381,2.212807687485675
290377,507,289870,291864,16756.747354300227,False,True,False,1133.53,0.05238623591788483,289870,1192.91137,0.9098039215686319,-6.139459357208647,-11.777741188577952,0.0006251922729705317,-0.015820019779788197,2h_lower_wick+oi_flush,short,2022-06-29 08:00:00,0.059313725490197595,2h_wick_r85_v2p0_oiN0p5,1.0641348456736,2.2202811443625037
301369,860,300509,302229,4914.057706488122,False,True,False,1713.89,0.019428570901065312,300509,1681.2261780000001,0.04560622914350183,2.145060482211605,9.80785586402132,-0.009903180855840854,-0.027047661751606222,2h_upper_wick+oi_flush,long,2022-08-06 12:00:00,0.8609566184649612,2h_wick_r85_v2p0_oiN0p5,0.13756526320257356,2.5099396320899414
324505,1508,322997,325224,33405.54589574665,False,True,False,1474.88,0.12668674871514196,322997,1309.0417559999999,0.05902319441825591,12.955512767550433,10.756350987147037,-0.09886515698613252,-0.09046878385592305,2h_upper_wick+oi_flush,long,2022-10-25 20:00:00,0.8936451065434641,2h_wick_r85_v2p0_oiN0p5,19.93403829287263,12.85076506393515
374243,10030,364213,381204,46971.89962416631,False,True,False,2103.8,0.33417440986919034,364213,1576.855308,0.04326047358834444,-3.0668252939824434,-6.069199317610035,-0.006464994396483181,-0.005272008714794829,2h_upper_wick+oi_flush,long,2023-04-16 20:00:00,0.859517304189434,2h_wick_r85_v2p0_oiN0p5,3.843902532883715,2.841401153598146
424907,391,424516,426094,13005.089737643139,False,True,False,1583.43,0.026931863107305,424516,1626.07472,0.8591370558375616,-5.155707826703083,-4.138981555026959,-0.03422714015021311,-0.028978284344563177,2h_lower_wick+oi_flush,short,2023-10-09 18:00:00,0.09454314720812246,2h_wick_r85_v2p0_oiN0p5,3.2964077938867855,6.942638614522463
444827,16939,427888,455796,131352.1926257087,True,True,False,2237.71,0.4185207442971013,427888,1577.495436,0.08406725380305846,1.9361289049176413,-2.5816557145907293,0.0036125827437307745,-0.010187429123721725,2h_upper_wick+oi_flush,long,2023-12-17 22:00:00,0.8799039231385087,2h_wick_r85_v2p0_oiN0p5,1.6696890033442422,2.048102504401361
469283,9743,459540,476244,176532.66314368136,True,True,False,4031.82,0.6956268864848996,459540,2377.7754600000003,0.022612003381237533,13.0862265276931,1.9536869009966153,-0.015879031713933123,-0.02577862399641273,2h_upper_wick+oi_flush,long,2024-03-11 20:00:00,0.8543956043956076,2h_wick_r85_v2p0_oiN0p5,0.8139397850669211,2.115077165846083
529235,385,528850,529800,3812.8622120580403,False,True,False,2408.65,0.0051834984145819885,528850,2396.22915,0.0,0.7933355694842208,11.12307074689275,-0.014583035722513293,-0.013695327188021689,2h_upper_wick+oi_flush,long,2024-10-06 00:00:00,0.8580715059588361,2h_wick_r85_v2p0_oiN0p5,3.471476334761258,2.0379490825294484
620411,12390,608021,631188,687933.1530731542,True,True,False,4288.0,0.6911071201982175,608021,2535.617022,0.04726217816994893,-20.08000060239403,-27.628905589540572,0.00235094996178864,-0.009419982252744541,2h_upper_wick+oi_flush,long,2025-08-18 14:00:00,0.9395624320077357,2h_wick_r85_v2p0_oiN0p5,2.375447401982968,2.6156505128146814
453683,25795,427888,455796,131352.1926257087,True,True,False,2540.69,0.6105846914158679,427888,1577.495436,0.05120990433315041,-3.2652143983011417,-1.1825258118977136,-0.010394460821776419,-0.012532675251724412,2h_upper_wick+macd_bear_cross_4h,long,2024-01-17 16:00:00,0.9063027574563891,2h_wick_r85_v2p0_macd4h,1.1148383397291695,2.329149526984556
68498,7506,60992,95701,15339.936809933251,False,True,False,211.95,0.2106239629587794,60992,175.075008,0.8293413173652717,-0.06680518203734342,1.0777622508270461,nan,nan,2h_upper_wick_setup@2020-05-18 06:00:00+macd_bear_cross_2h,long,2020-05-18 18:00:00,0.1586826347305391,2h_wick_r85_v2p0_then_macd2h_12h,1.3336817723364702,2.6360930695648936
161236,10247,150989,172818,71695.46912793306,False,True,False,2095.03,0.32854529169009883,150989,1576.9353239999998,0.15492604662823542,-0.5053689594672122,-2.0761052605783803,0.028836993728024174,-0.004226629180129837,2h_upper_wick_setup@2021-04-06 02:00:00+macd_bear_cross_2h,long,2021-04-06 14:00:00,0.2511907746302335,2h_wick_r85_v2p0_then_macd2h_12h,0.6776750572348363,0.5092794466269195
216751,4223,212528,231248,31590.289119135792,False,True,False,3901.96,0.18060155067400752,212528,3305.06088,0.43534246575342117,-0.5386591672575136,12.018561325380517,0.04301156659047667,0.04761930344662546,2h_upper_wick_setup@2021-10-16 04:00:00+macd_bear_cross_2h,long,2021-10-16 16:00:00,0.41753424657534893,2h_wick_r85_v2p0_then_macd2h_12h,1.0889095643873674,0.7408472050220124
240727,263,240464,246224,39124.28035168933,False,True,False,3210.49,0.06107745172855261,240464,3406.5785480000004,0.6252000914703791,2.4851197378910825,-34.18543107274277,2.757409073383954e-05,-0.004506574122622231,2h_lower_wick_setup@2022-01-07 20:00:00+macd_bull_cross_2h,short,2022-01-07 22:00:00,0.3727418248342139,2h_wick_r85_v2p0_then_macd2h_12h,1.2580534985790564,1.2209217148273661
301417,908,300509,302229,4914.057706488122,False,True,False,1713.71,0.01932150618701578,300509,1681.2261780000001,0.3802281368821299,-0.19504051898703523,8.122760766784427,-0.0025133473024134823,-0.00031544509972725177,2h_upper_wick_setup@2022-08-06 12:00:00+macd_bear_cross_2h,long,2022-08-06 16:00:00,0.4553231939163471,2h_wick_r85_v2p0_then_macd2h_12h,0.7160975552900845,0.422021967736755
415019,5303,409716,415082,8149.520137668995,False,True,False,1632.52,0.033771348589910044,409716,1687.652402,0.3323593864134358,0.2042687509885499,0.27296642376273006,0.007085397207150734,0.0049993902267417845,2h_lower_wick_setup@2023-09-05 08:00:00+macd_bull_cross_2h,short,2023-09-05 10:00:00,0.19868517165814584,2h_wick_r85_v2p0_then_macd2h_12h,0.6276518653639521,1.059476182318382
444875,16987,427888,455796,131352.1926257087,True,True,False,2179.53,0.38163949654685414,427888,1577.495436,0.2590792107520828,-2.009100554621016,-3.4181819329572054,0.015338245959669816,0.010177416636951264,2h_upper_wick_setup@2023-12-17 22:00:00+macd_bear_cross_2h,long,2023-12-18 02:00:00,0.04032027452101356,2h_wick_r85_v2p0_then_macd2h_12h,6.191689860273238,4.073550050530841
598643,8059,590584,599220,289292.0533968997,True,True,False,2597.95,0.41200769430083795,590584,1839.897906,0.35082140964495095,-0.4608462700492062,12.635349787887698,-0.01926774015327737,-0.029397394847117342,2h_upper_wick_setup@2025-06-03 16:00:00+macd_bear_cross_2h,long,2025-06-04 00:00:00,0.5373608903020742,2h_wick_r85_v2p0_then_macd2h_12h,1.3320676830811768,1.0122843998020419
620555,12534,608021,631188,687933.1530731542,True,True,False,4298.91,0.6954098204504009,608021,2535.617022,0.3616112650046146,-0.27094693571145,-17.245177652217876,-0.015077161004209971,-0.018014334775563468,2h_upper_wick_setup@2025-08-18 14:00:00+macd_bear_cross_2h,long,2025-08-19 02:00:00,0.5081948291782143,2h_wick_r85_v2p0_then_macd2h_12h,0.7838519606182113,5.279963236600428
686699,1053,685646,686759,-10664.777364131529,False,False,False,2061.13,0.009705205397039451,685646,2081.13369,0.5,0.5574602771370349,-1.21418074409315,-0.01648066627601208,-0.012981533793845812,2h_lower_wick_setup@2026-04-05 14:00:00+macd_bull_cross_2h,short,2026-04-05 18:00:00,0.11257763975153771,2h_wick_r85_v2p0_then_macd2h_12h,2.4089960074722536,3.6969224859142904
2366,384,1982,2899,-52.4497206046708,False,False,False,175.37,0.013028270241491224,1982,173.114616,0.3014128728414466,-0.3488570256064829,1.5378636935024184,nan,nan,2h_upper_wick_setup@2019-10-01 04:00:00+macd_bear_cross_2h,long,2019-10-01 18:00:00,0.20251177394034398,2h_wick_r85_v2p0_then_macd2h_24h,4.337886852371299,2.131218341191575
17438,1751,15687,30375,2119.0179211623945,False,True,False,149.44,0.2195766996788009,15687,182.253542,0.9124293785310726,0.011888782157194022,-1.720533826847901,nan,nan,2h_lower_wick_setup@2019-11-22 08:00:00+macd_bull_cross_2h,short,2019-11-23 02:00:00,0.0,2h_wick_r85_v2p0_then_macd2h_24h,0.11422351460127894,0.7655190635859034
53414,4607,48807,55344,3600.431091184704,False,True,False,139.52,0.44086715883027505,48807,201.029786,0.0,0.10434497377527058,-0.12907335245910767,nan,nan,2h_lower_wick_setup@2020-03-26 08:00:00+macd_bull_cross_2h,short,2020-03-27 00:00:00,0.009195402298848757,2h_wick_r85_v2p0_then_macd2h_24h,23.10031775048366,6.514432094200733
63242,2250,60992,95701,15339.936809933251,False,True,False,212.54,0.21399394709723496,60992,175.075008,0.06675062972292208,-0.2676459630751751,1.473779145987744,nan,nan,2h_upper_wick_setup@2020-04-29 14:00:00+macd_bear_cross_2h,long,2020-04-30 12:00:00,0.19143576826196607,2h_wick_r85_v2p0_then_macd2h_24h,1.5177255944576067,1.845808177514358
161236,10247,150989,172818,71695.46912793306,False,True,False,2095.03,0.32854529169009883,150989,1576.9353239999998,0.15492604662823542,-0.5053689594672122,-2.0761052605783803,0.028836993728024174,-0.004226629180129837,2h_upper_wick_setup@2021-04-06 02:00:00+macd_bear_cross_2h,long,2021-04-06 14:00:00,0.2511907746302335,2h_wick_r85_v2p0_then_macd2h_24h,0.6776750572348363,0.5092794466269195
216751,4223,212528,231248,31590.289119135792,False,True,False,3901.96,0.18060155067400752,212528,3305.06088,0.43534246575342117,-0.5386591672575136,12.018561325380517,0.04301156659047667,0.04761930344662546,2h_upper_wick_setup@2021-10-16 04:00:00+macd_bear_cross_2h,long,2021-10-16 16:00:00,0.41753424657534893,2h_wick_r85_v2p0_then_macd2h_24h,1.0889095643873674,0.7408472050220124
240727,263,240464,246224,39124.28035168933,False,True,False,3210.49,0.06107745172855261,240464,3406.5785480000004,0.6252000914703791,2.4851197378910825,-34.18543107274277,2.757409073383954e-05,-0.004506574122622231,2h_lower_wick_setup@2022-01-07 20:00:00+macd_bull_cross_2h,short,2022-01-07 22:00:00,0.3727418248342139,2h_wick_r85_v2p0_then_macd2h_24h,1.2580534985790564,1.2209217148273661
301417,908,300509,302229,4914.057706488122,False,True,False,1713.71,0.01932150618701578,300509,1681.2261780000001,0.3802281368821299,-0.19504051898703523,8.122760766784427,-0.0025133473024134823,-0.00031544509972725177,2h_upper_wick_setup@2022-08-06 12:00:00+macd_bear_cross_2h,long,2022-08-06 16:00:00,0.4553231939163471,2h_wick_r85_v2p0_then_macd2h_24h,0.7160975552900845,0.422021967736755
327625,836,326789,327744,777.154318366549,False,True,False,1635.16,0.01386880586511463,326789,1612.792494,0.6796352583586646,-0.19251194090474044,9.123786515235217,-0.008289872940295817,-0.0021191373123516932,2h_upper_wick_setup@2022-11-04 16:00:00+macd_bear_cross_2h,long,2022-11-05 16:00:00,0.15927051671733197,2h_wick_r85_v2p0_then_macd2h_24h,0.7655277786538353,1.007444296844814
415019,5303,409716,415082,8149.520137668995,False,True,False,1632.52,0.033771348589910044,409716,1687.652402,0.3323593864134358,0.2042687509885499,0.27296642376273006,0.007085397207150734,0.0049993902267417845,2h_lower_wick_setup@2023-09-05 08:00:00+macd_bull_cross_2h,short,2023-09-05 10:00:00,0.19868517165814584,2h_wick_r85_v2p0_then_macd2h_24h,0.6276518653639521,1.059476182318382
425099,583,424516,426094,13005.089737643139,False,True,False,1590.42,0.022418430351730967,424516,1626.07472,0.35889070146820357,0.2914119664520065,-3.9063385206321737,-0.0008500697542388469,0.0020093997390586704,2h_lower_wick_setup@2023-10-09 18:00:00+macd_bull_cross_2h,short,2023-10-10 10:00:00,0.5203915171288562,2h_wick_r85_v2p0_then_macd2h_24h,0.08106621055086749,0.21761901157950503
427139,1045,426094,427152,3213.8175412995042,False,True,False,1584.52,0.018380673413083137,426094,1555.921122,0.08978328173373647,-0.4868165677958025,3.704543290002187,0.00011363042509349164,0.006679587867076897,2h_upper_wick_setup@2023-10-16 14:00:00+macd_bear_cross_2h,long,2023-10-17 12:00:00,0.3219814241486013,2h_wick_r85_v2p0_then_macd2h_24h,0.31692964824120606,0.5524005552062448
444875,16987,427888,455796,131352.1926257087,True,True,False,2179.53,0.38163949654685414,427888,1577.495436,0.2590792107520828,-2.009100554621016,-3.4181819329572054,0.015338245959669816,0.010177416636951264,2h_upper_wick_setup@2023-12-17 22:00:00+macd_bear_cross_2h,long,2023-12-18 02:00:00,0.04032027452101356,2h_wick_r85_v2p0_then_macd2h_24h,6.191689860273238,4.073550050530841
465131,5591,459540,476244,176532.66314368136,True,True,False,3050.43,0.28289237201564843,459540,2377.7754600000003,0.17727487034417297,-0.9516968091705849,10.619025808054403,-0.0033571664346905283,-0.010510877954453934,2h_upper_wick_setup@2024-02-25 16:00:00+macd_bear_cross_2h,long,2024-02-26 10:00:00,0.11142542825711352,2h_wick_r85_v2p0_then_macd2h_24h,2.6842846509727227,1.6115055810654422
544691,6518,538173,551988,223327.4877437217,True,True,False,3549.64,0.42800301538572105,538173,2485.7370479999995,0.1456613179622979,-2.738820271999238,13.763634409222298,-0.002325677122636871,0.008931318962281942,2h_upper_wick_setup@2024-11-28 00:00:00+macd_bear_cross_2h,long,2024-11-28 16:00:00,0.22604767097679088,2h_wick_r85_v2p0_then_macd2h_24h,1.471588068655224,1.398777170878981
597083,6499,590584,599220,289292.0533968997,True,True,False,2660.48,0.4459932756725471,590584,1839.897906,0.07452830188679574,-0.5502477641367349,8.905753749413126,-0.0030163010990869044,0.0020163039336997812,2h_upper_wick_setup@2025-05-28 14:00:00+macd_bear_cross_2h,long,2025-05-29 14:00:00,0.08286163522012503,2h_wick_r85_v2p0_then_macd2h_24h,1.5262975348310637,1.6896365745358364
620555,12534,608021,631188,687933.1530731542,True,True,False,4298.91,0.6954098204504009,608021,2535.617022,0.3616112650046146,-0.27094693571145,-17.245177652217876,-0.015077161004209971,-0.018014334775563468,2h_upper_wick_setup@2025-08-18 14:00:00+macd_bear_cross_2h,long,2025-08-19 02:00:00,0.5081948291782143,2h_wick_r85_v2p0_then_macd2h_24h,0.7838519606182113,5.279963236600428
686699,1053,685646,686759,-10664.777364131529,False,False,False,2061.13,0.009705205397039451,685646,2081.13369,0.5,0.5574602771370349,-1.21418074409315,-0.01648066627601208,-0.012981533793845812,2h_lower_wick_setup@2026-04-05 14:00:00+macd_bull_cross_2h,short,2026-04-05 18:00:00,0.11257763975153771,2h_wick_r85_v2p0_then_macd2h_24h,2.4089960074722536,3.6969224859142904
453683,25795,427888,455796,131352.1926257087,True,True,False,2540.69,0.6105846914158679,427888,1577.495436,0.05120990433315041,-3.2652143983011417,-1.1825258118977136,-0.010394460821776419,-0.012532675251724412,2h_upper_wick_setup@2024-01-17 16:00:00+macd_bear_cross_4h,long,2024-01-17 16:00:00,0.9063027574563891,2h_wick_r85_v2p0_then_macd4h_12h,1.1148383397291695,2.329149526984556
53462,4655,48807,55344,3600.431091184704,False,True,False,139.36,0.4425214265212398,48807,201.029786,0.03389830508471474,0.36216084895981177,0.031033160508236346,nan,nan,2h_lower_wick_setup@2020-03-26 08:00:00+macd_bull_cross_4h,short,2020-03-27 04:00:00,0.0,2h_wick_r85_v2p0_then_macd4h_24h,1.8974815854362828,0.4577045647589243
216847,4319,212528,231248,31590.289119135792,False,True,False,3813.13,0.15372458736675387,212528,3305.06088,0.1812066428421262,-15.818550129452284,-1.8927369825807858,0.0051725007361220765,-0.016530924511237166,2h_upper_wick_setup@2021-10-16 04:00:00+macd_bear_cross_4h,long,2021-10-17 00:00:00,0.6113096489384088,2h_wick_r85_v2p0_then_macd4h_24h,0.48770308012845726,0.32406364495403867
301609,1100,300509,302229,4914.057706488122,False,True,False,1685.65,0.002631306874642192,300509,1681.2261780000001,0.34426229508198486,-6.443269000200116,-0.6315572931336106,0.009861103875416166,0.0209755390403763,2h_upper_wick_setup@2022-08-06 12:00:00+macd_bear_cross_4h,long,2022-08-07 08:00:00,0.38797814207648057,2h_wick_r85_v2p0_then_macd4h_24h,0.44621112175145305,0.17293029880456062
453683,25795,427888,455796,131352.1926257087,True,True,False,2540.69,0.6105846914158679,427888,1577.495436,0.05120990433315041,-3.2652143983011417,-1.1825258118977136,-0.010394460821776419,-0.012532675251724412,2h_upper_wick_setup@2024-01-17 16:00:00+macd_bear_cross_4h,long,2024-01-17 16:00:00,0.9063027574563891,2h_wick_r85_v2p0_then_macd4h_24h,1.1148383397291695,2.329149526984556
469523,9983,459540,476244,176532.66314368136,True,True,False,3988.57,0.6774376164181624,459540,2377.7754600000003,0.3764950084017013,-6.162192082348913,-3.3440438912375114,-0.0009318478821583875,0.008559757493836306,2h_upper_wick_setup@2024-03-11 20:00:00+macd_bear_cross_4h,long,2024-03-12 16:00:00,0.17554611050706934,2h_wick_r85_v2p0_then_macd4h_24h,0.5806734314898218,1.4965292040145322
2066,84,1982,2899,-52.4497206046708,False,False,False,178.03,0.028393812802034013,1982,173.114616,0.0500000000000019,0.9977861769263461,1.3853226201926314,nan,nan,1h_bearish_strict_engulf,long,2019-09-30 17:00:00,0.18666666666666742,1h_strict_engulf_v1p5,4.226511163890512,6.460792131972384
4406,379,4027,5104,528.8814636934749,False,True,False,178.88,0.015987224642215914,4027,176.065206,0.2931034482758659,-0.29030539664105626,0.5716012095669216,nan,nan,1h_bearish_strict_engulf,long,2019-10-08 20:00:00,0.42241379310343286,1h_strict_engulf_v1p5,2.473637715317342,2.7478738963500984
5618,514,5104,6094,20.200317302334952,False,True,False,180.87,0.026775308232432016,5104,185.71285,0.14840989399292928,-0.3236674862974884,-1.2580479014244899,nan,nan,1h_bullish_strict_engulf,short,2019-10-13 01:00:00,0.15547703180212022,1h_strict_engulf_v1p5,3.6722417261496543,1.041434020419712
6662,51,6611,7835,72.55769383132247,False,True,False,174.08,0.015996208639705856,6611,176.86462,0.6345381526104444,-0.7593862934990092,-0.9023812928665134,nan,nan,1h_bullish_strict_engulf,short,2019-10-16 16:00:00,0.28112449799196226,1h_strict_engulf_v1p5,2.880294283062943,2.2359016966691487
9446,255,9191,10628,1124.774948054297,False,True,False,185.43,0.1301001000653268,9191,164.08281,0.43765903307888254,2.031283759950176,3.1816398446178744,nan,nan,1h_bearish_strict_engulf,long,2019-10-26 08:00:00,0.31043256997455615,1h_strict_engulf_v1p5,1.5999111965297783,1.5810860534304063
12830,425,12405,12871,-44.11552014380868,False,False,False,189.22,0.002395822430385053,12405,188.767746,0.0,-0.30987797464085864,0.3163079380818883,nan,nan,1h_bearish_strict_engulf,long,2019-11-07 02:00:00,0.29629629629629123,1h_strict_engulf_v1p5,2.694161742038766,1.3229679824622675
13214,343,12871,13737,47.644783237674346,False,True,False,184.78,0.017655503842407327,12871,188.04238400000003,0.6917808219178176,-0.32127935997324214,-0.634955406926335,nan,nan,1h_bullish_strict_engulf,short,2019-11-08 10:00:00,0.020547945205480117,1h_strict_engulf_v1p5,2.0015010099038775,3.040049903501803
16622,935,15687,30375,2119.0179211623945,False,True,False,176.61,0.03195482701998742,15687,182.253542,0.9128205128205187,0.2382250327274782,-0.44210370278674604,nan,nan,1h_bullish_strict_engulf,short,2019-11-20 06:00:00,0.0461538461538336,1h_strict_engulf_v1p5,2.516775937484062,1.2084275985948318
48962,155,48807,55344,3600.431091184704,False,True,False,197.47,0.018026971185496565,48807,201.029786,0.24590163934426018,0.4089664323483362,0.20014492493990232,nan,nan,1h_bullish_strict_engulf,short,2020-03-11 13:00:00,0.24590163934426018,1h_strict_engulf_v1p5,1.5290804417607757,1.565150749562672
58274,81,58193,59163,-690.0384291273622,False,False,False,163.38,0.01881950061681037,58193,160.362066,0.558035714285712,1.0468512494703317,0.17555902205641738,nan,nan,1h_bearish_strict_engulf,long,2020-04-12 21:00:00,0.14732142857142086,1h_strict_engulf_v1p5,2.421189339400847,2.130050867014057
61466,474,60992,95701,15339.936809933251,False,True,False,187.28,0.06971293127114975,60992,175.075008,0.7792207792207902,0.807361654950546,1.3983990337978671,nan,nan,1h_bearish_strict_engulf,long,2020-04-23 23:00:00,0.11688311688312407,1h_strict_engulf_v1p5,1.9993018767377462,1.4056369921248983
103678,2183,101495,105239,-3981.593289927441,False,False,False,384.4,0.03753343602647097,101495,370.494084,0.46634615384615047,-0.3890806134586313,1.5162076902420378,nan,nan,1h_bearish_strict_engulf,long,2020-09-18 14:00:00,0.31250000000000083,1h_strict_engulf_v1p5,4.030349506553538,1.793330902201311
110062,215,109847,136783,37135.1622576107,False,True,False,373.0,0.02098618769374294,109847,365.333052,0.23222748815166158,0.14437495804283884,2.7051994427936545,nan,nan,1h_bearish_strict_engulf,long,2020-10-10 18:00:00,0.7582938388625651,1h_strict_engulf_v1p5,4.807490017673068,1.4578093130099898
151444,455,150989,172818,71695.46912793306,False,True,False,1605.52,0.018126726927197856,150989,1576.9353239999998,0.07913802712242238,6.915002225938,13.785039894367316,-0.009402807337354768,-0.02175012962237044,1h_bearish_strict_engulf,long,2021-03-03 14:00:00,0.9000557310050137,1h_strict_engulf_v1p5,4.223717790030381,2.212807687485675
190459,971,189488,192080,-3721.374003860561,False,False,False,1890.17,0.027612040186861586,189488,1942.36145,0.03620474406991757,-0.5214132852602766,0.6364127390231147,0.006271170124762193,0.02008626130075042,1h_bullish_strict_engulf,short,2021-07-17 09:00:00,0.26550145651268786,1h_strict_engulf_v1p5,2.534151778616819,0.4474829926718799
192979,323,192656,209936,34274.426910554714,False,True,False,2295.79,0.05167874761206548,192656,2182.9765079999997,0.007191149354640897,4.321893517753303,-3.098281077144563,-0.04968191862288085,-0.06775193852691774,1h_bearish_strict_engulf,long,2021-07-26 03:00:00,0.19231714812538414,1h_strict_engulf_v1p5,6.26971034832511,11.723181649779383
213571,1043,212528,231248,31590.289119135792,False,True,False,3425.06,0.03630768822630581,212528,3305.06088,0.23461538461539197,4.815607222637588,-10.977197671689368,-0.009279631249333398,-0.013110759866212573,1h_bearish_strict_engulf,long,2021-10-05 15:00:00,0.2754437869822454,1h_strict_engulf_v1p5,2.4231201402736615,0.7847922874221007
240991,527,240464,246224,39124.28035168933,False,True,False,3037.28,0.12158857530421963,240464,3406.5785480000004,0.3576669568461668,-2.452930231374907,-10.327709980322936,0.019596102235240664,0.036477946019906504,1h_bullish_strict_engulf,short,2022-01-08 20:00:00,0.5270488745180915,1h_strict_engulf_v1p5,3.118276514597644,3.129791897220898
246415,191,246224,246475,-9399.757836988516,False,False,False,2476.94,0.004777398620419149,246224,2465.162934,0.25803693570451675,-1.2630433504916136,14.847402083393476,0.029997755284215666,0.046559896547253565,1h_bearish_strict_engulf,long,2022-01-27 16:00:00,0.6650136798905585,1h_strict_engulf_v1p5,1.7588175925819516,1.5624078286303544
249019,428,248591,249284,11417.843141022488,False,True,False,2980.94,0.08289511344152234,248591,2752.75044,0.1393939393939339,5.80974260642428,27.33981932326985,-0.005668232783491489,-0.006708588085438838,1h_bearish_strict_engulf,long,2022-02-05 17:00:00,0.3740530303030322,1h_strict_engulf_v1p5,1.9527699081933922,1.0036597396763993
253015,836,252179,254066,18872.726227091713,False,True,False,2739.3,0.1135581367502645,252179,3050.369804,0.3305084745762708,-2.338803790284743,-25.171363077329715,0.002354699364566004,0.013082064259913428,1h_bullish_strict_engulf,short,2022-02-19 14:00:00,0.15735747303543293,1h_strict_engulf_v1p5,1.5079390170053293,1.4035162340206628
255121,1055,254066,255380,-1059.6266151731543,False,False,False,2811.54,0.05458596742016897,254066,2666.013096,0.011504624407844898,1.6144304778952687,26.38661714280114,-0.061827463048971576,-0.05784556143774411,1h_bearish_strict_engulf,long,2022-02-26 22:00:00,0.9672907737423907,1h_strict_engulf_v1p5,1.5318902503166856,0.6581334552397824
261841,42,261799,266378,9453.885492086352,False,True,False,2991.74,0.009334219109179198,261799,2964.072696,0.13926746166950507,9.984521855384946,-1.7483275702509218,-0.026692471639915283,-0.01734407696731899,1h_bearish_strict_engulf,long,2022-03-22 06:00:00,0.5748154457694457,1h_strict_engulf_v1p5,3.5230440317688108,3.1414188114040087
270577,575,270002,270647,-3549.517802027156,False,False,False,3151.31,0.010675519351765805,270002,3118.02348,0.2505842638275782,3.549615037914622,7.5304972865489255,0.049586562092545305,0.055186355254281505,1h_bearish_strict_engulf,long,2022-04-21 14:00:00,0.5575175279148308,1h_strict_engulf_v1p5,1.830735534520056,4.781012883527723
272989,136,272853,273570,59.94627962015511,False,True,False,2818.66,0.0065891026232325345,272853,2837.23244,0.13268744734625357,-13.585125401813796,-5.936540881766907,0.0059691758989561805,0.02761021009776332,1h_bullish_strict_engulf,short,2022-04-29 23:00:00,0.565711878685769,1h_strict_engulf_v1p5,2.219137221634951,0.8355279296397327
275893,1792,274101,277466,25933.17423582128,False,True,False,2308.62,0.1965925072121011,274101,2762.4773940000005,0.16914688174486303,-16.54320338130293,-27.520263292788997,-0.028652524903095555,-0.03262486700654088,1h_bullish_strict_engulf,short,2022-05-10 01:00:00,0.25468590253322754,1h_strict_engulf_v1p5,3.2534717134330675,1.7426381063053933
278509,169,278340,278781,-3047.8929082214745,False,False,False,1948.02,0.02770480898553407,278340,2001.989522,0.0879494655004886,-14.383355000839114,-9.147911274337833,-0.010487361066287781,-0.011149511689165337,1h_bullish_strict_engulf,short,2022-05-19 03:00:00,0.8746355685131177,1h_strict_engulf_v1p5,2.628636719067636,1.4301610574261636
280657,795,279862,281661,9503.979987315004,False,True,False,1814.6,0.09615458172600033,279862,1989.082104,0.8181237354914265,-15.19261499815152,-12.540900275009491,0.02920225202119564,0.07830238713273596,1h_bullish_strict_engulf,short,2022-05-26 14:00:00,0.16856564796081505,1h_strict_engulf_v1p5,9.816614263411651,6.585640382072367
281797,136,281661,282267,5789.827658736322,False,True,False,1890.94,0.029757064606207972,281661,1836.297186,0.6322620519159531,13.05854639598689,21.97056775115036,0.022940594328076935,0.033831758851077254,1h_bearish_strict_engulf,long,2022-05-30 13:00:00,0.16996291718170753,1h_strict_engulf_v1p5,2.136004697757824,0.7687469041497044
283261,994,282267,283346,8742.063103900015,False,True,False,1776.04,0.079298072115493,282267,1916.876548,0.7663197729422906,3.2864914137971404,-5.306464025856066,0.008898889284644218,-5.853224832563786e-05,1h_bullish_strict_engulf,short,2022-06-04 15:00:00,0.0,1h_strict_engulf_v1p5,2.8687809561499615,0.43620099629029
283729,383,283346,283952,-1365.6554053572763,False,False,False,1869.81,0.04091188711187588,283346,1796.319192,0.041932059447981264,10.163472831372967,12.167160566800039,0.028548952057346755,-0.01037041106209391,1h_bearish_strict_engulf,long,2022-06-06 06:00:00,0.3481953290870474,1h_strict_engulf_v1p5,1.6869045830265923,2.4359215234476856
284989,1037,283952,286538,43704.53024715526,False,True,False,1740.55,0.02290876102381434,283952,1780.423844,0.2201948141034433,-5.471810755836472,-2.1022205290030307,0.04625276914758536,0.07243837100749584,1h_bullish_strict_engulf,short,2022-06-10 15:00:00,0.14158320757305468,1h_strict_engulf_v1p5,1.916589675092981,12.93407690908716
289573,777,288796,289870,8474.028016407072,False,True,False,1239.21,0.0855710221313315,288796,1141.5282599999998,0.0015608740894886926,0.47367128799892555,5.04356457618114,0.01596003883043262,-0.0032711966845363483,1h_bearish_strict_engulf,long,2022-06-26 13:00:00,0.13865764828304233,1h_strict_engulf_v1p5,5.072230655567956,1.571467035096397
291373,1503,289870,291864,16756.747354300227,False,True,False,1076.77,0.10786088951215222,289870,1192.91137,0.15925315760571582,3.0421235221944354,3.1984557413984973,-0.00980088723821304,-0.02575551209468596,1h_bullish_strict_engulf,short,2022-07-02 19:00:00,0.2894014277869287,1h_strict_engulf_v1p5,1.8310575178116038,1.182305755642563
293029,1165,291864,293479,18880.601961238688,False,True,False,1213.07,0.11065800466405129,291864,1092.208398,0.1272621132515967,-2.1475799818570636,5.898010393169088,-0.014352434506628708,0.008934870852090437,1h_bearish_strict_engulf,long,2022-07-08 13:00:00,0.5504962054874432,1h_strict_engulf_v1p5,1.9244698014799753,1.3192584523921589
294457,978,293479,294463,17465.501745553338,False,True,False,1082.97,0.09744706870919773,293479,1188.502252,0.23207776427704466,6.109359471303456,-3.8389965187799397,-0.02387466795980575,-0.0371630090467161,1h_bullish_strict_engulf,short,2022-07-13 12:00:00,0.11300121506682234,1h_strict_engulf_v1p5,1.504533516658546,0.8512249659669304
296653,2190,294463,296666,87236.47471089859,False,True,False,1491.53,0.3561460460065571,294463,1099.829922,0.30554046713742583,-10.941504888767252,-8.124488304309281,-0.0111616520635901,-0.018831828095489667,1h_bearish_strict_engulf,long,2022-07-21 03:00:00,0.5499728408473665,1h_strict_engulf_v1p5,1.7594595279364336,1.0187380068173795
302065,1556,300509,302229,4914.057706488122,False,True,False,1771.89,0.053927200983661994,300509,1681.2261780000001,0.1504204297726607,4.542916610223731,7.680783939255509,0.009564405128324793,0.0019515266056060465,1h_bearish_strict_engulf,long,2022-08-08 22:00:00,0.4011211460604191,1h_strict_engulf_v1p5,2.4771115436562368,1.8661430985812713
305089,115,304974,305802,25299.36208357266,False,True,False,1736.37,0.049238096719017355,304974,1821.865554,0.6377374784110603,-10.937385158382186,-9.146462784144529,-0.02001821824518446,-0.06467892362426342,1h_bullish_strict_engulf,short,2022-08-19 10:00:00,0.351899827288431,1h_strict_engulf_v1p5,2.6127601584388214,4.263280195675381
308077,58,308019,308891,1812.9776975369896,False,True,False,1535.87,0.016814588703599753,308019,1510.4720340000001,0.46588785046728903,12.64306039407801,4.723373808082208,-0.0009588885620668286,0.004032608408538474,1h_bearish_strict_engulf,long,2022-08-29 19:00:00,0.288317757009348,1h_strict_engulf_v1p5,2.4894674938567394,2.2859711848618245
312613,541,312072,312729,13154.85354992788,False,True,False,1603.59,0.06454799044643589,312072,1707.098512,0.33590208522211573,-1.9862532060426261,-18.71347427557967,-0.0022060805430246244,-0.04729965250165302,1h_bullish_strict_engulf,short,2022-09-14 13:00:00,0.07479601087942407,1h_strict_engulf_v1p5,1.5685349650506284,0.677579776260449
314365,1134,313231,315107,12645.135390775773,False,True,False,1359.3,0.04685157507540638,313231,1422.985346,0.4919195900670067,5.2187850339555695,6.823900243350252,0.02511446910829207,0.02787996460182507,1h_bullish_strict_engulf,short,2022-09-20 15:00:00,0.002759164367360505,1h_strict_engulf_v1p5,2.788173219610095,2.0013926782253826
315865,76,315789,316243,-17402.501966663054,False,False,False,1299.18,0.0033630736310596987,315789,1303.549238,0.5350686912508967,-3.9738250728964752,1.7225776587458697,0.004766461606535044,-0.006272213296373397,1h_bullish_strict_engulf,short,2022-09-25 20:00:00,0.27982646420823654,1h_strict_engulf_v1p5,1.9169438462856572,2.159321409318524
318085,531,317554,318102,-1585.5335684196907,False,False,False,1306.04,0.0014611788306637674,317554,1307.948358,0.038323353293405964,0.4913318373542328,-2.427413377404271,0.002487876093964836,0.011436849875080535,1h_bullish_strict_engulf,short,2022-10-03 13:00:00,0.26826347305389625,1h_strict_engulf_v1p5,1.5231282581678263,0.8791651134593492
322069,161,321908,322432,1821.3641402574722,False,True,False,1309.11,0.011013703453548462,321908,1294.848918,0.6266829865361166,2.9879369968615546,2.6829740651525453,0.0060939879627710525,0.0104105507909944,1h_bearish_strict_engulf,long,2022-10-17 09:00:00,0.26315789473682305,1h_strict_engulf_v1p5,4.618388381636366,0.5916596423772933
324505,1508,322997,325224,33405.54589574665,False,True,False,1474.88,0.12668674871514196,322997,1309.0417559999999,0.05902319441825591,12.955512767550433,10.756350987147037,-0.09886515698613252,-0.09046878385592305,1h_bearish_strict_engulf,long,2022-10-25 20:00:00,0.8936451065434641,1h_strict_engulf_v1p5,19.93403829287263,12.85076506393515
327337,548,326789,327744,777.154318366549,False,True,False,1615.6,0.0017407732305578794,326789,1612.792494,0.0,9.319415678304889,5.4912390407513865,0.018133087341942744,0.025716350849351866,1h_bearish_strict_engulf,long,2022-11-04 16:00:00,0.9993392798149952,1h_strict_engulf_v1p5,3.969203260959787,4.683658369074991
328813,1069,327744,329053,46202.53407956901,False,True,False,1190.25,0.3596860004200799,327744,1618.366262,0.3408861015577608,-14.70686858078244,-36.22215382970661,-0.0007784010698029808,0.0003957009789470334,1h_bullish_strict_engulf,short,2022-11-09 19:00:00,0.2822172769573139,1h_strict_engulf_v1p5,1.8351771517058222,1.6695935138054432
330109,287,329822,331730,5934.671972629847,False,True,False,1235.0,0.005604506882591176,329822,1241.9215660000002,0.5839457320520008,-5.802415817392024,1.5537718091592652,0.012345504241842109,0.016107240147200885,1h_bullish_strict_engulf,short,2022-11-14 07:00:00,0.0,1h_strict_engulf_v1p5,34.21298634754696,2.27186536984286
334261,207,334054,334641,-7966.9361697529675,False,False,False,1177.93,0.013253116908475082,334054,1193.541244,0.16891111966141203,-4.50175817843804,-7.228388291050102,-0.00034737776942850296,0.004556020356787371,1h_bullish_strict_engulf,short,2022-11-28 17:00:00,0.471335128895729,1h_strict_engulf_v1p5,7.294091083510533,2.8602420864138147
334741,100,334641,335631,7269.439055136987,False,True,False,1267.87,0.030574122734497333,334641,1230.2560019999999,0.13768115942028866,8.197830719463525,8.437370925241446,0.004994747941926114,0.0017701565042662626,1h_bearish_strict_engulf,long,2022-11-30 09:00:00,0.0416666666666701,1h_strict_engulf_v1p5,3.6872191937463215,0.22395085247661328
335965,334,335631,336080,-4439.522216757934,False,False,False,1262.73,0.0029037640667444187,335631,1266.39667,0.6085825747724357,-1.528777514913095,-5.925785906620522,-0.007577138283965668,-0.006512162787415732,1h_bullish_strict_engulf,short,2022-12-04 15:00:00,0.31599479843953787,1h_strict_engulf_v1p5,1.9714296652944303,0.7505857155724587
340261,1287,338974,340449,17807.43321719661,False,True,False,1186.37,0.09097590802194944,338974,1294.301088,0.05313092979126635,2.346602586833601,2.719089413700228,-0.0033560187433790967,0.000326597321244515,1h_bullish_strict_engulf,short,2022-12-19 13:00:00,0.5901328273245043,1h_strict_engulf_v1p5,1.6818677046304396,1.0920365916277632
340861,412,340449,341144,-295.2712000756874,False,False,False,1212.15,0.00999034808679311,340449,1200.1599840000001,0.746564885496169,0.04320782293714398,6.120624445401324,0.008102564768404541,0.009530644234447383,1h_bearish_strict_engulf,long,2022-12-21 15:00:00,0.07175572519084436,1h_strict_engulf_v1p5,3.5473681717595547,0.4312340616801419
345877,399,345478,355572,49025.1805000442,False,True,False,1259.91,0.0007770588126632116,345478,1258.931736,0.7586206896551823,-0.8644292985945423,-0.9262674049390789,-0.006496733569631541,-0.007963357627666534,1h_bearish_strict_engulf,long,2023-01-08 01:00:00,0.08463949843259473,1h_strict_engulf_v1p5,4.577865032831541,0.9108309615613853
358619,2560,356059,362196,2902.577303465514,False,True,False,1669.79,0.07860634115625786,356059,1548.099558,0.3934837092731803,-4.063816281702109,-4.986126891532365,0.0064710869176536345,0.014092429562988285,1h_bearish_strict_engulf,long,2023-02-21 14:00:00,0.5012531328320791,1h_strict_engulf_v1p5,1.6838710142199012,1.4200649747811311
364415,202,364213,381204,46971.89962416631,False,True,False,1659.72,0.05255059965210207,364213,1576.855308,0.03335059554634934,10.636123931339029,25.209040596749198,-0.055926681919085786,-0.043771389257602156,1h_bearish_strict_engulf,long,2023-03-13 17:00:00,0.28928016571724574,1h_strict_engulf_v1p5,1.9375613680569936,5.8587743458527495
386423,35,386388,389844,-12182.001081157709,False,False,False,1910.51,0.00015078457102113418,386388,1910.2219679999998,0.042553191489359384,7.367631137304727,6.391960717735728,0.016309248272797783,-0.0306012673613123,1h_bearish_strict_engulf,long,2023-05-29 03:00:00,0.6005319148936166,1h_strict_engulf_v1p5,1.8476895392659491,5.724239893317468
396335,3035,393300,405972,-9777.285888807732,False,False,False,1916.41,0.014430976053766198,393300,1889.1477539999998,0.5065502183406053,-2.768004077741889,1.3905271535014343,-0.004122292833985464,-0.004979516259749017,1h_bearish_strict_engulf,long,2023-07-02 13:00:00,0.4294032023289657,1h_strict_engulf_v1p5,1.5484496449094747,0.8005729533445434
410747,1031,409716,415082,8149.520137668995,False,True,False,1675.06,0.007517582653755683,409716,1687.652402,0.6962025316455616,1.253394244966053,6.548285946690282,0.007692825882452681,0.012762970685238129,1h_bullish_strict_engulf,short,2023-08-21 14:00:00,0.3037974683544384,1h_strict_engulf_v1p5,1.8400917969335375,2.077190715973986
421847,1364,420483,422900,10642.110482847143,False,True,False,1651.04,0.0352393560622597,420483,1594.838904,0.3460026212319872,3.6362997790227087,6.940149747961936,0.0016097823737066808,0.004073386487165154,1h_bearish_strict_engulf,long,2023-09-29 03:00:00,0.0,1h_strict_engulf_v1p5,2.5163677162574536,0.669859260780467
423707,807,422900,424061,-54.019986028957646,False,False,False,1641.91,0.00665040592967947,422900,1652.8293680000002,0.3233173076923123,1.1669600629319756,-3.0690450847070716,0.0021243641868111673,0.003040084257964315,1h_bullish_strict_engulf,short,2023-10-05 14:00:00,0.4399038461538397,1h_strict_engulf_v1p5,6.231645395910526,3.3770421878124095
424859,343,424516,426094,13005.089737643139,False,True,False,1596.5,0.01852472283119333,424516,1626.07472,0.17728852838933878,-4.10500789488181,-2.333925286258058,0.01299609991154993,0.027096320630751514,1h_bullish_strict_engulf,short,2023-10-09 14:00:00,0.0034762456546898178,1h_strict_engulf_v1p5,2.3993584603047315,4.407230123025096
426899,805,426094,427152,3213.8175412995042,False,True,False,1579.59,0.015212132328132233,426094,1555.921122,0.3891591382904705,2.1022903947972598,4.848268301394462,-0.04169122612261733,-0.0416014863831925,1h_bearish_strict_engulf,long,2023-10-16 16:00:00,0.540653231410712,1h_strict_engulf_v1p5,4.2173768009956,17.16540646530305
427343,191,427152,427888,-1017.9512844590354,False,False,False,1572.29,0.00010522613512775614,427152,1572.455446,0.467532467532453,-3.094567608827287,-1.1283092225611835,0.005567959497878583,0.006826958854307952,1h_bullish_strict_engulf,short,2023-10-18 05:00:00,0.4844155844155839,1h_strict_engulf_v1p5,1.8124610547275086,0.42659534442426916
428351,463,427888,455796,131352.1926257087,True,True,False,1621.67,0.028002974203216846,427888,1577.495436,0.09505703422053308,0.9783853048432629,4.16613011723088,0.013417728304760734,-0.00048259957544405374,1h_bearish_strict_engulf,long,2023-10-21 17:00:00,0.10755024443237554,1h_strict_engulf_v1p5,2.3867388475449083,5.192892917442797
457487,251,457236,459252,-2602.9123589087976,False,False,False,2371.23,0.026039171306996955,457236,2311.052118,0.39421720733428844,6.998131568927285,10.625030204374657,0.0007498018980796051,0.04966686657277131,1h_bearish_strict_engulf,long,2024-01-30 21:00:00,0.1777150916784211,1h_strict_engulf_v1p5,1.8401439496176337,3.5305610092472417
460031,491,459540,476244,176532.66314368136,True,True,False,2420.99,0.01817435696808789,459540,2377.7754600000003,0.2207631318136726,0.8359031447048153,8.102943999756832,0.0032099079119438656,0.004572886720728198,1h_bearish_strict_engulf,long,2024-02-08 17:00:00,0.2879088206144774,1h_strict_engulf_v1p5,1.799193846722979,5.2956197545155845
477119,299,476820,479124,-40958.31834407768,False,False,True,3424.65,0.0194225814395943,476820,3359.401746,0.0,4.256187544717189,15.216829937532767,0.012695602411908036,0.015185844096499146,1h_bearish_strict_engulf,long,2024-04-08 01:00:00,0.1276787322168219,1h_strict_engulf_v1p5,5.4709180622009566,4.299564214541961
503579,1127,502452,504180,-9433.904760260251,False,False,False,3028.16,0.00684577433160749,502452,3048.8901,0.3187279151943417,9.352006819272912,13.082944950297346,0.0032454858660802,0.0020271522697661304,1h_bullish_strict_engulf,short,2024-07-08 22:00:00,0.0,1h_strict_engulf_v1p5,2.213519353982636,1.715094609760716
506975,1355,505620,508788,-35698.0686171815,False,False,False,3498.3,0.002965216216748834,505620,3487.957452,0.2204861111111054,0.688343992648992,-0.7300324714761146,0.0031646607001012406,0.0014680241430733432,1h_bearish_strict_engulf,long,2024-07-20 17:00:00,0.4062499999999942,1h_strict_engulf_v1p5,4.5694743460285405,0.47994647343239116
511067,263,510804,514048,45422.7901226714,False,True,False,2912.93,0.027055758978073774,510804,2991.741532,0.6158408932309853,-4.275017780879402,-18.894902639456944,-0.013843974257595537,-0.00699497787651715,1h_bullish_strict_engulf,short,2024-08-03 22:00:00,0.1048499651081682,1h_strict_engulf_v1p5,1.8849159159648352,1.4246958300020125
516743,117,516626,517456,14924.732541245874,False,True,False,2660.09,0.0026344595551950345,516626,2653.100514,0.2470719464584522,4.873391306547221,5.129293743770184,-0.008577755923055985,-0.007753675812999017,1h_bearish_strict_engulf,long,2024-08-23 15:00:00,0.31818181818182567,1h_strict_engulf_v1p5,8.886793146554892,1.0629331489620888
518207,751,517456,518370,33383.91070741514,False,True,False,2510.43,0.08884262775699803,517456,2733.4631980000004,0.22609368950832112,1.154168649166209,-23.779786889942898,-0.019584887455659783,-0.013619819599842153,1h_bullish_strict_engulf,short,2024-08-28 17:00:00,0.608594657375148,1h_strict_engulf_v1p5,3.105003347467083,4.93499307184452
521903,463,521440,522161,-592.6942429088522,False,False,False,2346.61,0.013202266329944923,521440,2316.0331140000003,0.6996108949416329,2.4798578873409447,12.97180284999851,0.001884155497663187,-0.002581597799618307,1h_bearish_strict_engulf,long,2024-09-10 13:00:00,0.12140077821014443,1h_strict_engulf_v1p5,2.4174805337557137,0.28685292464562157
523991,56,523935,525467,43638.76789338497,False,True,False,2354.25,0.003889367392786225,523935,2345.1289319999996,0.14174641148324682,12.604060009210828,0.5110638612209542,-0.0009071163876847033,-0.006374106952976355,1h_bearish_strict_engulf,long,2024-09-17 19:00:00,0.1593899521531212,1h_strict_engulf_v1p5,3.9516338406445835,4.682555469159689
527651,343,527308,528850,49598.604560681444,False,True,False,2628.67,0.0058817074794477175,527308,2644.1310679999997,0.4858203021468306,-4.053861028318693,-7.429297844568305,0.01450859444497743,0.02706139551691611,1h_bullish_strict_engulf,short,2024-09-30 12:00:00,0.07659687251523645,1h_strict_engulf_v1p5,1.8360245569327003,7.220069526261437
529571,721,528850,529800,3812.8622120580403,False,True,False,2494.75,0.041114953467618065,528850,2396.22915,0.2940868655154363,7.215506723987723,14.196428442428395,-0.024824686658515227,-0.05539079651334711,1h_bearish_strict_engulf,long,2024-10-07 04:00:00,0.2108843537414869,1h_strict_engulf_v1p5,2.271221830225358,3.329110205280746
531419,623,530796,531435,5166.151034196257,False,True,False,2460.98,0.01705835038546155,530796,2419.7038439999997,0.06021251475799327,-2.1615332230053603,3.7951774010829897,0.005839610669094553,1.940296593994084e-05,1h_bearish_strict_engulf,long,2024-10-13 14:00:00,0.8878394332939499,1h_strict_engulf_v1p5,3.9305536316202607,0.40053511955992965
534023,174,533849,535544,25782.971014758397,False,True,False,2641.79,0.0011056715333164213,533849,2644.710952,0.353475935828883,-8.793077573998666,-10.32118779520243,-0.0033678206477522066,-0.002629397145688661,1h_bullish_strict_engulf,short,2024-10-22 15:00:00,0.22005347593582883,1h_strict_engulf_v1p5,3.8199701722064825,3.081870445390265
537383,782,536601,538173,26850.177959806402,False,True,False,2456.91,0.062130067442437875,536601,2609.557984,0.25916091343601316,-1.6419182488676753,-7.24335143481353,-0.004752457368799257,-0.012221966986902366,1h_bullish_strict_engulf,short,2024-11-03 07:00:00,0.5337227827934264,1h_strict_engulf_v1p5,2.0786274934211275,0.40715908009084856
539471,1298,538173,551988,223327.4877437217,True,True,False,3195.21,0.2854175394661458,538173,2485.7370479999995,0.2495722317281856,7.604430767870696,13.149274278918156,0.002966411930291235,-0.008108103396146094,1h_bearish_strict_engulf,long,2024-11-10 13:00:00,0.0,1h_strict_engulf_v1p5,2.704151114593859,0.7182208792329662
555539,671,554868,556884,-54210.935336000985,False,False,True,3632.63,0.05126001698389926,554868,3455.500962,0.33787972721638165,-5.532051686663856,7.411639345021584,-0.0028638403507935672,-0.0031232317882634586,1h_bearish_strict_engulf,long,2025-01-05 08:00:00,0.597644141351507,1h_strict_engulf_v1p5,4.391605548344723,1.690140447986317
564059,551,563508,566964,95432.27353813092,False,True,False,2828.68,0.10297237015144889,563508,3119.955884,0.34795049717433213,22.335463878949156,-46.01362627331268,-0.0011141188357068899,0.004539323319543653,1h_bullish_strict_engulf,short,2025-02-03 22:00:00,0.07833178338937175,1h_strict_engulf_v1p5,2.2444369459506825,1.4667204644777248
567467,503,566964,568315,-10439.274139970425,False,False,False,2686.92,0.006113242195047608,566964,2670.594012,0.4741200828157346,-6.538248410606437,1.3145091506251632,-0.0077834257145635855,-0.014137051827214142,1h_bearish_strict_engulf,long,2025-02-15 18:00:00,0.24361628709453406,1h_strict_engulf_v1p5,8.959314480001838,5.153729200999415
569915,30,569885,571759,123009.06667361094,True,True,False,2723.3,0.0050682884735431255,569885,2737.1024700000003,0.48535791757049995,-9.449735743369423,1.4365825488066832,-0.044424669490953916,-0.054307262899867426,1h_bullish_strict_engulf,short,2025-02-24 06:00:00,0.22017353579175344,1h_strict_engulf_v1p5,1.7123633096868127,3.8667378842945777
571859,100,571759,573015,-37549.85289484623,False,False,False,2504.86,0.10639048931071038,571759,2263.9927079999998,0.11282051282051665,38.08723717097102,44.238895642626055,0.015975638545098203,0.03148521356924694,1h_bearish_strict_engulf,long,2025-03-03 00:00:00,0.6333333333333379,1h_strict_engulf_v1p5,5.1006103999275965,3.2005197522458944
575123,2108,573015,575212,84737.91552441102,False,True,False,1894.61,0.14165306633027397,573015,2162.987316,0.32300884955753145,6.250669102925809,9.20994036508067,0.006414964827409886,0.014575348584285441,1h_bullish_strict_engulf,short,2025-03-14 08:00:00,0.6600294985250797,1h_strict_engulf_v1p5,4.3409948137670895,0.8452117543457185
576335,599,575736,576594,-37415.57817728678,False,False,False,1895.07,0.001878663057301333,575736,1898.630198,0.1422879908935691,-2.2651068096936227,0.916039404824069,0.008603613051190395,0.013742483481968826,1h_bullish_strict_engulf,short,2025-03-18 13:00:00,0.0,1h_strict_engulf_v1p5,4.864184252228221,5.122741882230863
578807,157,578650,580291,70873.5770020443,False,True,False,2029.44,0.00244552093188255,578650,2034.403038,0.11483516483517255,-6.554574832055246,-10.101064192882598,-0.013487230060151512,-0.019051608088379024,1h_bullish_strict_engulf,short,2025-03-27 03:00:00,0.29285714285713815,1h_strict_engulf_v1p5,2.7556281396646893,11.479542373284495
580715,424,580291,580765,-7419.7157631642185,False,False,False,1893.56,0.01790511416180318,580291,1860.251976,0.3784499054820406,-0.4349719252834152,10.324671284877828,-0.0010405195251027566,0.0032777133437040806,1h_bearish_strict_engulf,long,2025-04-02 18:00:00,0.4302457466918748,1h_strict_engulf_v1p5,49.936847370724685,12.03671471612737
580847,82,580765,582726,120301.05474534782,True,True,False,1832.42,0.007209482542211987,580765,1845.6308000000001,0.7018927444795116,-9.432201095848036,-0.3537739600020773,0.00299221334628208,0.007163999917725539,1h_bullish_strict_engulf,short,2025-04-03 05:00:00,0.20820189274447215,1h_strict_engulf_v1p5,54.56079254180096,0.15979463574400285
582791,65,582726,583835,-13458.047728204983,False,False,False,1667.63,0.04455421111144209,582726,1596.499236,0.0,28.227957531848624,12.76906661708884,2.7008988644050547e-05,-0.012517794007618543,1h_bearish_strict_engulf,long,2025-04-09 23:00:00,0.30427179615288147,1h_strict_engulf_v1p5,5.462976426415958,0.8649494130658225
584639,804,583835,585438,-14548.214225215022,False,False,False,1575.0,0.0005617523809524627,583835,1575.8847600000001,0.03473389355742933,-8.110092944794554,-8.362417749447939,-0.011495916479167811,0.019667063219172,1h_bullish_strict_engulf,short,2025-04-16 09:00:00,0.6151260504201644,1h_strict_engulf_v1p5,9.272974268818922,2.4855058803056886
587723,453,587270,587989,-10197.503697509062,False,False,False,1810.05,0.006819771778329153,587270,1797.7894860000001,0.14435695538057788,0.3715960376775449,-2.553665260304008,0.027602388456963167,0.03952193659772196,1h_bearish_strict_engulf,long,2025-04-27 02:00:00,0.6781027371578547,1h_strict_engulf_v1p5,43.69083953419934,11.467492725053976
591275,691,590584,599220,289292.0533968997,True,True,False,2338.49,0.2709890001907529,590584,1839.897906,0.2260496823839279,32.026397985962475,53.164707312544564,-0.019616869336641418,-0.01169696573308554,1h_bearish_strict_engulf,long,2025-05-09 10:00:00,0.5998553943087332,1h_strict_engulf_v1p5,1.9627631715505613,7.452817377157669
600671,893,599778,603796,-107642.76290987968,False,False,True,2796.47,0.10196705732162736,599778,2537.7074399999997,0.10978584982379347,11.501475772031434,29.115188821178776,-0.008169949858266468,-0.0173439871314236,1h_bearish_strict_engulf,long,2025-06-11 01:00:00,0.2764976958525306,1h_strict_engulf_v1p5,2.3823823353046993,2.5098484848484848
603827,31,603796,604284,460.46536167361774,False,True,False,2305.0,0.0024068537960955094,603796,2310.547798,0.7786021505376377,-11.972130621562634,-14.22337950998331,-0.040658444941510385,-0.04244644251012808,1h_bullish_strict_engulf,short,2025-06-22 00:00:00,0.06129032258064321,1h_strict_engulf_v1p5,22.397576359054053,6.769457680962107
604871,587,604284,605281,39158.32696935907,False,True,False,2417.05,0.04653597561946721,604284,2309.571822,0.30664760543244896,-4.156874347401409,20.40820529840832,0.0020106449734438314,0.017716753086961967,1h_bearish_strict_engulf,long,2025-06-25 15:00:00,0.4485346676197346,1h_strict_engulf_v1p5,4.079531568228106,0.5352738372647615
608063,42,608021,631188,687933.1530731542,True,True,False,2549.15,0.005337153790411886,608021,2535.617022,0.7685118619697852,5.589728664386216,-1.4238513640048085,0.005175463656689416,-0.0007895480482336126,1h_bearish_strict_engulf,long,2025-07-06 17:00:00,0.09202012940332233,1h_strict_engulf_v1p5,5.336557187654729,2.191114823459614
633383,755,632628,636372,-32107.348223629175,False,False,False,4339.81,0.03088961126882328,632628,4209.771786,0.2987249544626564,5.445208163131056,20.594634514126703,-0.009501331098578758,-0.004299388763663425,1h_bearish_strict_engulf,long,2025-10-02 15:00:00,0.0004553734062030174,1h_strict_engulf_v1p5,6.134870999216238,3.1928963010684717
643499,791,642708,649044,291923.0081585888,True,True,False,3325.46,0.0833115881712605,642708,3602.5093540000003,0.7390003324836509,4.6595372937078565,9.20406037457451,0.022402587160733844,-0.003793192613311902,1h_bullish_strict_engulf,short,2025-11-06 18:00:00,0.14762274188185925,1h_strict_engulf_v1p5,5.391517741821854,2.471905508518867
649643,599,649044,650032,20773.49107296276,False,True,False,2994.15,0.01306326325049545,649044,2955.54099,0.0031017369727019146,-6.107786838175485,6.447752813117816,0.0037852390665717994,-0.004422763615222314,1h_bearish_strict_engulf,long,2025-11-28 02:00:00,0.48232009925559205,1h_strict_engulf_v1p5,5.312146967217442,1.8389091210688622
650639,607,650032,650941,83506.40203613206,False,True,False,2843.75,0.05099327578021984,650032,2988.7621280000003,0.2313359528487285,-19.292195226862518,-24.907716810161357,-0.001452300378280591,0.01028978713052453,1h_bullish_strict_engulf,short,2025-12-01 13:00:00,0.2568762278978439,1h_strict_engulf_v1p5,3.5290093742082598,2.278744193496716
651827,886,650941,651829,143916.03504271363,True,True,False,3100.6,0.0841365335382247,650941,2859.97188,0.1967545638945223,-15.665916478599001,-4.633948556966985,-0.015039170134070523,-0.007223671689514544,1h_bearish_strict_engulf,long,2025-12-05 16:00:00,0.6431469139379873,1h_strict_engulf_v1p5,1.9348678452651846,2.1905952799146613
652643,224,652419,653371,140704.73586541507,True,True,False,3141.68,0.02004721485330241,652419,3079.935864,0.054435483870963676,10.946993140260728,7.091173714324507,-0.004027678902946086,0.0003383440045741093,1h_bearish_strict_engulf,long,2025-12-08 12:00:00,0.3551747311827986,1h_strict_engulf_v1p5,2.9568996595233323,1.9396477719102
654239,868,653371,654541,108124.89278371586,True,True,False,3123.32,0.05095007171855581,653371,3282.453378,0.30284926470589235,4.776992591533578,-11.380212960776888,0.0034171415026422736,0.0001495309948584822,1h_bullish_strict_engulf,short,2025-12-14 01:00:00,0.3193933823529363,1h_strict_engulf_v1p5,4.933163156775153,0.4138737399467165
659051,1467,657584,661320,153802.9006437799,True,True,False,2975.94,0.003066137720622697,657584,2966.84325,0.26578073089701454,2.431194749390529,2.727938621175308,-0.004919724503272049,0.026885765620154656,1h_bearish_strict_engulf,long,2025-12-30 18:00:00,0.3471760797342067,1h_strict_engulf_v1p5,1.6728003494975974,0.45194250443177214
661883,563,661320,662399,50802.65100579942,False,True,False,3102.28,0.023674435576414687,661320,3175.724728,0.5175151798225129,1.106681450775298,-13.372297873325214,-0.0036271840982735615,-0.006320791805790704,1h_bullish_strict_engulf,short,2026-01-09 14:00:00,0.1929005137785933,1h_strict_engulf_v1p5,2.8788002726653037,1.3059801555376775
663047,648,662399,663918,138377.42174652172,True,True,False,3132.39,0.008132511595218439,662399,3107.1213,0.2949009418642396,2.3565880076723,3.3336075619130634,-0.007757241698572059,-0.017967124925978073,1h_bearish_strict_engulf,long,2026-01-13 15:00:00,0.5914257875933764,1h_strict_engulf_v1p5,2.6264923654656886,4.7118953989183
669155,1627,667528,670116,675483.4111797365,True,True,False,2206.88,0.3324384542884069,667528,2940.531776,0.676346604215455,-2.7751989888663715,11.23100573129102,0.047588736331232395,0.03880805046646052,1h_bullish_strict_engulf,short,2026-02-03 20:00:00,0.09798594847775209,1h_strict_engulf_v1p5,2.6944114372327586,1.6128260666226906
671387,722,670665,671977,62265.046605071984,False,True,False,1982.55,0.03673997629315795,670665,2055.38884,0.2765413149142995,-5.519320795617649,-8.097755827496119,0.004459640645050333,0.006275577783544817,1h_bullish_strict_engulf,short,2026-02-11 14:00:00,0.0,1h_strict_engulf_v1p5,1.8988858636507369,1.1571398452623576
672239,262,671977,672526,19636.90608833218,False,True,False,2066.19,0.026830124580511816,671977,2012.20236,0.06129597197899447,9.482548936632178,19.36344164043599,0.009099558066721247,-0.00525118150676096,1h_bearish_strict_engulf,long,2026-02-14 13:00:00,0.2530647985989497,1h_strict_engulf_v1p5,2.04533998229646,0.5967109722206864
672815,289,672526,673329,5801.291542028077,False,True,False,2016.44,0.004778076213524773,672526,2026.074704,0.6580502215657306,-4.241101311250466,-10.332722904356626,0.0013418102125439813,-0.005529891589080127,1h_bullish_strict_engulf,short,2026-02-16 13:00:00,0.03323485967503198,1h_strict_engulf_v1p5,2.2650651600587044,1.1823621430043552
676307,344,675963,676425,-31531.253458942287,False,False,False,1895.46,0.03899636288816444,675963,1969.376046,0.49696816574027564,-6.893532606868028,-17.671568386508334,-0.02941882391174888,-0.029097747456106382,1h_bullish_strict_engulf,short,2026-02-28 16:00:00,0.46513390601313515,1h_strict_engulf_v1p5,2.2415198363855184,2.493727485127457
678311,353,677958,678745,107714.94338189252,True,True,False,1986.07,0.032974470184837346,677958,2051.559606,0.1460973982655139,-1.7520622209519345,-15.22034496720753,-0.0017120450561968203,0.005003232964923887,1h_bullish_strict_engulf,short,2026-03-07 15:00:00,0.0,1h_strict_engulf_v1p5,2.4438936067541315,0.401874698051091
679211,466,678745,680265,138375.05150027433,True,True,False,2072.42,0.04560142048011939,678745,1982.0363280000001,0.44012441679626907,5.01187905892634,12.875398699542398,0.023792279136740424,-0.039925555818274394,1h_bearish_strict_engulf,long,2026-03-10 18:00:00,0.4534992223950198,1h_strict_engulf_v1p5,3.155169454572444,1.9033228475752066
684671,1006,683665,684789,175497.21646333812,True,True,False,1996.98,0.0717042133621768,683665,2140.17188,0.10393802453196425,1.5900197488314696,2.097163403637609,-0.003098976848865842,0.005434984684289157,1h_bullish_strict_engulf,short,2026-03-29 17:00:00,0.4893479664299498,1h_strict_engulf_v1p5,1.5478587688875987,3.0815745703197197
686051,405,685646,686759,-10664.777364131529,False,False,False,2063.1,0.008741064417624012,685646,2081.13369,0.7699443413729153,0.4271178281823964,-4.910968051588104,-0.0032297209217868605,0.025806640377199264,1h_bullish_strict_engulf,short,2026-04-03 12:00:00,0.11873840445270653,1h_strict_engulf_v1p5,1.6790399148168416,0.8421377065615356
687035,276,686759,687192,3790.1846076501533,False,True,False,2137.75,0.024451081331586133,686759,2086.727262,0.028554778554766076,2.556466859316515,11.244826152469788,-0.01839656843607651,-0.027178480533052274,1h_bearish_strict_engulf,long,2026-04-06 22:00:00,0.6305361305361454,1h_strict_engulf_v1p5,1.8170913365107595,2.9154817768596306
688487,75,688412,689818,51064.37563137896,False,True,False,2287.6,0.009700186513905251,688412,2265.623034,0.5602140945584257,5.242080910511916,3.7188198343958483,-0.00225020869144521,-0.016092165091227018,1h_bearish_strict_engulf,long,2026-04-11 23:00:00,0.09054415700268481,1h_strict_engulf_v1p5,5.891526575611413,1.8623065457021404
694151,140,694011,695708,72878.66758759832,False,True,False,2306.24,0.008409544611381214,694011,2287.00731,0.027718550106608852,6.38717073011005,3.0035429522872708,0.03410244255812667,0.03415376906161116,1h_bearish_strict_engulf,long,2026-05-01 15:00:00,0.074360341151385,1h_strict_engulf_v1p5,8.516769591141397,4.130190017016449
696815,490,696325,697026,-21440.91279254062,False,False,False,2329.48,0.0032670367663760747,696325,2321.8942859999997,0.7056798623063593,4.665618111183175,6.172621546122789,0.008403362221701238,0.005192006214804978,1h_bearish_strict_engulf,long,2026-05-10 21:00:00,0.013769363166967225,1h_strict_engulf_v1p5,30.574917053749168,5.708617026299636
701927,1682,700245,702222,88887.55997676263,False,True,False,1994.41,0.05065198730451592,700245,2095.43083,0.0,-6.024334567561052,-11.035779758479624,-0.013735061334851029,-0.016972845495849653,1h_bullish_strict_engulf,short,2026-05-28 15:00:00,0.2516519823788625,1h_strict_engulf_v1p5,2.608806841454771,0.7240770763946203
703487,704,702783,704704,687331.854913211,True,True,False,1864.51,0.0758959276163711,702783,2006.018716,0.2813218390804591,-11.225737155766268,-11.659401368763753,-0.031764759618389204,-0.038563238230891805,1h_bullish_strict_engulf,short,2026-06-03 01:00:00,0.19870689655172336,1h_strict_engulf_v1p5,1.721368538010078,5.607114981853186
705119,415,704704,705375,99040.20316329226,False,True,False,1677.63,0.04217329292029537,704704,1609.741884,0.0,7.305921601476864,23.225008035045825,-0.010137985456017407,-0.008911393428497894,1h_bearish_strict_engulf,long,2026-06-08 17:00:00,0.4631364562118183,1h_strict_engulf_v1p5,2.3050429677433812,3.0985654630906025
113578,3731,109847,136783,37135.1622576107,False,True,False,416.38,0.13972715504536382,109847,365.333052,0.6459537572254278,2.1040456843725313,3.968380065828189,-0.04986123199710968,-0.013541116093502281,1h_bearish_strict_engulf+oi_flush,long,2020-10-22 23:00:00,0.12861271676301173,1h_strict_engulf_v1p5_oi0,1.899668489358376,1.166111149833224
151444,455,150989,172818,71695.46912793306,False,True,False,1605.52,0.018126726927197856,150989,1576.9353239999998,0.07913802712242238,6.915002225938,13.785039894367316,-0.009402807337354768,-0.02175012962237044,1h_bearish_strict_engulf+oi_flush,long,2021-03-03 14:00:00,0.9000557310050137,1h_strict_engulf_v1p5_oi0,4.223717790030381,2.212807687485675
192979,323,192656,209936,34274.426910554714,False,True,False,2295.79,0.05167874761206548,192656,2182.9765079999997,0.007191149354640897,4.321893517753303,-3.098281077144563,-0.04968191862288085,-0.06775193852691774,1h_bearish_strict_engulf+oi_flush,long,2021-07-26 03:00:00,0.19231714812538414,1h_strict_engulf_v1p5_oi0,6.26971034832511,11.723181649779383
213571,1043,212528,231248,31590.289119135792,False,True,False,3425.06,0.03630768822630581,212528,3305.06088,0.23461538461539197,4.815607222637588,-10.977197671689368,-0.009279631249333398,-0.013110759866212573,1h_bearish_strict_engulf+oi_flush,long,2021-10-05 15:00:00,0.2754437869822454,1h_strict_engulf_v1p5_oi0,2.4231201402736615,0.7847922874221007
243895,3431,240464,246224,39124.28035168933,False,True,False,3158.85,0.07842365037909382,240464,3406.5785480000004,0.30156868494355893,-3.703362093614146,-19.42532653218959,0.006313827134467154,-0.007435387071418553,1h_bullish_strict_engulf+oi_flush,short,2022-01-18 22:00:00,0.14821873625568277,1h_strict_engulf_v1p5_oi0,1.9729038285562244,3.0418374042066376
249019,428,248591,249284,11417.843141022488,False,True,False,2980.94,0.08289511344152234,248591,2752.75044,0.1393939393939339,5.80974260642428,27.33981932326985,-0.005668232783491489,-0.006708588085438838,1h_bearish_strict_engulf+oi_flush,long,2022-02-05 17:00:00,0.3740530303030322,1h_strict_engulf_v1p5_oi0,1.9527699081933922,1.0036597396763993
255121,1055,254066,255380,-1059.6266151731543,False,False,False,2811.54,0.05458596742016897,254066,2666.013096,0.011504624407844898,1.6144304778952687,26.38661714280114,-0.061827463048971576,-0.05784556143774411,1h_bearish_strict_engulf+oi_flush,long,2022-02-26 22:00:00,0.9672907737423907,1h_strict_engulf_v1p5_oi0,1.5318902503166856,0.6581334552397824
261841,42,261799,266378,9453.885492086352,False,True,False,2991.74,0.009334219109179198,261799,2964.072696,0.13926746166950507,9.984521855384946,-1.7483275702509218,-0.026692471639915283,-0.01734407696731899,1h_bearish_strict_engulf+oi_flush,long,2022-03-22 06:00:00,0.5748154457694457,1h_strict_engulf_v1p5_oi0,3.5230440317688108,3.1414188114040087
275893,1792,274101,277466,25933.17423582128,False,True,False,2308.62,0.1965925072121011,274101,2762.4773940000005,0.16914688174486303,-16.54320338130293,-27.520263292788997,-0.028652524903095555,-0.03262486700654088,1h_bullish_strict_engulf+oi_flush,short,2022-05-10 01:00:00,0.25468590253322754,1h_strict_engulf_v1p5_oi0,3.2534717134330675,1.7426381063053933
278509,169,278340,278781,-3047.8929082214745,False,False,False,1948.02,0.02770480898553407,278340,2001.989522,0.0879494655004886,-14.383355000839114,-9.147911274337833,-0.010487361066287781,-0.011149511689165337,1h_bullish_strict_engulf+oi_flush,short,2022-05-19 03:00:00,0.8746355685131177,1h_strict_engulf_v1p5_oi0,2.628636719067636,1.4301610574261636
281941,280,281661,282267,5789.827658736322,False,True,False,1992.82,0.08523828016147705,281661,1836.297186,0.2770795930580501,13.010401155616783,26.19927961056114,0.05149397140207723,-0.047199029819426364,1h_bearish_strict_engulf+oi_flush,long,2022-05-31 01:00:00,0.2896469180131622,1h_strict_engulf_v1p5_oi0,5.1742165097878745,2.399250629444247
283261,994,282267,283346,8742.063103900015,False,True,False,1776.04,0.079298072115493,282267,1916.876548,0.7663197729422906,3.2864914137971404,-5.306464025856066,0.008898889284644218,-5.853224832563786e-05,1h_bullish_strict_engulf+oi_flush,short,2022-06-04 15:00:00,0.0,1h_strict_engulf_v1p5_oi0,2.8687809561499615,0.43620099629029
283729,383,283346,283952,-1365.6554053572763,False,False,False,1869.81,0.04091188711187588,283346,1796.319192,0.041932059447981264,10.163472831372967,12.167160566800039,0.028548952057346755,-0.01037041106209391,1h_bearish_strict_engulf+oi_flush,long,2022-06-06 06:00:00,0.3481953290870474,1h_strict_engulf_v1p5_oi0,1.6869045830265923,2.4359215234476856
285565,1613,283952,286538,43704.53024715526,False,True,False,1511.6,0.17784059539560726,283952,1780.423844,0.3625035400736328,-3.4747159379226105,-22.934672882584977,-0.029493753918395482,-0.006780718020714338,1h_bullish_strict_engulf+oi_flush,short,2022-06-12 15:00:00,0.0645709430756153,1h_strict_engulf_v1p5_oi0,3.944790056804338,1.1057845739296066
289573,777,288796,289870,8474.028016407072,False,True,False,1239.21,0.0855710221313315,288796,1141.5282599999998,0.0015608740894886926,0.47367128799892555,5.04356457618114,0.01596003883043262,-0.0032711966845363483,1h_bearish_strict_engulf+oi_flush,long,2022-06-26 13:00:00,0.13865764828304233,1h_strict_engulf_v1p5_oi0,5.072230655567956,1.571467035096397
291373,1503,289870,291864,16756.747354300227,False,True,False,1076.77,0.10786088951215222,289870,1192.91137,0.15925315760571582,3.0421235221944354,3.1984557413984973,-0.00980088723821304,-0.02575551209468596,1h_bullish_strict_engulf+oi_flush,short,2022-07-02 19:00:00,0.2894014277869287,1h_strict_engulf_v1p5_oi0,1.8310575178116038,1.182305755642563
293029,1165,291864,293479,18880.601961238688,False,True,False,1213.07,0.11065800466405129,291864,1092.208398,0.1272621132515967,-2.1475799818570636,5.898010393169088,-0.014352434506628708,0.008934870852090437,1h_bearish_strict_engulf+oi_flush,long,2022-07-08 13:00:00,0.5504962054874432,1h_strict_engulf_v1p5_oi0,1.9244698014799753,1.3192584523921589
294457,978,293479,294463,17465.501745553338,False,True,False,1082.97,0.09744706870919773,293479,1188.502252,0.23207776427704466,6.109359471303456,-3.8389965187799397,-0.02387466795980575,-0.0371630090467161,1h_bullish_strict_engulf+oi_flush,short,2022-07-13 12:00:00,0.11300121506682234,1h_strict_engulf_v1p5_oi0,1.504533516658546,0.8512249659669304
296653,2190,294463,296666,87236.47471089859,False,True,False,1491.53,0.3561460460065571,294463,1099.829922,0.30554046713742583,-10.941504888767252,-8.124488304309281,-0.0111616520635901,-0.018831828095489667,1h_bearish_strict_engulf+oi_flush,long,2022-07-21 03:00:00,0.5499728408473665,1h_strict_engulf_v1p5_oi0,1.7594595279364336,1.0187380068173795
305089,115,304974,305802,25299.36208357266,False,True,False,1736.37,0.049238096719017355,304974,1821.865554,0.6377374784110603,-10.937385158382186,-9.146462784144529,-0.02001821824518446,-0.06467892362426342,1h_bullish_strict_engulf+oi_flush,short,2022-08-19 10:00:00,0.351899827288431,1h_strict_engulf_v1p5_oi0,2.6127601584388214,4.263280195675381
308077,58,308019,308891,1812.9776975369896,False,True,False,1535.87,0.016814588703599753,308019,1510.4720340000001,0.46588785046728903,12.64306039407801,4.723373808082208,-0.0009588885620668286,0.004032608408538474,1h_bearish_strict_engulf+oi_flush,long,2022-08-29 19:00:00,0.288317757009348,1h_strict_engulf_v1p5_oi0,2.4894674938567394,2.2859711848618245
312613,541,312072,312729,13154.85354992788,False,True,False,1603.59,0.06454799044643589,312072,1707.098512,0.33590208522211573,-1.9862532060426261,-18.71347427557967,-0.0022060805430246244,-0.04729965250165302,1h_bullish_strict_engulf+oi_flush,short,2022-09-14 13:00:00,0.07479601087942407,1h_strict_engulf_v1p5_oi0,1.5685349650506284,0.677579776260449
314701,1470,313231,315107,12645.135390775773,False,True,False,1372.2,0.03701016324150985,313231,1422.985346,0.21488147497805038,1.9861152420429864,6.4172605873652415,-0.02012627453059579,-0.032685158785304314,1h_bullish_strict_engulf+oi_flush,short,2022-09-21 19:00:00,0.6736172080772628,1h_strict_engulf_v1p5_oi0,29.27344034063126,13.59365452942772
315865,76,315789,316243,-17402.501966663054,False,False,False,1299.18,0.0033630736310596987,315789,1303.549238,0.5350686912508967,-3.9738250728964752,1.7225776587458697,0.004766461606535044,-0.006272213296373397,1h_bullish_strict_engulf+oi_flush,short,2022-09-25 20:00:00,0.27982646420823654,1h_strict_engulf_v1p5_oi0,1.9169438462856572,2.159321409318524
324505,1508,322997,325224,33405.54589574665,False,True,False,1474.88,0.12668674871514196,322997,1309.0417559999999,0.05902319441825591,12.955512767550433,10.756350987147037,-0.09886515698613252,-0.09046878385592305,1h_bearish_strict_engulf+oi_flush,long,2022-10-25 20:00:00,0.8936451065434641,1h_strict_engulf_v1p5_oi0,19.93403829287263,12.85076506393515
328813,1069,327744,329053,46202.53407956901,False,True,False,1190.25,0.3596860004200799,327744,1618.366262,0.3408861015577608,-14.70686858078244,-36.22215382970661,-0.0007784010698029808,0.0003957009789470334,1h_bullish_strict_engulf+oi_flush,short,2022-11-09 19:00:00,0.2822172769573139,1h_strict_engulf_v1p5_oi0,1.8351771517058222,1.6695935138054432
330877,1055,329822,331730,5934.671972629847,False,True,False,1219.01,0.018795223993240517,329822,1241.9215660000002,0.11215834118756271,-5.566425159722039,-1.9316666802504283,0.0006391116913120332,-0.006802953877663942,1h_bullish_strict_engulf+oi_flush,short,2022-11-16 23:00:00,0.6748350612629591,1h_strict_engulf_v1p5_oi0,1.9219983398981884,1.2105714507831387
334261,207,334054,334641,-7966.9361697529675,False,False,False,1177.93,0.013253116908475082,334054,1193.541244,0.16891111966141203,-4.50175817843804,-7.228388291050102,-0.00034737776942850296,0.004556020356787371,1h_bullish_strict_engulf+oi_flush,short,2022-11-28 17:00:00,0.471335128895729,1h_strict_engulf_v1p5_oi0,7.294091083510533,2.8602420864138147
335089,448,334641,335631,7269.439055136987,False,True,False,1274.29,0.03579254880969085,334641,1230.2560019999999,0.17061448678338512,-2.607155231312639,5.607059045752656,-0.009862144204331624,-0.003541248144493525,1h_bearish_strict_engulf+oi_flush,long,2022-12-01 14:00:00,0.4867833848266396,1h_strict_engulf_v1p5_oi0,5.93347990463955,2.5361732631433593
335965,334,335631,336080,-4439.522216757934,False,False,False,1262.73,0.0029037640667444187,335631,1266.39667,0.6085825747724357,-1.528777514913095,-5.925785906620522,-0.007577138283965668,-0.006512162787415732,1h_bullish_strict_engulf+oi_flush,short,2022-12-04 15:00:00,0.31599479843953787,1h_strict_engulf_v1p5_oi0,1.9714296652944303,0.7505857155724587
340261,1287,338974,340449,17807.43321719661,False,True,False,1186.37,0.09097590802194944,338974,1294.301088,0.05313092979126635,2.346602586833601,2.719089413700228,-0.0033560187433790967,0.000326597321244515,1h_bullish_strict_engulf+oi_flush,short,2022-12-19 13:00:00,0.5901328273245043,1h_strict_engulf_v1p5_oi0,1.6818677046304396,1.0920365916277632
345877,399,345478,355572,49025.1805000442,False,True,False,1259.91,0.0007770588126632116,345478,1258.931736,0.7586206896551823,-0.8644292985945423,-0.9262674049390789,-0.006496733569631541,-0.007963357627666534,1h_bearish_strict_engulf+oi_flush,long,2023-01-08 01:00:00,0.08463949843259473,1h_strict_engulf_v1p5_oi0,4.577865032831541,0.9108309615613853
364415,202,364213,381204,46971.89962416631,False,True,False,1659.72,0.05255059965210207,364213,1576.855308,0.03335059554634934,10.636123931339029,25.209040596749198,-0.055926681919085786,-0.043771389257602156,1h_bearish_strict_engulf+oi_flush,long,2023-03-13 17:00:00,0.28928016571724574,1h_strict_engulf_v1p5_oi0,1.9375613680569936,5.8587743458527495
386423,35,386388,389844,-12182.001081157709,False,False,False,1910.51,0.00015078457102113418,386388,1910.2219679999998,0.042553191489359384,7.367631137304727,6.391960717735728,0.016309248272797783,-0.0306012673613123,1h_bearish_strict_engulf+oi_flush,long,2023-05-29 03:00:00,0.6005319148936166,1h_strict_engulf_v1p5_oi0,1.8476895392659491,5.724239893317468
396335,3035,393300,405972,-9777.285888807732,False,False,False,1916.41,0.014430976053766198,393300,1889.1477539999998,0.5065502183406053,-2.768004077741889,1.3905271535014343,-0.004122292833985464,-0.004979516259749017,1h_bearish_strict_engulf+oi_flush,long,2023-07-02 13:00:00,0.4294032023289657,1h_strict_engulf_v1p5_oi0,1.5484496449094747,0.8005729533445434
412511,2795,409716,415082,8149.520137668995,False,True,False,1659.75,0.01681120771200484,409716,1687.652402,0.12020460358056712,0.8916626083529999,1.2644325143634836,0.0006530743328998501,-0.00012636906665230985,1h_bullish_strict_engulf+oi_flush,short,2023-08-27 17:00:00,0.44501278772377817,1h_strict_engulf_v1p5_oi0,2.670466399576688,2.409035547665249
423815,915,422900,424061,-54.019986028957646,False,False,False,1616.83,0.022265400815175473,422900,1652.8293680000002,0.0,-1.8901152432281982,-4.1331513177190295,-0.0009708787839152189,-0.002564391016315559,1h_bullish_strict_engulf+oi_flush,short,2023-10-05 23:00:00,0.38587848932675545,1h_strict_engulf_v1p5_oi0,4.237390787246696,1.091499206473389
424907,391,424516,426094,13005.089737643139,False,True,False,1583.43,0.026931863107305,424516,1626.07472,0.8591370558375616,-5.155707826703083,-4.138981555026959,-0.03422714015021311,-0.028978284344563177,1h_bullish_strict_engulf+oi_flush,short,2023-10-09 18:00:00,0.09454314720812246,1h_strict_engulf_v1p5_oi0,3.2964077938867855,6.942638614522463
426899,805,426094,427152,3213.8175412995042,False,True,False,1579.59,0.015212132328132233,426094,1555.921122,0.3891591382904705,2.1022903947972598,4.848268301394462,-0.04169122612261733,-0.0416014863831925,1h_bearish_strict_engulf+oi_flush,long,2023-10-16 16:00:00,0.540653231410712,1h_strict_engulf_v1p5_oi0,4.2173768009956,17.16540646530305
428351,463,427888,455796,131352.1926257087,True,True,False,1621.67,0.028002974203216846,427888,1577.495436,0.09505703422053308,0.9783853048432629,4.16613011723088,0.013417728304760734,-0.00048259957544405374,1h_bearish_strict_engulf+oi_flush,long,2023-10-21 17:00:00,0.10755024443237554,1h_strict_engulf_v1p5_oi0,2.3867388475449083,5.192892917442797
460943,1403,459540,476244,176532.66314368136,True,True,False,2501.84,0.05217672656105199,459540,2377.7754600000003,0.9153737658674014,-3.079578224409163,-2.8231237506501614,-0.0024304382371359567,-0.0033892660625662874,1h_bearish_strict_engulf+oi_flush,long,2024-02-11 21:00:00,0.08392101551481172,1h_strict_engulf_v1p5_oi0,3.6208397337429585,1.0611367296149905
477719,899,476820,479124,-40958.31834407768,False,False,True,3487.01,0.037985410393961416,476820,3359.401746,0.4542803225253051,-25.707553248630433,-7.474573173267885,-0.0039800277833448305,-0.015619510068600184,1h_bearish_strict_engulf+oi_flush,long,2024-04-10 03:00:00,0.09589981128838822,1h_strict_engulf_v1p5_oi0,1.715535777323734,0.7413023066440655
507011,1391,505620,508788,-35698.0686171815,False,False,False,3520.66,0.009375844874841555,505620,3487.957452,0.39462886982469036,2.1926877136316456,0.3554363758510277,-0.0006898085208508764,0.0009050559589824925,1h_bearish_strict_engulf+oi_flush,long,2024-07-20 20:00:00,0.4807907497202499,1h_strict_engulf_v1p5_oi0,2.223990532737549,0.7150493948595132
511067,263,510804,514048,45422.7901226714,False,True,False,2912.93,0.027055758978073774,510804,2991.741532,0.6158408932309853,-4.275017780879402,-18.894902639456944,-0.013843974257595537,-0.00699497787651715,1h_bullish_strict_engulf+oi_flush,short,2024-08-03 22:00:00,0.1048499651081682,1h_strict_engulf_v1p5_oi0,1.8849159159648352,1.4246958300020125
516743,117,516626,517456,14924.732541245874,False,True,False,2660.09,0.0026344595551950345,516626,2653.100514,0.2470719464584522,4.873391306547221,5.129293743770184,-0.008577755923055985,-0.007753675812999017,1h_bearish_strict_engulf+oi_flush,long,2024-08-23 15:00:00,0.31818181818182567,1h_strict_engulf_v1p5_oi0,8.886793146554892,1.0629331489620888
518207,751,517456,518370,33383.91070741514,False,True,False,2510.43,0.08884262775699803,517456,2733.4631980000004,0.22609368950832112,1.154168649166209,-23.779786889942898,-0.019584887455659783,-0.013619819599842153,1h_bullish_strict_engulf+oi_flush,short,2024-08-28 17:00:00,0.608594657375148,1h_strict_engulf_v1p5_oi0,3.105003347467083,4.93499307184452
521903,463,521440,522161,-592.6942429088522,False,False,False,2346.61,0.013202266329944923,521440,2316.0331140000003,0.6996108949416329,2.4798578873409447,12.97180284999851,0.001884155497663187,-0.002581597799618307,1h_bearish_strict_engulf+oi_flush,long,2024-09-10 13:00:00,0.12140077821014443,1h_strict_engulf_v1p5_oi0,2.4174805337557137,0.28685292464562157
523991,56,523935,525467,43638.76789338497,False,True,False,2354.25,0.003889367392786225,523935,2345.1289319999996,0.14174641148324682,12.604060009210828,0.5110638612209542,-0.0009071163876847033,-0.006374106952976355,1h_bearish_strict_engulf+oi_flush,long,2024-09-17 19:00:00,0.1593899521531212,1h_strict_engulf_v1p5_oi0,3.9516338406445835,4.682555469159689
529571,721,528850,529800,3812.8622120580403,False,True,False,2494.75,0.041114953467618065,528850,2396.22915,0.2940868655154363,7.215506723987723,14.196428442428395,-0.024824686658515227,-0.05539079651334711,1h_bearish_strict_engulf+oi_flush,long,2024-10-07 04:00:00,0.2108843537414869,1h_strict_engulf_v1p5_oi0,2.271221830225358,3.329110205280746
534023,174,533849,535544,25782.971014758397,False,True,False,2641.79,0.0011056715333164213,533849,2644.710952,0.353475935828883,-8.793077573998666,-10.32118779520243,-0.0033678206477522066,-0.002629397145688661,1h_bullish_strict_engulf+oi_flush,short,2024-10-22 15:00:00,0.22005347593582883,1h_strict_engulf_v1p5_oi0,3.8199701722064825,3.081870445390265
537383,782,536601,538173,26850.177959806402,False,True,False,2456.91,0.062130067442437875,536601,2609.557984,0.25916091343601316,-1.6419182488676753,-7.24335143481353,-0.004752457368799257,-0.012221966986902366,1h_bullish_strict_engulf+oi_flush,short,2024-11-03 07:00:00,0.5337227827934264,1h_strict_engulf_v1p5_oi0,2.0786274934211275,0.40715908009084856
539471,1298,538173,551988,223327.4877437217,True,True,False,3195.21,0.2854175394661458,538173,2485.7370479999995,0.2495722317281856,7.604430767870696,13.149274278918156,0.002966411930291235,-0.008108103396146094,1h_bearish_strict_engulf+oi_flush,long,2024-11-10 13:00:00,0.0,1h_strict_engulf_v1p5_oi0,2.704151114593859,0.7182208792329662
555539,671,554868,556884,-54210.935336000985,False,False,True,3632.63,0.05126001698389926,554868,3455.500962,0.33787972721638165,-5.532051686663856,7.411639345021584,-0.0028638403507935672,-0.0031232317882634586,1h_bearish_strict_engulf+oi_flush,long,2025-01-05 08:00:00,0.597644141351507,1h_strict_engulf_v1p5_oi0,4.391605548344723,1.690140447986317
564059,551,563508,566964,95432.27353813092,False,True,False,2828.68,0.10297237015144889,563508,3119.955884,0.34795049717433213,22.335463878949156,-46.01362627331268,-0.0011141188357068899,0.004539323319543653,1h_bullish_strict_engulf+oi_flush,short,2025-02-03 22:00:00,0.07833178338937175,1h_strict_engulf_v1p5_oi0,2.2444369459506825,1.4667204644777248
567467,503,566964,568315,-10439.274139970425,False,False,False,2686.92,0.006113242195047608,566964,2670.594012,0.4741200828157346,-6.538248410606437,1.3145091506251632,-0.0077834257145635855,-0.014137051827214142,1h_bearish_strict_engulf+oi_flush,long,2025-02-15 18:00:00,0.24361628709453406,1h_strict_engulf_v1p5_oi0,8.959314480001838,5.153729200999415
569915,30,569885,571759,123009.06667361094,True,True,False,2723.3,0.0050682884735431255,569885,2737.1024700000003,0.48535791757049995,-9.449735743369423,1.4365825488066832,-0.044424669490953916,-0.054307262899867426,1h_bullish_strict_engulf+oi_flush,short,2025-02-24 06:00:00,0.22017353579175344,1h_strict_engulf_v1p5_oi0,1.7123633096868127,3.8667378842945777
576407,671,575736,576594,-37415.57817728678,False,False,False,1889.12,0.005034194757347343,575736,1898.630198,0.0,-4.541109264233725,-0.8044198731030914,-0.005446239271240327,-0.0002850621875916115,1h_bullish_strict_engulf+oi_flush,short,2025-03-18 19:00:00,0.2934697088906379,1h_strict_engulf_v1p5_oi0,12.638523506828625,4.423760204081633
578807,157,578650,580291,70873.5770020443,False,True,False,2029.44,0.00244552093188255,578650,2034.403038,0.11483516483517255,-6.554574832055246,-10.101064192882598,-0.013487230060151512,-0.019051608088379024,1h_bullish_strict_engulf+oi_flush,short,2025-03-27 03:00:00,0.29285714285713815,1h_strict_engulf_v1p5_oi0,2.7556281396646893,11.479542373284495
580715,424,580291,580765,-7419.7157631642185,False,False,False,1893.56,0.01790511416180318,580291,1860.251976,0.3784499054820406,-0.4349719252834152,10.324671284877828,-0.0010405195251027566,0.0032777133437040806,1h_bearish_strict_engulf+oi_flush,long,2025-04-02 18:00:00,0.4302457466918748,1h_strict_engulf_v1p5_oi0,49.936847370724685,12.03671471612737
582791,65,582726,583835,-13458.047728204983,False,False,False,1667.63,0.04455421111144209,582726,1596.499236,0.0,28.227957531848624,12.76906661708884,2.7008988644050547e-05,-0.012517794007618543,1h_bearish_strict_engulf+oi_flush,long,2025-04-09 23:00:00,0.30427179615288147,1h_strict_engulf_v1p5_oi0,5.462976426415958,0.8649494130658225
584639,804,583835,585438,-14548.214225215022,False,False,False,1575.0,0.0005617523809524627,583835,1575.8847600000001,0.03473389355742933,-8.110092944794554,-8.362417749447939,-0.011495916479167811,0.019667063219172,1h_bullish_strict_engulf+oi_flush,short,2025-04-16 09:00:00,0.6151260504201644,1h_strict_engulf_v1p5_oi0,9.272974268818922,2.4855058803056886
587747,477,587270,587989,-10197.503697509062,False,False,False,1807.58,0.005445862308263605,587270,1797.7894860000001,0.11338289962825542,-0.22033814818936648,-2.9903590560715294,-0.025369264606369124,0.0015328715540614546,1h_bearish_strict_engulf+oi_flush,long,2025-04-27 04:00:00,0.6570631970260169,1h_strict_engulf_v1p5_oi0,4.400233986545773,1.8283300478738382
591275,691,590584,599220,289292.0533968997,True,True,False,2338.49,0.2709890001907529,590584,1839.897906,0.2260496823839279,32.026397985962475,53.164707312544564,-0.019616869336641418,-0.01169696573308554,1h_bearish_strict_engulf+oi_flush,long,2025-05-09 10:00:00,0.5998553943087332,1h_strict_engulf_v1p5_oi0,1.9627631715505613,7.452817377157669
600671,893,599778,603796,-107642.76290987968,False,False,True,2796.47,0.10196705732162736,599778,2537.7074399999997,0.10978584982379347,11.501475772031434,29.115188821178776,-0.008169949858266468,-0.0173439871314236,1h_bearish_strict_engulf+oi_flush,long,2025-06-11 01:00:00,0.2764976958525306,1h_strict_engulf_v1p5_oi0,2.3823823353046993,2.5098484848484848
603827,31,603796,604284,460.46536167361774,False,True,False,2305.0,0.0024068537960955094,603796,2310.547798,0.7786021505376377,-11.972130621562634,-14.22337950998331,-0.040658444941510385,-0.04244644251012808,1h_bullish_strict_engulf+oi_flush,short,2025-06-22 00:00:00,0.06129032258064321,1h_strict_engulf_v1p5_oi0,22.397576359054053,6.769457680962107
605171,887,604284,605281,39158.32696935907,False,True,False,2434.28,0.05399623290000477,604284,2309.571822,0.5191964285714313,-4.934477862959351,7.072114320614553,-0.0032141663126550313,-0.002076309900593931,1h_bearish_strict_engulf+oi_flush,long,2025-06-26 16:00:00,0.3857142857142886,1h_strict_engulf_v1p5_oi0,6.540196904285564,4.388517299974692
608063,42,608021,631188,687933.1530731542,True,True,False,2549.15,0.005337153790411886,608021,2535.617022,0.7685118619697852,5.589728664386216,-1.4238513640048085,0.005175463656689416,-0.0007895480482336126,1h_bearish_strict_engulf+oi_flush,long,2025-07-06 17:00:00,0.09202012940332233,1h_strict_engulf_v1p5_oi0,5.336557187654729,2.191114823459614
633383,755,632628,636372,-32107.348223629175,False,False,False,4339.81,0.03088961126882328,632628,4209.771786,0.2987249544626564,5.445208163131056,20.594634514126703,-0.009501331098578758,-0.004299388763663425,1h_bearish_strict_engulf+oi_flush,long,2025-10-02 15:00:00,0.0004553734062030174,1h_strict_engulf_v1p5_oi0,6.134870999216238,3.1928963010684717
643499,791,642708,649044,291923.0081585888,True,True,False,3325.46,0.0833115881712605,642708,3602.5093540000003,0.7390003324836509,4.6595372937078565,9.20406037457451,0.022402587160733844,-0.003793192613311902,1h_bullish_strict_engulf+oi_flush,short,2025-11-06 18:00:00,0.14762274188185925,1h_strict_engulf_v1p5_oi0,5.391517741821854,2.471905508518867
649643,599,649044,650032,20773.49107296276,False,True,False,2994.15,0.01306326325049545,649044,2955.54099,0.0031017369727019146,-6.107786838175485,6.447752813117816,0.0037852390665717994,-0.004422763615222314,1h_bearish_strict_engulf+oi_flush,long,2025-11-28 02:00:00,0.48232009925559205,1h_strict_engulf_v1p5_oi0,5.312146967217442,1.8389091210688622
650639,607,650032,650941,83506.40203613206,False,True,False,2843.75,0.05099327578021984,650032,2988.7621280000003,0.2313359528487285,-19.292195226862518,-24.907716810161357,-0.001452300378280591,0.01028978713052453,1h_bullish_strict_engulf+oi_flush,short,2025-12-01 13:00:00,0.2568762278978439,1h_strict_engulf_v1p5_oi0,3.5290093742082598,2.278744193496716
651827,886,650941,651829,143916.03504271363,True,True,False,3100.6,0.0841365335382247,650941,2859.97188,0.1967545638945223,-15.665916478599001,-4.633948556966985,-0.015039170134070523,-0.007223671689514544,1h_bearish_strict_engulf+oi_flush,long,2025-12-05 16:00:00,0.6431469139379873,1h_strict_engulf_v1p5_oi0,1.9348678452651846,2.1905952799146613
652643,224,652419,653371,140704.73586541507,True,True,False,3141.68,0.02004721485330241,652419,3079.935864,0.054435483870963676,10.946993140260728,7.091173714324507,-0.004027678902946086,0.0003383440045741093,1h_bearish_strict_engulf+oi_flush,long,2025-12-08 12:00:00,0.3551747311827986,1h_strict_engulf_v1p5_oi0,2.9568996595233323,1.9396477719102
659051,1467,657584,661320,153802.9006437799,True,True,False,2975.94,0.003066137720622697,657584,2966.84325,0.26578073089701454,2.431194749390529,2.727938621175308,-0.004919724503272049,0.026885765620154656,1h_bearish_strict_engulf+oi_flush,long,2025-12-30 18:00:00,0.3471760797342067,1h_strict_engulf_v1p5_oi0,1.6728003494975974,0.45194250443177214
661883,563,661320,662399,50802.65100579942,False,True,False,3102.28,0.023674435576414687,661320,3175.724728,0.5175151798225129,1.106681450775298,-13.372297873325214,-0.0036271840982735615,-0.006320791805790704,1h_bullish_strict_engulf+oi_flush,short,2026-01-09 14:00:00,0.1929005137785933,1h_strict_engulf_v1p5_oi0,2.8788002726653037,1.3059801555376775
663047,648,662399,663918,138377.42174652172,True,True,False,3132.39,0.008132511595218439,662399,3107.1213,0.2949009418642396,2.3565880076723,3.3336075619130634,-0.007757241698572059,-0.017967124925978073,1h_bearish_strict_engulf+oi_flush,long,2026-01-13 15:00:00,0.5914257875933764,1h_strict_engulf_v1p5_oi0,2.6264923654656886,4.7118953989183
671627,962,670665,671977,62265.046605071984,False,True,False,1983.13,0.03643676410522767,670665,2055.38884,0.3677266576454687,5.653738955805359,-2.6777068506303294,-0.005485644348895646,0.0038830290435303283,1h_bullish_strict_engulf+oi_flush,short,2026-02-12 10:00:00,0.16069012178619663,1h_strict_engulf_v1p5_oi0,1.6378691171596338,0.9911259048191001
672239,262,671977,672526,19636.90608833218,False,True,False,2066.19,0.026830124580511816,671977,2012.20236,0.06129597197899447,9.482548936632178,19.36344164043599,0.009099558066721247,-0.00525118150676096,1h_bearish_strict_engulf+oi_flush,long,2026-02-14 13:00:00,0.2530647985989497,1h_strict_engulf_v1p5_oi0,2.04533998229646,0.5967109722206864
672815,289,672526,673329,5801.291542028077,False,True,False,2016.44,0.004778076213524773,672526,2026.074704,0.6580502215657306,-4.241101311250466,-10.332722904356626,0.0013418102125439813,-0.005529891589080127,1h_bullish_strict_engulf+oi_flush,short,2026-02-16 13:00:00,0.03323485967503198,1h_strict_engulf_v1p5_oi0,2.2650651600587044,1.1823621430043552
676307,344,675963,676425,-31531.253458942287,False,False,False,1895.46,0.03899636288816444,675963,1969.376046,0.49696816574027564,-6.893532606868028,-17.671568386508334,-0.02941882391174888,-0.029097747456106382,1h_bullish_strict_engulf+oi_flush,short,2026-02-28 16:00:00,0.46513390601313515,1h_strict_engulf_v1p5_oi0,2.2415198363855184,2.493727485127457
678311,353,677958,678745,107714.94338189252,True,True,False,1986.07,0.032974470184837346,677958,2051.559606,0.1460973982655139,-1.7520622209519345,-15.22034496720753,-0.0017120450561968203,0.005003232964923887,1h_bullish_strict_engulf+oi_flush,short,2026-03-07 15:00:00,0.0,1h_strict_engulf_v1p5_oi0,2.4438936067541315,0.401874698051091
679211,466,678745,680265,138375.05150027433,True,True,False,2072.42,0.04560142048011939,678745,1982.0363280000001,0.44012441679626907,5.01187905892634,12.875398699542398,0.023792279136740424,-0.039925555818274394,1h_bearish_strict_engulf+oi_flush,long,2026-03-10 18:00:00,0.4534992223950198,1h_strict_engulf_v1p5_oi0,3.155169454572444,1.9033228475752066
684671,1006,683665,684789,175497.21646333812,True,True,False,1996.98,0.0717042133621768,683665,2140.17188,0.10393802453196425,1.5900197488314696,2.097163403637609,-0.003098976848865842,0.005434984684289157,1h_bullish_strict_engulf+oi_flush,short,2026-03-29 17:00:00,0.4893479664299498,1h_strict_engulf_v1p5_oi0,1.5478587688875987,3.0815745703197197
686051,405,685646,686759,-10664.777364131529,False,False,False,2063.1,0.008741064417624012,685646,2081.13369,0.7699443413729153,0.4271178281823964,-4.910968051588104,-0.0032297209217868605,0.025806640377199264,1h_bullish_strict_engulf+oi_flush,short,2026-04-03 12:00:00,0.11873840445270653,1h_strict_engulf_v1p5_oi0,1.6790399148168416,0.8421377065615356
687035,276,686759,687192,3790.1846076501533,False,True,False,2137.75,0.024451081331586133,686759,2086.727262,0.028554778554766076,2.556466859316515,11.244826152469788,-0.01839656843607651,-0.027178480533052274,1h_bearish_strict_engulf+oi_flush,long,2026-04-06 22:00:00,0.6305361305361454,1h_strict_engulf_v1p5_oi0,1.8170913365107595,2.9154817768596306
688487,75,688412,689818,51064.37563137896,False,True,False,2287.6,0.009700186513905251,688412,2265.623034,0.5602140945584257,5.242080910511916,3.7188198343958483,-0.00225020869144521,-0.016092165091227018,1h_bearish_strict_engulf+oi_flush,long,2026-04-11 23:00:00,0.09054415700268481,1h_strict_engulf_v1p5_oi0,5.891526575611413,1.8623065457021404
694175,164,694011,695708,72878.66758759832,False,True,False,2301.01,0.006122713267584734,694011,2287.00731,0.5082694634933411,6.8923724741165815,5.33673721502274,-0.00108202924714218,0.03298351347073769,1h_bearish_strict_engulf+oi_flush,long,2026-05-01 17:00:00,0.15086728519563483,1h_strict_engulf_v1p5_oi0,1.8538117546848383,5.167300056721498
701927,1682,700245,702222,88887.55997676263,False,True,False,1994.41,0.05065198730451592,700245,2095.43083,0.0,-6.024334567561052,-11.035779758479624,-0.013735061334851029,-0.016972845495849653,1h_bullish_strict_engulf+oi_flush,short,2026-05-28 15:00:00,0.2516519823788625,1h_strict_engulf_v1p5_oi0,2.608806841454771,0.7240770763946203
703487,704,702783,704704,687331.854913211,True,True,False,1864.51,0.0758959276163711,702783,2006.018716,0.2813218390804591,-11.225737155766268,-11.659401368763753,-0.031764759618389204,-0.038563238230891805,1h_bullish_strict_engulf+oi_flush,short,2026-06-03 01:00:00,0.19870689655172336,1h_strict_engulf_v1p5_oi0,1.721368538010078,5.607114981853186
705119,415,704704,705375,99040.20316329226,False,True,False,1677.63,0.04217329292029537,704704,1609.741884,0.0,7.305921601476864,23.225008035045825,-0.010137985456017407,-0.008911393428497894,1h_bearish_strict_engulf+oi_flush,long,2026-06-08 17:00:00,0.4631364562118183,1h_strict_engulf_v1p5_oi0,2.3050429677433812,3.0985654630906025
113578,3731,109847,136783,37135.1622576107,False,True,False,416.38,0.13972715504536382,109847,365.333052,0.6459537572254278,2.1040456843725313,3.968380065828189,-0.04986123199710968,-0.013541116093502281,1h_bearish_strict_engulf+oi_flush,long,2020-10-22 23:00:00,0.12861271676301173,1h_strict_engulf_v1p5_oiN0p5,1.899668489358376,1.166111149833224
151444,455,150989,172818,71695.46912793306,False,True,False,1605.52,0.018126726927197856,150989,1576.9353239999998,0.07913802712242238,6.915002225938,13.785039894367316,-0.009402807337354768,-0.02175012962237044,1h_bearish_strict_engulf+oi_flush,long,2021-03-03 14:00:00,0.9000557310050137,1h_strict_engulf_v1p5_oiN0p5,4.223717790030381,2.212807687485675
192979,323,192656,209936,34274.426910554714,False,True,False,2295.79,0.05167874761206548,192656,2182.9765079999997,0.007191149354640897,4.321893517753303,-3.098281077144563,-0.04968191862288085,-0.06775193852691774,1h_bearish_strict_engulf+oi_flush,long,2021-07-26 03:00:00,0.19231714812538414,1h_strict_engulf_v1p5_oiN0p5,6.26971034832511,11.723181649779383
213571,1043,212528,231248,31590.289119135792,False,True,False,3425.06,0.03630768822630581,212528,3305.06088,0.23461538461539197,4.815607222637588,-10.977197671689368,-0.009279631249333398,-0.013110759866212573,1h_bearish_strict_engulf+oi_flush,long,2021-10-05 15:00:00,0.2754437869822454,1h_strict_engulf_v1p5_oiN0p5,2.4231201402736615,0.7847922874221007
243895,3431,240464,246224,39124.28035168933,False,True,False,3158.85,0.07842365037909382,240464,3406.5785480000004,0.30156868494355893,-3.703362093614146,-19.42532653218959,0.006313827134467154,-0.007435387071418553,1h_bullish_strict_engulf+oi_flush,short,2022-01-18 22:00:00,0.14821873625568277,1h_strict_engulf_v1p5_oiN0p5,1.9729038285562244,3.0418374042066376
249019,428,248591,249284,11417.843141022488,False,True,False,2980.94,0.08289511344152234,248591,2752.75044,0.1393939393939339,5.80974260642428,27.33981932326985,-0.005668232783491489,-0.006708588085438838,1h_bearish_strict_engulf+oi_flush,long,2022-02-05 17:00:00,0.3740530303030322,1h_strict_engulf_v1p5_oiN0p5,1.9527699081933922,1.0036597396763993
255121,1055,254066,255380,-1059.6266151731543,False,False,False,2811.54,0.05458596742016897,254066,2666.013096,0.011504624407844898,1.6144304778952687,26.38661714280114,-0.061827463048971576,-0.05784556143774411,1h_bearish_strict_engulf+oi_flush,long,2022-02-26 22:00:00,0.9672907737423907,1h_strict_engulf_v1p5_oiN0p5,1.5318902503166856,0.6581334552397824
261841,42,261799,266378,9453.885492086352,False,True,False,2991.74,0.009334219109179198,261799,2964.072696,0.13926746166950507,9.984521855384946,-1.7483275702509218,-0.026692471639915283,-0.01734407696731899,1h_bearish_strict_engulf+oi_flush,long,2022-03-22 06:00:00,0.5748154457694457,1h_strict_engulf_v1p5_oiN0p5,3.5230440317688108,3.1414188114040087
275893,1792,274101,277466,25933.17423582128,False,True,False,2308.62,0.1965925072121011,274101,2762.4773940000005,0.16914688174486303,-16.54320338130293,-27.520263292788997,-0.028652524903095555,-0.03262486700654088,1h_bullish_strict_engulf+oi_flush,short,2022-05-10 01:00:00,0.25468590253322754,1h_strict_engulf_v1p5_oiN0p5,3.2534717134330675,1.7426381063053933
278509,169,278340,278781,-3047.8929082214745,False,False,False,1948.02,0.02770480898553407,278340,2001.989522,0.0879494655004886,-14.383355000839114,-9.147911274337833,-0.010487361066287781,-0.011149511689165337,1h_bullish_strict_engulf+oi_flush,short,2022-05-19 03:00:00,0.8746355685131177,1h_strict_engulf_v1p5_oiN0p5,2.628636719067636,1.4301610574261636
281941,280,281661,282267,5789.827658736322,False,True,False,1992.82,0.08523828016147705,281661,1836.297186,0.2770795930580501,13.010401155616783,26.19927961056114,0.05149397140207723,-0.047199029819426364,1h_bearish_strict_engulf+oi_flush,long,2022-05-31 01:00:00,0.2896469180131622,1h_strict_engulf_v1p5_oiN0p5,5.1742165097878745,2.399250629444247
283729,383,283346,283952,-1365.6554053572763,False,False,False,1869.81,0.04091188711187588,283346,1796.319192,0.041932059447981264,10.163472831372967,12.167160566800039,0.028548952057346755,-0.01037041106209391,1h_bearish_strict_engulf+oi_flush,long,2022-06-06 06:00:00,0.3481953290870474,1h_strict_engulf_v1p5_oiN0p5,1.6869045830265923,2.4359215234476856
285565,1613,283952,286538,43704.53024715526,False,True,False,1511.6,0.17784059539560726,283952,1780.423844,0.3625035400736328,-3.4747159379226105,-22.934672882584977,-0.029493753918395482,-0.006780718020714338,1h_bullish_strict_engulf+oi_flush,short,2022-06-12 15:00:00,0.0645709430756153,1h_strict_engulf_v1p5_oiN0p5,3.944790056804338,1.1057845739296066
291373,1503,289870,291864,16756.747354300227,False,True,False,1076.77,0.10786088951215222,289870,1192.91137,0.15925315760571582,3.0421235221944354,3.1984557413984973,-0.00980088723821304,-0.02575551209468596,1h_bullish_strict_engulf+oi_flush,short,2022-07-02 19:00:00,0.2894014277869287,1h_strict_engulf_v1p5_oiN0p5,1.8310575178116038,1.182305755642563
293029,1165,291864,293479,18880.601961238688,False,True,False,1213.07,0.11065800466405129,291864,1092.208398,0.1272621132515967,-2.1475799818570636,5.898010393169088,-0.014352434506628708,0.008934870852090437,1h_bearish_strict_engulf+oi_flush,long,2022-07-08 13:00:00,0.5504962054874432,1h_strict_engulf_v1p5_oiN0p5,1.9244698014799753,1.3192584523921589
294457,978,293479,294463,17465.501745553338,False,True,False,1082.97,0.09744706870919773,293479,1188.502252,0.23207776427704466,6.109359471303456,-3.8389965187799397,-0.02387466795980575,-0.0371630090467161,1h_bullish_strict_engulf+oi_flush,short,2022-07-13 12:00:00,0.11300121506682234,1h_strict_engulf_v1p5_oiN0p5,1.504533516658546,0.8512249659669304
296653,2190,294463,296666,87236.47471089859,False,True,False,1491.53,0.3561460460065571,294463,1099.829922,0.30554046713742583,-10.941504888767252,-8.124488304309281,-0.0111616520635901,-0.018831828095489667,1h_bearish_strict_engulf+oi_flush,long,2022-07-21 03:00:00,0.5499728408473665,1h_strict_engulf_v1p5_oiN0p5,1.7594595279364336,1.0187380068173795
305089,115,304974,305802,25299.36208357266,False,True,False,1736.37,0.049238096719017355,304974,1821.865554,0.6377374784110603,-10.937385158382186,-9.146462784144529,-0.02001821824518446,-0.06467892362426342,1h_bullish_strict_engulf+oi_flush,short,2022-08-19 10:00:00,0.351899827288431,1h_strict_engulf_v1p5_oiN0p5,2.6127601584388214,4.263280195675381
308161,142,308019,308891,1812.9776975369896,False,True,False,1527.12,0.011021697605293035,308019,1510.4720340000001,0.13473423980222432,12.143794851465163,12.118155236726494,-0.0057220131317395895,0.0019950559523462807,1h_bearish_strict_engulf+oi_flush,long,2022-08-30 02:00:00,0.1652245570663368,1h_strict_engulf_v1p5_oiN0p5,3.6196887903286803,2.895350011335808
312613,541,312072,312729,13154.85354992788,False,True,False,1603.59,0.06454799044643589,312072,1707.098512,0.33590208522211573,-1.9862532060426261,-18.71347427557967,-0.0022060805430246244,-0.04729965250165302,1h_bullish_strict_engulf+oi_flush,short,2022-09-14 13:00:00,0.07479601087942407,1h_strict_engulf_v1p5_oiN0p5,1.5685349650506284,0.677579776260449
314701,1470,313231,315107,12645.135390775773,False,True,False,1372.2,0.03701016324150985,313231,1422.985346,0.21488147497805038,1.9861152420429864,6.4172605873652415,-0.02012627453059579,-0.032685158785304314,1h_bullish_strict_engulf+oi_flush,short,2022-09-21 19:00:00,0.6736172080772628,1h_strict_engulf_v1p5_oiN0p5,29.27344034063126,13.59365452942772
315865,76,315789,316243,-17402.501966663054,False,False,False,1299.18,0.0033630736310596987,315789,1303.549238,0.5350686912508967,-3.9738250728964752,1.7225776587458697,0.004766461606535044,-0.006272213296373397,1h_bullish_strict_engulf+oi_flush,short,2022-09-25 20:00:00,0.27982646420823654,1h_strict_engulf_v1p5_oiN0p5,1.9169438462856572,2.159321409318524
324505,1508,322997,325224,33405.54589574665,False,True,False,1474.88,0.12668674871514196,322997,1309.0417559999999,0.05902319441825591,12.955512767550433,10.756350987147037,-0.09886515698613252,-0.09046878385592305,1h_bearish_strict_engulf+oi_flush,long,2022-10-25 20:00:00,0.8936451065434641,1h_strict_engulf_v1p5_oiN0p5,19.93403829287263,12.85076506393515
330877,1055,329822,331730,5934.671972629847,False,True,False,1219.01,0.018795223993240517,329822,1241.9215660000002,0.11215834118756271,-5.566425159722039,-1.9316666802504283,0.0006391116913120332,-0.006802953877663942,1h_bullish_strict_engulf+oi_flush,short,2022-11-16 23:00:00,0.6748350612629591,1h_strict_engulf_v1p5_oiN0p5,1.9219983398981884,1.2105714507831387
335089,448,334641,335631,7269.439055136987,False,True,False,1274.29,0.03579254880969085,334641,1230.2560019999999,0.17061448678338512,-2.607155231312639,5.607059045752656,-0.009862144204331624,-0.003541248144493525,1h_bearish_strict_engulf+oi_flush,long,2022-12-01 14:00:00,0.4867833848266396,1h_strict_engulf_v1p5_oiN0p5,5.93347990463955,2.5361732631433593
335965,334,335631,336080,-4439.522216757934,False,False,False,1262.73,0.0029037640667444187,335631,1266.39667,0.6085825747724357,-1.528777514913095,-5.925785906620522,-0.007577138283965668,-0.006512162787415732,1h_bullish_strict_engulf+oi_flush,short,2022-12-04 15:00:00,0.31599479843953787,1h_strict_engulf_v1p5_oiN0p5,1.9714296652944303,0.7505857155724587
345877,399,345478,355572,49025.1805000442,False,True,False,1259.91,0.0007770588126632116,345478,1258.931736,0.7586206896551823,-0.8644292985945423,-0.9262674049390789,-0.006496733569631541,-0.007963357627666534,1h_bearish_strict_engulf+oi_flush,long,2023-01-08 01:00:00,0.08463949843259473,1h_strict_engulf_v1p5_oiN0p5,4.577865032831541,0.9108309615613853
364415,202,364213,381204,46971.89962416631,False,True,False,1659.72,0.05255059965210207,364213,1576.855308,0.03335059554634934,10.636123931339029,25.209040596749198,-0.055926681919085786,-0.043771389257602156,1h_bearish_strict_engulf+oi_flush,long,2023-03-13 17:00:00,0.28928016571724574,1h_strict_engulf_v1p5_oiN0p5,1.9375613680569936,5.8587743458527495
386423,35,386388,389844,-12182.001081157709,False,False,False,1910.51,0.00015078457102113418,386388,1910.2219679999998,0.042553191489359384,7.367631137304727,6.391960717735728,0.016309248272797783,-0.0306012673613123,1h_bearish_strict_engulf+oi_flush,long,2023-05-29 03:00:00,0.6005319148936166,1h_strict_engulf_v1p5_oiN0p5,1.8476895392659491,5.724239893317468
402467,9167,393300,405972,-9777.285888807732,False,False,False,1890.28,0.0005993422153469652,393300,1889.1477539999998,0.25642427556041586,1.8605372637711568,0.3109279899343109,-0.02339336449532814,-0.027517745549330952,1h_bearish_strict_engulf+oi_flush,long,2023-07-23 20:00:00,0.6615636960087485,1h_strict_engulf_v1p5_oiN0p5,2.0136030489592494,3.083796697750765
414647,4931,409716,415082,8149.520137668995,False,True,False,1637.46,0.03065259731535419,409716,1687.652402,0.23275862068963446,1.2245643550488063,1.046213876213459,-0.002894795247354809,-0.006381680190585826,1h_bullish_strict_engulf+oi_flush,short,2023-09-04 03:00:00,0.05603448275866652,1h_strict_engulf_v1p5_oiN0p5,1.7095070979164688,3.352890142067021
424043,1143,422900,424061,-54.019986028957646,False,False,False,1647.37,0.003313990178284376,422900,1652.8293680000002,0.5444915254237283,3.753952775598303,0.6372363736286673,0.0009018679558874254,-0.008283273405231939,1h_bullish_strict_engulf+oi_flush,short,2023-10-06 18:00:00,0.11440677966102464,1h_strict_engulf_v1p5_oiN0p5,7.544914195652357,4.920916937047896
424907,391,424516,426094,13005.089737643139,False,True,False,1583.43,0.026931863107305,424516,1626.07472,0.8591370558375616,-5.155707826703083,-4.138981555026959,-0.03422714015021311,-0.028978284344563177,1h_bullish_strict_engulf+oi_flush,short,2023-10-09 18:00:00,0.09454314720812246,1h_strict_engulf_v1p5_oiN0p5,3.2964077938867855,6.942638614522463
426899,805,426094,427152,3213.8175412995042,False,True,False,1579.59,0.015212132328132233,426094,1555.921122,0.3891591382904705,2.1022903947972598,4.848268301394462,-0.04169122612261733,-0.0416014863831925,1h_bearish_strict_engulf+oi_flush,long,2023-10-16 16:00:00,0.540653231410712,1h_strict_engulf_v1p5_oiN0p5,4.2173768009956,17.16540646530305
428807,919,427888,455796,131352.1926257087,True,True,False,1682.49,0.0665577608682224,427888,1577.495436,0.4831050228310449,5.062651740851981,5.389153348887984,-0.016159258754122385,-0.01831007481758007,1h_bearish_strict_engulf+oi_flush,long,2023-10-23 07:00:00,0.505936073059376,1h_strict_engulf_v1p5_oiN0p5,3.09807815951467,1.3335207444195507
461471,1931,459540,476244,176532.66314368136,True,True,False,2608.13,0.09687817200367599,459540,2377.7754600000003,0.8299184043517662,2.9167753881944947,10.164332449583029,-0.010071494039031514,0.027756454104785222,1h_bearish_strict_engulf+oi_flush,long,2024-02-13 17:00:00,0.0,1h_strict_engulf_v1p5_oiN0p5,1.5041512980148009,7.365419244131854
477719,899,476820,479124,-40958.31834407768,False,False,True,3487.01,0.037985410393961416,476820,3359.401746,0.4542803225253051,-25.707553248630433,-7.474573173267885,-0.0039800277833448305,-0.015619510068600184,1h_bearish_strict_engulf+oi_flush,long,2024-04-10 03:00:00,0.09589981128838822,1h_strict_engulf_v1p5_oiN0p5,1.715535777323734,0.7413023066440655
511067,263,510804,514048,45422.7901226714,False,True,False,2912.93,0.027055758978073774,510804,2991.741532,0.6158408932309853,-4.275017780879402,-18.894902639456944,-0.013843974257595537,-0.00699497787651715,1h_bullish_strict_engulf+oi_flush,short,2024-08-03 22:00:00,0.1048499651081682,1h_strict_engulf_v1p5_oiN0p5,1.8849159159648352,1.4246958300020125
516743,117,516626,517456,14924.732541245874,False,True,False,2660.09,0.0026344595551950345,516626,2653.100514,0.2470719464584522,4.873391306547221,5.129293743770184,-0.008577755923055985,-0.007753675812999017,1h_bearish_strict_engulf+oi_flush,long,2024-08-23 15:00:00,0.31818181818182567,1h_strict_engulf_v1p5_oiN0p5,8.886793146554892,1.0629331489620888
518207,751,517456,518370,33383.91070741514,False,True,False,2510.43,0.08884262775699803,517456,2733.4631980000004,0.22609368950832112,1.154168649166209,-23.779786889942898,-0.019584887455659783,-0.013619819599842153,1h_bullish_strict_engulf+oi_flush,short,2024-08-28 17:00:00,0.608594657375148,1h_strict_engulf_v1p5_oiN0p5,3.105003347467083,4.93499307184452
523991,56,523935,525467,43638.76789338497,False,True,False,2354.25,0.003889367392786225,523935,2345.1289319999996,0.14174641148324682,12.604060009210828,0.5110638612209542,-0.0009071163876847033,-0.006374106952976355,1h_bearish_strict_engulf+oi_flush,long,2024-09-17 19:00:00,0.1593899521531212,1h_strict_engulf_v1p5_oiN0p5,3.9516338406445835,4.682555469159689
529571,721,528850,529800,3812.8622120580403,False,True,False,2494.75,0.041114953467618065,528850,2396.22915,0.2940868655154363,7.215506723987723,14.196428442428395,-0.024824686658515227,-0.05539079651334711,1h_bearish_strict_engulf+oi_flush,long,2024-10-07 04:00:00,0.2108843537414869,1h_strict_engulf_v1p5_oiN0p5,2.271221830225358,3.329110205280746
534299,450,533849,535544,25782.971014758397,False,True,False,2579.99,0.02508573754161847,533849,2644.710952,0.6705969049373582,-4.682681364954675,-12.923746685468126,-0.006415408997898164,-0.01319328943218312,1h_bullish_strict_engulf+oi_flush,short,2024-10-23 14:00:00,0.23618275607959982,1h_strict_engulf_v1p5_oiN0p5,2.247710991073823,1.6869082727133713
537383,782,536601,538173,26850.177959806402,False,True,False,2456.91,0.062130067442437875,536601,2609.557984,0.25916091343601316,-1.6419182488676753,-7.24335143481353,-0.004752457368799257,-0.012221966986902366,1h_bullish_strict_engulf+oi_flush,short,2024-11-03 07:00:00,0.5337227827934264,1h_strict_engulf_v1p5_oiN0p5,2.0786274934211275,0.40715908009084856
539471,1298,538173,551988,223327.4877437217,True,True,False,3195.21,0.2854175394661458,538173,2485.7370479999995,0.2495722317281856,7.604430767870696,13.149274278918156,0.002966411930291235,-0.008108103396146094,1h_bearish_strict_engulf+oi_flush,long,2024-11-10 13:00:00,0.0,1h_strict_engulf_v1p5_oiN0p5,2.704151114593859,0.7182208792329662
555983,1115,554868,556884,-54210.935336000985,False,False,True,3676.11,0.06384285243327326,554868,3455.500962,0.0,0.03258771138026262,-0.42712004248206625,-0.0023538927751546312,-0.00953449309607246,1h_bearish_strict_engulf+oi_flush,long,2025-01-06 21:00:00,0.1232876712328794,1h_strict_engulf_v1p5_oiN0p5,2.153914873342333,5.079285819878123
564971,1463,563508,566964,95432.27353813092,False,True,False,2722.67,0.14591775132498608,563508,3119.955884,0.29204504177261065,-9.10896965708729,7.414025136455692,-0.021087018028516757,-0.01899112686288751,1h_bullish_strict_engulf+oi_flush,short,2025-02-07 02:00:00,0.2602615328732281,1h_strict_engulf_v1p5_oiN0p5,7.563448309508709,3.1391700677825924
567467,503,566964,568315,-10439.274139970425,False,False,False,2686.92,0.006113242195047608,566964,2670.594012,0.4741200828157346,-6.538248410606437,1.3145091506251632,-0.0077834257145635855,-0.014137051827214142,1h_bearish_strict_engulf+oi_flush,long,2025-02-15 18:00:00,0.24361628709453406,1h_strict_engulf_v1p5_oiN0p5,8.959314480001838,5.153729200999415
569915,30,569885,571759,123009.06667361094,True,True,False,2723.3,0.0050682884735431255,569885,2737.1024700000003,0.48535791757049995,-9.449735743369423,1.4365825488066832,-0.044424669490953916,-0.054307262899867426,1h_bullish_strict_engulf+oi_flush,short,2025-02-24 06:00:00,0.22017353579175344,1h_strict_engulf_v1p5_oiN0p5,1.7123633096868127,3.8667378842945777
576407,671,575736,576594,-37415.57817728678,False,False,False,1889.12,0.005034194757347343,575736,1898.630198,0.0,-4.541109264233725,-0.8044198731030914,-0.005446239271240327,-0.0002850621875916115,1h_bullish_strict_engulf+oi_flush,short,2025-03-18 19:00:00,0.2934697088906379,1h_strict_engulf_v1p5_oiN0p5,12.638523506828625,4.423760204081633
578807,157,578650,580291,70873.5770020443,False,True,False,2029.44,0.00244552093188255,578650,2034.403038,0.11483516483517255,-6.554574832055246,-10.101064192882598,-0.013487230060151512,-0.019051608088379024,1h_bullish_strict_engulf+oi_flush,short,2025-03-27 03:00:00,0.29285714285713815,1h_strict_engulf_v1p5_oiN0p5,2.7556281396646893,11.479542373284495
582791,65,582726,583835,-13458.047728204983,False,False,False,1667.63,0.04455421111144209,582726,1596.499236,0.0,28.227957531848624,12.76906661708884,2.7008988644050547e-05,-0.012517794007618543,1h_bearish_strict_engulf+oi_flush,long,2025-04-09 23:00:00,0.30427179615288147,1h_strict_engulf_v1p5_oiN0p5,5.462976426415958,0.8649494130658225
584639,804,583835,585438,-14548.214225215022,False,False,False,1575.0,0.0005617523809524627,583835,1575.8847600000001,0.03473389355742933,-8.110092944794554,-8.362417749447939,-0.011495916479167811,0.019667063219172,1h_bullish_strict_engulf+oi_flush,short,2025-04-16 09:00:00,0.6151260504201644,1h_strict_engulf_v1p5_oiN0p5,9.272974268818922,2.4855058803056886
587747,477,587270,587989,-10197.503697509062,False,False,False,1807.58,0.005445862308263605,587270,1797.7894860000001,0.11338289962825542,-0.22033814818936648,-2.9903590560715294,-0.025369264606369124,0.0015328715540614546,1h_bearish_strict_engulf+oi_flush,long,2025-04-27 04:00:00,0.6570631970260169,1h_strict_engulf_v1p5_oiN0p5,4.400233986545773,1.8283300478738382
591275,691,590584,599220,289292.0533968997,True,True,False,2338.49,0.2709890001907529,590584,1839.897906,0.2260496823839279,32.026397985962475,53.164707312544564,-0.019616869336641418,-0.01169696573308554,1h_bearish_strict_engulf+oi_flush,long,2025-05-09 10:00:00,0.5998553943087332,1h_strict_engulf_v1p5_oiN0p5,1.9627631715505613,7.452817377157669
600671,893,599778,603796,-107642.76290987968,False,False,True,2796.47,0.10196705732162736,599778,2537.7074399999997,0.10978584982379347,11.501475772031434,29.115188821178776,-0.008169949858266468,-0.0173439871314236,1h_bearish_strict_engulf+oi_flush,long,2025-06-11 01:00:00,0.2764976958525306,1h_strict_engulf_v1p5_oiN0p5,2.3823823353046993,2.5098484848484848
603827,31,603796,604284,460.46536167361774,False,True,False,2305.0,0.0024068537960955094,603796,2310.547798,0.7786021505376377,-11.972130621562634,-14.22337950998331,-0.040658444941510385,-0.04244644251012808,1h_bullish_strict_engulf+oi_flush,short,2025-06-22 00:00:00,0.06129032258064321,1h_strict_engulf_v1p5_oiN0p5,22.397576359054053,6.769457680962107
605195,911,604284,605281,39158.32696935907,False,True,False,2428.91,0.051671126597248485,604284,2309.571822,0.6361483820047277,-5.992229273191025,7.072114320614553,-0.009631163696925071,-0.01281437384767381,1h_bearish_strict_engulf+oi_flush,long,2025-06-26 18:00:00,0.2612470402525593,1h_strict_engulf_v1p5_oiN0p5,3.201053712550788,1.5814743844679853
608303,282,608021,631188,687933.1530731542,True,True,False,2549.35,0.005416030055346521,608021,2535.617022,0.48404993065187124,2.112184029607672,4.0121539792605585,-0.005230738446968752,0.009732195792213405,1h_bearish_strict_engulf+oi_flush,long,2025-07-07 13:00:00,0.15464632454923766,1h_strict_engulf_v1p5_oiN0p5,5.571608610172909,0.24750782585616043
633383,755,632628,636372,-32107.348223629175,False,False,False,4339.81,0.03088961126882328,632628,4209.771786,0.2987249544626564,5.445208163131056,20.594634514126703,-0.009501331098578758,-0.004299388763663425,1h_bearish_strict_engulf+oi_flush,long,2025-10-02 15:00:00,0.0004553734062030174,1h_strict_engulf_v1p5_oiN0p5,6.134870999216238,3.1928963010684717
644039,1331,642708,649044,291923.0081585888,True,True,False,3404.25,0.05823877623558804,642708,3602.5093540000003,0.03978779840848558,6.571168768827539,28.086651917712103,-0.0035656015418642495,-0.013555965020169203,1h_bullish_strict_engulf+oi_flush,short,2025-11-08 15:00:00,0.3822575891541368,1h_strict_engulf_v1p5_oiN0p5,2.1211782807226527,0.20258445391931781
651827,886,650941,651829,143916.03504271363,True,True,False,3100.6,0.0841365335382247,650941,2859.97188,0.1967545638945223,-15.665916478599001,-4.633948556966985,-0.015039170134070523,-0.007223671689514544,1h_bearish_strict_engulf+oi_flush,long,2025-12-05 16:00:00,0.6431469139379873,1h_strict_engulf_v1p5_oiN0p5,1.9348678452651846,2.1905952799146613
653207,788,652419,653371,140704.73586541507,True,True,False,3315.97,0.0766360555617076,652419,3079.935864,0.2354497354497346,10.977773667471112,22.862365220783715,-0.005925288057048839,-0.00851212605380236,1h_bearish_strict_engulf+oi_flush,long,2025-12-10 11:00:00,0.03650793650793149,1h_strict_engulf_v1p5_oiN0p5,2.4651058028569737,0.898846761996425
659399,1815,657584,661320,153802.9006437799,True,True,False,2975.05,0.0027661555763016654,657584,2966.84325,0.5087719298245534,-0.7999398496547121,1.2192325593230215,-0.014130681884215512,-0.015347228294204318,1h_bearish_strict_engulf+oi_flush,long,2025-12-31 23:00:00,0.2970494417862956,1h_strict_engulf_v1p5_oiN0p5,1.923041607862475,8.596274770986971
661883,563,661320,662399,50802.65100579942,False,True,False,3102.28,0.023674435576414687,661320,3175.724728,0.5175151798225129,1.106681450775298,-13.372297873325214,-0.0036271840982735615,-0.006320791805790704,1h_bullish_strict_engulf+oi_flush,short,2026-01-09 14:00:00,0.1929005137785933,1h_strict_engulf_v1p5_oiN0p5,2.8788002726653037,1.3059801555376775
663047,648,662399,663918,138377.42174652172,True,True,False,3132.39,0.008132511595218439,662399,3107.1213,0.2949009418642396,2.3565880076723,3.3336075619130634,-0.007757241698572059,-0.017967124925978073,1h_bearish_strict_engulf+oi_flush,long,2026-01-13 15:00:00,0.5914257875933764,1h_strict_engulf_v1p5_oiN0p5,2.6264923654656886,4.7118953989183
671627,962,670665,671977,62265.046605071984,False,True,False,1983.13,0.03643676410522767,670665,2055.38884,0.3677266576454687,5.653738955805359,-2.6777068506303294,-0.005485644348895646,0.0038830290435303283,1h_bullish_strict_engulf+oi_flush,short,2026-02-12 10:00:00,0.16069012178619663,1h_strict_engulf_v1p5_oiN0p5,1.6378691171596338,0.9911259048191001
672239,262,671977,672526,19636.90608833218,False,True,False,2066.19,0.026830124580511816,671977,2012.20236,0.06129597197899447,9.482548936632178,19.36344164043599,0.009099558066721247,-0.00525118150676096,1h_bearish_strict_engulf+oi_flush,long,2026-02-14 13:00:00,0.2530647985989497,1h_strict_engulf_v1p5_oiN0p5,2.04533998229646,0.5967109722206864
672815,289,672526,673329,5801.291542028077,False,True,False,2016.44,0.004778076213524773,672526,2026.074704,0.6580502215657306,-4.241101311250466,-10.332722904356626,0.0013418102125439813,-0.005529891589080127,1h_bullish_strict_engulf+oi_flush,short,2026-02-16 13:00:00,0.03323485967503198,1h_strict_engulf_v1p5_oiN0p5,2.2650651600587044,1.1823621430043552
676307,344,675963,676425,-31531.253458942287,False,False,False,1895.46,0.03899636288816444,675963,1969.376046,0.49696816574027564,-6.893532606868028,-17.671568386508334,-0.02941882391174888,-0.029097747456106382,1h_bullish_strict_engulf+oi_flush,short,2026-02-28 16:00:00,0.46513390601313515,1h_strict_engulf_v1p5_oiN0p5,2.2415198363855184,2.493727485127457
679211,466,678745,680265,138375.05150027433,True,True,False,2072.42,0.04560142048011939,678745,1982.0363280000001,0.44012441679626907,5.01187905892634,12.875398699542398,0.023792279136740424,-0.039925555818274394,1h_bearish_strict_engulf+oi_flush,long,2026-03-10 18:00:00,0.4534992223950198,1h_strict_engulf_v1p5_oiN0p5,3.155169454572444,1.9033228475752066
684767,1102,683665,684789,175497.21646333812,True,True,False,2003.23,0.06836053773156348,683665,2140.17188,0.7587500000000001,0.7761186013651002,1.912390350332739,0.0018243962092863164,-0.009828619032717811,1h_bullish_strict_engulf+oi_flush,short,2026-03-30 01:00:00,0.04339285714285828,1h_strict_engulf_v1p5_oiN0p5,12.321605678740587,6.664894325612645
687035,276,686759,687192,3790.1846076501533,False,True,False,2137.75,0.024451081331586133,686759,2086.727262,0.028554778554766076,2.556466859316515,11.244826152469788,-0.01839656843607651,-0.027178480533052274,1h_bearish_strict_engulf+oi_flush,long,2026-04-06 22:00:00,0.6305361305361454,1h_strict_engulf_v1p5_oiN0p5,1.8170913365107595,2.9154817768596306
688487,75,688412,689818,51064.37563137896,False,True,False,2287.6,0.009700186513905251,688412,2265.623034,0.5602140945584257,5.242080910511916,3.7188198343958483,-0.00225020869144521,-0.016092165091227018,1h_bearish_strict_engulf+oi_flush,long,2026-04-11 23:00:00,0.09054415700268481,1h_strict_engulf_v1p5_oiN0p5,5.891526575611413,1.8623065457021404
701927,1682,700245,702222,88887.55997676263,False,True,False,1994.41,0.05065198730451592,700245,2095.43083,0.0,-6.024334567561052,-11.035779758479624,-0.013735061334851029,-0.016972845495849653,1h_bullish_strict_engulf+oi_flush,short,2026-05-28 15:00:00,0.2516519823788625,1h_strict_engulf_v1p5_oiN0p5,2.608806841454771,0.7240770763946203
703487,704,702783,704704,687331.854913211,True,True,False,1864.51,0.0758959276163711,702783,2006.018716,0.2813218390804591,-11.225737155766268,-11.659401368763753,-0.031764759618389204,-0.038563238230891805,1h_bullish_strict_engulf+oi_flush,short,2026-06-03 01:00:00,0.19870689655172336,1h_strict_engulf_v1p5_oiN0p5,1.721368538010078,5.607114981853186
705119,415,704704,705375,99040.20316329226,False,True,False,1677.63,0.04217329292029537,704704,1609.741884,0.0,7.305921601476864,23.225008035045825,-0.010137985456017407,-0.008911393428497894,1h_bearish_strict_engulf+oi_flush,long,2026-06-08 17:00:00,0.4631364562118183,1h_strict_engulf_v1p5_oiN0p5,2.3050429677433812,3.0985654630906025
2366,384,1982,2899,-52.4497206046708,False,False,False,175.37,0.013028270241491224,1982,173.114616,0.3014128728414466,-0.3488570256064829,1.5378636935024184,nan,nan,1h_bearish_strict_engulf+macd_bear_cross_2h,long,2019-10-01 18:00:00,0.20251177394034398,1h_strict_engulf_v1p5_macd2h,4.337886852371299,2.131218341191575
24782,9095,15687,30375,2119.0179211623945,False,True,False,123.09,0.48065270939962623,15687,182.253542,0.6728167281672819,0.036815951818303105,-1.2806394393805176,nan,nan,1h_bullish_strict_engulf+macd_bull_cross_2h,short,2019-12-18 14:00:00,0.17589175891758838,1h_strict_engulf_v1p5_macd2h,3.4910326549949624,5.4264920236371035
50990,2183,48807,55344,3600.431091184704,False,True,False,116.6,0.7240976500857634,48807,201.029786,0.27895595432300313,0.16987692897988338,1.8117616285189726,nan,nan,1h_bullish_strict_engulf+macd_bull_cross_2h,short,2020-03-18 14:00:00,0.0,1h_strict_engulf_v1p5_macd2h,3.721724660033658,1.2835198608376155
80882,19890,60992,95701,15339.936809933251,False,True,False,225.01,0.28522056100662874,60992,175.075008,0.02542372881356014,-0.08210754848479651,0.7547335323577629,nan,nan,1h_bearish_strict_engulf+macd_bear_cross_2h,long,2020-06-30 18:00:00,0.381355932203378,1h_strict_engulf_v1p5_macd2h,1.6893646940988334,0.8939075771648561
124966,15119,109847,136783,37135.1622576107,False,True,False,616.48,0.6874465549314712,109847,365.333052,0.5051706308169593,-0.1378632199646539,5.725172642967751,0.2630548507892414,0.3885997440867328,1h_bearish_strict_engulf+macd_bear_cross_2h,long,2020-12-01 12:00:00,0.38960703205791286,1h_strict_engulf_v1p5_macd2h,6.247678788421403,4.279167291048068
163588,12599,150989,172818,71695.46912793306,False,True,False,2319.15,0.47066906594325264,150989,1576.9353239999998,0.09826746074716036,-0.1588297440424995,16.823288588415828,-0.025655817298523287,-0.01231674215824119,1h_bearish_strict_engulf+macd_bear_cross_2h,long,2021-04-14 18:00:00,0.4618299945858127,1h_strict_engulf_v1p5_macd2h,2.442719592637185,2.8106333131456767
193735,1079,192656,209936,34274.426910554714,False,True,False,2275.95,0.04259023936321715,192656,2182.9765079999997,0.3181879466091396,-1.4494935213800524,-4.940380601879788,0.01765003740702653,0.09825019700287241,1h_bearish_strict_engulf+macd_bear_cross_2h,long,2021-07-28 18:00:00,0.500606714304976,1h_strict_engulf_v1p5_macd2h,2.6621532036914117,1.3424969461010325
278641,301,278340,278781,-3047.8929082214745,False,False,False,1970.15,0.016160963378422988,278340,2001.989522,0.3181052631578926,0.38808828246316907,-6.5664576537805885,-0.009972168813016213,0.012594315651396348,1h_bullish_strict_engulf+macd_bull_cross_2h,short,2022-05-19 14:00:00,0.42610526315789493,1h_strict_engulf_v1p5_macd2h,2.4087285359530353,1.8982054232104888
365867,1654,364213,381204,46971.89962416631,False,True,False,1783.56,0.13108665769858963,364213,1576.855308,0.6698635189966787,-1.1671908459970695,6.6867441509516965,-0.030994006014005704,-0.01921861549664783,1h_bearish_strict_engulf+macd_bear_cross_2h,long,2023-03-18 18:00:00,0.2784950202877191,1h_strict_engulf_v1p5_macd2h,2.0298935171285337,2.2921798459152005
400499,7199,393300,405972,-9777.285888807732,False,False,False,1918.2,0.01537849325892382,393300,1889.1477539999998,0.03722854188211119,-0.6185936660402915,-4.83971532296003,0.0005921857907622563,-0.0018130514211411874,1h_bearish_strict_engulf+macd_bear_cross_2h,long,2023-07-17 00:00:00,0.29834539813857325,1h_strict_engulf_v1p5_macd2h,3.1254493265040098,1.8431807442167916
454955,27067,427888,455796,131352.1926257087,True,True,False,2442.9,0.5485940207816868,427888,1577.495436,0.03606965174128917,-1.2651418533050132,0.4019351426357822,-0.00749932010118437,-0.01132125446787069,1h_bearish_strict_engulf+macd_bear_cross_2h,long,2024-01-22 02:00:00,0.3826699834162546,1h_strict_engulf_v1p5_macd2h,23.467870745791867,6.228741742009625
465827,6287,459540,476244,176532.66314368136,True,True,False,3289.59,0.38347377847023445,459540,2377.7754600000003,0.6777023671577553,-1.696631996420038,5.7389748235899845,-0.06392380779349305,-0.07692326257679594,1h_bearish_strict_engulf+macd_bear_cross_2h,long,2024-02-28 20:00:00,0.12795894719417328,1h_strict_engulf_v1p5_macd2h,2.2701016458480785,3.9056169571793418
539555,1382,538173,551988,223327.4877437217,True,True,False,3177.81,0.27841760356624845,538173,2485.7370479999995,0.2461744666592194,-1.8453748835711679,6.52566814542763,-0.00942851938944489,-0.007928459760189854,1h_bearish_strict_engulf+macd_bear_cross_2h,long,2024-11-10 20:00:00,0.3068245280911448,1h_strict_engulf_v1p5_macd2h,4.221130641736786,4.902665555258098
587747,477,587270,587989,-10197.503697509062,False,False,False,1807.58,0.005445862308263605,587270,1797.7894860000001,0.11338289962825542,-0.22033814818936648,-2.9903590560715294,-0.025369264606369124,0.0015328715540614546,1h_bearish_strict_engulf+macd_bear_cross_2h,long,2025-04-27 04:00:00,0.6570631970260169,1h_strict_engulf_v1p5_macd2h,4.400233986545773,1.8283300478738382
618011,9990,608021,631188,687933.1530731542,True,True,False,4225.02,0.6662689843703062,608021,2535.617022,0.20550718768982543,-5.074554586615335,24.217585571556796,-0.014453897539021265,-0.004930627782332664,1h_bearish_strict_engulf+macd_bear_cross_2h,long,2025-08-10 06:00:00,0.6936626847539986,1h_strict_engulf_v1p5_macd2h,2.684188152968298,2.2526059674346754
680123,1378,678745,680265,138375.05150027433,True,True,False,2086.27,0.05258918342086005,678745,1982.0363280000001,0.02620373403210536,-2.506981873118594,5.491013458315848,-0.01426023662439091,-0.03368647131372682,1h_bearish_strict_engulf+macd_bear_cross_2h,long,2026-03-13 22:00:00,0.32165083524402555,1h_strict_engulf_v1p5_macd2h,1.9783273589609696,1.6680061531738744
686051,405,685646,686759,-10664.777364131529,False,False,False,2063.1,0.008741064417624012,685646,2081.13369,0.7699443413729153,0.4271178281823964,-4.910968051588104,-0.0032297209217868605,0.025806640377199264,1h_bullish_strict_engulf+macd_bull_cross_2h,short,2026-04-03 12:00:00,0.11873840445270653,1h_strict_engulf_v1p5_macd2h,1.6790399148168416,0.8421377065615356
95590,34598,60992,95701,15339.936809933251,False,True,False,403.0,1.3018705216909088,60992,175.075008,0.0,-0.15535284215970324,-0.3871114999156262,nan,nan,1h_bearish_strict_engulf+macd_bear_cross_4h,long,2020-08-21 12:00:00,0.011214953271028415,1h_strict_engulf_v1p5_macd4h,17.13252363161507,8.365763642321847
112870,3023,109847,136783,37135.1622576107,False,True,False,368.44,0.008504426257058162,109847,365.333052,0.22425828970331568,-1.1107959983295908,-0.1977180306286208,nan,nan,1h_bearish_strict_engulf+macd_bear_cross_4h,long,2020-10-20 12:00:00,0.1378708551483409,1h_strict_engulf_v1p5_macd4h,15.206588264716355,8.443140076609355
160492,9503,150989,172818,71695.46912793306,False,True,False,1996.92,0.2663296773228985,150989,1576.9353239999998,0.2756807764896202,-17.046529596139273,-7.342034755972321,-0.0197217616909916,-0.055899488619624904,1h_bearish_strict_engulf+macd_bear_cross_4h,long,2021-04-04 00:00:00,0.46373685629549827,1h_strict_engulf_v1p5_macd4h,2.24183378730761,3.424777557289722
195199,2543,192656,209936,34274.426910554714,False,True,False,2599.16,0.19064955141514517,192656,2182.9765079999997,0.05037037037036498,-4.1417881297270185,-2.194044157349623,0.006987905068030598,0.055421834391493396,1h_bearish_strict_engulf+macd_bear_cross_4h,long,2021-08-02 20:00:00,0.3238518518518537,1h_strict_engulf_v1p5_macd4h,1.6006519978347165,1.1447150531796608
359507,3448,356059,362196,2902.577303465514,False,True,False,1575.89,0.01795132739130989,356059,1548.099558,0.0119987849331742,-4.610389267791495,-4.348299035172708,0.010378263272518229,0.011534787232026611,1h_bearish_strict_engulf+macd_bear_cross_4h,long,2023-02-24 16:00:00,0.12029161603888298,1h_strict_engulf_v1p5_macd4h,5.126590158367528,3.4765207546828822
566627,3119,563508,566964,95432.27353813092,False,True,False,2677.49,0.16525398190095952,563508,3119.955884,0.7316211878009597,4.84348559683564,3.3163098104105195,0.005107825672359123,0.020599552221117534,1h_bullish_strict_engulf+macd_bull_cross_4h,short,2025-02-12 20:00:00,0.05072231139648081,1h_strict_engulf_v1p5_macd4h,2.2655829364257607,0.5365122425456114
591923,1339,590584,599220,289292.0533968997,True,True,False,2455.16,0.33440012730793334,590584,1839.897906,0.21088107847857301,-18.53260935979941,-0.47421367014933935,0.009048207147539067,0.019056845482253504,1h_bearish_strict_engulf+macd_bear_cross_4h,long,2025-05-11 16:00:00,0.3689616433959204,1h_strict_engulf_v1p5_macd4h,2.7456901618148337,1.1207806017934292
651827,886,650941,651829,143916.03504271363,True,True,False,3100.6,0.0841365335382247,650941,2859.97188,0.1967545638945223,-15.665916478599001,-4.633948556966985,-0.015039170134070523,-0.007223671689514544,1h_bearish_strict_engulf+macd_bear_cross_4h,long,2025-12-05 16:00:00,0.6431469139379873,1h_strict_engulf_v1p5_macd4h,1.9348678452651846,2.1905952799146613
2066,84,1982,2899,-52.4497206046708,False,False,False,178.03,0.028393812802034013,1982,173.114616,0.0500000000000019,0.9977861769263461,1.3853226201926314,nan,nan,1h_bearish_strict_engulf,long,2019-09-30 17:00:00,0.18666666666666742,1h_strict_engulf_v2p0,4.226511163890512,6.460792131972384
4406,379,4027,5104,528.8814636934749,False,True,False,178.88,0.015987224642215914,4027,176.065206,0.2931034482758659,-0.29030539664105626,0.5716012095669216,nan,nan,1h_bearish_strict_engulf,long,2019-10-08 20:00:00,0.42241379310343286,1h_strict_engulf_v2p0,2.473637715317342,2.7478738963500984
5618,514,5104,6094,20.200317302334952,False,True,False,180.87,0.026775308232432016,5104,185.71285,0.14840989399292928,-0.3236674862974884,-1.2580479014244899,nan,nan,1h_bullish_strict_engulf,short,2019-10-13 01:00:00,0.15547703180212022,1h_strict_engulf_v2p0,3.6722417261496543,1.041434020419712
6662,51,6611,7835,72.55769383132247,False,True,False,174.08,0.015996208639705856,6611,176.86462,0.6345381526104444,-0.7593862934990092,-0.9023812928665134,nan,nan,1h_bullish_strict_engulf,short,2019-10-16 16:00:00,0.28112449799196226,1h_strict_engulf_v2p0,2.880294283062943,2.2359016966691487
9782,591,9191,10628,1124.774948054297,False,True,False,179.54,0.09420359146701585,9191,164.08281,0.22990126939351124,-0.6690670736709277,0.5181017460146302,nan,nan,1h_bearish_strict_engulf,long,2019-10-27 12:00:00,0.6332863187588162,1h_strict_engulf_v2p0,3.6113512009792124,1.427085614790958
12830,425,12405,12871,-44.11552014380868,False,False,False,189.22,0.002395822430385053,12405,188.767746,0.0,-0.30987797464085864,0.3163079380818883,nan,nan,1h_bearish_strict_engulf,long,2019-11-07 02:00:00,0.29629629629629123,1h_strict_engulf_v2p0,2.694161742038766,1.3229679824622675
13214,343,12871,13737,47.644783237674346,False,True,False,184.78,0.017655503842407327,12871,188.04238400000003,0.6917808219178176,-0.32127935997324214,-0.634955406926335,nan,nan,1h_bullish_strict_engulf,short,2019-11-08 10:00:00,0.020547945205480117,1h_strict_engulf_v2p0,2.0015010099038775,3.040049903501803
16622,935,15687,30375,2119.0179211623945,False,True,False,176.61,0.03195482701998742,15687,182.253542,0.9128205128205187,0.2382250327274782,-0.44210370278674604,nan,nan,1h_bullish_strict_engulf,short,2019-11-20 06:00:00,0.0461538461538336,1h_strict_engulf_v2p0,2.516775937484062,1.2084275985948318
49418,611,48807,55344,3600.431091184704,False,True,False,113.38,0.7730621449991182,48807,201.029786,0.24546722454672262,-6.263585561719172,-7.307852978846089,nan,nan,1h_bullish_strict_engulf,short,2020-03-13 03:00:00,0.014411901441189595,1h_strict_engulf_v2p0,3.821901129951926,37.422388045045174
58274,81,58193,59163,-690.0384291273622,False,False,False,163.38,0.01881950061681037,58193,160.362066,0.558035714285712,1.0468512494703317,0.17555902205641738,nan,nan,1h_bearish_strict_engulf,long,2020-04-12 21:00:00,0.14732142857142086,1h_strict_engulf_v2p0,2.421189339400847,2.130050867014057
62366,1374,60992,95701,15339.936809933251,False,True,False,197.12,0.1259174124955631,60992,175.075008,0.26666666666666816,-0.1066487620539367,0.02686157999607719,nan,nan,1h_bearish_strict_engulf,long,2020-04-27 02:00:00,0.6784313725490237,1h_strict_engulf_v2p0,2.81484840664135,3.5047869027110767
103678,2183,101495,105239,-3981.593289927441,False,False,False,384.4,0.03753343602647097,101495,370.494084,0.46634615384615047,-0.3890806134586313,1.5162076902420378,nan,nan,1h_bearish_strict_engulf,long,2020-09-18 14:00:00,0.31250000000000083,1h_strict_engulf_v2p0,4.030349506553538,1.793330902201311
110062,215,109847,136783,37135.1622576107,False,True,False,373.0,0.02098618769374294,109847,365.333052,0.23222748815166158,0.14437495804283884,2.7051994427936545,nan,nan,1h_bearish_strict_engulf,long,2020-10-10 18:00:00,0.7582938388625651,1h_strict_engulf_v2p0,4.807490017673068,1.4578093130099898
151444,455,150989,172818,71695.46912793306,False,True,False,1605.52,0.018126726927197856,150989,1576.9353239999998,0.07913802712242238,6.915002225938,13.785039894367316,-0.009402807337354768,-0.02175012962237044,1h_bearish_strict_engulf,long,2021-03-03 14:00:00,0.9000557310050137,1h_strict_engulf_v2p0,4.223717790030381,2.212807687485675
190459,971,189488,192080,-3721.374003860561,False,False,False,1890.17,0.027612040186861586,189488,1942.36145,0.03620474406991757,-0.5214132852602766,0.6364127390231147,0.006271170124762193,0.02008626130075042,1h_bullish_strict_engulf,short,2021-07-17 09:00:00,0.26550145651268786,1h_strict_engulf_v2p0,2.534151778616819,0.4474829926718799
192979,323,192656,209936,34274.426910554714,False,True,False,2295.79,0.05167874761206548,192656,2182.9765079999997,0.007191149354640897,4.321893517753303,-3.098281077144563,-0.04968191862288085,-0.06775193852691774,1h_bearish_strict_engulf,long,2021-07-26 03:00:00,0.19231714812538414,1h_strict_engulf_v2p0,6.26971034832511,11.723181649779383
213571,1043,212528,231248,31590.289119135792,False,True,False,3425.06,0.03630768822630581,212528,3305.06088,0.23461538461539197,4.815607222637588,-10.977197671689368,-0.009279631249333398,-0.013110759866212573,1h_bearish_strict_engulf,long,2021-10-05 15:00:00,0.2754437869822454,1h_strict_engulf_v2p0,2.4231201402736615,0.7847922874221007
240991,527,240464,246224,39124.28035168933,False,True,False,3037.28,0.12158857530421963,240464,3406.5785480000004,0.3576669568461668,-2.452930231374907,-10.327709980322936,0.019596102235240664,0.036477946019906504,1h_bullish_strict_engulf,short,2022-01-08 20:00:00,0.5270488745180915,1h_strict_engulf_v2p0,3.118276514597644,3.129791897220898
253327,1148,252179,254066,18872.726227091713,False,True,False,2655.11,0.1488675813808089,252179,3050.369804,0.5587549933422062,-2.0055254167405465,-13.991813737681383,0.03573760577720031,0.014379803376534994,1h_bullish_strict_engulf,short,2022-02-20 16:00:00,0.1018641810918758,1h_strict_engulf_v2p0,2.158551424651081,1.6089464613697955
261841,42,261799,266378,9453.885492086352,False,True,False,2991.74,0.009334219109179198,261799,2964.072696,0.13926746166950507,9.984521855384946,-1.7483275702509218,-0.026692471639915283,-0.01734407696731899,1h_bearish_strict_engulf,long,2022-03-22 06:00:00,0.5748154457694457,1h_strict_engulf_v2p0,3.5230440317688108,3.1414188114040087
272989,136,272853,273570,59.94627962015511,False,True,False,2818.66,0.0065891026232325345,272853,2837.23244,0.13268744734625357,-13.585125401813796,-5.936540881766907,0.0059691758989561805,0.02761021009776332,1h_bullish_strict_engulf,short,2022-04-29 23:00:00,0.565711878685769,1h_strict_engulf_v2p0,2.219137221634951,0.8355279296397327
275893,1792,274101,277466,25933.17423582128,False,True,False,2308.62,0.1965925072121011,274101,2762.4773940000005,0.16914688174486303,-16.54320338130293,-27.520263292788997,-0.028652524903095555,-0.03262486700654088,1h_bullish_strict_engulf,short,2022-05-10 01:00:00,0.25468590253322754,1h_strict_engulf_v2p0,3.2534717134330675,1.7426381063053933
278509,169,278340,278781,-3047.8929082214745,False,False,False,1948.02,0.02770480898553407,278340,2001.989522,0.0879494655004886,-14.383355000839114,-9.147911274337833,-0.010487361066287781,-0.011149511689165337,1h_bullish_strict_engulf,short,2022-05-19 03:00:00,0.8746355685131177,1h_strict_engulf_v2p0,2.628636719067636,1.4301610574261636
280657,795,279862,281661,9503.979987315004,False,True,False,1814.6,0.09615458172600033,279862,1989.082104,0.8181237354914265,-15.19261499815152,-12.540900275009491,0.02920225202119564,0.07830238713273596,1h_bullish_strict_engulf,short,2022-05-26 14:00:00,0.16856564796081505,1h_strict_engulf_v2p0,9.816614263411651,6.585640382072367
281797,136,281661,282267,5789.827658736322,False,True,False,1890.94,0.029757064606207972,281661,1836.297186,0.6322620519159531,13.05854639598689,21.97056775115036,0.022940594328076935,0.033831758851077254,1h_bearish_strict_engulf,long,2022-05-30 13:00:00,0.16996291718170753,1h_strict_engulf_v2p0,2.136004697757824,0.7687469041497044
283261,994,282267,283346,8742.063103900015,False,True,False,1776.04,0.079298072115493,282267,1916.876548,0.7663197729422906,3.2864914137971404,-5.306464025856066,0.008898889284644218,-5.853224832563786e-05,1h_bullish_strict_engulf,short,2022-06-04 15:00:00,0.0,1h_strict_engulf_v2p0,2.8687809561499615,0.43620099629029
285565,1613,283952,286538,43704.53024715526,False,True,False,1511.6,0.17784059539560726,283952,1780.423844,0.3625035400736328,-3.4747159379226105,-22.934672882584977,-0.029493753918395482,-0.006780718020714338,1h_bullish_strict_engulf,short,2022-06-12 15:00:00,0.0645709430756153,1h_strict_engulf_v2p0,3.944790056804338,1.1057845739296066
289573,777,288796,289870,8474.028016407072,False,True,False,1239.21,0.0855710221313315,288796,1141.5282599999998,0.0015608740894886926,0.47367128799892555,5.04356457618114,0.01596003883043262,-0.0032711966845363483,1h_bearish_strict_engulf,long,2022-06-26 13:00:00,0.13865764828304233,1h_strict_engulf_v2p0,5.072230655567956,1.571467035096397
302065,1556,300509,302229,4914.057706488122,False,True,False,1771.89,0.053927200983661994,300509,1681.2261780000001,0.1504204297726607,4.542916610223731,7.680783939255509,0.009564405128324793,0.0019515266056060465,1h_bearish_strict_engulf,long,2022-08-08 22:00:00,0.4011211460604191,1h_strict_engulf_v2p0,2.4771115436562368,1.8661430985812713
305089,115,304974,305802,25299.36208357266,False,True,False,1736.37,0.049238096719017355,304974,1821.865554,0.6377374784110603,-10.937385158382186,-9.146462784144529,-0.02001821824518446,-0.06467892362426342,1h_bullish_strict_engulf,short,2022-08-19 10:00:00,0.351899827288431,1h_strict_engulf_v2p0,2.6127601584388214,4.263280195675381
308077,58,308019,308891,1812.9776975369896,False,True,False,1535.87,0.016814588703599753,308019,1510.4720340000001,0.46588785046728903,12.64306039407801,4.723373808082208,-0.0009588885620668286,0.004032608408538474,1h_bearish_strict_engulf,long,2022-08-29 19:00:00,0.288317757009348,1h_strict_engulf_v2p0,2.4894674938567394,2.2859711848618245
314365,1134,313231,315107,12645.135390775773,False,True,False,1359.3,0.04685157507540638,313231,1422.985346,0.4919195900670067,5.2187850339555695,6.823900243350252,0.02511446910829207,0.02787996460182507,1h_bullish_strict_engulf,short,2022-09-20 15:00:00,0.002759164367360505,1h_strict_engulf_v2p0,2.788173219610095,2.0013926782253826
315901,112,315789,316243,-17402.501966663054,False,False,False,1292.65,0.008431700769736539,315789,1303.549238,0.08986873106698315,-5.738270827988334,1.7225776587458697,0.002475618673561941,0.0265140995316675,1h_bullish_strict_engulf,short,2022-09-25 23:00:00,0.03365870077415008,1h_strict_engulf_v2p0,2.555125901668458,2.2016841403099456
322069,161,321908,322432,1821.3641402574722,False,True,False,1309.11,0.011013703453548462,321908,1294.848918,0.6266829865361166,2.9879369968615546,2.6829740651525453,0.0060939879627710525,0.0104105507909944,1h_bearish_strict_engulf,long,2022-10-17 09:00:00,0.26315789473682305,1h_strict_engulf_v2p0,4.618388381636366,0.5916596423772933
324505,1508,322997,325224,33405.54589574665,False,True,False,1474.88,0.12668674871514196,322997,1309.0417559999999,0.05902319441825591,12.955512767550433,10.756350987147037,-0.09886515698613252,-0.09046878385592305,1h_bearish_strict_engulf,long,2022-10-25 20:00:00,0.8936451065434641,1h_strict_engulf_v2p0,19.93403829287263,12.85076506393515
327337,548,326789,327744,777.154318366549,False,True,False,1615.6,0.0017407732305578794,326789,1612.792494,0.0,9.319415678304889,5.4912390407513865,0.018133087341942744,0.025716350849351866,1h_bearish_strict_engulf,long,2022-11-04 16:00:00,0.9993392798149952,1h_strict_engulf_v2p0,3.969203260959787,4.683658369074991
330109,287,329822,331730,5934.671972629847,False,True,False,1235.0,0.005604506882591176,329822,1241.9215660000002,0.5839457320520008,-5.802415817392024,1.5537718091592652,0.012345504241842109,0.016107240147200885,1h_bullish_strict_engulf,short,2022-11-14 07:00:00,0.0,1h_strict_engulf_v2p0,34.21298634754696,2.27186536984286
334261,207,334054,334641,-7966.9361697529675,False,False,False,1177.93,0.013253116908475082,334054,1193.541244,0.16891111966141203,-4.50175817843804,-7.228388291050102,-0.00034737776942850296,0.004556020356787371,1h_bullish_strict_engulf,short,2022-11-28 17:00:00,0.471335128895729,1h_strict_engulf_v2p0,7.294091083510533,2.8602420864138147
334741,100,334641,335631,7269.439055136987,False,True,False,1267.87,0.030574122734497333,334641,1230.2560019999999,0.13768115942028866,8.197830719463525,8.437370925241446,0.004994747941926114,0.0017701565042662626,1h_bearish_strict_engulf,long,2022-11-30 09:00:00,0.0416666666666701,1h_strict_engulf_v2p0,3.6872191937463215,0.22395085247661328
340861,412,340449,341144,-295.2712000756874,False,False,False,1212.15,0.00999034808679311,340449,1200.1599840000001,0.746564885496169,0.04320782293714398,6.120624445401324,0.008102564768404541,0.009530644234447383,1h_bearish_strict_engulf,long,2022-12-21 15:00:00,0.07175572519084436,1h_strict_engulf_v2p0,3.5473681717595547,0.4312340616801419
345877,399,345478,355572,49025.1805000442,False,True,False,1259.91,0.0007770588126632116,345478,1258.931736,0.7586206896551823,-0.8644292985945423,-0.9262674049390789,-0.006496733569631541,-0.007963357627666534,1h_bearish_strict_engulf,long,2023-01-08 01:00:00,0.08463949843259473,1h_strict_engulf_v2p0,4.577865032831541,0.9108309615613853
359507,3448,356059,362196,2902.577303465514,False,True,False,1575.89,0.01795132739130989,356059,1548.099558,0.0119987849331742,-4.610389267791495,-4.348299035172708,0.010378263272518229,0.011534787232026611,1h_bearish_strict_engulf,long,2023-02-24 16:00:00,0.12029161603888298,1h_strict_engulf_v2p0,5.126590158367528,3.4765207546828822
365867,1654,364213,381204,46971.89962416631,False,True,False,1783.56,0.13108665769858963,364213,1576.855308,0.6698635189966787,-1.1671908459970695,6.6867441509516965,-0.030994006014005704,-0.01921861549664783,1h_bearish_strict_engulf,long,2023-03-18 18:00:00,0.2784950202877191,1h_strict_engulf_v2p0,2.0298935171285337,2.2921798459152005
399599,6299,393300,405972,-9777.285888807732,False,False,False,1981.01,0.04862628971476424,393300,1889.1477539999998,0.3972918467300475,12.796664944454463,9.866857898550563,0.006960352444348894,0.10079364639216859,1h_bearish_strict_engulf,long,2023-07-13 21:00:00,0.4557764333045209,1h_strict_engulf_v2p0,7.24916252407834,6.89445113225975
411023,1307,409716,415082,8149.520137668995,False,True,False,1663.26,0.01466541731298765,409716,1687.652402,0.6086956521739152,-0.12018891022810818,4.221755638856749,0.004562930469303339,0.00023408198000685054,1h_bullish_strict_engulf,short,2023-08-22 13:00:00,0.09130434782605515,1h_strict_engulf_v2p0,2.0972033436737787,0.5561145278204435
421847,1364,420483,422900,10642.110482847143,False,True,False,1651.04,0.0352393560622597,420483,1594.838904,0.3460026212319872,3.6362997790227087,6.940149747961936,0.0016097823737066808,0.004073386487165154,1h_bearish_strict_engulf,long,2023-09-29 03:00:00,0.0,1h_strict_engulf_v2p0,2.5163677162574536,0.669859260780467
423707,807,422900,424061,-54.019986028957646,False,False,False,1641.91,0.00665040592967947,422900,1652.8293680000002,0.3233173076923123,1.1669600629319756,-3.0690450847070716,0.0021243641868111673,0.003040084257964315,1h_bullish_strict_engulf,short,2023-10-05 14:00:00,0.4399038461538397,1h_strict_engulf_v2p0,6.231645395910526,3.3770421878124095
424859,343,424516,426094,13005.089737643139,False,True,False,1596.5,0.01852472283119333,424516,1626.07472,0.17728852838933878,-4.10500789488181,-2.333925286258058,0.01299609991154993,0.027096320630751514,1h_bullish_strict_engulf,short,2023-10-09 14:00:00,0.0034762456546898178,1h_strict_engulf_v2p0,2.3993584603047315,4.407230123025096
426899,805,426094,427152,3213.8175412995042,False,True,False,1579.59,0.015212132328132233,426094,1555.921122,0.3891591382904705,2.1022903947972598,4.848268301394462,-0.04169122612261733,-0.0416014863831925,1h_bearish_strict_engulf,long,2023-10-16 16:00:00,0.540653231410712,1h_strict_engulf_v2p0,4.2173768009956,17.16540646530305
428351,463,427888,455796,131352.1926257087,True,True,False,1621.67,0.028002974203216846,427888,1577.495436,0.09505703422053308,0.9783853048432629,4.16613011723088,0.013417728304760734,-0.00048259957544405374,1h_bearish_strict_engulf,long,2023-10-21 17:00:00,0.10755024443237554,1h_strict_engulf_v2p0,2.3867388475449083,5.192892917442797
460943,1403,459540,476244,176532.66314368136,True,True,False,2501.84,0.05217672656105199,459540,2377.7754600000003,0.9153737658674014,-3.079578224409163,-2.8231237506501614,-0.0024304382371359567,-0.0033892660625662874,1h_bearish_strict_engulf,long,2024-02-11 21:00:00,0.08392101551481172,1h_strict_engulf_v2p0,3.6208397337429585,1.0611367296149905
477119,299,476820,479124,-40958.31834407768,False,False,True,3424.65,0.0194225814395943,476820,3359.401746,0.0,4.256187544717189,15.216829937532767,0.012695602411908036,0.015185844096499146,1h_bearish_strict_engulf,long,2024-04-08 01:00:00,0.1276787322168219,1h_strict_engulf_v2p0,5.4709180622009566,4.299564214541961
503579,1127,502452,504180,-9433.904760260251,False,False,False,3028.16,0.00684577433160749,502452,3048.8901,0.3187279151943417,9.352006819272912,13.082944950297346,0.0032454858660802,0.0020271522697661304,1h_bullish_strict_engulf,short,2024-07-08 22:00:00,0.0,1h_strict_engulf_v2p0,2.213519353982636,1.715094609760716
506975,1355,505620,508788,-35698.0686171815,False,False,False,3498.3,0.002965216216748834,505620,3487.957452,0.2204861111111054,0.688343992648992,-0.7300324714761146,0.0031646607001012406,0.0014680241430733432,1h_bearish_strict_engulf,long,2024-07-20 17:00:00,0.4062499999999942,1h_strict_engulf_v2p0,4.5694743460285405,0.47994647343239116
511475,671,510804,514048,45422.7901226714,False,True,False,2354.87,0.2704487007775376,510804,2991.741532,0.5841380198274762,-52.45467124616438,-55.90733369284979,0.0030556898743812066,-0.025250790233664944,1h_bullish_strict_engulf,short,2024-08-05 08:00:00,0.09231363460795759,1h_strict_engulf_v2p0,2.1998220343696118,5.69466729876255
516743,117,516626,517456,14924.732541245874,False,True,False,2660.09,0.0026344595551950345,516626,2653.100514,0.2470719464584522,4.873391306547221,5.129293743770184,-0.008577755923055985,-0.007753675812999017,1h_bearish_strict_engulf,long,2024-08-23 15:00:00,0.31818181818182567,1h_strict_engulf_v2p0,8.886793146554892,1.0629331489620888
518207,751,517456,518370,33383.91070741514,False,True,False,2510.43,0.08884262775699803,517456,2733.4631980000004,0.22609368950832112,1.154168649166209,-23.779786889942898,-0.019584887455659783,-0.013619819599842153,1h_bullish_strict_engulf,short,2024-08-28 17:00:00,0.608594657375148,1h_strict_engulf_v2p0,3.105003347467083,4.93499307184452
521903,463,521440,522161,-592.6942429088522,False,False,False,2346.61,0.013202266329944923,521440,2316.0331140000003,0.6996108949416329,2.4798578873409447,12.97180284999851,0.001884155497663187,-0.002581597799618307,1h_bearish_strict_engulf,long,2024-09-10 13:00:00,0.12140077821014443,1h_strict_engulf_v2p0,2.4174805337557137,0.28685292464562157
523991,56,523935,525467,43638.76789338497,False,True,False,2354.25,0.003889367392786225,523935,2345.1289319999996,0.14174641148324682,12.604060009210828,0.5110638612209542,-0.0009071163876847033,-0.006374106952976355,1h_bearish_strict_engulf,long,2024-09-17 19:00:00,0.1593899521531212,1h_strict_engulf_v2p0,3.9516338406445835,4.682555469159689
529571,721,528850,529800,3812.8622120580403,False,True,False,2494.75,0.041114953467618065,528850,2396.22915,0.2940868655154363,7.215506723987723,14.196428442428395,-0.024824686658515227,-0.05539079651334711,1h_bearish_strict_engulf,long,2024-10-07 04:00:00,0.2108843537414869,1h_strict_engulf_v2p0,2.271221830225358,3.329110205280746
531419,623,530796,531435,5166.151034196257,False,True,False,2460.98,0.01705835038546155,530796,2419.7038439999997,0.06021251475799327,-2.1615332230053603,3.7951774010829897,0.005839610669094553,1.940296593994084e-05,1h_bearish_strict_engulf,long,2024-10-13 14:00:00,0.8878394332939499,1h_strict_engulf_v2p0,3.9305536316202607,0.40053511955992965
534023,174,533849,535544,25782.971014758397,False,True,False,2641.79,0.0011056715333164213,533849,2644.710952,0.353475935828883,-8.793077573998666,-10.32118779520243,-0.0033678206477522066,-0.002629397145688661,1h_bullish_strict_engulf,short,2024-10-22 15:00:00,0.22005347593582883,1h_strict_engulf_v2p0,3.8199701722064825,3.081870445390265
537383,782,536601,538173,26850.177959806402,False,True,False,2456.91,0.062130067442437875,536601,2609.557984,0.25916091343601316,-1.6419182488676753,-7.24335143481353,-0.004752457368799257,-0.012221966986902366,1h_bullish_strict_engulf,short,2024-11-03 07:00:00,0.5337227827934264,1h_strict_engulf_v2p0,2.0786274934211275,0.40715908009084856
539471,1298,538173,551988,223327.4877437217,True,True,False,3195.21,0.2854175394661458,538173,2485.7370479999995,0.2495722317281856,7.604430767870696,13.149274278918156,0.002966411930291235,-0.008108103396146094,1h_bearish_strict_engulf,long,2024-11-10 13:00:00,0.0,1h_strict_engulf_v2p0,2.704151114593859,0.7182208792329662
555539,671,554868,556884,-54210.935336000985,False,False,True,3632.63,0.05126001698389926,554868,3455.500962,0.33787972721638165,-5.532051686663856,7.411639345021584,-0.0028638403507935672,-0.0031232317882634586,1h_bearish_strict_engulf,long,2025-01-05 08:00:00,0.597644141351507,1h_strict_engulf_v2p0,4.391605548344723,1.690140447986317
564059,551,563508,566964,95432.27353813092,False,True,False,2828.68,0.10297237015144889,563508,3119.955884,0.34795049717433213,22.335463878949156,-46.01362627331268,-0.0011141188357068899,0.004539323319543653,1h_bullish_strict_engulf,short,2025-02-03 22:00:00,0.07833178338937175,1h_strict_engulf_v2p0,2.2444369459506825,1.4667204644777248
567467,503,566964,568315,-10439.274139970425,False,False,False,2686.92,0.006113242195047608,566964,2670.594012,0.4741200828157346,-6.538248410606437,1.3145091506251632,-0.0077834257145635855,-0.014137051827214142,1h_bearish_strict_engulf,long,2025-02-15 18:00:00,0.24361628709453406,1h_strict_engulf_v2p0,8.959314480001838,5.153729200999415
571859,100,571759,573015,-37549.85289484623,False,False,False,2504.86,0.10639048931071038,571759,2263.9927079999998,0.11282051282051665,38.08723717097102,44.238895642626055,0.015975638545098203,0.03148521356924694,1h_bearish_strict_engulf,long,2025-03-03 00:00:00,0.6333333333333379,1h_strict_engulf_v2p0,5.1006103999275965,3.2005197522458944
575123,2108,573015,575212,84737.91552441102,False,True,False,1894.61,0.14165306633027397,573015,2162.987316,0.32300884955753145,6.250669102925809,9.20994036508067,0.006414964827409886,0.014575348584285441,1h_bullish_strict_engulf,short,2025-03-14 08:00:00,0.6600294985250797,1h_strict_engulf_v2p0,4.3409948137670895,0.8452117543457185
576335,599,575736,576594,-37415.57817728678,False,False,False,1895.07,0.001878663057301333,575736,1898.630198,0.1422879908935691,-2.2651068096936227,0.916039404824069,0.008603613051190395,0.013742483481968826,1h_bullish_strict_engulf,short,2025-03-18 13:00:00,0.0,1h_strict_engulf_v2p0,4.864184252228221,5.122741882230863
578807,157,578650,580291,70873.5770020443,False,True,False,2029.44,0.00244552093188255,578650,2034.403038,0.11483516483517255,-6.554574832055246,-10.101064192882598,-0.013487230060151512,-0.019051608088379024,1h_bullish_strict_engulf,short,2025-03-27 03:00:00,0.29285714285713815,1h_strict_engulf_v2p0,2.7556281396646893,11.479542373284495
580715,424,580291,580765,-7419.7157631642185,False,False,False,1893.56,0.01790511416180318,580291,1860.251976,0.3784499054820406,-0.4349719252834152,10.324671284877828,-0.0010405195251027566,0.0032777133437040806,1h_bearish_strict_engulf,long,2025-04-02 18:00:00,0.4302457466918748,1h_strict_engulf_v2p0,49.936847370724685,12.03671471612737
580847,82,580765,582726,120301.05474534782,True,True,False,1832.42,0.007209482542211987,580765,1845.6308000000001,0.7018927444795116,-9.432201095848036,-0.3537739600020773,0.00299221334628208,0.007163999917725539,1h_bullish_strict_engulf,short,2025-04-03 05:00:00,0.20820189274447215,1h_strict_engulf_v2p0,54.56079254180096,0.15979463574400285
582791,65,582726,583835,-13458.047728204983,False,False,False,1667.63,0.04455421111144209,582726,1596.499236,0.0,28.227957531848624,12.76906661708884,2.7008988644050547e-05,-0.012517794007618543,1h_bearish_strict_engulf,long,2025-04-09 23:00:00,0.30427179615288147,1h_strict_engulf_v2p0,5.462976426415958,0.8649494130658225
584639,804,583835,585438,-14548.214225215022,False,False,False,1575.0,0.0005617523809524627,583835,1575.8847600000001,0.03473389355742933,-8.110092944794554,-8.362417749447939,-0.011495916479167811,0.019667063219172,1h_bullish_strict_engulf,short,2025-04-16 09:00:00,0.6151260504201644,1h_strict_engulf_v2p0,9.272974268818922,2.4855058803056886
587723,453,587270,587989,-10197.503697509062,False,False,False,1810.05,0.006819771778329153,587270,1797.7894860000001,0.14435695538057788,0.3715960376775449,-2.553665260304008,0.027602388456963167,0.03952193659772196,1h_bearish_strict_engulf,long,2025-04-27 02:00:00,0.6781027371578547,1h_strict_engulf_v2p0,43.69083953419934,11.467492725053976
591923,1339,590584,599220,289292.0533968997,True,True,False,2455.16,0.33440012730793334,590584,1839.897906,0.21088107847857301,-18.53260935979941,-0.47421367014933935,0.009048207147539067,0.019056845482253504,1h_bearish_strict_engulf,long,2025-05-11 16:00:00,0.3689616433959204,1h_strict_engulf_v2p0,2.7456901618148337,1.1207806017934292
600671,893,599778,603796,-107642.76290987968,False,False,True,2796.47,0.10196705732162736,599778,2537.7074399999997,0.10978584982379347,11.501475772031434,29.115188821178776,-0.008169949858266468,-0.0173439871314236,1h_bearish_strict_engulf,long,2025-06-11 01:00:00,0.2764976958525306,1h_strict_engulf_v2p0,2.3823823353046993,2.5098484848484848
603827,31,603796,604284,460.46536167361774,False,True,False,2305.0,0.0024068537960955094,603796,2310.547798,0.7786021505376377,-11.972130621562634,-14.22337950998331,-0.040658444941510385,-0.04244644251012808,1h_bullish_strict_engulf,short,2025-06-22 00:00:00,0.06129032258064321,1h_strict_engulf_v2p0,22.397576359054053,6.769457680962107
604871,587,604284,605281,39158.32696935907,False,True,False,2417.05,0.04653597561946721,604284,2309.571822,0.30664760543244896,-4.156874347401409,20.40820529840832,0.0020106449734438314,0.017716753086961967,1h_bearish_strict_engulf,long,2025-06-25 15:00:00,0.4485346676197346,1h_strict_engulf_v2p0,4.079531568228106,0.5352738372647615
608063,42,608021,631188,687933.1530731542,True,True,False,2549.15,0.005337153790411886,608021,2535.617022,0.7685118619697852,5.589728664386216,-1.4238513640048085,0.005175463656689416,-0.0007895480482336126,1h_bearish_strict_engulf,long,2025-07-06 17:00:00,0.09202012940332233,1h_strict_engulf_v2p0,5.336557187654729,2.191114823459614
633383,755,632628,636372,-32107.348223629175,False,False,False,4339.81,0.03088961126882328,632628,4209.771786,0.2987249544626564,5.445208163131056,20.594634514126703,-0.009501331098578758,-0.004299388763663425,1h_bearish_strict_engulf,long,2025-10-02 15:00:00,0.0004553734062030174,1h_strict_engulf_v2p0,6.134870999216238,3.1928963010684717
643499,791,642708,649044,291923.0081585888,True,True,False,3325.46,0.0833115881712605,642708,3602.5093540000003,0.7390003324836509,4.6595372937078565,9.20406037457451,0.022402587160733844,-0.003793192613311902,1h_bullish_strict_engulf,short,2025-11-06 18:00:00,0.14762274188185925,1h_strict_engulf_v2p0,5.391517741821854,2.471905508518867
649643,599,649044,650032,20773.49107296276,False,True,False,2994.15,0.01306326325049545,649044,2955.54099,0.0031017369727019146,-6.107786838175485,6.447752813117816,0.0037852390665717994,-0.004422763615222314,1h_bearish_strict_engulf,long,2025-11-28 02:00:00,0.48232009925559205,1h_strict_engulf_v2p0,5.312146967217442,1.8389091210688622
650639,607,650032,650941,83506.40203613206,False,True,False,2843.75,0.05099327578021984,650032,2988.7621280000003,0.2313359528487285,-19.292195226862518,-24.907716810161357,-0.001452300378280591,0.01028978713052453,1h_bullish_strict_engulf,short,2025-12-01 13:00:00,0.2568762278978439,1h_strict_engulf_v2p0,3.5290093742082598,2.278744193496716
652643,224,652419,653371,140704.73586541507,True,True,False,3141.68,0.02004721485330241,652419,3079.935864,0.054435483870963676,10.946993140260728,7.091173714324507,-0.004027678902946086,0.0003383440045741093,1h_bearish_strict_engulf,long,2025-12-08 12:00:00,0.3551747311827986,1h_strict_engulf_v2p0,2.9568996595233323,1.9396477719102
654239,868,653371,654541,108124.89278371586,True,True,False,3123.32,0.05095007171855581,653371,3282.453378,0.30284926470589235,4.776992591533578,-11.380212960776888,0.0034171415026422736,0.0001495309948584822,1h_bullish_strict_engulf,short,2025-12-14 01:00:00,0.3193933823529363,1h_strict_engulf_v2p0,4.933163156775153,0.4138737399467165
660611,3027,657584,661320,153802.9006437799,True,True,False,3185.98,0.07386192378043566,657584,2966.84325,0.08148677626875557,1.1215870839898585,2.374693443360414,-0.049772445350355965,-0.05689973265496884,1h_bearish_strict_engulf,long,2026-01-05 04:00:00,0.6976411722658982,1h_strict_engulf_v2p0,4.692103694262278,4.063940227481113
661883,563,661320,662399,50802.65100579942,False,True,False,3102.28,0.023674435576414687,661320,3175.724728,0.5175151798225129,1.106681450775298,-13.372297873325214,-0.0036271840982735615,-0.006320791805790704,1h_bullish_strict_engulf,short,2026-01-09 14:00:00,0.1929005137785933,1h_strict_engulf_v2p0,2.8788002726653037,1.3059801555376775
663047,648,662399,663918,138377.42174652172,True,True,False,3132.39,0.008132511595218439,662399,3107.1213,0.2949009418642396,2.3565880076723,3.3336075619130634,-0.007757241698572059,-0.017967124925978073,1h_bearish_strict_engulf,long,2026-01-13 15:00:00,0.5914257875933764,1h_strict_engulf_v2p0,2.6264923654656886,4.7118953989183
669155,1627,667528,670116,675483.4111797365,True,True,False,2206.88,0.3324384542884069,667528,2940.531776,0.676346604215455,-2.7751989888663715,11.23100573129102,0.047588736331232395,0.03880805046646052,1h_bullish_strict_engulf,short,2026-02-03 20:00:00,0.09798594847775209,1h_strict_engulf_v2p0,2.6944114372327586,1.6128260666226906
672239,262,671977,672526,19636.90608833218,False,True,False,2066.19,0.026830124580511816,671977,2012.20236,0.06129597197899447,9.482548936632178,19.36344164043599,0.009099558066721247,-0.00525118150676096,1h_bearish_strict_engulf,long,2026-02-14 13:00:00,0.2530647985989497,1h_strict_engulf_v2p0,2.04533998229646,0.5967109722206864
672815,289,672526,673329,5801.291542028077,False,True,False,2016.44,0.004778076213524773,672526,2026.074704,0.6580502215657306,-4.241101311250466,-10.332722904356626,0.0013418102125439813,-0.005529891589080127,1h_bullish_strict_engulf,short,2026-02-16 13:00:00,0.03323485967503198,1h_strict_engulf_v2p0,2.2650651600587044,1.1823621430043552
676307,344,675963,676425,-31531.253458942287,False,False,False,1895.46,0.03899636288816444,675963,1969.376046,0.49696816574027564,-6.893532606868028,-17.671568386508334,-0.02941882391174888,-0.029097747456106382,1h_bullish_strict_engulf,short,2026-02-28 16:00:00,0.46513390601313515,1h_strict_engulf_v2p0,2.2415198363855184,2.493727485127457
678311,353,677958,678745,107714.94338189252,True,True,False,1986.07,0.032974470184837346,677958,2051.559606,0.1460973982655139,-1.7520622209519345,-15.22034496720753,-0.0017120450561968203,0.005003232964923887,1h_bullish_strict_engulf,short,2026-03-07 15:00:00,0.0,1h_strict_engulf_v2p0,2.4438936067541315,0.401874698051091
679211,466,678745,680265,138375.05150027433,True,True,False,2072.42,0.04560142048011939,678745,1982.0363280000001,0.44012441679626907,5.01187905892634,12.875398699542398,0.023792279136740424,-0.039925555818274394,1h_bearish_strict_engulf,long,2026-03-10 18:00:00,0.4534992223950198,1h_strict_engulf_v2p0,3.155169454572444,1.9033228475752066
684767,1102,683665,684789,175497.21646333812,True,True,False,2003.23,0.06836053773156348,683665,2140.17188,0.7587500000000001,0.7761186013651002,1.912390350332739,0.0018243962092863164,-0.009828619032717811,1h_bullish_strict_engulf,short,2026-03-30 01:00:00,0.04339285714285828,1h_strict_engulf_v2p0,12.321605678740587,6.664894325612645
686675,1029,685646,686759,-10664.777364131529,False,False,False,2053.26,0.013575333859326078,685646,2081.13369,0.14769765421373127,-0.5161024107499079,-1.21418074409315,0.00355776685031417,0.006283104688594721,1h_bullish_strict_engulf,short,2026-04-05 16:00:00,0.4720532869968068,1h_strict_engulf_v2p0,5.465957936751613,3.2999189004609866
688487,75,688412,689818,51064.37563137896,False,True,False,2287.6,0.009700186513905251,688412,2265.623034,0.5602140945584257,5.242080910511916,3.7188198343958483,-0.00225020869144521,-0.016092165091227018,1h_bearish_strict_engulf,long,2026-04-11 23:00:00,0.09054415700268481,1h_strict_engulf_v2p0,5.891526575611413,1.8623065457021404
694151,140,694011,695708,72878.66758759832,False,True,False,2306.24,0.008409544611381214,694011,2287.00731,0.027718550106608852,6.38717073011005,3.0035429522872708,0.03410244255812667,0.03415376906161116,1h_bearish_strict_engulf,long,2026-05-01 15:00:00,0.074360341151385,1h_strict_engulf_v2p0,8.516769591141397,4.130190017016449
696815,490,696325,697026,-21440.91279254062,False,False,False,2329.48,0.0032670367663760747,696325,2321.8942859999997,0.7056798623063593,4.665618111183175,6.172621546122789,0.008403362221701238,0.005192006214804978,1h_bearish_strict_engulf,long,2026-05-10 21:00:00,0.013769363166967225,1h_strict_engulf_v2p0,30.574917053749168,5.708617026299636
701927,1682,700245,702222,88887.55997676263,False,True,False,1994.41,0.05065198730451592,700245,2095.43083,0.0,-6.024334567561052,-11.035779758479624,-0.013735061334851029,-0.016972845495849653,1h_bullish_strict_engulf,short,2026-05-28 15:00:00,0.2516519823788625,1h_strict_engulf_v2p0,2.608806841454771,0.7240770763946203
704255,1472,702783,704704,687331.854913211,True,True,False,1610.1,0.24589697285882872,702783,2006.018716,0.08880455407969752,-12.074895011988936,-17.281658727279122,0.029841388579518124,0.007271207818793091,1h_bullish_strict_engulf,short,2026-06-05 17:00:00,0.3013282732447836,1h_strict_engulf_v2p0,4.253743760399335,1.6595051944693735
705119,415,704704,705375,99040.20316329226,False,True,False,1677.63,0.04217329292029537,704704,1609.741884,0.0,7.305921601476864,23.225008035045825,-0.010137985456017407,-0.008911393428497894,1h_bearish_strict_engulf,long,2026-06-08 17:00:00,0.4631364562118183,1h_strict_engulf_v2p0,2.3050429677433812,3.0985654630906025
113734,3887,109847,136783,37135.1622576107,False,True,False,415.79,0.13811219029807353,109847,365.333052,0.0402144772118052,-0.4903211692110947,2.2740528639235844,0.018710101294899806,-0.06695287836077946,1h_bearish_strict_engulf+oi_flush,long,2020-10-23 12:00:00,0.8391420911528097,1h_strict_engulf_v2p0_oi0,2.3272273456469095,0.9151780116652581
151444,455,150989,172818,71695.46912793306,False,True,False,1605.52,0.018126726927197856,150989,1576.9353239999998,0.07913802712242238,6.915002225938,13.785039894367316,-0.009402807337354768,-0.02175012962237044,1h_bearish_strict_engulf+oi_flush,long,2021-03-03 14:00:00,0.9000557310050137,1h_strict_engulf_v2p0_oi0,4.223717790030381,2.212807687485675
192979,323,192656,209936,34274.426910554714,False,True,False,2295.79,0.05167874761206548,192656,2182.9765079999997,0.007191149354640897,4.321893517753303,-3.098281077144563,-0.04968191862288085,-0.06775193852691774,1h_bearish_strict_engulf+oi_flush,long,2021-07-26 03:00:00,0.19231714812538414,1h_strict_engulf_v2p0_oi0,6.26971034832511,11.723181649779383
213571,1043,212528,231248,31590.289119135792,False,True,False,3425.06,0.03630768822630581,212528,3305.06088,0.23461538461539197,4.815607222637588,-10.977197671689368,-0.009279631249333398,-0.013110759866212573,1h_bearish_strict_engulf+oi_flush,long,2021-10-05 15:00:00,0.2754437869822454,1h_strict_engulf_v2p0_oi0,2.4231201402736615,0.7847922874221007
245035,4571,240464,246224,39124.28035168933,False,True,False,2421.74,0.406665681699935,240464,3406.5785480000004,0.019534282018108265,-16.35756992348587,-58.99793082369695,0.003975328160303215,-0.024519398137889503,1h_bullish_strict_engulf+oi_flush,short,2022-01-22 21:00:00,0.29702457956015677,1h_strict_engulf_v2p0_oi0,2.5076676696424673,1.3486263930402123
261841,42,261799,266378,9453.885492086352,False,True,False,2991.74,0.009334219109179198,261799,2964.072696,0.13926746166950507,9.984521855384946,-1.7483275702509218,-0.026692471639915283,-0.01734407696731899,1h_bearish_strict_engulf+oi_flush,long,2022-03-22 06:00:00,0.5748154457694457,1h_strict_engulf_v2p0_oi0,3.5230440317688108,3.1414188114040087
275893,1792,274101,277466,25933.17423582128,False,True,False,2308.62,0.1965925072121011,274101,2762.4773940000005,0.16914688174486303,-16.54320338130293,-27.520263292788997,-0.028652524903095555,-0.03262486700654088,1h_bullish_strict_engulf+oi_flush,short,2022-05-10 01:00:00,0.25468590253322754,1h_strict_engulf_v2p0_oi0,3.2534717134330675,1.7426381063053933
278509,169,278340,278781,-3047.8929082214745,False,False,False,1948.02,0.02770480898553407,278340,2001.989522,0.0879494655004886,-14.383355000839114,-9.147911274337833,-0.010487361066287781,-0.011149511689165337,1h_bullish_strict_engulf+oi_flush,short,2022-05-19 03:00:00,0.8746355685131177,1h_strict_engulf_v2p0_oi0,2.628636719067636,1.4301610574261636
281941,280,281661,282267,5789.827658736322,False,True,False,1992.82,0.08523828016147705,281661,1836.297186,0.2770795930580501,13.010401155616783,26.19927961056114,0.05149397140207723,-0.047199029819426364,1h_bearish_strict_engulf+oi_flush,long,2022-05-31 01:00:00,0.2896469180131622,1h_strict_engulf_v2p0_oi0,5.1742165097878745,2.399250629444247
283261,994,282267,283346,8742.063103900015,False,True,False,1776.04,0.079298072115493,282267,1916.876548,0.7663197729422906,3.2864914137971404,-5.306464025856066,0.008898889284644218,-5.853224832563786e-05,1h_bullish_strict_engulf+oi_flush,short,2022-06-04 15:00:00,0.0,1h_strict_engulf_v2p0_oi0,2.8687809561499615,0.43620099629029
285565,1613,283952,286538,43704.53024715526,False,True,False,1511.6,0.17784059539560726,283952,1780.423844,0.3625035400736328,-3.4747159379226105,-22.934672882584977,-0.029493753918395482,-0.006780718020714338,1h_bullish_strict_engulf+oi_flush,short,2022-06-12 15:00:00,0.0645709430756153,1h_strict_engulf_v2p0_oi0,3.944790056804338,1.1057845739296066
289573,777,288796,289870,8474.028016407072,False,True,False,1239.21,0.0855710221313315,288796,1141.5282599999998,0.0015608740894886926,0.47367128799892555,5.04356457618114,0.01596003883043262,-0.0032711966845363483,1h_bearish_strict_engulf+oi_flush,long,2022-06-26 13:00:00,0.13865764828304233,1h_strict_engulf_v2p0_oi0,5.072230655567956,1.571467035096397
305089,115,304974,305802,25299.36208357266,False,True,False,1736.37,0.049238096719017355,304974,1821.865554,0.6377374784110603,-10.937385158382186,-9.146462784144529,-0.02001821824518446,-0.06467892362426342,1h_bullish_strict_engulf+oi_flush,short,2022-08-19 10:00:00,0.351899827288431,1h_strict_engulf_v2p0_oi0,2.6127601584388214,4.263280195675381
308077,58,308019,308891,1812.9776975369896,False,True,False,1535.87,0.016814588703599753,308019,1510.4720340000001,0.46588785046728903,12.64306039407801,4.723373808082208,-0.0009588885620668286,0.004032608408538474,1h_bearish_strict_engulf+oi_flush,long,2022-08-29 19:00:00,0.288317757009348,1h_strict_engulf_v2p0_oi0,2.4894674938567394,2.2859711848618245
314701,1470,313231,315107,12645.135390775773,False,True,False,1372.2,0.03701016324150985,313231,1422.985346,0.21488147497805038,1.9861152420429864,6.4172605873652415,-0.02012627453059579,-0.032685158785304314,1h_bullish_strict_engulf+oi_flush,short,2022-09-21 19:00:00,0.6736172080772628,1h_strict_engulf_v2p0_oi0,29.27344034063126,13.59365452942772
324505,1508,322997,325224,33405.54589574665,False,True,False,1474.88,0.12668674871514196,322997,1309.0417559999999,0.05902319441825591,12.955512767550433,10.756350987147037,-0.09886515698613252,-0.09046878385592305,1h_bearish_strict_engulf+oi_flush,long,2022-10-25 20:00:00,0.8936451065434641,1h_strict_engulf_v2p0_oi0,19.93403829287263,12.85076506393515
334261,207,334054,334641,-7966.9361697529675,False,False,False,1177.93,0.013253116908475082,334054,1193.541244,0.16891111966141203,-4.50175817843804,-7.228388291050102,-0.00034737776942850296,0.004556020356787371,1h_bullish_strict_engulf+oi_flush,short,2022-11-28 17:00:00,0.471335128895729,1h_strict_engulf_v2p0_oi0,7.294091083510533,2.8602420864138147
335089,448,334641,335631,7269.439055136987,False,True,False,1274.29,0.03579254880969085,334641,1230.2560019999999,0.17061448678338512,-2.607155231312639,5.607059045752656,-0.009862144204331624,-0.003541248144493525,1h_bearish_strict_engulf+oi_flush,long,2022-12-01 14:00:00,0.4867833848266396,1h_strict_engulf_v2p0_oi0,5.93347990463955,2.5361732631433593
345877,399,345478,355572,49025.1805000442,False,True,False,1259.91,0.0007770588126632116,345478,1258.931736,0.7586206896551823,-0.8644292985945423,-0.9262674049390789,-0.006496733569631541,-0.007963357627666534,1h_bearish_strict_engulf+oi_flush,long,2023-01-08 01:00:00,0.08463949843259473,1h_strict_engulf_v2p0_oi0,4.577865032831541,0.9108309615613853
365867,1654,364213,381204,46971.89962416631,False,True,False,1783.56,0.13108665769858963,364213,1576.855308,0.6698635189966787,-1.1671908459970695,6.6867441509516965,-0.030994006014005704,-0.01921861549664783,1h_bearish_strict_engulf+oi_flush,long,2023-03-18 18:00:00,0.2784950202877191,1h_strict_engulf_v2p0_oi0,2.0298935171285337,2.2921798459152005
400439,7139,393300,405972,-9777.285888807732,False,False,False,1932.13,0.022752188604089563,393300,1889.1477539999998,0.768888888888897,0.4664664409032957,-4.417648561976865,0.00021957389015225814,-0.002625783667900783,1h_bearish_strict_engulf+oi_flush,long,2023-07-16 19:00:00,0.15777777777778587,1h_strict_engulf_v2p0_oi0,3.3403605209355267,1.7091665460266647
412511,2795,409716,415082,8149.520137668995,False,True,False,1659.75,0.01681120771200484,409716,1687.652402,0.12020460358056712,0.8916626083529999,1.2644325143634836,0.0006530743328998501,-0.00012636906665230985,1h_bullish_strict_engulf+oi_flush,short,2023-08-27 17:00:00,0.44501278772377817,1h_strict_engulf_v2p0_oi0,2.670466399576688,2.409035547665249
423815,915,422900,424061,-54.019986028957646,False,False,False,1616.83,0.022265400815175473,422900,1652.8293680000002,0.0,-1.8901152432281982,-4.1331513177190295,-0.0009708787839152189,-0.002564391016315559,1h_bullish_strict_engulf+oi_flush,short,2023-10-05 23:00:00,0.38587848932675545,1h_strict_engulf_v2p0_oi0,4.237390787246696,1.091499206473389
424907,391,424516,426094,13005.089737643139,False,True,False,1583.43,0.026931863107305,424516,1626.07472,0.8591370558375616,-5.155707826703083,-4.138981555026959,-0.03422714015021311,-0.028978284344563177,1h_bullish_strict_engulf+oi_flush,short,2023-10-09 18:00:00,0.09454314720812246,1h_strict_engulf_v2p0_oi0,3.2964077938867855,6.942638614522463
426899,805,426094,427152,3213.8175412995042,False,True,False,1579.59,0.015212132328132233,426094,1555.921122,0.3891591382904705,2.1022903947972598,4.848268301394462,-0.04169122612261733,-0.0416014863831925,1h_bearish_strict_engulf+oi_flush,long,2023-10-16 16:00:00,0.540653231410712,1h_strict_engulf_v2p0_oi0,4.2173768009956,17.16540646530305
428351,463,427888,455796,131352.1926257087,True,True,False,1621.67,0.028002974203216846,427888,1577.495436,0.09505703422053308,0.9783853048432629,4.16613011723088,0.013417728304760734,-0.00048259957544405374,1h_bearish_strict_engulf+oi_flush,long,2023-10-21 17:00:00,0.10755024443237554,1h_strict_engulf_v2p0_oi0,2.3867388475449083,5.192892917442797
460943,1403,459540,476244,176532.66314368136,True,True,False,2501.84,0.05217672656105199,459540,2377.7754600000003,0.9153737658674014,-3.079578224409163,-2.8231237506501614,-0.0024304382371359567,-0.0033892660625662874,1h_bearish_strict_engulf+oi_flush,long,2024-02-11 21:00:00,0.08392101551481172,1h_strict_engulf_v2p0_oi0,3.6208397337429585,1.0611367296149905
507011,1391,505620,508788,-35698.0686171815,False,False,False,3520.66,0.009375844874841555,505620,3487.957452,0.39462886982469036,2.1926877136316456,0.3554363758510277,-0.0006898085208508764,0.0009050559589824925,1h_bearish_strict_engulf+oi_flush,long,2024-07-20 20:00:00,0.4807907497202499,1h_strict_engulf_v2p0_oi0,2.223990532737549,0.7150493948595132
511475,671,510804,514048,45422.7901226714,False,True,False,2354.87,0.2704487007775376,510804,2991.741532,0.5841380198274762,-52.45467124616438,-55.90733369284979,0.0030556898743812066,-0.025250790233664944,1h_bullish_strict_engulf+oi_flush,short,2024-08-05 08:00:00,0.09231363460795759,1h_strict_engulf_v2p0_oi0,2.1998220343696118,5.69466729876255
516743,117,516626,517456,14924.732541245874,False,True,False,2660.09,0.0026344595551950345,516626,2653.100514,0.2470719464584522,4.873391306547221,5.129293743770184,-0.008577755923055985,-0.007753675812999017,1h_bearish_strict_engulf+oi_flush,long,2024-08-23 15:00:00,0.31818181818182567,1h_strict_engulf_v2p0_oi0,8.886793146554892,1.0629331489620888
518207,751,517456,518370,33383.91070741514,False,True,False,2510.43,0.08884262775699803,517456,2733.4631980000004,0.22609368950832112,1.154168649166209,-23.779786889942898,-0.019584887455659783,-0.013619819599842153,1h_bullish_strict_engulf+oi_flush,short,2024-08-28 17:00:00,0.608594657375148,1h_strict_engulf_v2p0_oi0,3.105003347467083,4.93499307184452
521903,463,521440,522161,-592.6942429088522,False,False,False,2346.61,0.013202266329944923,521440,2316.0331140000003,0.6996108949416329,2.4798578873409447,12.97180284999851,0.001884155497663187,-0.002581597799618307,1h_bearish_strict_engulf+oi_flush,long,2024-09-10 13:00:00,0.12140077821014443,1h_strict_engulf_v2p0_oi0,2.4174805337557137,0.28685292464562157
523991,56,523935,525467,43638.76789338497,False,True,False,2354.25,0.003889367392786225,523935,2345.1289319999996,0.14174641148324682,12.604060009210828,0.5110638612209542,-0.0009071163876847033,-0.006374106952976355,1h_bearish_strict_engulf+oi_flush,long,2024-09-17 19:00:00,0.1593899521531212,1h_strict_engulf_v2p0_oi0,3.9516338406445835,4.682555469159689
529571,721,528850,529800,3812.8622120580403,False,True,False,2494.75,0.041114953467618065,528850,2396.22915,0.2940868655154363,7.215506723987723,14.196428442428395,-0.024824686658515227,-0.05539079651334711,1h_bearish_strict_engulf+oi_flush,long,2024-10-07 04:00:00,0.2108843537414869,1h_strict_engulf_v2p0_oi0,2.271221830225358,3.329110205280746
534023,174,533849,535544,25782.971014758397,False,True,False,2641.79,0.0011056715333164213,533849,2644.710952,0.353475935828883,-8.793077573998666,-10.32118779520243,-0.0033678206477522066,-0.002629397145688661,1h_bullish_strict_engulf+oi_flush,short,2024-10-22 15:00:00,0.22005347593582883,1h_strict_engulf_v2p0_oi0,3.8199701722064825,3.081870445390265
537383,782,536601,538173,26850.177959806402,False,True,False,2456.91,0.062130067442437875,536601,2609.557984,0.25916091343601316,-1.6419182488676753,-7.24335143481353,-0.004752457368799257,-0.012221966986902366,1h_bullish_strict_engulf+oi_flush,short,2024-11-03 07:00:00,0.5337227827934264,1h_strict_engulf_v2p0_oi0,2.0786274934211275,0.40715908009084856
539471,1298,538173,551988,223327.4877437217,True,True,False,3195.21,0.2854175394661458,538173,2485.7370479999995,0.2495722317281856,7.604430767870696,13.149274278918156,0.002966411930291235,-0.008108103396146094,1h_bearish_strict_engulf+oi_flush,long,2024-11-10 13:00:00,0.0,1h_strict_engulf_v2p0_oi0,2.704151114593859,0.7182208792329662
555539,671,554868,556884,-54210.935336000985,False,False,True,3632.63,0.05126001698389926,554868,3455.500962,0.33787972721638165,-5.532051686663856,7.411639345021584,-0.0028638403507935672,-0.0031232317882634586,1h_bearish_strict_engulf+oi_flush,long,2025-01-05 08:00:00,0.597644141351507,1h_strict_engulf_v2p0_oi0,4.391605548344723,1.690140447986317
564059,551,563508,566964,95432.27353813092,False,True,False,2828.68,0.10297237015144889,563508,3119.955884,0.34795049717433213,22.335463878949156,-46.01362627331268,-0.0011141188357068899,0.004539323319543653,1h_bullish_strict_engulf+oi_flush,short,2025-02-03 22:00:00,0.07833178338937175,1h_strict_engulf_v2p0_oi0,2.2444369459506825,1.4667204644777248
567467,503,566964,568315,-10439.274139970425,False,False,False,2686.92,0.006113242195047608,566964,2670.594012,0.4741200828157346,-6.538248410606437,1.3145091506251632,-0.0077834257145635855,-0.014137051827214142,1h_bearish_strict_engulf+oi_flush,long,2025-02-15 18:00:00,0.24361628709453406,1h_strict_engulf_v2p0_oi0,8.959314480001838,5.153729200999415
576407,671,575736,576594,-37415.57817728678,False,False,False,1889.12,0.005034194757347343,575736,1898.630198,0.0,-4.541109264233725,-0.8044198731030914,-0.005446239271240327,-0.0002850621875916115,1h_bullish_strict_engulf+oi_flush,short,2025-03-18 19:00:00,0.2934697088906379,1h_strict_engulf_v2p0_oi0,12.638523506828625,4.423760204081633
578807,157,578650,580291,70873.5770020443,False,True,False,2029.44,0.00244552093188255,578650,2034.403038,0.11483516483517255,-6.554574832055246,-10.101064192882598,-0.013487230060151512,-0.019051608088379024,1h_bullish_strict_engulf+oi_flush,short,2025-03-27 03:00:00,0.29285714285713815,1h_strict_engulf_v2p0_oi0,2.7556281396646893,11.479542373284495
580715,424,580291,580765,-7419.7157631642185,False,False,False,1893.56,0.01790511416180318,580291,1860.251976,0.3784499054820406,-0.4349719252834152,10.324671284877828,-0.0010405195251027566,0.0032777133437040806,1h_bearish_strict_engulf+oi_flush,long,2025-04-02 18:00:00,0.4302457466918748,1h_strict_engulf_v2p0_oi0,49.936847370724685,12.03671471612737
582791,65,582726,583835,-13458.047728204983,False,False,False,1667.63,0.04455421111144209,582726,1596.499236,0.0,28.227957531848624,12.76906661708884,2.7008988644050547e-05,-0.012517794007618543,1h_bearish_strict_engulf+oi_flush,long,2025-04-09 23:00:00,0.30427179615288147,1h_strict_engulf_v2p0_oi0,5.462976426415958,0.8649494130658225
584639,804,583835,585438,-14548.214225215022,False,False,False,1575.0,0.0005617523809524627,583835,1575.8847600000001,0.03473389355742933,-8.110092944794554,-8.362417749447939,-0.011495916479167811,0.019667063219172,1h_bullish_strict_engulf+oi_flush,short,2025-04-16 09:00:00,0.6151260504201644,1h_strict_engulf_v2p0_oi0,9.272974268818922,2.4855058803056886
587747,477,587270,587989,-10197.503697509062,False,False,False,1807.58,0.005445862308263605,587270,1797.7894860000001,0.11338289962825542,-0.22033814818936648,-2.9903590560715294,-0.025369264606369124,0.0015328715540614546,1h_bearish_strict_engulf+oi_flush,long,2025-04-27 04:00:00,0.6570631970260169,1h_strict_engulf_v2p0_oi0,4.400233986545773,1.8283300478738382
592163,1579,590584,599220,289292.0533968997,True,True,False,2534.7,0.37763078686823603,590584,1839.897906,0.26294146105466504,-9.130021068249363,-12.677812346424332,-0.02145558369387457,-0.035645722966679005,1h_bearish_strict_engulf+oi_flush,long,2025-05-12 12:00:00,0.2914852443154364,1h_strict_engulf_v2p0_oi0,2.6509562647418226,0.5740929037782297
600671,893,599778,603796,-107642.76290987968,False,False,True,2796.47,0.10196705732162736,599778,2537.7074399999997,0.10978584982379347,11.501475772031434,29.115188821178776,-0.008169949858266468,-0.0173439871314236,1h_bearish_strict_engulf+oi_flush,long,2025-06-11 01:00:00,0.2764976958525306,1h_strict_engulf_v2p0_oi0,2.3823823353046993,2.5098484848484848
603827,31,603796,604284,460.46536167361774,False,True,False,2305.0,0.0024068537960955094,603796,2310.547798,0.7786021505376377,-11.972130621562634,-14.22337950998331,-0.040658444941510385,-0.04244644251012808,1h_bullish_strict_engulf+oi_flush,short,2025-06-22 00:00:00,0.06129032258064321,1h_strict_engulf_v2p0_oi0,22.397576359054053,6.769457680962107
605171,887,604284,605281,39158.32696935907,False,True,False,2434.28,0.05399623290000477,604284,2309.571822,0.5191964285714313,-4.934477862959351,7.072114320614553,-0.0032141663126550313,-0.002076309900593931,1h_bearish_strict_engulf+oi_flush,long,2025-06-26 16:00:00,0.3857142857142886,1h_strict_engulf_v2p0_oi0,6.540196904285564,4.388517299974692
608063,42,608021,631188,687933.1530731542,True,True,False,2549.15,0.005337153790411886,608021,2535.617022,0.7685118619697852,5.589728664386216,-1.4238513640048085,0.005175463656689416,-0.0007895480482336126,1h_bearish_strict_engulf+oi_flush,long,2025-07-06 17:00:00,0.09202012940332233,1h_strict_engulf_v2p0_oi0,5.336557187654729,2.191114823459614
633383,755,632628,636372,-32107.348223629175,False,False,False,4339.81,0.03088961126882328,632628,4209.771786,0.2987249544626564,5.445208163131056,20.594634514126703,-0.009501331098578758,-0.004299388763663425,1h_bearish_strict_engulf+oi_flush,long,2025-10-02 15:00:00,0.0004553734062030174,1h_strict_engulf_v2p0_oi0,6.134870999216238,3.1928963010684717
643499,791,642708,649044,291923.0081585888,True,True,False,3325.46,0.0833115881712605,642708,3602.5093540000003,0.7390003324836509,4.6595372937078565,9.20406037457451,0.022402587160733844,-0.003793192613311902,1h_bullish_strict_engulf+oi_flush,short,2025-11-06 18:00:00,0.14762274188185925,1h_strict_engulf_v2p0_oi0,5.391517741821854,2.471905508518867
649643,599,649044,650032,20773.49107296276,False,True,False,2994.15,0.01306326325049545,649044,2955.54099,0.0031017369727019146,-6.107786838175485,6.447752813117816,0.0037852390665717994,-0.004422763615222314,1h_bearish_strict_engulf+oi_flush,long,2025-11-28 02:00:00,0.48232009925559205,1h_strict_engulf_v2p0_oi0,5.312146967217442,1.8389091210688622
650639,607,650032,650941,83506.40203613206,False,True,False,2843.75,0.05099327578021984,650032,2988.7621280000003,0.2313359528487285,-19.292195226862518,-24.907716810161357,-0.001452300378280591,0.01028978713052453,1h_bullish_strict_engulf+oi_flush,short,2025-12-01 13:00:00,0.2568762278978439,1h_strict_engulf_v2p0_oi0,3.5290093742082598,2.278744193496716
652643,224,652419,653371,140704.73586541507,True,True,False,3141.68,0.02004721485330241,652419,3079.935864,0.054435483870963676,10.946993140260728,7.091173714324507,-0.004027678902946086,0.0003383440045741093,1h_bearish_strict_engulf+oi_flush,long,2025-12-08 12:00:00,0.3551747311827986,1h_strict_engulf_v2p0_oi0,2.9568996595233323,1.9396477719102
660611,3027,657584,661320,153802.9006437799,True,True,False,3185.98,0.07386192378043566,657584,2966.84325,0.08148677626875557,1.1215870839898585,2.374693443360414,-0.049772445350355965,-0.05689973265496884,1h_bearish_strict_engulf+oi_flush,long,2026-01-05 04:00:00,0.6976411722658982,1h_strict_engulf_v2p0_oi0,4.692103694262278,4.063940227481113
661883,563,661320,662399,50802.65100579942,False,True,False,3102.28,0.023674435576414687,661320,3175.724728,0.5175151798225129,1.106681450775298,-13.372297873325214,-0.0036271840982735615,-0.006320791805790704,1h_bullish_strict_engulf+oi_flush,short,2026-01-09 14:00:00,0.1929005137785933,1h_strict_engulf_v2p0_oi0,2.8788002726653037,1.3059801555376775
663047,648,662399,663918,138377.42174652172,True,True,False,3132.39,0.008132511595218439,662399,3107.1213,0.2949009418642396,2.3565880076723,3.3336075619130634,-0.007757241698572059,-0.017967124925978073,1h_bearish_strict_engulf+oi_flush,long,2026-01-13 15:00:00,0.5914257875933764,1h_strict_engulf_v2p0_oi0,2.6264923654656886,4.7118953989183
672239,262,671977,672526,19636.90608833218,False,True,False,2066.19,0.026830124580511816,671977,2012.20236,0.06129597197899447,9.482548936632178,19.36344164043599,0.009099558066721247,-0.00525118150676096,1h_bearish_strict_engulf+oi_flush,long,2026-02-14 13:00:00,0.2530647985989497,1h_strict_engulf_v2p0_oi0,2.04533998229646,0.5967109722206864
672815,289,672526,673329,5801.291542028077,False,True,False,2016.44,0.004778076213524773,672526,2026.074704,0.6580502215657306,-4.241101311250466,-10.332722904356626,0.0013418102125439813,-0.005529891589080127,1h_bullish_strict_engulf+oi_flush,short,2026-02-16 13:00:00,0.03323485967503198,1h_strict_engulf_v2p0_oi0,2.2650651600587044,1.1823621430043552
676307,344,675963,676425,-31531.253458942287,False,False,False,1895.46,0.03899636288816444,675963,1969.376046,0.49696816574027564,-6.893532606868028,-17.671568386508334,-0.02941882391174888,-0.029097747456106382,1h_bullish_strict_engulf+oi_flush,short,2026-02-28 16:00:00,0.46513390601313515,1h_strict_engulf_v2p0_oi0,2.2415198363855184,2.493727485127457
678311,353,677958,678745,107714.94338189252,True,True,False,1986.07,0.032974470184837346,677958,2051.559606,0.1460973982655139,-1.7520622209519345,-15.22034496720753,-0.0017120450561968203,0.005003232964923887,1h_bullish_strict_engulf+oi_flush,short,2026-03-07 15:00:00,0.0,1h_strict_engulf_v2p0_oi0,2.4438936067541315,0.401874698051091
679211,466,678745,680265,138375.05150027433,True,True,False,2072.42,0.04560142048011939,678745,1982.0363280000001,0.44012441679626907,5.01187905892634,12.875398699542398,0.023792279136740424,-0.039925555818274394,1h_bearish_strict_engulf+oi_flush,long,2026-03-10 18:00:00,0.4534992223950198,1h_strict_engulf_v2p0_oi0,3.155169454572444,1.9033228475752066
684767,1102,683665,684789,175497.21646333812,True,True,False,2003.23,0.06836053773156348,683665,2140.17188,0.7587500000000001,0.7761186013651002,1.912390350332739,0.0018243962092863164,-0.009828619032717811,1h_bullish_strict_engulf+oi_flush,short,2026-03-30 01:00:00,0.04339285714285828,1h_strict_engulf_v2p0_oi0,12.321605678740587,6.664894325612645
688487,75,688412,689818,51064.37563137896,False,True,False,2287.6,0.009700186513905251,688412,2265.623034,0.5602140945584257,5.242080910511916,3.7188198343958483,-0.00225020869144521,-0.016092165091227018,1h_bearish_strict_engulf+oi_flush,long,2026-04-11 23:00:00,0.09054415700268481,1h_strict_engulf_v2p0_oi0,5.891526575611413,1.8623065457021404
701927,1682,700245,702222,88887.55997676263,False,True,False,1994.41,0.05065198730451592,700245,2095.43083,0.0,-6.024334567561052,-11.035779758479624,-0.013735061334851029,-0.016972845495849653,1h_bullish_strict_engulf+oi_flush,short,2026-05-28 15:00:00,0.2516519823788625,1h_strict_engulf_v2p0_oi0,2.608806841454771,0.7240770763946203
705119,415,704704,705375,99040.20316329226,False,True,False,1677.63,0.04217329292029537,704704,1609.741884,0.0,7.305921601476864,23.225008035045825,-0.010137985456017407,-0.008911393428497894,1h_bearish_strict_engulf+oi_flush,long,2026-06-08 17:00:00,0.4631364562118183,1h_strict_engulf_v2p0_oi0,2.3050429677433812,3.0985654630906025
113734,3887,109847,136783,37135.1622576107,False,True,False,415.79,0.13811219029807353,109847,365.333052,0.0402144772118052,-0.4903211692110947,2.2740528639235844,0.018710101294899806,-0.06695287836077946,1h_bearish_strict_engulf+oi_flush,long,2020-10-23 12:00:00,0.8391420911528097,1h_strict_engulf_v2p0_oiN0p5,2.3272273456469095,0.9151780116652581
151444,455,150989,172818,71695.46912793306,False,True,False,1605.52,0.018126726927197856,150989,1576.9353239999998,0.07913802712242238,6.915002225938,13.785039894367316,-0.009402807337354768,-0.02175012962237044,1h_bearish_strict_engulf+oi_flush,long,2021-03-03 14:00:00,0.9000557310050137,1h_strict_engulf_v2p0_oiN0p5,4.223717790030381,2.212807687485675
192979,323,192656,209936,34274.426910554714,False,True,False,2295.79,0.05167874761206548,192656,2182.9765079999997,0.007191149354640897,4.321893517753303,-3.098281077144563,-0.04968191862288085,-0.06775193852691774,1h_bearish_strict_engulf+oi_flush,long,2021-07-26 03:00:00,0.19231714812538414,1h_strict_engulf_v2p0_oiN0p5,6.26971034832511,11.723181649779383
213571,1043,212528,231248,31590.289119135792,False,True,False,3425.06,0.03630768822630581,212528,3305.06088,0.23461538461539197,4.815607222637588,-10.977197671689368,-0.009279631249333398,-0.013110759866212573,1h_bearish_strict_engulf+oi_flush,long,2021-10-05 15:00:00,0.2754437869822454,1h_strict_engulf_v2p0_oiN0p5,2.4231201402736615,0.7847922874221007
245035,4571,240464,246224,39124.28035168933,False,True,False,2421.74,0.406665681699935,240464,3406.5785480000004,0.019534282018108265,-16.35756992348587,-58.99793082369695,0.003975328160303215,-0.024519398137889503,1h_bullish_strict_engulf+oi_flush,short,2022-01-22 21:00:00,0.29702457956015677,1h_strict_engulf_v2p0_oiN0p5,2.5076676696424673,1.3486263930402123
261841,42,261799,266378,9453.885492086352,False,True,False,2991.74,0.009334219109179198,261799,2964.072696,0.13926746166950507,9.984521855384946,-1.7483275702509218,-0.026692471639915283,-0.01734407696731899,1h_bearish_strict_engulf+oi_flush,long,2022-03-22 06:00:00,0.5748154457694457,1h_strict_engulf_v2p0_oiN0p5,3.5230440317688108,3.1414188114040087
275893,1792,274101,277466,25933.17423582128,False,True,False,2308.62,0.1965925072121011,274101,2762.4773940000005,0.16914688174486303,-16.54320338130293,-27.520263292788997,-0.028652524903095555,-0.03262486700654088,1h_bullish_strict_engulf+oi_flush,short,2022-05-10 01:00:00,0.25468590253322754,1h_strict_engulf_v2p0_oiN0p5,3.2534717134330675,1.7426381063053933
278509,169,278340,278781,-3047.8929082214745,False,False,False,1948.02,0.02770480898553407,278340,2001.989522,0.0879494655004886,-14.383355000839114,-9.147911274337833,-0.010487361066287781,-0.011149511689165337,1h_bullish_strict_engulf+oi_flush,short,2022-05-19 03:00:00,0.8746355685131177,1h_strict_engulf_v2p0_oiN0p5,2.628636719067636,1.4301610574261636
281941,280,281661,282267,5789.827658736322,False,True,False,1992.82,0.08523828016147705,281661,1836.297186,0.2770795930580501,13.010401155616783,26.19927961056114,0.05149397140207723,-0.047199029819426364,1h_bearish_strict_engulf+oi_flush,long,2022-05-31 01:00:00,0.2896469180131622,1h_strict_engulf_v2p0_oiN0p5,5.1742165097878745,2.399250629444247
285565,1613,283952,286538,43704.53024715526,False,True,False,1511.6,0.17784059539560726,283952,1780.423844,0.3625035400736328,-3.4747159379226105,-22.934672882584977,-0.029493753918395482,-0.006780718020714338,1h_bullish_strict_engulf+oi_flush,short,2022-06-12 15:00:00,0.0645709430756153,1h_strict_engulf_v2p0_oiN0p5,3.944790056804338,1.1057845739296066
305089,115,304974,305802,25299.36208357266,False,True,False,1736.37,0.049238096719017355,304974,1821.865554,0.6377374784110603,-10.937385158382186,-9.146462784144529,-0.02001821824518446,-0.06467892362426342,1h_bullish_strict_engulf+oi_flush,short,2022-08-19 10:00:00,0.351899827288431,1h_strict_engulf_v2p0_oiN0p5,2.6127601584388214,4.263280195675381
308161,142,308019,308891,1812.9776975369896,False,True,False,1527.12,0.011021697605293035,308019,1510.4720340000001,0.13473423980222432,12.143794851465163,12.118155236726494,-0.0057220131317395895,0.0019950559523462807,1h_bearish_strict_engulf+oi_flush,long,2022-08-30 02:00:00,0.1652245570663368,1h_strict_engulf_v2p0_oiN0p5,3.6196887903286803,2.895350011335808
314701,1470,313231,315107,12645.135390775773,False,True,False,1372.2,0.03701016324150985,313231,1422.985346,0.21488147497805038,1.9861152420429864,6.4172605873652415,-0.02012627453059579,-0.032685158785304314,1h_bullish_strict_engulf+oi_flush,short,2022-09-21 19:00:00,0.6736172080772628,1h_strict_engulf_v2p0_oiN0p5,29.27344034063126,13.59365452942772
324505,1508,322997,325224,33405.54589574665,False,True,False,1474.88,0.12668674871514196,322997,1309.0417559999999,0.05902319441825591,12.955512767550433,10.756350987147037,-0.09886515698613252,-0.09046878385592305,1h_bearish_strict_engulf+oi_flush,long,2022-10-25 20:00:00,0.8936451065434641,1h_strict_engulf_v2p0_oiN0p5,19.93403829287263,12.85076506393515
335089,448,334641,335631,7269.439055136987,False,True,False,1274.29,0.03579254880969085,334641,1230.2560019999999,0.17061448678338512,-2.607155231312639,5.607059045752656,-0.009862144204331624,-0.003541248144493525,1h_bearish_strict_engulf+oi_flush,long,2022-12-01 14:00:00,0.4867833848266396,1h_strict_engulf_v2p0_oiN0p5,5.93347990463955,2.5361732631433593
345877,399,345478,355572,49025.1805000442,False,True,False,1259.91,0.0007770588126632116,345478,1258.931736,0.7586206896551823,-0.8644292985945423,-0.9262674049390789,-0.006496733569631541,-0.007963357627666534,1h_bearish_strict_engulf+oi_flush,long,2023-01-08 01:00:00,0.08463949843259473,1h_strict_engulf_v2p0_oiN0p5,4.577865032831541,0.9108309615613853
365867,1654,364213,381204,46971.89962416631,False,True,False,1783.56,0.13108665769858963,364213,1576.855308,0.6698635189966787,-1.1671908459970695,6.6867441509516965,-0.030994006014005704,-0.01921861549664783,1h_bearish_strict_engulf+oi_flush,long,2023-03-18 18:00:00,0.2784950202877191,1h_strict_engulf_v2p0_oiN0p5,2.0298935171285337,2.2921798459152005
402467,9167,393300,405972,-9777.285888807732,False,False,False,1890.28,0.0005993422153469652,393300,1889.1477539999998,0.25642427556041586,1.8605372637711568,0.3109279899343109,-0.02339336449532814,-0.027517745549330952,1h_bearish_strict_engulf+oi_flush,long,2023-07-23 20:00:00,0.6615636960087485,1h_strict_engulf_v2p0_oiN0p5,2.0136030489592494,3.083796697750765
424043,1143,422900,424061,-54.019986028957646,False,False,False,1647.37,0.003313990178284376,422900,1652.8293680000002,0.5444915254237283,3.753952775598303,0.6372363736286673,0.0009018679558874254,-0.008283273405231939,1h_bullish_strict_engulf+oi_flush,short,2023-10-06 18:00:00,0.11440677966102464,1h_strict_engulf_v2p0_oiN0p5,7.544914195652357,4.920916937047896
424907,391,424516,426094,13005.089737643139,False,True,False,1583.43,0.026931863107305,424516,1626.07472,0.8591370558375616,-5.155707826703083,-4.138981555026959,-0.03422714015021311,-0.028978284344563177,1h_bullish_strict_engulf+oi_flush,short,2023-10-09 18:00:00,0.09454314720812246,1h_strict_engulf_v2p0_oiN0p5,3.2964077938867855,6.942638614522463
426899,805,426094,427152,3213.8175412995042,False,True,False,1579.59,0.015212132328132233,426094,1555.921122,0.3891591382904705,2.1022903947972598,4.848268301394462,-0.04169122612261733,-0.0416014863831925,1h_bearish_strict_engulf+oi_flush,long,2023-10-16 16:00:00,0.540653231410712,1h_strict_engulf_v2p0_oiN0p5,4.2173768009956,17.16540646530305
428807,919,427888,455796,131352.1926257087,True,True,False,1682.49,0.0665577608682224,427888,1577.495436,0.4831050228310449,5.062651740851981,5.389153348887984,-0.016159258754122385,-0.01831007481758007,1h_bearish_strict_engulf+oi_flush,long,2023-10-23 07:00:00,0.505936073059376,1h_strict_engulf_v2p0_oiN0p5,3.09807815951467,1.3335207444195507
465803,6263,459540,476244,176532.66314368136,True,True,False,3322.77,0.3974279976798143,459540,2377.7754600000003,0.46874577645627785,2.422900024854883,9.696811773972186,-0.013887175949492625,-0.016610047603448197,1h_bearish_strict_engulf+oi_flush,long,2024-02-28 18:00:00,0.43323422084065344,1h_strict_engulf_v2p0_oiN0p5,11.845845078011127,6.335439705189557
511475,671,510804,514048,45422.7901226714,False,True,False,2354.87,0.2704487007775376,510804,2991.741532,0.5841380198274762,-52.45467124616438,-55.90733369284979,0.0030556898743812066,-0.025250790233664944,1h_bullish_strict_engulf+oi_flush,short,2024-08-05 08:00:00,0.09231363460795759,1h_strict_engulf_v2p0_oiN0p5,2.1998220343696118,5.69466729876255
516743,117,516626,517456,14924.732541245874,False,True,False,2660.09,0.0026344595551950345,516626,2653.100514,0.2470719464584522,4.873391306547221,5.129293743770184,-0.008577755923055985,-0.007753675812999017,1h_bearish_strict_engulf+oi_flush,long,2024-08-23 15:00:00,0.31818181818182567,1h_strict_engulf_v2p0_oiN0p5,8.886793146554892,1.0629331489620888
518207,751,517456,518370,33383.91070741514,False,True,False,2510.43,0.08884262775699803,517456,2733.4631980000004,0.22609368950832112,1.154168649166209,-23.779786889942898,-0.019584887455659783,-0.013619819599842153,1h_bullish_strict_engulf+oi_flush,short,2024-08-28 17:00:00,0.608594657375148,1h_strict_engulf_v2p0_oiN0p5,3.105003347467083,4.93499307184452
523991,56,523935,525467,43638.76789338497,False,True,False,2354.25,0.003889367392786225,523935,2345.1289319999996,0.14174641148324682,12.604060009210828,0.5110638612209542,-0.0009071163876847033,-0.006374106952976355,1h_bearish_strict_engulf+oi_flush,long,2024-09-17 19:00:00,0.1593899521531212,1h_strict_engulf_v2p0_oiN0p5,3.9516338406445835,4.682555469159689
529571,721,528850,529800,3812.8622120580403,False,True,False,2494.75,0.041114953467618065,528850,2396.22915,0.2940868655154363,7.215506723987723,14.196428442428395,-0.024824686658515227,-0.05539079651334711,1h_bearish_strict_engulf+oi_flush,long,2024-10-07 04:00:00,0.2108843537414869,1h_strict_engulf_v2p0_oiN0p5,2.271221830225358,3.329110205280746
534299,450,533849,535544,25782.971014758397,False,True,False,2579.99,0.02508573754161847,533849,2644.710952,0.6705969049373582,-4.682681364954675,-12.923746685468126,-0.006415408997898164,-0.01319328943218312,1h_bullish_strict_engulf+oi_flush,short,2024-10-23 14:00:00,0.23618275607959982,1h_strict_engulf_v2p0_oiN0p5,2.247710991073823,1.6869082727133713
537383,782,536601,538173,26850.177959806402,False,True,False,2456.91,0.062130067442437875,536601,2609.557984,0.25916091343601316,-1.6419182488676753,-7.24335143481353,-0.004752457368799257,-0.012221966986902366,1h_bullish_strict_engulf+oi_flush,short,2024-11-03 07:00:00,0.5337227827934264,1h_strict_engulf_v2p0_oiN0p5,2.0786274934211275,0.40715908009084856
539471,1298,538173,551988,223327.4877437217,True,True,False,3195.21,0.2854175394661458,538173,2485.7370479999995,0.2495722317281856,7.604430767870696,13.149274278918156,0.002966411930291235,-0.008108103396146094,1h_bearish_strict_engulf+oi_flush,long,2024-11-10 13:00:00,0.0,1h_strict_engulf_v2p0_oiN0p5,2.704151114593859,0.7182208792329662
555983,1115,554868,556884,-54210.935336000985,False,False,True,3676.11,0.06384285243327326,554868,3455.500962,0.0,0.03258771138026262,-0.42712004248206625,-0.0023538927751546312,-0.00953449309607246,1h_bearish_strict_engulf+oi_flush,long,2025-01-06 21:00:00,0.1232876712328794,1h_strict_engulf_v2p0_oiN0p5,2.153914873342333,5.079285819878123
564971,1463,563508,566964,95432.27353813092,False,True,False,2722.67,0.14591775132498608,563508,3119.955884,0.29204504177261065,-9.10896965708729,7.414025136455692,-0.021087018028516757,-0.01899112686288751,1h_bullish_strict_engulf+oi_flush,short,2025-02-07 02:00:00,0.2602615328732281,1h_strict_engulf_v2p0_oiN0p5,7.563448309508709,3.1391700677825924
567467,503,566964,568315,-10439.274139970425,False,False,False,2686.92,0.006113242195047608,566964,2670.594012,0.4741200828157346,-6.538248410606437,1.3145091506251632,-0.0077834257145635855,-0.014137051827214142,1h_bearish_strict_engulf+oi_flush,long,2025-02-15 18:00:00,0.24361628709453406,1h_strict_engulf_v2p0_oiN0p5,8.959314480001838,5.153729200999415
576407,671,575736,576594,-37415.57817728678,False,False,False,1889.12,0.005034194757347343,575736,1898.630198,0.0,-4.541109264233725,-0.8044198731030914,-0.005446239271240327,-0.0002850621875916115,1h_bullish_strict_engulf+oi_flush,short,2025-03-18 19:00:00,0.2934697088906379,1h_strict_engulf_v2p0_oiN0p5,12.638523506828625,4.423760204081633
578807,157,578650,580291,70873.5770020443,False,True,False,2029.44,0.00244552093188255,578650,2034.403038,0.11483516483517255,-6.554574832055246,-10.101064192882598,-0.013487230060151512,-0.019051608088379024,1h_bullish_strict_engulf+oi_flush,short,2025-03-27 03:00:00,0.29285714285713815,1h_strict_engulf_v2p0_oiN0p5,2.7556281396646893,11.479542373284495
582791,65,582726,583835,-13458.047728204983,False,False,False,1667.63,0.04455421111144209,582726,1596.499236,0.0,28.227957531848624,12.76906661708884,2.7008988644050547e-05,-0.012517794007618543,1h_bearish_strict_engulf+oi_flush,long,2025-04-09 23:00:00,0.30427179615288147,1h_strict_engulf_v2p0_oiN0p5,5.462976426415958,0.8649494130658225
584639,804,583835,585438,-14548.214225215022,False,False,False,1575.0,0.0005617523809524627,583835,1575.8847600000001,0.03473389355742933,-8.110092944794554,-8.362417749447939,-0.011495916479167811,0.019667063219172,1h_bullish_strict_engulf+oi_flush,short,2025-04-16 09:00:00,0.6151260504201644,1h_strict_engulf_v2p0_oiN0p5,9.272974268818922,2.4855058803056886
587747,477,587270,587989,-10197.503697509062,False,False,False,1807.58,0.005445862308263605,587270,1797.7894860000001,0.11338289962825542,-0.22033814818936648,-2.9903590560715294,-0.025369264606369124,0.0015328715540614546,1h_bearish_strict_engulf+oi_flush,long,2025-04-27 04:00:00,0.6570631970260169,1h_strict_engulf_v2p0_oiN0p5,4.400233986545773,1.8283300478738382
592163,1579,590584,599220,289292.0533968997,True,True,False,2534.7,0.37763078686823603,590584,1839.897906,0.26294146105466504,-9.130021068249363,-12.677812346424332,-0.02145558369387457,-0.035645722966679005,1h_bearish_strict_engulf+oi_flush,long,2025-05-12 12:00:00,0.2914852443154364,1h_strict_engulf_v2p0_oiN0p5,2.6509562647418226,0.5740929037782297
600671,893,599778,603796,-107642.76290987968,False,False,True,2796.47,0.10196705732162736,599778,2537.7074399999997,0.10978584982379347,11.501475772031434,29.115188821178776,-0.008169949858266468,-0.0173439871314236,1h_bearish_strict_engulf+oi_flush,long,2025-06-11 01:00:00,0.2764976958525306,1h_strict_engulf_v2p0_oiN0p5,2.3823823353046993,2.5098484848484848
603827,31,603796,604284,460.46536167361774,False,True,False,2305.0,0.0024068537960955094,603796,2310.547798,0.7786021505376377,-11.972130621562634,-14.22337950998331,-0.040658444941510385,-0.04244644251012808,1h_bullish_strict_engulf+oi_flush,short,2025-06-22 00:00:00,0.06129032258064321,1h_strict_engulf_v2p0_oiN0p5,22.397576359054053,6.769457680962107
605195,911,604284,605281,39158.32696935907,False,True,False,2428.91,0.051671126597248485,604284,2309.571822,0.6361483820047277,-5.992229273191025,7.072114320614553,-0.009631163696925071,-0.01281437384767381,1h_bearish_strict_engulf+oi_flush,long,2025-06-26 18:00:00,0.2612470402525593,1h_strict_engulf_v2p0_oiN0p5,3.201053712550788,1.5814743844679853
608303,282,608021,631188,687933.1530731542,True,True,False,2549.35,0.005416030055346521,608021,2535.617022,0.48404993065187124,2.112184029607672,4.0121539792605585,-0.005230738446968752,0.009732195792213405,1h_bearish_strict_engulf+oi_flush,long,2025-07-07 13:00:00,0.15464632454923766,1h_strict_engulf_v2p0_oiN0p5,5.571608610172909,0.24750782585616043
633383,755,632628,636372,-32107.348223629175,False,False,False,4339.81,0.03088961126882328,632628,4209.771786,0.2987249544626564,5.445208163131056,20.594634514126703,-0.009501331098578758,-0.004299388763663425,1h_bearish_strict_engulf+oi_flush,long,2025-10-02 15:00:00,0.0004553734062030174,1h_strict_engulf_v2p0_oiN0p5,6.134870999216238,3.1928963010684717
644039,1331,642708,649044,291923.0081585888,True,True,False,3404.25,0.05823877623558804,642708,3602.5093540000003,0.03978779840848558,6.571168768827539,28.086651917712103,-0.0035656015418642495,-0.013555965020169203,1h_bullish_strict_engulf+oi_flush,short,2025-11-08 15:00:00,0.3822575891541368,1h_strict_engulf_v2p0_oiN0p5,2.1211782807226527,0.20258445391931781
653207,788,652419,653371,140704.73586541507,True,True,False,3315.97,0.0766360555617076,652419,3079.935864,0.2354497354497346,10.977773667471112,22.862365220783715,-0.005925288057048839,-0.00851212605380236,1h_bearish_strict_engulf+oi_flush,long,2025-12-10 11:00:00,0.03650793650793149,1h_strict_engulf_v2p0_oiN0p5,2.4651058028569737,0.898846761996425
660611,3027,657584,661320,153802.9006437799,True,True,False,3185.98,0.07386192378043566,657584,2966.84325,0.08148677626875557,1.1215870839898585,2.374693443360414,-0.049772445350355965,-0.05689973265496884,1h_bearish_strict_engulf+oi_flush,long,2026-01-05 04:00:00,0.6976411722658982,1h_strict_engulf_v2p0_oiN0p5,4.692103694262278,4.063940227481113
661883,563,661320,662399,50802.65100579942,False,True,False,3102.28,0.023674435576414687,661320,3175.724728,0.5175151798225129,1.106681450775298,-13.372297873325214,-0.0036271840982735615,-0.006320791805790704,1h_bullish_strict_engulf+oi_flush,short,2026-01-09 14:00:00,0.1929005137785933,1h_strict_engulf_v2p0_oiN0p5,2.8788002726653037,1.3059801555376775
663047,648,662399,663918,138377.42174652172,True,True,False,3132.39,0.008132511595218439,662399,3107.1213,0.2949009418642396,2.3565880076723,3.3336075619130634,-0.007757241698572059,-0.017967124925978073,1h_bearish_strict_engulf+oi_flush,long,2026-01-13 15:00:00,0.5914257875933764,1h_strict_engulf_v2p0_oiN0p5,2.6264923654656886,4.7118953989183
672239,262,671977,672526,19636.90608833218,False,True,False,2066.19,0.026830124580511816,671977,2012.20236,0.06129597197899447,9.482548936632178,19.36344164043599,0.009099558066721247,-0.00525118150676096,1h_bearish_strict_engulf+oi_flush,long,2026-02-14 13:00:00,0.2530647985989497,1h_strict_engulf_v2p0_oiN0p5,2.04533998229646,0.5967109722206864
672815,289,672526,673329,5801.291542028077,False,True,False,2016.44,0.004778076213524773,672526,2026.074704,0.6580502215657306,-4.241101311250466,-10.332722904356626,0.0013418102125439813,-0.005529891589080127,1h_bullish_strict_engulf+oi_flush,short,2026-02-16 13:00:00,0.03323485967503198,1h_strict_engulf_v2p0_oiN0p5,2.2650651600587044,1.1823621430043552
676307,344,675963,676425,-31531.253458942287,False,False,False,1895.46,0.03899636288816444,675963,1969.376046,0.49696816574027564,-6.893532606868028,-17.671568386508334,-0.02941882391174888,-0.029097747456106382,1h_bullish_strict_engulf+oi_flush,short,2026-02-28 16:00:00,0.46513390601313515,1h_strict_engulf_v2p0_oiN0p5,2.2415198363855184,2.493727485127457
679211,466,678745,680265,138375.05150027433,True,True,False,2072.42,0.04560142048011939,678745,1982.0363280000001,0.44012441679626907,5.01187905892634,12.875398699542398,0.023792279136740424,-0.039925555818274394,1h_bearish_strict_engulf+oi_flush,long,2026-03-10 18:00:00,0.4534992223950198,1h_strict_engulf_v2p0_oiN0p5,3.155169454572444,1.9033228475752066
684767,1102,683665,684789,175497.21646333812,True,True,False,2003.23,0.06836053773156348,683665,2140.17188,0.7587500000000001,0.7761186013651002,1.912390350332739,0.0018243962092863164,-0.009828619032717811,1h_bullish_strict_engulf+oi_flush,short,2026-03-30 01:00:00,0.04339285714285828,1h_strict_engulf_v2p0_oiN0p5,12.321605678740587,6.664894325612645
688487,75,688412,689818,51064.37563137896,False,True,False,2287.6,0.009700186513905251,688412,2265.623034,0.5602140945584257,5.242080910511916,3.7188198343958483,-0.00225020869144521,-0.016092165091227018,1h_bearish_strict_engulf+oi_flush,long,2026-04-11 23:00:00,0.09054415700268481,1h_strict_engulf_v2p0_oiN0p5,5.891526575611413,1.8623065457021404
701927,1682,700245,702222,88887.55997676263,False,True,False,1994.41,0.05065198730451592,700245,2095.43083,0.0,-6.024334567561052,-11.035779758479624,-0.013735061334851029,-0.016972845495849653,1h_bullish_strict_engulf+oi_flush,short,2026-05-28 15:00:00,0.2516519823788625,1h_strict_engulf_v2p0_oiN0p5,2.608806841454771,0.7240770763946203
705119,415,704704,705375,99040.20316329226,False,True,False,1677.63,0.04217329292029537,704704,1609.741884,0.0,7.305921601476864,23.225008035045825,-0.010137985456017407,-0.008911393428497894,1h_bearish_strict_engulf+oi_flush,long,2026-06-08 17:00:00,0.4631364562118183,1h_strict_engulf_v2p0_oiN0p5,2.3050429677433812,3.0985654630906025
2366,384,1982,2899,-52.4497206046708,False,False,False,175.37,0.013028270241491224,1982,173.114616,0.3014128728414466,-0.3488570256064829,1.5378636935024184,nan,nan,1h_bearish_strict_engulf+macd_bear_cross_2h,long,2019-10-01 18:00:00,0.20251177394034398,1h_strict_engulf_v2p0_macd2h,4.337886852371299,2.131218341191575
24782,9095,15687,30375,2119.0179211623945,False,True,False,123.09,0.48065270939962623,15687,182.253542,0.6728167281672819,0.036815951818303105,-1.2806394393805176,nan,nan,1h_bullish_strict_engulf+macd_bull_cross_2h,short,2019-12-18 14:00:00,0.17589175891758838,1h_strict_engulf_v2p0_macd2h,3.4910326549949624,5.4264920236371035
50990,2183,48807,55344,3600.431091184704,False,True,False,116.6,0.7240976500857634,48807,201.029786,0.27895595432300313,0.16987692897988338,1.8117616285189726,nan,nan,1h_bullish_strict_engulf+macd_bull_cross_2h,short,2020-03-18 14:00:00,0.0,1h_strict_engulf_v2p0_macd2h,3.721724660033658,1.2835198608376155
84170,23178,60992,95701,15339.936809933251,False,True,False,237.06,0.3540482031564438,60992,175.075008,0.06491712707182297,-0.06469941636032295,-0.31898928627807543,nan,nan,1h_bearish_strict_engulf+macd_bear_cross_2h,long,2020-07-12 14:00:00,0.5207182320441996,1h_strict_engulf_v2p0_macd2h,41.46274041359872,15.656655573112976
124966,15119,109847,136783,37135.1622576107,False,True,False,616.48,0.6874465549314712,109847,365.333052,0.5051706308169593,-0.1378632199646539,5.725172642967751,0.2630548507892414,0.3885997440867328,1h_bearish_strict_engulf+macd_bear_cross_2h,long,2020-12-01 12:00:00,0.38960703205791286,1h_strict_engulf_v2p0_macd2h,6.247678788421403,4.279167291048068
163588,12599,150989,172818,71695.46912793306,False,True,False,2319.15,0.47066906594325264,150989,1576.9353239999998,0.09826746074716036,-0.1588297440424995,16.823288588415828,-0.025655817298523287,-0.01231674215824119,1h_bearish_strict_engulf+macd_bear_cross_2h,long,2021-04-14 18:00:00,0.4618299945858127,1h_strict_engulf_v2p0_macd2h,2.442719592637185,2.8106333131456767
193735,1079,192656,209936,34274.426910554714,False,True,False,2275.95,0.04259023936321715,192656,2182.9765079999997,0.3181879466091396,-1.4494935213800524,-4.940380601879788,0.01765003740702653,0.09825019700287241,1h_bearish_strict_engulf+macd_bear_cross_2h,long,2021-07-28 18:00:00,0.500606714304976,1h_strict_engulf_v2p0_macd2h,2.6621532036914117,1.3424969461010325
278641,301,278340,278781,-3047.8929082214745,False,False,False,1970.15,0.016160963378422988,278340,2001.989522,0.3181052631578926,0.38808828246316907,-6.5664576537805885,-0.009972168813016213,0.012594315651396348,1h_bullish_strict_engulf+macd_bull_cross_2h,short,2022-05-19 14:00:00,0.42610526315789493,1h_strict_engulf_v2p0_macd2h,2.4087285359530353,1.8982054232104888
365867,1654,364213,381204,46971.89962416631,False,True,False,1783.56,0.13108665769858963,364213,1576.855308,0.6698635189966787,-1.1671908459970695,6.6867441509516965,-0.030994006014005704,-0.01921861549664783,1h_bearish_strict_engulf+macd_bear_cross_2h,long,2023-03-18 18:00:00,0.2784950202877191,1h_strict_engulf_v2p0_macd2h,2.0298935171285337,2.2921798459152005
400499,7199,393300,405972,-9777.285888807732,False,False,False,1918.2,0.01537849325892382,393300,1889.1477539999998,0.03722854188211119,-0.6185936660402915,-4.83971532296003,0.0005921857907622563,-0.0018130514211411874,1h_bearish_strict_engulf+macd_bear_cross_2h,long,2023-07-17 00:00:00,0.29834539813857325,1h_strict_engulf_v2p0_macd2h,3.1254493265040098,1.8431807442167916
454955,27067,427888,455796,131352.1926257087,True,True,False,2442.9,0.5485940207816868,427888,1577.495436,0.03606965174128917,-1.2651418533050132,0.4019351426357822,-0.00749932010118437,-0.01132125446787069,1h_bearish_strict_engulf+macd_bear_cross_2h,long,2024-01-22 02:00:00,0.3826699834162546,1h_strict_engulf_v2p0_macd2h,23.467870745791867,6.228741742009625
465827,6287,459540,476244,176532.66314368136,True,True,False,3289.59,0.38347377847023445,459540,2377.7754600000003,0.6777023671577553,-1.696631996420038,5.7389748235899845,-0.06392380779349305,-0.07692326257679594,1h_bearish_strict_engulf+macd_bear_cross_2h,long,2024-02-28 20:00:00,0.12795894719417328,1h_strict_engulf_v2p0_macd2h,2.2701016458480785,3.9056169571793418
539555,1382,538173,551988,223327.4877437217,True,True,False,3177.81,0.27841760356624845,538173,2485.7370479999995,0.2461744666592194,-1.8453748835711679,6.52566814542763,-0.00942851938944489,-0.007928459760189854,1h_bearish_strict_engulf+macd_bear_cross_2h,long,2024-11-10 20:00:00,0.3068245280911448,1h_strict_engulf_v2p0_macd2h,4.221130641736786,4.902665555258098
587747,477,587270,587989,-10197.503697509062,False,False,False,1807.58,0.005445862308263605,587270,1797.7894860000001,0.11338289962825542,-0.22033814818936648,-2.9903590560715294,-0.025369264606369124,0.0015328715540614546,1h_bearish_strict_engulf+macd_bear_cross_2h,long,2025-04-27 04:00:00,0.6570631970260169,1h_strict_engulf_v2p0_macd2h,4.400233986545773,1.8283300478738382
618011,9990,608021,631188,687933.1530731542,True,True,False,4225.02,0.6662689843703062,608021,2535.617022,0.20550718768982543,-5.074554586615335,24.217585571556796,-0.014453897539021265,-0.004930627782332664,1h_bearish_strict_engulf+macd_bear_cross_2h,long,2025-08-10 06:00:00,0.6936626847539986,1h_strict_engulf_v2p0_macd2h,2.684188152968298,2.2526059674346754
95590,34598,60992,95701,15339.936809933251,False,True,False,403.0,1.3018705216909088,60992,175.075008,0.0,-0.15535284215970324,-0.3871114999156262,nan,nan,1h_bearish_strict_engulf+macd_bear_cross_4h,long,2020-08-21 12:00:00,0.011214953271028415,1h_strict_engulf_v2p0_macd4h,17.13252363161507,8.365763642321847
112870,3023,109847,136783,37135.1622576107,False,True,False,368.44,0.008504426257058162,109847,365.333052,0.22425828970331568,-1.1107959983295908,-0.1977180306286208,nan,nan,1h_bearish_strict_engulf+macd_bear_cross_4h,long,2020-10-20 12:00:00,0.1378708551483409,1h_strict_engulf_v2p0_macd4h,15.206588264716355,8.443140076609355
160492,9503,150989,172818,71695.46912793306,False,True,False,1996.92,0.2663296773228985,150989,1576.9353239999998,0.2756807764896202,-17.046529596139273,-7.342034755972321,-0.0197217616909916,-0.055899488619624904,1h_bearish_strict_engulf+macd_bear_cross_4h,long,2021-04-04 00:00:00,0.46373685629549827,1h_strict_engulf_v2p0_macd4h,2.24183378730761,3.424777557289722
359507,3448,356059,362196,2902.577303465514,False,True,False,1575.89,0.01795132739130989,356059,1548.099558,0.0119987849331742,-4.610389267791495,-4.348299035172708,0.010378263272518229,0.011534787232026611,1h_bearish_strict_engulf+macd_bear_cross_4h,long,2023-02-24 16:00:00,0.12029161603888298,1h_strict_engulf_v2p0_macd4h,5.126590158367528,3.4765207546828822
566627,3119,563508,566964,95432.27353813092,False,True,False,2677.49,0.16525398190095952,563508,3119.955884,0.7316211878009597,4.84348559683564,3.3163098104105195,0.005107825672359123,0.020599552221117534,1h_bullish_strict_engulf+macd_bull_cross_4h,short,2025-02-12 20:00:00,0.05072231139648081,1h_strict_engulf_v2p0_macd4h,2.2655829364257607,0.5365122425456114
591923,1339,590584,599220,289292.0533968997,True,True,False,2455.16,0.33440012730793334,590584,1839.897906,0.21088107847857301,-18.53260935979941,-0.47421367014933935,0.009048207147539067,0.019056845482253504,1h_bearish_strict_engulf+macd_bear_cross_4h,long,2025-05-11 16:00:00,0.3689616433959204,1h_strict_engulf_v2p0_macd4h,2.7456901618148337,1.1207806017934292
2138,156,1982,2899,-52.4497206046708,False,False,False,177.17,0.02342600580877563,1982,173.114616,0.5990566037735885,1.0659728776885289,1.5688687431888466,nan,nan,1h_bearish_loose_engulf,long,2019-09-30 23:00:00,0.0,1h_loose_engulf_v1p5,2.4773104481314707,2.442419822460664
4106,79,4027,5104,528.8814636934749,False,True,False,179.95,0.022064518528436494,4027,176.065206,0.055449330783942534,1.0595041635934008,0.18954208288147156,nan,nan,1h_bearish_loose_engulf,long,2019-10-07 19:00:00,0.05162523900573791,1h_loose_engulf_v1p5,6.504426345123199,5.357241421230831
5222,118,5104,6094,20.200317302334952,False,True,False,184.35,0.007392731217792381,5104,185.71285,0.5620915032679638,-1.1869401072781844,-0.944394331702938,nan,nan,1h_bullish_loose_engulf,short,2019-10-11 16:00:00,0.1372549019607894,1h_loose_engulf_v1p5,2.103829482781045,1.863135636229673
6158,64,6094,6611,-474.10192523146,False,False,False,186.02,0.003630691486223858,6094,185.347062,0.2520325203252072,0.5444146291384623,0.18806474642729493,nan,nan,1h_bearish_loose_engulf,long,2019-10-14 22:00:00,0.4471544715447284,1h_loose_engulf_v1p5,3.056145761496843,2.3428543599237135
6662,51,6611,7835,72.55769383132247,False,True,False,174.08,0.015996208639705856,6611,176.86462,0.6345381526104444,-0.7593862934990092,-0.9023812928665134,nan,nan,1h_bullish_loose_engulf,short,2019-10-16 16:00:00,0.28112449799196226,1h_loose_engulf_v1p5,2.880294283062943,2.2359016966691487
8690,311,8379,9191,405.93351207319574,False,True,False,159.04,0.07712356639839046,8379,171.305732,0.2360060514372162,-1.5345997457801313,-1.4690322200026866,nan,nan,1h_bullish_loose_engulf,short,2019-10-23 17:00:00,0.1180030257186081,1h_loose_engulf_v1p5,5.78220880640511,2.319586021317966
9422,231,9191,10628,1124.774948054297,False,True,False,186.74,0.13808387362454377,9191,164.08281,0.06843267108167819,2.502524543004593,3.1062226275063027,nan,nan,1h_bearish_loose_engulf,long,2019-10-26 06:00:00,0.728476821192049,1h_loose_engulf_v1p5,2.0779046206865073,1.3692231850230387
11054,426,10628,11330,-103.48484822953833,False,False,False,182.06,0.0027105459738547832,10628,182.553482,0.7350993377483415,0.02529754285624608,-0.8545116847653778,nan,nan,1h_bullish_loose_engulf,short,2019-10-31 22:00:00,0.05298013245033923,1h_loose_engulf_v1p5,5.227490672531364,4.224799658841214
12638,233,12405,12871,-44.11552014380868,False,False,False,190.87,0.011136722478002126,12405,188.767746,0.0,0.29586732914345815,0.7783250445597194,nan,nan,1h_bearish_loose_engulf,long,2019-11-06 10:00:00,0.22641509433963072,1h_loose_engulf_v1p5,2.272377110423181,1.3595975987452031
13214,343,12871,13737,47.644783237674346,False,True,False,184.78,0.017655503842407327,12871,188.04238400000003,0.6917808219178176,-0.32127935997324214,-0.634955406926335,nan,nan,1h_bullish_loose_engulf,short,2019-11-08 10:00:00,0.020547945205480117,1h_loose_engulf_v1p5,2.0015010099038775,3.040049903501803
16622,935,15687,30375,2119.0179211623945,False,True,False,176.61,0.03195482701998742,15687,182.253542,0.9128205128205187,0.2382250327274782,-0.44210370278674604,nan,nan,1h_bullish_loose_engulf,short,2019-11-20 06:00:00,0.0461538461538336,1h_loose_engulf_v1p5,2.516775937484062,1.2084275985948318
31418,755,30663,31527,-11.845984554431197,False,False,False,140.2,0.024402781740371138,30663,143.62127,0.32051282051282004,0.17712105336870287,-0.6629127364103735,nan,nan,1h_bullish_loose_engulf,short,2020-01-10 15:00:00,0.6666666666666788,1h_loose_engulf_v1p5,3.0023686131244856,0.45901952198221446
48902,95,48807,55344,3600.431091184704,False,True,False,200.2,0.00414478521478534,48807,201.029786,0.8754208754208739,0.9767505887433181,0.29809849997977533,nan,nan,1h_bullish_loose_engulf,short,2020-03-11 08:00:00,0.013468013468020363,1h_loose_engulf_v1p5,1.5764097295038828,0.5590888847480966
57554,61,57493,58193,308.74608281948167,False,True,False,157.91,0.03626917864606405,57493,163.63726599999998,0.05723905723905756,-1.7374490261569906,-2.3918282718079507,nan,nan,1h_bullish_loose_engulf,short,2020-04-10 09:00:00,0.13131313131313094,1h_loose_engulf_v1p5,1.8313485193223757,10.96977612302734
58274,81,58193,59163,-690.0384291273622,False,False,False,163.38,0.01881950061681037,58193,160.362066,0.558035714285712,1.0468512494703317,0.17555902205641738,nan,nan,1h_bearish_loose_engulf,long,2020-04-12 21:00:00,0.14732142857142086,1h_loose_engulf_v1p5,2.421189339400847,2.130050867014057
61022,30,60992,95701,15339.936809933251,False,True,False,175.23,0.0008852891213346759,60992,175.075008,0.4604316546762537,0.6743358936514718,-0.8429807535626501,nan,nan,1h_bearish_loose_engulf,long,2020-04-22 10:00:00,0.38129496402878155,1h_loose_engulf_v1p5,2.7543457747481863,1.5381869199672826
102034,539,101495,105239,-3981.593289927441,False,False,False,383.41,0.03486132858197011,101495,370.494084,0.10874439461883695,0.8725244629411844,1.9021629982341186,nan,nan,1h_bearish_loose_engulf,long,2020-09-12 21:00:00,0.03587443946188258,1h_loose_engulf_v1p5,29.802343715787877,4.452109235377697
110062,215,109847,136783,37135.1622576107,False,True,False,373.0,0.02098618769374294,109847,365.333052,0.23222748815166158,0.14437495804283884,2.7051994427936545,nan,nan,1h_bearish_loose_engulf,long,2020-10-10 18:00:00,0.7582938388625651,1h_loose_engulf_v1p5,4.807490017673068,1.4578093130099898
151444,455,150989,172818,71695.46912793306,False,True,False,1605.52,0.018126726927197856,150989,1576.9353239999998,0.07913802712242238,6.915002225938,13.785039894367316,-0.009402807337354768,-0.02175012962237044,1h_bearish_loose_engulf,long,2021-03-03 14:00:00,0.9000557310050137,1h_loose_engulf_v1p5,4.223717790030381,2.212807687485675
189943,455,189488,192080,-3721.374003860561,False,False,False,1922.73,0.010210195919343912,189488,1942.36145,0.8096044002538607,-0.014651741880980396,4.044055586631288,-0.04529073794493621,-0.006037855616660481,1h_bullish_loose_engulf,short,2021-07-15 14:00:00,0.0,1h_loose_engulf_v1p5,2.132880918087543,1.3669603216357626
192979,323,192656,209936,34274.426910554714,False,True,False,2295.79,0.05167874761206548,192656,2182.9765079999997,0.007191149354640897,4.321893517753303,-3.098281077144563,-0.04968191862288085,-0.06775193852691774,1h_bearish_loose_engulf,long,2021-07-26 03:00:00,0.19231714812538414,1h_loose_engulf_v1p5,6.26971034832511,11.723181649779383
213115,587,212528,231248,31590.289119135792,False,True,False,3365.54,0.018298942801925122,212528,3305.06088,0.16593886462882934,-10.047736803482834,4.937020041901178,0.02779177154857515,0.03468195333744095,1h_bearish_loose_engulf,long,2021-10-04 01:00:00,0.25240174672488036,1h_loose_engulf_v1p5,1.5768224691355566,1.5329681035763445
240559,95,240464,246224,39124.28035168933,False,True,False,3215.59,0.05939455838586394,240464,3406.5785480000004,0.9262939958592162,-14.21874214514692,-43.55240236188746,0.029642495124911683,0.0054717921595939245,1h_bullish_loose_engulf,short,2022-01-07 08:00:00,0.0,1h_loose_engulf_v1p5,1.8447773266928842,2.017787349604904
246415,191,246224,246475,-9399.757836988516,False,False,False,2476.94,0.004777398620419149,246224,2465.162934,0.25803693570451675,-1.2630433504916136,14.847402083393476,0.029997755284215666,0.046559896547253565,1h_bearish_loose_engulf,long,2022-01-27 16:00:00,0.6650136798905585,1h_loose_engulf_v1p5,1.7588175925819516,1.5624078286303544
248695,104,248591,249284,11417.843141022488,False,True,False,2770.81,0.006560551126458147,248591,2752.75044,0.08218884120171534,20.37573201182889,7.0457521167607915,-0.01849682954544174,0.028014276674103167,1h_bearish_loose_engulf,long,2022-02-04 14:00:00,0.22607296137338787,1h_loose_engulf_v1p5,2.8779313826790314,1.1935495580044462
251839,259,251580,252179,4424.30129698629,False,True,False,3090.64,0.044459165182535676,251580,2959.0816979999995,0.10910354412786138,23.573301076331152,27.186881994519112,0.024631209412173893,0.018894136643361037,1h_bearish_loose_engulf,long,2022-02-15 12:00:00,0.858929812369704,1h_loose_engulf_v1p5,1.6657767249601152,1.5157457090624813
253015,836,252179,254066,18872.726227091713,False,True,False,2739.3,0.1135581367502645,252179,3050.369804,0.3305084745762708,-2.338803790284743,-25.171363077329715,0.002354699364566004,0.013082064259913428,1h_bullish_loose_engulf,short,2022-02-19 14:00:00,0.15735747303543293,1h_loose_engulf_v1p5,1.5079390170053293,1.4035162340206628
255121,1055,254066,255380,-1059.6266151731543,False,False,False,2811.54,0.05458596742016897,254066,2666.013096,0.011504624407844898,1.6144304778952687,26.38661714280114,-0.061827463048971576,-0.05784556143774411,1h_bearish_loose_engulf,long,2022-02-26 22:00:00,0.9672907737423907,1h_loose_engulf_v1p5,1.5318902503166856,0.6581334552397824
261841,42,261799,266378,9453.885492086352,False,True,False,2991.74,0.009334219109179198,261799,2964.072696,0.13926746166950507,9.984521855384946,-1.7483275702509218,-0.026692471639915283,-0.01734407696731899,1h_bearish_loose_engulf,long,2022-03-22 06:00:00,0.5748154457694457,1h_loose_engulf_v1p5,3.5230440317688108,3.1414188114040087
269665,127,269538,270002,-4284.297832795855,False,False,False,2906.68,0.03643585189976206,269538,3012.587362,0.41703813769192916,-16.572809738037122,-7.994929467320009,0.0176776237421703,0.024240911375708496,1h_bullish_loose_engulf,short,2022-04-18 10:00:00,0.16542842991580667,1h_loose_engulf_v1p5,1.6295004260610968,2.3919175875954566
270577,575,270002,270647,-3549.517802027156,False,False,False,3151.31,0.010675519351765805,270002,3118.02348,0.2505842638275782,3.549615037914622,7.5304972865489255,0.049586562092545305,0.055186355254281505,1h_bearish_loose_engulf,long,2022-04-21 14:00:00,0.5575175279148308,1h_loose_engulf_v1p5,1.830735534520056,4.781012883527723
272989,136,272853,273570,59.94627962015511,False,True,False,2818.66,0.0065891026232325345,272853,2837.23244,0.13268744734625357,-13.585125401813796,-5.936540881766907,0.0059691758989561805,0.02761021009776332,1h_bullish_loose_engulf,short,2022-04-29 23:00:00,0.565711878685769,1h_loose_engulf_v1p5,2.219137221634951,0.8355279296397327
274909,808,274101,277466,25933.17423582128,False,True,False,2697.24,0.024186721982471182,274101,2762.4773940000005,0.41075821963766485,-14.167199379495337,-20.012879141001008,-0.024285413928172184,-0.019130378531809433,1h_bullish_loose_engulf,short,2022-05-06 15:00:00,0.42059941847461524,1h_loose_engulf_v1p5,2.8521514093013103,3.3715394362948454
277597,131,277466,278340,-5619.723724207841,False,False,False,2131.48,0.019906477866123984,277466,2089.877892,0.0825150227172747,14.560884428448155,25.253054385873497,0.01658412022382505,-0.012502887429591159,1h_bearish_loose_engulf,long,2022-05-15 23:00:00,0.07562655723289327,1h_loose_engulf_v1p5,2.6094830774741387,3.302448887182748
278389,49,278340,278781,-3047.8929082214745,False,False,False,1971.57,0.015429085449667035,278340,2001.989522,0.17272393538913508,-11.032142353741285,-1.6314881099990188,0.012901396374224827,0.07970217870383745,1h_bullish_loose_engulf,short,2022-05-18 17:00:00,0.12555066079295,1h_loose_engulf_v1p5,1.9361648932806022,1.5704790731217702
279913,51,279862,281661,9503.979987315004,False,True,False,1977.77,0.0057196256389773215,279862,1989.082104,0.6980749746707188,-8.87500453669185,1.2850829929546852,-0.0014109909717929803,-0.022575192674393008,1h_bullish_loose_engulf,short,2022-05-24 00:00:00,0.22762580209388653,1h_loose_engulf_v1p5,1.8342332433303792,1.2571194854683396
281797,136,281661,282267,5789.827658736322,False,True,False,1890.94,0.029757064606207972,281661,1836.297186,0.6322620519159531,13.05854639598689,21.97056775115036,0.022940594328076935,0.033831758851077254,1h_bearish_loose_engulf,long,2022-05-30 13:00:00,0.16996291718170753,1h_loose_engulf_v1p5,2.136004697757824,0.7687469041497044
282685,418,282267,283346,8742.063103900015,False,True,False,1814.15,0.05662516770939541,282267,1916.876548,0.3476061427280947,-6.284866987426181,-15.964143832326805,-0.025285723068469546,-0.04338385553951296,1h_bullish_loose_engulf,short,2022-06-02 15:00:00,0.021138211382111062,1h_loose_engulf_v1p5,1.5762227915960425,2.484186816222855
283729,383,283346,283952,-1365.6554053572763,False,False,False,1869.81,0.04091188711187588,283346,1796.319192,0.041932059447981264,10.163472831372967,12.167160566800039,0.028548952057346755,-0.01037041106209391,1h_bearish_loose_engulf,long,2022-06-06 06:00:00,0.3481953290870474,1h_loose_engulf_v1p5,1.6869045830265923,2.4359215234476856
284989,1037,283952,286538,43704.53024715526,False,True,False,1740.55,0.02290876102381434,283952,1780.423844,0.2201948141034433,-5.471810755836472,-2.1022205290030307,0.04625276914758536,0.07243837100749584,1h_bullish_loose_engulf,short,2022-06-10 15:00:00,0.14158320757305468,1h_loose_engulf_v1p5,1.916589675092981,12.93407690908716
289021,225,288796,289870,8474.028016407072,False,True,False,1199.07,0.050407635111898275,288796,1141.5282599999998,0.08882175226586231,9.553403155859453,11.048545265954708,-0.008629526568299517,-0.08512982112409517,1h_bearish_loose_engulf,long,2022-06-24 15:00:00,0.4299093655589112,1h_loose_engulf_v1p5,1.5374223441984443,2.73985929695376
290725,855,289870,291864,16756.747354300227,False,True,False,1035.64,0.15185911127418783,289870,1192.91137,0.3398576512455501,-7.869555430036577,-15.556482946206952,0.02439631733287939,0.0004525645044357596,1h_bullish_loose_engulf,short,2022-06-30 13:00:00,0.12396204033215479,1h_loose_engulf_v1p5,1.5051686272488876,2.036156727639082
293029,1165,291864,293479,18880.601961238688,False,True,False,1213.07,0.11065800466405129,291864,1092.208398,0.1272621132515967,-2.1475799818570636,5.898010393169088,-0.014352434506628708,0.008934870852090437,1h_bearish_loose_engulf,long,2022-07-08 13:00:00,0.5504962054874432,1h_loose_engulf_v1p5,1.9244698014799753,1.3192584523921589
293737,258,293479,294463,17465.501745553338,False,True,False,1169.68,0.016091796046781903,293479,1188.502252,0.681283422459888,-3.899590943348767,-10.17169745228407,-0.00279905837611516,-0.020406283056438768,1h_bullish_loose_engulf,short,2022-07-11 00:00:00,0.05989304812833699,1h_loose_engulf_v1p5,1.990374326782633,1.6389753306276058
295141,678,294463,296666,87236.47471089859,False,True,False,1257.48,0.1433404155010798,294463,1099.829922,0.016742455560152355,5.138328594472956,19.068139634999206,0.0129038288153569,0.0006280099067077494,1h_bearish_loose_engulf,long,2022-07-15 21:00:00,0.05167424555601476,1h_loose_engulf_v1p5,1.9637028456226386,1.357775651628666
300385,616,299769,300509,-1848.3966282086913,False,False,False,1616.18,0.03355186427254386,299769,1670.405852,0.539589442815249,5.6690847639644595,-8.11209688152355,-0.03192181045661324,-0.05414599137829135,1h_bullish_loose_engulf,short,2022-08-03 02:00:00,0.17553414327608102,1h_loose_engulf_v1p5,1.923268941101948,1.962888749979972
301093,584,300509,302229,4914.057706488122,False,True,False,1683.31,0.0012394655919996111,300509,1681.2261780000001,0.0026210299105742466,9.466663016047516,7.814666626179087,-0.021360652231918298,-0.01438408754776277,1h_bearish_loose_engulf,long,2022-08-05 13:00:00,0.0457909343200745,1h_loose_engulf_v1p5,4.147538821588633,1.7065388141339473
302881,198,302683,303731,8961.978736356134,False,True,False,1894.98,0.0016659598636195039,302683,1891.82829,0.2594470046082994,4.457980688216793,16.904898086542268,0.01675774994540924,0.002757013379859785,1h_bearish_loose_engulf,long,2022-08-11 18:00:00,0.5870967741935476,1h_loose_engulf_v1p5,1.9575620041232946,2.398433117813883
303805,74,303731,304463,5268.834124774468,False,True,False,1937.41,0.01081766275594731,303731,1958.368248,0.0,-12.27214445870877,-8.161894606314931,-0.011954379829755113,-0.02865302641690959,1h_bullish_loose_engulf,short,2022-08-14 23:00:00,0.8504213483146071,1h_loose_engulf_v1p5,3.568661299926322,1.0218116661287544
305005,31,304974,305802,25299.36208357266,False,True,False,1821.0,0.0004753179571663768,304974,1821.865554,0.1492054149499686,-0.5089828051170304,-1.3591098488548692,-0.03083586356269019,-0.029502743725896674,1h_bullish_loose_engulf,short,2022-08-19 03:00:00,0.0,1h_loose_engulf_v1p5,1.7924401356919881,6.822230270522002
306577,775,305802,307070,1666.9889065336902,False,True,False,1644.42,0.0007128659725654796,305802,1643.248584,0.03414634146342498,1.9847895872555332,13.174448967759048,0.021731215378111957,0.03292432120763178,1h_bearish_loose_engulf,long,2022-08-24 14:00:00,0.44512195121950693,1h_loose_engulf_v1p5,3.1629218221053113,2.448046413029367
308005,935,307070,308019,24661.925174954784,False,True,False,1477.38,0.11926465635110794,307070,1653.579218,0.5116681071737342,2.2953889092747133,-1.6601697451806174,0.012167574625896904,0.009722010690584648,1h_bullish_loose_engulf,short,2022-08-29 13:00:00,0.0,1h_loose_engulf_v1p5,3.2036623351226265,0.7340283441070039
308161,142,308019,308891,1812.9776975369896,False,True,False,1527.12,0.011021697605293035,308019,1510.4720340000001,0.13473423980222432,12.143794851465163,12.118155236726494,-0.0057220131317395895,0.0019950559523462807,1h_bearish_loose_engulf,long,2022-08-30 02:00:00,0.1652245570663368,1h_loose_engulf_v1p5,3.6196887903286803,2.895350011335808
310069,347,309722,310395,-2851.127027264738,False,False,False,1597.82,0.015007815017676007,309722,1574.194776,0.0,3.020586618933826,2.8287566013309897,0.11211909796263098,0.1290007176828194,1h_bearish_loose_engulf,long,2022-09-05 17:00:00,0.058934169279000116,1h_loose_engulf_v1p5,2.406703603374215,4.925464869520356
312613,541,312072,312729,13154.85354992788,False,True,False,1603.59,0.06454799044643589,312072,1707.098512,0.33590208522211573,-1.9862532060426261,-18.71347427557967,-0.0022060805430246244,-0.04729965250165302,1h_bullish_loose_engulf,short,2022-09-14 13:00:00,0.07479601087942407,1h_loose_engulf_v1p5,1.5685349650506284,0.677579776260449
314365,1134,313231,315107,12645.135390775773,False,True,False,1359.3,0.04685157507540638,313231,1422.985346,0.4919195900670067,5.2187850339555695,6.823900243350252,0.02511446910829207,0.02787996460182507,1h_bullish_loose_engulf,short,2022-09-20 15:00:00,0.002759164367360505,1h_loose_engulf_v1p5,2.788173219610095,2.0013926782253826
315901,112,315789,316243,-17402.501966663054,False,False,False,1292.65,0.008431700769736539,315789,1303.549238,0.08986873106698315,-5.738270827988334,1.7225776587458697,0.002475618673561941,0.0265140995316675,1h_bullish_loose_engulf,short,2022-09-25 23:00:00,0.03365870077415008,1h_loose_engulf_v1p5,2.555125901668458,2.2016841403099456
317785,231,317554,318102,-1585.5335684196907,False,False,False,1298.9,0.006966169836015057,317554,1307.948358,0.6330586524478965,-1.683369836060323,-3.2620609779066783,0.01385500068282508,0.02256339986929623,1h_bullish_loose_engulf,short,2022-10-02 12:00:00,0.0,1h_loose_engulf_v1p5,1.7871181546924289,3.366414702141128
321937,29,321908,322432,1821.3641402574722,False,True,False,1300.98,0.004734978664128642,321908,1294.848918,0.42012847965738687,2.5440260862228645,1.1110704125224995,-0.0538622851663495,-0.04696237982341134,1h_bearish_loose_engulf,long,2022-10-16 22:00:00,0.12633832976445641,1h_loose_engulf_v1p5,7.413725971218029,5.525921791005489
323941,944,322997,325224,33405.54589574665,False,True,False,1330.82,0.016636783280731482,322997,1309.0417559999999,0.0,1.50572702655393,2.620899997452263,0.028173886193042952,0.02590083579708735,1h_bearish_loose_engulf,long,2022-10-23 21:00:00,0.3438735177865518,1h_loose_engulf_v1p5,1.8953534966700603,2.7495365284812943
327337,548,326789,327744,777.154318366549,False,True,False,1615.6,0.0017407732305578794,326789,1612.792494,0.0,9.319415678304889,5.4912390407513865,0.018133087341942744,0.025716350849351866,1h_bearish_loose_engulf,long,2022-11-04 16:00:00,0.9993392798149952,1h_loose_engulf_v1p5,3.969203260959787,4.683658369074991
328141,397,327744,329053,46202.53407956901,False,True,False,1579.02,0.024918153031627144,327744,1618.366262,0.0,-6.743810708016701,-9.174150397161924,-0.00018697534671419103,0.021784650986733656,1h_bullish_loose_engulf,short,2022-11-07 11:00:00,0.2738507167572891,1h_loose_engulf_v1p5,1.6345619892618901,1.601224169983649
329881,59,329822,331730,5934.671972629847,False,True,False,1239.28,0.002131532825511817,329822,1241.9215660000002,0.22727272727272976,-2.6301000189292827,8.194432347357576,0.016456228510852933,0.00043819920419552183,1h_bullish_loose_engulf,short,2022-11-13 12:00:00,0.3197908286403863,1h_loose_engulf_v1p5,1.6391489365157206,0.46557458656730877
331753,23,331730,332258,-29656.570866496942,False,False,False,1219.5,0.001672786160468842,331730,1217.463444,0.0587889476778366,1.4841528398672161,2.929893608942635,-0.005979108983949932,-0.00033186963335551933,1h_bearish_loose_engulf,long,2022-11-20 00:00:00,0.8071722516166976,1h_loose_engulf_v1p5,3.9625898240940565,5.577380259602165
334261,207,334054,334641,-7966.9361697529675,False,False,False,1177.93,0.013253116908475082,334054,1193.541244,0.16891111966141203,-4.50175817843804,-7.228388291050102,-0.00034737776942850296,0.004556020356787371,1h_bullish_loose_engulf,short,2022-11-28 17:00:00,0.471335128895729,1h_loose_engulf_v1p5,7.294091083510533,2.8602420864138147
334741,100,334641,335631,7269.439055136987,False,True,False,1267.87,0.030574122734497333,334641,1230.2560019999999,0.13768115942028866,8.197830719463525,8.437370925241446,0.004994747941926114,0.0017701565042662626,1h_bearish_loose_engulf,long,2022-11-30 09:00:00,0.0416666666666701,1h_loose_engulf_v1p5,3.6872191937463215,0.22395085247661328
335845,214,335631,336080,-4439.522216757934,False,False,False,1263.97,0.0019198794275181452,335631,1266.39667,0.0,-3.6959123087640973,-6.432041148105283,0.0047927544589905224,-0.007989682989901103,1h_bullish_loose_engulf,short,2022-12-04 05:00:00,0.477611940298511,1h_loose_engulf_v1p5,2.3870541832350294,0.2533624270276017
336121,41,336080,336736,-11670.57038575114,False,False,False,1290.46,0.0017795960960613755,336080,1288.167582,0.13496932515336532,3.7374197561400675,-0.6795993223103398,0.009813470839951544,0.014090588667184933,1h_bearish_loose_engulf,long,2022-12-05 04:00:00,0.8478527607361926,1h_loose_engulf_v1p5,3.3742777293092994,5.54527483147663
338833,336,338497,338974,2743.4185040315497,False,True,False,1328.05,0.03811829520134613,338497,1279.2858059999999,0.2696506550218413,0.8851873185927079,6.387316089333336,-0.00234816985248798,0.0078026089905027796,1h_bearish_loose_engulf,long,2022-12-14 14:00:00,0.6320960698690017,1h_loose_engulf_v1p5,1.560006191867593,1.0826989304825214
339421,447,338974,340449,17807.43321719661,False,True,False,1211.62,0.06824011488750603,338974,1294.301088,0.5332390381895183,-7.296725782479328,-8.984514231309666,0.011939682819571695,0.009833916155862932,1h_bullish_loose_engulf,short,2022-12-16 15:00:00,0.21923620933523988,1h_loose_engulf_v1p5,5.090231801610293,0.5820754401583821
340741,292,340449,341144,-295.2712000756874,False,False,False,1205.83,0.004724383478527772,340449,1200.1599840000001,0.6094182825484744,1.3968115520524806,7.247054798835373,-0.0002085724402605127,-0.004921708063017283,1h_bearish_loose_engulf,long,2022-12-21 05:00:00,0.3393351800553859,1h_loose_engulf_v1p5,1.6618653336216822,0.5710322857382717
345541,63,345478,355572,49025.1805000442,False,True,False,1265.87,0.005511231309526687,345478,1258.931736,0.1662337662337732,1.199560450192278,0.16024471069905388,-0.008644470511817492,0.0188841224312144,1h_bearish_loose_engulf,long,2023-01-06 21:00:00,0.30822510822510474,1h_loose_engulf_v1p5,7.474267351803831,6.222719348989915
356927,868,356059,362196,2902.577303465514,False,True,False,1576.17,0.018132194312014738,356059,1548.099558,0.768339768339759,4.595263767436061,10.536645452904263,0.009213020501031677,0.014525849132848156,1h_bearish_loose_engulf,long,2023-02-15 17:00:00,0.1550836550836607,1h_loose_engulf_v1p5,2.216167679049828,1.6747833985458485
363371,311,363060,364212,-8797.535740603402,False,False,False,1429.97,0.07157036581187026,363060,1532.313476,0.7813565744600243,-11.79501533401848,-9.170702143145297,-0.010030448624451349,0.02268872463439231,1h_bullish_loose_engulf,short,2023-03-10 02:00:00,0.0299355816597181,1h_loose_engulf_v1p5,6.438087286963676,3.922211290113962
364415,202,364213,381204,46971.89962416631,False,True,False,1659.72,0.05255059965210207,364213,1576.855308,0.03335059554634934,10.636123931339029,25.209040596749198,-0.055926681919085786,-0.043771389257602156,1h_bearish_loose_engulf,long,2023-03-13 17:00:00,0.28928016571724574,1h_loose_engulf_v1p5,1.9375613680569936,5.8587743458527495
386423,35,386388,389844,-12182.001081157709,False,False,False,1910.51,0.00015078457102113418,386388,1910.2219679999998,0.042553191489359384,7.367631137304727,6.391960717735728,0.016309248272797783,-0.0306012673613123,1h_bearish_loose_engulf,long,2023-05-29 03:00:00,0.6005319148936166,1h_loose_engulf_v1p5,1.8476895392659491,5.724239893317468
393815,515,393300,405972,-9777.285888807732,False,False,False,1910.38,0.011239060552592495,393300,1889.1477539999998,0.4738163558106164,-1.320745568963119,-0.35911712056194744,0.004902637348442429,0.010300438770564968,1h_bearish_loose_engulf,long,2023-06-23 19:00:00,0.3762553802008597,1h_loose_engulf_v1p5,2.6145812802561705,3.075054966716705
410507,791,409716,415082,8149.520137668995,False,True,False,1674.8,0.00767399211846187,409716,1687.652402,0.4313880126182965,4.2280615547754135,5.13902650758294,-0.0050318708468976014,0.0024743433543168436,1h_bullish_loose_engulf,short,2023-08-20 18:00:00,0.35094637223974945,1h_loose_engulf_v1p5,2.789289593743211,0.6196104634195045
415763,681,415082,415885,-4457.51111620228,False,False,False,1647.49,0.0033933977950786343,415082,1641.9183179999998,0.24270833333332806,1.5466858177912641,2.0464957269208943,0.005450237307765615,0.004043165059182119,1h_bearish_loose_engulf,long,2023-09-08 00:00:00,0.46250000000001007,1h_loose_engulf_v1p5,3.8138829124674443,1.60552448900887
417719,218,417501,417955,-1808.0503501347266,False,False,False,1631.08,0.004796052440990239,417501,1623.294594,0.47154471544715,2.916463162434697,5.890228741767334,-0.011064535745158754,-0.022984964726481483,1h_bearish_loose_engulf,long,2023-09-14 19:00:00,0.08581752484191793,1h_loose_engulf_v1p5,3.7000245964903358,2.9702505814501285
421391,908,420483,422900,10642.110482847143,False,True,False,1623.66,0.01807147789517427,420483,1594.838904,0.05806451612903172,3.561740880171662,4.205323536313621,0.04496166409236313,0.04823818597351548,1h_bearish_loose_engulf,long,2023-09-27 13:00:00,0.08248847926268144,1h_loose_engulf_v1p5,4.603785595042216,3.635889270435667
423479,579,422900,424061,-54.019986028957646,False,False,False,1648.51,0.002620164876161013,422900,1652.8293680000002,0.16064638783270507,-0.48696442817693786,-6.410736524248854,0.008406004224767782,0.01604484881578694,1h_bullish_loose_engulf,short,2023-10-04 19:00:00,0.40874524714828536,1h_loose_engulf_v1p5,1.6879712682700212,0.7301220517361149
424559,43,424516,426094,13005.089737643139,False,True,False,1622.08,0.0024627145393569805,424516,1626.07472,0.06086956521739278,-1.8681011106006367,-0.17928934325177082,0.0032767205346726502,0.001160540938235144,1h_bullish_loose_engulf,short,2023-10-08 13:00:00,0.10062111801241615,1h_loose_engulf_v1p5,4.119823251561785,0.5489771005939416
426875,781,426094,427152,3213.8175412995042,False,True,False,1580.24,0.01562989129470793,426094,1555.921122,0.004953693732500923,2.5282712936873226,4.856767869641098,9.36438670615658e-05,0.0009245466420519932,1h_bearish_loose_engulf,long,2023-10-16 14:00:00,0.9420633211285796,1h_loose_engulf_v1p5,44.415228982099045,29.677607811010084
427583,431,427152,427888,-1017.9512844590354,False,False,False,1567.37,0.0032445727556351667,427152,1572.455446,0.05871886120999069,-1.558037821354112,-2.161823070779973,-0.0005569736087551735,-0.0030147430011365772,1h_bullish_loose_engulf,short,2023-10-19 01:00:00,0.5871886120996237,1h_loose_engulf_v1p5,2.255262349689338,1.6788261569126584
427919,31,427888,455796,131352.1926257087,True,True,False,1581.79,0.0027223939302731814,427888,1577.495436,0.0,2.982128262365346,0.9306320724885023,-0.004396573475981658,0.00046968073780861985,1h_bearish_loose_engulf,long,2023-10-20 05:00:00,0.2761294672960171,1h_loose_engulf_v1p5,3.103333261137944,8.576343205434577
457487,251,457236,459252,-2602.9123589087976,False,False,False,2371.23,0.026039171306996955,457236,2311.052118,0.39421720733428844,6.998131568927285,10.625030204374657,0.0007498018980796051,0.04966686657277131,1h_bearish_loose_engulf,long,2024-01-30 21:00:00,0.1777150916784211,1h_loose_engulf_v1p5,1.8401439496176337,3.5305610092472417
459803,263,459540,476244,176532.66314368136,True,True,False,2427.7,0.020996322335667283,459540,2377.7754600000003,0.08624938393297206,4.832360656122901,7.475329714267115,-0.007610872610216757,-0.01399896429429004,1h_bearish_loose_engulf,long,2024-02-07 22:00:00,0.775751601774286,1h_loose_engulf_v1p5,2.139036748285053,4.156596156951396
476903,83,476820,479124,-40958.31834407768,False,False,True,3387.44,0.008346204508997701,476820,3359.401746,0.48897196261683673,7.818743361272292,14.009326840813344,-0.0008710586223447114,0.003486963943943877,1h_bearish_loose_engulf,long,2024-04-07 07:00:00,0.30654205607475954,1h_loose_engulf_v1p5,1.5029329700990839,0.9385126741204769
503579,1127,502452,504180,-9433.904760260251,False,False,False,3028.16,0.00684577433160749,502452,3048.8901,0.3187279151943417,9.352006819272912,13.082944950297346,0.0032454858660802,0.0020271522697661304,1h_bullish_loose_engulf,short,2024-07-08 22:00:00,0.0,1h_loose_engulf_v1p5,2.213519353982636,1.715094609760716
506975,1355,505620,508788,-35698.0686171815,False,False,False,3498.3,0.002965216216748834,505620,3487.957452,0.2204861111111054,0.688343992648992,-0.7300324714761146,0.0031646607001012406,0.0014680241430733432,1h_bearish_loose_engulf,long,2024-07-20 17:00:00,0.4062499999999942,1h_loose_engulf_v1p5,4.5694743460285405,0.47994647343239116
511067,263,510804,514048,45422.7901226714,False,True,False,2912.93,0.027055758978073774,510804,2991.741532,0.6158408932309853,-4.275017780879402,-18.894902639456944,-0.013843974257595537,-0.00699497787651715,1h_bullish_loose_engulf,short,2024-08-03 22:00:00,0.1048499651081682,1h_loose_engulf_v1p5,1.8849159159648352,1.4246958300020125
516743,117,516626,517456,14924.732541245874,False,True,False,2660.09,0.0026344595551950345,516626,2653.100514,0.2470719464584522,4.873391306547221,5.129293743770184,-0.008577755923055985,-0.007753675812999017,1h_bearish_loose_engulf,long,2024-08-23 15:00:00,0.31818181818182567,1h_loose_engulf_v1p5,8.886793146554892,1.0629331489620888
518207,751,517456,518370,33383.91070741514,False,True,False,2510.43,0.08884262775699803,517456,2733.4631980000004,0.22609368950832112,1.154168649166209,-23.779786889942898,-0.019584887455659783,-0.013619819599842153,1h_bullish_loose_engulf,short,2024-08-28 17:00:00,0.608594657375148,1h_loose_engulf_v1p5,3.105003347467083,4.93499307184452
521903,463,521440,522161,-592.6942429088522,False,False,False,2346.61,0.013202266329944923,521440,2316.0331140000003,0.6996108949416329,2.4798578873409447,12.97180284999851,0.001884155497663187,-0.002581597799618307,1h_bearish_loose_engulf,long,2024-09-10 13:00:00,0.12140077821014443,1h_loose_engulf_v1p5,2.4174805337557137,0.28685292464562157
523967,32,523935,525467,43638.76789338497,False,True,False,2371.55,0.011266360514118112,523935,2345.1289319999996,0.0,11.417851736752006,0.5110638612209542,-0.005471954264677725,-0.0077108825701215356,1h_bearish_loose_engulf,long,2024-09-17 17:00:00,0.11095489162273303,1h_loose_engulf_v1p5,5.906602506714413,5.733612412072114
526859,332,526527,527308,1017.9864546706667,False,True,False,2698.65,0.022995752703136807,526527,2637.987492,0.1481892912686079,5.632784437463615,1.6627123623653688,0.008051586057698623,-0.0028786684879413826,1h_bearish_loose_engulf,long,2024-09-27 18:00:00,0.6007553876916204,1h_loose_engulf_v1p5,1.548010253393285,3.823171895562722
527555,247,527308,528850,49598.604560681444,False,True,False,2626.09,0.006869935150737305,527308,2644.1310679999997,0.5036544850498306,-4.741071061812699,-6.625359311541763,-0.003053008589715356,-0.01463217671182615,1h_bullish_loose_engulf,short,2024-09-30 04:00:00,0.13322259136211878,1h_loose_engulf_v1p5,3.00961705377912,4.161635102193887
528875,25,528850,529800,3812.8622120580403,False,True,False,2414.73,0.007720818353286418,528850,2396.22915,0.0821029888368652,13.017613889769027,6.962850864880721,-0.018307996428690743,6.396330979097087e-06,1h_bearish_loose_engulf,long,2024-10-04 18:00:00,0.9110550954267266,1h_loose_engulf_v1p5,1.971487672611394,1.8998607660596798
530579,779,529800,530796,-1620.878174930811,False,False,False,2412.0,0.00040933084577110534,529800,2412.987306,0.25076452599388654,-0.5510651048986581,-3.2446829484672826,0.017378342511470635,0.03726869278196099,1h_bullish_loose_engulf,short,2024-10-10 16:00:00,0.14495412844036903,1h_loose_engulf_v1p5,5.506834008420298,4.401534831148744
530879,83,530796,531435,5166.151034196257,False,True,False,2439.75,0.008284549388020146,530796,2419.7038439999997,0.3436763550667709,7.454625128266225,3.407645000936636,-0.02822503740346105,-0.029903194500494834,1h_bearish_loose_engulf,long,2024-10-11 17:00:00,0.1425765907305618,1h_loose_engulf_v1p5,2.9776425038605283,1.6026812844884168
533891,42,533849,535544,25782.971014758397,False,True,False,2642.65,0.0007798808014680692,533849,2644.710952,0.41592505854801626,-9.740359205345435,-7.234757299956314,0.014375340502513323,-0.015874126605184058,1h_bullish_loose_engulf,short,2024-10-22 04:00:00,0.3245901639344199,1h_loose_engulf_v1p5,1.5011315405176906,2.480221362622469
536759,158,536601,538173,26850.177959806402,False,True,False,2508.16,0.04042723909160517,536601,2609.557984,0.05389955083707374,-19.532887450683106,-18.110318447976507,0.007412845673264501,0.015499523242606728,1h_bullish_loose_engulf,short,2024-11-01 03:00:00,0.22008983258473247,1h_loose_engulf_v1p5,7.10756236495777,2.7820080560177844
538223,50,538173,551988,223327.4877437217,True,True,False,2560.21,0.029960108636559513,538173,2485.7370479999995,0.03650805217518194,13.749422356234616,12.451811575222099,0.026702937858148257,0.0410852193460749,1h_bearish_loose_engulf,long,2024-11-06 05:00:00,0.20170516650877965,1h_loose_engulf_v1p5,3.7418695073235693,16.770425496016816
555155,287,554868,556884,-54210.935336000985,False,False,True,3609.68,0.044618432955308096,554868,3455.500962,0.24004364429894456,15.17602497527296,21.994216998275245,0.004024283110867222,0.004191796697287087,1h_bearish_loose_engulf,long,2025-01-04 00:00:00,0.3671576650300079,1h_loose_engulf_v1p5,3.522675688407349,1.916698716892117
563747,239,563508,566964,95432.27353813092,False,True,False,2975.63,0.048502631039477384,563508,3119.955884,0.8374614910659268,-18.834818985719096,-30.157214749202513,-0.0067838466631220395,-0.01635759596880093,1h_bullish_loose_engulf,short,2025-02-02 20:00:00,0.03314849044978498,1h_loose_engulf_v1p5,2.0330989620701203,5.583661732433802
567191,227,566964,568315,-10439.274139970425,False,False,False,2760.34,0.03360525321210828,566964,2670.594012,0.34714889123548187,8.568554263935182,8.32909538455106,0.017528581771981244,0.023564421825214454,1h_bearish_loose_engulf,long,2025-02-14 19:00:00,0.030095036958819873,1h_loose_engulf_v1p5,10.33675059460346,8.257646361094636
569915,30,569885,571759,123009.06667361094,True,True,False,2723.3,0.0050682884735431255,569885,2737.1024700000003,0.48535791757049995,-9.449735743369423,1.4365825488066832,-0.044424669490953916,-0.054307262899867426,1h_bullish_loose_engulf,short,2025-02-24 06:00:00,0.22017353579175344,1h_loose_engulf_v1p5,1.7123633096868127,3.8667378842945777
571859,100,571759,573015,-37549.85289484623,False,False,False,2504.86,0.10639048931071038,571759,2263.9927079999998,0.11282051282051665,38.08723717097102,44.238895642626055,0.015975638545098203,0.03148521356924694,1h_bearish_loose_engulf,long,2025-03-03 00:00:00,0.6333333333333379,1h_loose_engulf_v1p5,5.1006103999275965,3.2005197522458944
574115,1100,573015,575212,84737.91552441102,False,True,False,1877.18,0.1522535484077181,573015,2162.987316,0.5118091451292257,-14.985091518255913,-18.444604832196468,-0.013740647871321676,0.014751202425585586,1h_bullish_loose_engulf,short,2025-03-10 20:00:00,0.09789264413518843,1h_loose_engulf_v1p5,3.0574103557255903,2.920109633907529
575543,331,575212,575736,-16023.58869313635,False,False,False,1933.33,0.00016734346003688394,575212,1933.006524,0.12788632326821098,3.2764252644745007,13.447550344346805,0.013366113033453475,0.017839530455386887,1h_bearish_loose_engulf,long,2025-03-15 19:00:00,0.03641207815274022,1h_loose_engulf_v1p5,6.022318812268021,1.2523180163880312
575759,23,575736,576594,-37415.57817728678,False,False,False,1887.68,0.005800876207831873,575736,1898.630198,0.07012727726478538,-5.953211871587824,4.587224259687554,-0.013031513549354612,-0.0235224420587945,1h_bullish_loose_engulf,short,2025-03-16 13:00:00,0.0,1h_loose_engulf_v1p5,10.87388481363997,0.8693080475166556
578807,157,578650,580291,70873.5770020443,False,True,False,2029.44,0.00244552093188255,578650,2034.403038,0.11483516483517255,-6.554574832055246,-10.101064192882598,-0.013487230060151512,-0.019051608088379024,1h_bullish_loose_engulf,short,2025-03-27 03:00:00,0.29285714285713815,1h_loose_engulf_v1p5,2.7556281396646893,11.479542373284495
580715,424,580291,580765,-7419.7157631642185,False,False,False,1893.56,0.01790511416180318,580291,1860.251976,0.3784499054820406,-0.4349719252834152,10.324671284877828,-0.0010405195251027566,0.0032777133437040806,1h_bearish_loose_engulf,long,2025-04-02 18:00:00,0.4302457466918748,1h_loose_engulf_v1p5,49.936847370724685,12.03671471612737
580799,34,580765,582726,120301.05474534782,True,True,False,1818.45,0.014947235282795734,580765,1845.6308000000001,0.0871265009773806,-8.108455775452462,2.487161376568741,-0.0013459857260159636,-0.04405326406212606,1h_bullish_loose_engulf,short,2025-04-03 01:00:00,0.050404914828261954,1h_loose_engulf_v1p5,56.96218105557497,10.963731770393052
582791,65,582726,583835,-13458.047728204983,False,False,False,1667.63,0.04455421111144209,582726,1596.499236,0.0,28.227957531848624,12.76906661708884,2.7008988644050547e-05,-0.012517794007618543,1h_bearish_loose_engulf,long,2025-04-09 23:00:00,0.30427179615288147,1h_loose_engulf_v1p5,5.462976426415958,0.8649494130658225
584639,804,583835,585438,-14548.214225215022,False,False,False,1575.0,0.0005617523809524627,583835,1575.8847600000001,0.03473389355742933,-8.110092944794554,-8.362417749447939,-0.011495916479167811,0.019667063219172,1h_bullish_loose_engulf,short,2025-04-16 09:00:00,0.6151260504201644,1h_loose_engulf_v1p5,9.272974268818922,2.4855058803056886
587723,453,587270,587989,-10197.503697509062,False,False,False,1810.05,0.006819771778329153,587270,1797.7894860000001,0.14435695538057788,0.3715960376775449,-2.553665260304008,0.027602388456963167,0.03952193659772196,1h_bearish_loose_engulf,long,2025-04-27 02:00:00,0.6781027371578547,1h_loose_engulf_v1p5,43.69083953419934,11.467492725053976
588023,34,587989,588975,-28136.77299991902,False,False,False,1773.7,0.003469559677510281,587989,1779.8539580000001,0.38715365239294963,-4.534869221180209,-5.65722439144891,-0.016417886981382024,0.0029351983548393523,1h_bullish_loose_engulf,short,2025-04-28 03:00:00,0.054408060453402504,1h_loose_engulf_v1p5,7.3117203783870455,3.4024894102313454
591275,691,590584,599220,289292.0533968997,True,True,False,2338.49,0.2709890001907529,590584,1839.897906,0.2260496823839279,32.026397985962475,53.164707312544564,-0.019616869336641418,-0.01169696573308554,1h_bearish_loose_engulf,long,2025-05-09 10:00:00,0.5998553943087332,1h_loose_engulf_v1p5,1.9627631715505613,7.452817377157669
600443,665,599778,603796,-107642.76290987968,False,False,True,2662.67,0.049242303517855524,599778,2537.7074399999997,0.12878546381893458,17.132117157029075,20.353368408898497,0.012303715783615443,0.022074943891037924,1h_bearish_loose_engulf,long,2025-06-10 06:00:00,0.18425247051323623,1h_loose_engulf_v1p5,1.6429173205583547,1.9089771983136024
603827,31,603796,604284,460.46536167361774,False,True,False,2305.0,0.0024068537960955094,603796,2310.547798,0.7786021505376377,-11.972130621562634,-14.22337950998331,-0.040658444941510385,-0.04244644251012808,1h_bullish_loose_engulf,short,2025-06-22 00:00:00,0.06129032258064321,1h_loose_engulf_v1p5,22.397576359054053,6.769457680962107
604955,671,604284,605281,39158.32696935907,False,True,False,2425.63,0.05025094993560253,604284,2309.571822,0.09949409780776607,-5.966962674544636,13.69369940355986,0.0057299196432172295,0.00015276523082086158,1h_bearish_loose_engulf,long,2025-06-25 22:00:00,0.6543001686340651,1h_loose_engulf_v1p5,1.6862319121697638,3.675948249369133
608063,42,608021,631188,687933.1530731542,True,True,False,2549.15,0.005337153790411886,608021,2535.617022,0.7685118619697852,5.589728664386216,-1.4238513640048085,0.005175463656689416,-0.0007895480482336126,1h_bearish_loose_engulf,long,2025-07-06 17:00:00,0.09202012940332233,1h_loose_engulf_v1p5,5.336557187654729,2.191114823459614
633071,443,632628,636372,-32107.348223629175,False,False,False,4285.61,0.018014804092755465,632628,4209.771786,0.7193333333333309,9.812589454737594,10.349824427407619,0.00529159601511453,0.023588692613477402,1h_bearish_loose_engulf,long,2025-10-01 13:00:00,0.03699999999998908,1h_loose_engulf_v1p5,3.333953704780738,0.7410282404055032
642887,179,642708,649044,291923.0081585888,True,True,False,3574.96,0.007706199230201216,642708,3602.5093540000003,0.03520286396182207,-12.220271904976187,-27.276791930113603,-0.013337428342688473,-0.013194045132452925,1h_bullish_loose_engulf,short,2025-11-04 15:00:00,0.0,1h_loose_engulf_v1p5,1.9016722289284953,1.9641621096856645
649379,335,649044,650032,20773.49107296276,False,True,False,3030.4,0.025328361289281398,649044,2955.54099,0.0,7.178234322665425,15.308834861572151,-0.004999220805500193,0.008694286386271344,1h_bearish_loose_engulf,long,2025-11-27 04:00:00,0.7119372787051117,1h_loose_engulf_v1p5,2.33831977831347,2.117644009664479
650639,607,650032,650941,83506.40203613206,False,True,False,2843.75,0.05099327578021984,650032,2988.7621280000003,0.2313359528487285,-19.292195226862518,-24.907716810161357,-0.001452300378280591,0.01028978713052453,1h_bullish_loose_engulf,short,2025-12-01 13:00:00,0.2568762278978439,1h_loose_engulf_v1p5,3.5290093742082598,2.278744193496716
651059,118,650941,651829,143916.03504271363,True,True,False,2995.21,0.047286520873065285,650941,2859.97188,0.0637745643307467,30.713623255314733,17.603094120161156,-0.011548334566067187,-0.006439905751984609,1h_bearish_loose_engulf,long,2025-12-03 00:00:00,0.5139043381535038,1h_loose_engulf_v1p5,1.9730087833650336,0.9409379048277052
651875,46,651829,652419,-10651.215894440655,False,False,False,3041.83,0.007570083140741035,651829,3064.856906,0.7510964912280708,-21.284582637274944,-12.302907750099266,-0.010637579136234865,-0.00555257228130368,1h_bullish_loose_engulf,short,2025-12-05 20:00:00,0.2057291666666646,1h_loose_engulf_v1p5,3.793992755825318,2.2760505461002736
652463,44,652419,653371,140704.73586541507,True,True,False,3125.8,0.014891263333138172,652419,3079.935864,0.5353482260184034,11.47072625147404,-2.9335264183226135,-0.005076049924414239,-0.014378453847720851,1h_bearish_loose_engulf,long,2025-12-07 21:00:00,0.2935611038107758,1h_loose_engulf_v1p5,1.782032548999849,2.054115972716386
654023,652,653371,654541,108124.89278371586,True,True,False,3095.06,0.06054595969060372,653371,3282.453378,0.18473547267997156,-10.966191214329505,-25.749092273813034,-0.004337003988625354,-0.007878542989029236,1h_bullish_loose_engulf,short,2025-12-13 07:00:00,0.6869037294015555,1h_loose_engulf_v1p5,1.7683157445251019,0.05952884414926884
654659,118,654541,655288,-204304.39176057372,False,False,True,3152.51,0.007908038973245546,654541,3127.77543,0.21877043819490094,9.734863982148932,4.973162618977156,0.005919494847115514,0.010955122311793852,1h_bearish_loose_engulf,long,2025-12-15 12:00:00,0.6824722040549359,1h_loose_engulf_v1p5,2.231281826561296,1.1813605100891957
658667,1083,657584,661320,153802.9006437799,True,True,False,2979.05,0.004114389932801554,657584,2966.84325,0.30382775119617605,7.137171762223039,10.511759890217768,-0.018369598690558542,0.008668404805941776,1h_bearish_loose_engulf,long,2025-12-29 10:00:00,0.15917065390749677,1h_loose_engulf_v1p5,13.632241442767759,5.230799569738257
661727,407,661320,662399,50802.65100579942,False,True,False,3117.75,0.01859505348408308,661320,3175.724728,0.0,-2.3847732712590535,-19.296836290416262,-0.002258034041865642,-0.004128902585686434,1h_bullish_loose_engulf,short,2026-01-09 01:00:00,0.23835616438355667,1h_loose_engulf_v1p5,1.7495821594002197,0.04729747944466909
662459,60,662399,663918,138377.42174652172,True,True,False,3111.83,0.001515454192277721,662399,3107.1213,0.1877358490565848,4.061277898644722,1.5318834045715448,-0.005016049217148377,0.0008683251605199338,1h_bearish_loose_engulf,long,2026-01-11 14:00:00,0.53490566037737,1h_loose_engulf_v1p5,2.019530263490193,0.46868856040195156
664547,68,664479,664944,-132394.75720662205,False,False,True,3345.02,0.0009251389517861419,664479,3341.928252,0.11255961844197088,3.2355759947729403,-1.1118919444554791,0.03296441274095896,0.04215866521278411,1h_bearish_loose_engulf,long,2026-01-18 20:00:00,0.7535771065182816,1h_loose_engulf_v1p5,4.380723216262259,4.611963190184049
667439,346,667093,667528,-21354.159727001563,False,False,False,3010.75,0.015042107139313199,667093,2966.133108,0.44256541161454455,0.5748702576935507,14.224070960760924,-0.016618988579505056,-0.02805994692274605,1h_bearish_loose_engulf,long,2026-01-28 21:00:00,0.2648372686662458,1h_loose_engulf_v1p5,1.530441421355743,1.4944430980920662
667679,151,667528,670116,675483.4111797365,True,True,False,2837.45,0.036329019365979986,667528,2940.531776,0.1584626234132597,-18.77472285385863,-11.107940241032473,0.005133444877400306,-0.006050212025844659,1h_bullish_loose_engulf,short,2026-01-29 17:00:00,0.0401269393511992,1h_loose_engulf_v1p5,4.08089780070739,2.523833962386144
671123,458,670665,671977,62265.046605071984,False,True,False,2022.26,0.016382087367598608,670665,2055.38884,0.5931092792221513,-9.05729401518092,-2.009950281455307,0.00041557021629490265,0.00716854930203259,1h_bullish_loose_engulf,short,2026-02-10 16:00:00,0.34538152610441636,1h_loose_engulf_v1p5,1.5007646611283172,1.218521392244595
672239,262,671977,672526,19636.90608833218,False,True,False,2066.19,0.026830124580511816,671977,2012.20236,0.06129597197899447,9.482548936632178,19.36344164043599,0.009099558066721247,-0.00525118150676096,1h_bearish_loose_engulf,long,2026-02-14 13:00:00,0.2530647985989497,1h_loose_engulf_v1p5,2.04533998229646,0.5967109722206864
672815,289,672526,673329,5801.291542028077,False,True,False,2016.44,0.004778076213524773,672526,2026.074704,0.6580502215657306,-4.241101311250466,-10.332722904356626,0.0013418102125439813,-0.005529891589080127,1h_bullish_loose_engulf,short,2026-02-16 13:00:00,0.03323485967503198,1h_loose_engulf_v1p5,2.2650651600587044,1.1823621430043552
676307,344,675963,676425,-31531.253458942287,False,False,False,1895.46,0.03899636288816444,675963,1969.376046,0.49696816574027564,-6.893532606868028,-17.671568386508334,-0.02941882391174888,-0.029097747456106382,1h_bullish_loose_engulf,short,2026-02-28 16:00:00,0.46513390601313515,1h_loose_engulf_v1p5,2.2415198363855184,2.493727485127457
678311,353,677958,678745,107714.94338189252,True,True,False,1986.07,0.032974470184837346,677958,2051.559606,0.1460973982655139,-1.7520622209519345,-15.22034496720753,-0.0017120450561968203,0.005003232964923887,1h_bullish_loose_engulf,short,2026-03-07 15:00:00,0.0,1h_loose_engulf_v1p5,2.4438936067541315,0.401874698051091
679259,514,678745,680265,138375.05150027433,True,True,False,2027.08,0.0227259568170739,678745,1982.0363280000001,0.28246983676366283,-0.27390130807308566,10.601345798878251,-0.009354057755121659,-0.019553848638309557,1h_bearish_loose_engulf,long,2026-03-10 22:00:00,0.1863023420865858,1h_loose_engulf_v1p5,2.1434305102777316,1.7603605383489085
681239,539,680700,681437,220104.04612457892,True,True,False,2332.58,0.08623988210518263,680700,2147.389392,0.06368399838774408,-6.157826173624784,10.633324227492118,-0.018859070487649676,-0.022753459709249024,1h_bearish_loose_engulf,long,2026-03-17 19:00:00,0.09068923821039923,1h_loose_engulf_v1p5,1.9040275138021538,0.399915133059819
681515,78,681437,682873,206137.004997788,True,True,False,2218.27,0.03324280001983526,681437,2292.011506,0.3374876360039632,-20.914373785635746,-14.885817923964026,0.018196000248064115,0.018654407890512203,1h_bullish_loose_engulf,short,2026-03-18 18:00:00,0.0,1h_loose_engulf_v1p5,3.4296290162305394,1.0021680024652504
684047,382,683665,684789,175497.21646333812,True,True,False,1991.89,0.07444280557661309,683665,2140.17188,0.12432432432432639,-6.026060228891453,-13.775913249927836,-0.0249556375742519,-0.03770111628336792,1h_bullish_loose_engulf,short,2026-03-27 13:00:00,0.0,1h_loose_engulf_v1p5,2.584384898378073,5.266606227081445
684923,134,684789,685646,78668.204007864,False,True,False,2063.09,0.011785968413949854,684789,2039.05773,0.1265356265356321,9.399339436219828,11.339023351549976,-0.01466903757894622,-0.002553255518002562,1h_bearish_loose_engulf,long,2026-03-30 14:00:00,0.42014742014742784,1h_loose_engulf_v1p5,9.452767565359476,7.978226808305657
685787,141,685646,686759,-10664.777364131529,False,False,False,2036.24,0.022047347071072254,685646,2081.13369,0.5814385150812065,-13.425423298367054,-5.7907662492317264,0.011950989522920175,0.00843288978976564,1h_bullish_loose_engulf,short,2026-04-02 14:00:00,0.14895591647331988,1h_loose_engulf_v1p5,2.292343345627023,1.88981698843287
686975,216,686759,687192,3790.1846076501533,False,True,False,2131.52,0.021465545026267074,686759,2086.727262,0.012710408794240605,8.362957906249687,12.613035463921953,-0.012855879312057672,0.004919893979086654,1h_bearish_loose_engulf,long,2026-04-06 17:00:00,0.13844039848848258,1h_loose_engulf_v1p5,2.4209999374256927,4.590322926407374
688487,75,688412,689818,51064.37563137896,False,True,False,2287.6,0.009700186513905251,688412,2265.623034,0.5602140945584257,5.242080910511916,3.7188198343958483,-0.00225020869144521,-0.016092165091227018,1h_bearish_loose_engulf,long,2026-04-11 23:00:00,0.09054415700268481,1h_loose_engulf_v1p5,5.891526575611413,1.8623065457021404
691559,152,691407,691879,-79703.20448626624,False,False,True,2397.98,0.02227928787976552,691407,2345.71905,0.09729511505853275,11.151008297667104,10.142842368594687,0.005000138771520168,0.00504080591770939,1h_bearish_loose_engulf,long,2026-04-22 15:00:00,0.08195397658458625,1h_loose_engulf_v1p5,4.483932862211675,2.3836934684743727
694151,140,694011,695708,72878.66758759832,False,True,False,2306.24,0.008409544611381214,694011,2287.00731,0.027718550106608852,6.38717073011005,3.0035429522872708,0.03410244255812667,0.03415376906161116,1h_bearish_loose_engulf,long,2026-05-01 15:00:00,0.074360341151385,1h_loose_engulf_v1p5,8.516769591141397,4.130190017016449
695939,231,695708,696325,21159.40111688059,False,True,False,2298.85,0.01607009939752513,695708,2335.7927480000003,0.6705959397511325,-5.934579015765706,-10.691729578598988,-0.008332072442635563,0.006444082353421532,1h_bullish_loose_engulf,short,2026-05-07 20:00:00,0.12508185985594705,1h_loose_engulf_v1p5,12.963269695490139,4.776589877236749
696791,466,696325,697026,-21440.91279254062,False,False,False,2353.17,0.013469912988105959,696325,2321.8942859999997,0.24963396778915745,3.645252910908539,4.268045653908618,-0.0031845947040686218,-0.01211385004373422,1h_bearish_loose_engulf,long,2026-05-10 19:00:00,0.05417276720351515,1h_loose_engulf_v1p5,7.047637632021854,12.77155673072383
697343,317,697026,697536,-17176.660060382914,False,False,False,2269.17,0.01750777949646798,697026,2308.8981280000003,0.340018231540566,-7.6869679185869,-7.617039477487895,0.02421060827685828,0.03586997310329809,1h_bullish_loose_engulf,short,2026-05-12 17:00:00,0.05059252506837395,1h_loose_engulf_v1p5,4.360367262706524,1.2689328966333908
701411,1166,700245,702222,88887.55997676263,False,True,False,2074.08,0.010294120766797699,700245,2095.43083,0.5413223140495962,-3.9352692231148465,-1.281173172503891,-0.01637472453375033,0.006285761396442213,1h_bullish_loose_engulf,short,2026-05-26 20:00:00,0.4421487603305528,1h_loose_engulf_v1p5,5.276972444841789,4.111921482358913
703055,272,702783,704704,687331.854913211,True,True,False,1983.63,0.011286739966626769,702783,2006.018716,0.0,-3.6643433864222166,-1.8868967501213572,0.00868109694885888,0.01884019878898946,1h_bullish_loose_engulf,short,2026-06-01 13:00:00,0.17412935323383164,1h_loose_engulf_v1p5,14.36299668279794,1.1629636198675226
704783,79,704704,705375,99040.20316329226,False,True,False,1615.41,0.0035211334539644312,704704,1609.741884,0.5850965961361599,16.485701558028346,12.361347884617288,0.004167355352939328,-0.004951987408774117,1h_bearish_loose_engulf,long,2026-06-07 13:00:00,0.31278748850046495,1h_loose_engulf_v1p5,2.6791603237408967,0.08182982459614864
705635,260,705375,705922,-47737.62205877807,False,False,True,1619.65,0.017917574784675594,705375,1648.6702,0.42567994939911713,-5.262780650384218,0.9769459007184906,-0.004629011772501523,-0.004706770644619107,1h_bullish_loose_engulf,short,2026-06-10 12:00:00,0.5660974067046222,1h_loose_engulf_v1p5,1.5034961959628832,0.7041096622158852
706019,97,705922,706102,22031.117243972607,False,True,False,1681.12,0.008395684658147662,705922,1667.1233579999998,0.28214971209212336,4.973572861181206,5.653774259749088,0.01298954476658043,0.008390145216073508,1h_bearish_loose_engulf,long,2026-06-11 20:00:00,0.6602687140115172,1h_loose_engulf_v1p5,2.9486836978905777,3.0865434900546913
113290,3443,109847,136783,37135.1622576107,False,True,False,395.0,0.08120521216897725,109847,365.333052,0.1281588447653388,2.3632413913845127,1.8126290449742055,0.13601601782434591,-0.051258517941109916,1h_bearish_loose_engulf+oi_flush,long,2020-10-21 23:00:00,0.05054151624549252,1h_loose_engulf_v1p5_oi0,3.61189164748438,10.191240399672976
151444,455,150989,172818,71695.46912793306,False,True,False,1605.52,0.018126726927197856,150989,1576.9353239999998,0.07913802712242238,6.915002225938,13.785039894367316,-0.009402807337354768,-0.02175012962237044,1h_bearish_loose_engulf+oi_flush,long,2021-03-03 14:00:00,0.9000557310050137,1h_loose_engulf_v1p5_oi0,4.223717790030381,2.212807687485675
189943,455,189488,192080,-3721.374003860561,False,False,False,1922.73,0.010210195919343912,189488,1942.36145,0.8096044002538607,-0.014651741880980396,4.044055586631288,-0.04529073794493621,-0.006037855616660481,1h_bullish_loose_engulf+oi_flush,short,2021-07-15 14:00:00,0.0,1h_loose_engulf_v1p5_oi0,2.132880918087543,1.3669603216357626
192979,323,192656,209936,34274.426910554714,False,True,False,2295.79,0.05167874761206548,192656,2182.9765079999997,0.007191149354640897,4.321893517753303,-3.098281077144563,-0.04968191862288085,-0.06775193852691774,1h_bearish_loose_engulf+oi_flush,long,2021-07-26 03:00:00,0.19231714812538414,1h_loose_engulf_v1p5_oi0,6.26971034832511,11.723181649779383
213571,1043,212528,231248,31590.289119135792,False,True,False,3425.06,0.03630768822630581,212528,3305.06088,0.23461538461539197,4.815607222637588,-10.977197671689368,-0.009279631249333398,-0.013110759866212573,1h_bearish_loose_engulf+oi_flush,long,2021-10-05 15:00:00,0.2754437869822454,1h_loose_engulf_v1p5_oi0,2.4231201402736615,0.7847922874221007
240667,203,240464,246224,39124.28035168933,False,True,False,3203.79,0.06329645451168786,240464,3406.5785480000004,0.526869940965247,-10.803511944429601,-40.63622422766329,-0.029678057463631946,-0.015861964069060486,1h_bullish_loose_engulf+oi_flush,short,2022-01-07 17:00:00,0.35359990262309005,1h_loose_engulf_v1p5_oi0,4.50666669995833,3.3553011110224817
248695,104,248591,249284,11417.843141022488,False,True,False,2770.81,0.006560551126458147,248591,2752.75044,0.08218884120171534,20.37573201182889,7.0457521167607915,-0.01849682954544174,0.028014276674103167,1h_bearish_loose_engulf+oi_flush,long,2022-02-04 14:00:00,0.22607296137338787,1h_loose_engulf_v1p5_oi0,2.8779313826790314,1.1935495580044462
253255,1076,252179,254066,18872.726227091713,False,True,False,2629.93,0.15986729836915825,252179,3050.369804,0.6384535005224615,-5.347687629730551,-15.875430991860654,-0.010887979749181653,-0.03403200076700508,1h_bullish_loose_engulf+oi_flush,short,2022-02-20 10:00:00,0.0,1h_loose_engulf_v1p5_oi0,1.597427520771291,2.4487210386770912
255121,1055,254066,255380,-1059.6266151731543,False,False,False,2811.54,0.05458596742016897,254066,2666.013096,0.011504624407844898,1.6144304778952687,26.38661714280114,-0.061827463048971576,-0.05784556143774411,1h_bearish_loose_engulf+oi_flush,long,2022-02-26 22:00:00,0.9672907737423907,1h_loose_engulf_v1p5_oi0,1.5318902503166856,0.6581334552397824
261841,42,261799,266378,9453.885492086352,False,True,False,2991.74,0.009334219109179198,261799,2964.072696,0.13926746166950507,9.984521855384946,-1.7483275702509218,-0.026692471639915283,-0.01734407696731899,1h_bearish_loose_engulf+oi_flush,long,2022-03-22 06:00:00,0.5748154457694457,1h_loose_engulf_v1p5_oi0,3.5230440317688108,3.1414188114040087
269749,211,269538,270002,-4284.297832795855,False,False,False,2926.76,0.029325042709344107,269538,3012.587362,0.2097397577943799,-11.39413082645492,-12.168564367507905,-0.0013766862622413,-0.013729904978742713,1h_bullish_loose_engulf+oi_flush,short,2022-04-18 17:00:00,0.21618139654729038,1h_loose_engulf_v1p5_oi0,1.7114252373441428,2.8656380834924784
273541,688,272853,273570,59.94627962015511,False,True,False,2815.95,0.007557818853317855,272853,2837.23244,0.1729548001494252,3.3330743697151775,-3.0091734866007727,-0.0015975847983692448,0.028693780887607767,1h_bullish_loose_engulf+oi_flush,short,2022-05-01 21:00:00,0.10963765409039773,1h_loose_engulf_v1p5_oi0,1.6924203684159151,1.9994285162089172
274909,808,274101,277466,25933.17423582128,False,True,False,2697.24,0.024186721982471182,274101,2762.4773940000005,0.41075821963766485,-14.167199379495337,-20.012879141001008,-0.024285413928172184,-0.019130378531809433,1h_bullish_loose_engulf+oi_flush,short,2022-05-06 15:00:00,0.42059941847461524,1h_loose_engulf_v1p5_oi0,2.8521514093013103,3.3715394362948454
277597,131,277466,278340,-5619.723724207841,False,False,False,2131.48,0.019906477866123984,277466,2089.877892,0.0825150227172747,14.560884428448155,25.253054385873497,0.01658412022382505,-0.012502887429591159,1h_bearish_loose_engulf+oi_flush,long,2022-05-15 23:00:00,0.07562655723289327,1h_loose_engulf_v1p5_oi0,2.6094830774741387,3.302448887182748
278509,169,278340,278781,-3047.8929082214745,False,False,False,1948.02,0.02770480898553407,278340,2001.989522,0.0879494655004886,-14.383355000839114,-9.147911274337833,-0.010487361066287781,-0.011149511689165337,1h_bullish_loose_engulf+oi_flush,short,2022-05-19 03:00:00,0.8746355685131177,1h_loose_engulf_v1p5_oi0,2.628636719067636,1.4301610574261636
279913,51,279862,281661,9503.979987315004,False,True,False,1977.77,0.0057196256389773215,279862,1989.082104,0.6980749746707188,-8.87500453669185,1.2850829929546852,-0.0014109909717929803,-0.022575192674393008,1h_bullish_loose_engulf+oi_flush,short,2022-05-24 00:00:00,0.22762580209388653,1h_loose_engulf_v1p5_oi0,1.8342332433303792,1.2571194854683396
281941,280,281661,282267,5789.827658736322,False,True,False,1992.82,0.08523828016147705,281661,1836.297186,0.2770795930580501,13.010401155616783,26.19927961056114,0.05149397140207723,-0.047199029819426364,1h_bearish_loose_engulf+oi_flush,long,2022-05-31 01:00:00,0.2896469180131622,1h_loose_engulf_v1p5_oi0,5.1742165097878745,2.399250629444247
282685,418,282267,283346,8742.063103900015,False,True,False,1814.15,0.05662516770939541,282267,1916.876548,0.3476061427280947,-6.284866987426181,-15.964143832326805,-0.025285723068469546,-0.04338385553951296,1h_bullish_loose_engulf+oi_flush,short,2022-06-02 15:00:00,0.021138211382111062,1h_loose_engulf_v1p5_oi0,1.5762227915960425,2.484186816222855
283729,383,283346,283952,-1365.6554053572763,False,False,False,1869.81,0.04091188711187588,283346,1796.319192,0.041932059447981264,10.163472831372967,12.167160566800039,0.028548952057346755,-0.01037041106209391,1h_bearish_loose_engulf+oi_flush,long,2022-06-06 06:00:00,0.3481953290870474,1h_loose_engulf_v1p5_oi0,1.6869045830265923,2.4359215234476856
285265,1313,283952,286538,43704.53024715526,False,True,False,1568.02,0.13545990739914027,283952,1780.423844,0.5075560187597697,-12.578683350658103,-17.926941011391726,0.026828848211196243,-0.013621660523986057,1h_bullish_loose_engulf+oi_flush,short,2022-06-11 14:00:00,0.06253256904638052,1h_loose_engulf_v1p5_oi0,2.6671994246052453,5.284161360372452
289021,225,288796,289870,8474.028016407072,False,True,False,1199.07,0.050407635111898275,288796,1141.5282599999998,0.08882175226586231,9.553403155859453,11.048545265954708,-0.008629526568299517,-0.08512982112409517,1h_bearish_loose_engulf+oi_flush,long,2022-06-24 15:00:00,0.4299093655589112,1h_loose_engulf_v1p5_oi0,1.5374223441984443,2.73985929695376
291349,1479,289870,291864,16756.747354300227,False,True,False,1062.1,0.1231629507579326,289870,1192.91137,0.44691780821918736,2.1389664999349662,3.1984557413984973,-0.01611254206436674,-0.03478188666665827,1h_bullish_loose_engulf+oi_flush,short,2022-07-02 17:00:00,0.4965753424657436,1h_loose_engulf_v1p5_oi0,2.382300640898221,0.8868858874379598
293029,1165,291864,293479,18880.601961238688,False,True,False,1213.07,0.11065800466405129,291864,1092.208398,0.1272621132515967,-2.1475799818570636,5.898010393169088,-0.014352434506628708,0.008934870852090437,1h_bearish_loose_engulf+oi_flush,long,2022-07-08 13:00:00,0.5504962054874432,1h_loose_engulf_v1p5_oi0,1.9244698014799753,1.3192584523921589
293737,258,293479,294463,17465.501745553338,False,True,False,1169.68,0.016091796046781903,293479,1188.502252,0.681283422459888,-3.899590943348767,-10.17169745228407,-0.00279905837611516,-0.020406283056438768,1h_bullish_loose_engulf+oi_flush,short,2022-07-11 00:00:00,0.05989304812833699,1h_loose_engulf_v1p5_oi0,1.990374326782633,1.6389753306276058
295249,786,294463,296666,87236.47471089859,False,True,False,1208.56,0.0988608109536413,294463,1099.829922,0.22763792179967773,-4.331749754175306,13.041491847438031,0.001024787098462987,-0.009093157608674685,1h_bearish_loose_engulf+oi_flush,long,2022-07-16 06:00:00,0.39207284413497095,1h_loose_engulf_v1p5_oi0,1.5206806251688736,1.3400457814034912
300385,616,299769,300509,-1848.3966282086913,False,False,False,1616.18,0.03355186427254386,299769,1670.405852,0.539589442815249,5.6690847639644595,-8.11209688152355,-0.03192181045661324,-0.05414599137829135,1h_bullish_loose_engulf+oi_flush,short,2022-08-03 02:00:00,0.17553414327608102,1h_loose_engulf_v1p5_oi0,1.923268941101948,1.962888749979972
301093,584,300509,302229,4914.057706488122,False,True,False,1683.31,0.0012394655919996111,300509,1681.2261780000001,0.0026210299105742466,9.466663016047516,7.814666626179087,-0.021360652231918298,-0.01438408754776277,1h_bearish_loose_engulf+oi_flush,long,2022-08-05 13:00:00,0.0457909343200745,1h_loose_engulf_v1p5_oi0,4.147538821588633,1.7065388141339473
303805,74,303731,304463,5268.834124774468,False,True,False,1937.41,0.01081766275594731,303731,1958.368248,0.0,-12.27214445870877,-8.161894606314931,-0.011954379829755113,-0.02865302641690959,1h_bullish_loose_engulf+oi_flush,short,2022-08-14 23:00:00,0.8504213483146071,1h_loose_engulf_v1p5_oi0,3.568661299926322,1.0218116661287544
305005,31,304974,305802,25299.36208357266,False,True,False,1821.0,0.0004753179571663768,304974,1821.865554,0.1492054149499686,-0.5089828051170304,-1.3591098488548692,-0.03083586356269019,-0.029502743725896674,1h_bullish_loose_engulf+oi_flush,short,2022-08-19 03:00:00,0.0,1h_loose_engulf_v1p5_oi0,1.7924401356919881,6.822230270522002
306997,1195,305802,307070,1666.9889065336902,False,True,False,1677.33,0.020740267986136818,305802,1643.248584,0.37787513691128666,-0.7784488915684378,9.859261648779967,0.0003668863167380909,-0.00028690981349543954,1h_bearish_loose_engulf+oi_flush,long,2022-08-26 01:00:00,0.13307776560788964,1h_loose_engulf_v1p5_oi0,8.24683339621104,0.38808587722568294
308161,142,308019,308891,1812.9776975369896,False,True,False,1527.12,0.011021697605293035,308019,1510.4720340000001,0.13473423980222432,12.143794851465163,12.118155236726494,-0.0057220131317395895,0.0019950559523462807,1h_bearish_loose_engulf+oi_flush,long,2022-08-30 02:00:00,0.1652245570663368,1h_loose_engulf_v1p5_oi0,3.6196887903286803,2.895350011335808
310177,455,309722,310395,-2851.127027264738,False,False,False,1638.81,0.041046524219948255,309722,1574.194776,0.0,6.351659772960103,4.740481034349565,-0.05276578207371285,-0.03670873861702795,1h_bearish_loose_engulf+oi_flush,long,2022-09-06 02:00:00,0.62801024765158,1h_loose_engulf_v1p5_oi0,3.179849980685649,5.7102988981784
312613,541,312072,312729,13154.85354992788,False,True,False,1603.59,0.06454799044643589,312072,1707.098512,0.33590208522211573,-1.9862532060426261,-18.71347427557967,-0.0022060805430246244,-0.04729965250165302,1h_bullish_loose_engulf+oi_flush,short,2022-09-14 13:00:00,0.07479601087942407,1h_loose_engulf_v1p5_oi0,1.5685349650506284,0.677579776260449
314701,1470,313231,315107,12645.135390775773,False,True,False,1372.2,0.03701016324150985,313231,1422.985346,0.21488147497805038,1.9861152420429864,6.4172605873652415,-0.02012627453059579,-0.032685158785304314,1h_bullish_loose_engulf+oi_flush,short,2022-09-21 19:00:00,0.6736172080772628,1h_loose_engulf_v1p5_oi0,29.27344034063126,13.59365452942772
317941,387,317554,318102,-1585.5335684196907,False,False,False,1283.21,0.019278495335915524,317554,1307.948358,0.0687551982256725,-2.4028814070662694,-4.563414642181215,-0.006257639925285163,-0.020410827081742022,1h_bullish_loose_engulf+oi_flush,short,2022-10-03 01:00:00,0.2387025228721954,1h_loose_engulf_v1p5_oi0,3.645070662796767,5.345206577122574
321937,29,321908,322432,1821.3641402574722,False,True,False,1300.98,0.004734978664128642,321908,1294.848918,0.42012847965738687,2.5440260862228645,1.1110704125224995,-0.0538622851663495,-0.04696237982341134,1h_bearish_loose_engulf+oi_flush,long,2022-10-16 22:00:00,0.12633832976445641,1h_loose_engulf_v1p5_oi0,7.413725971218029,5.525921791005489
324505,1508,322997,325224,33405.54589574665,False,True,False,1474.88,0.12668674871514196,322997,1309.0417559999999,0.05902319441825591,12.955512767550433,10.756350987147037,-0.09886515698613252,-0.09046878385592305,1h_bearish_loose_engulf+oi_flush,long,2022-10-25 20:00:00,0.8936451065434641,1h_loose_engulf_v1p5_oi0,19.93403829287263,12.85076506393515
327397,608,326789,327744,777.154318366549,False,True,False,1642.74,0.018568728532289303,326789,1612.792494,0.12035225048923825,11.071996443574314,9.267963704764172,-0.02304174042970497,-0.03487230149535403,1h_bearish_loose_engulf+oi_flush,long,2022-11-04 21:00:00,0.13861709067188482,1h_loose_engulf_v1p5_oi0,1.5888211156946719,1.8580123902699373
328141,397,327744,329053,46202.53407956901,False,True,False,1579.02,0.024918153031627144,327744,1618.366262,0.0,-6.743810708016701,-9.174150397161924,-0.00018697534671419103,0.021784650986733656,1h_bullish_loose_engulf+oi_flush,short,2022-11-07 11:00:00,0.2738507167572891,1h_loose_engulf_v1p5_oi0,1.6345619892618901,1.601224169983649
330877,1055,329822,331730,5934.671972629847,False,True,False,1219.01,0.018795223993240517,329822,1241.9215660000002,0.11215834118756271,-5.566425159722039,-1.9316666802504283,0.0006391116913120332,-0.006802953877663942,1h_bullish_loose_engulf+oi_flush,short,2022-11-16 23:00:00,0.6748350612629591,1h_loose_engulf_v1p5_oi0,1.9219983398981884,1.2105714507831387
331753,23,331730,332258,-29656.570866496942,False,False,False,1219.5,0.001672786160468842,331730,1217.463444,0.0587889476778366,1.4841528398672161,2.929893608942635,-0.005979108983949932,-0.00033186963335551933,1h_bearish_loose_engulf+oi_flush,long,2022-11-20 00:00:00,0.8071722516166976,1h_loose_engulf_v1p5_oi0,3.9625898240940565,5.577380259602165
334261,207,334054,334641,-7966.9361697529675,False,False,False,1177.93,0.013253116908475082,334054,1193.541244,0.16891111966141203,-4.50175817843804,-7.228388291050102,-0.00034737776942850296,0.004556020356787371,1h_bullish_loose_engulf+oi_flush,short,2022-11-28 17:00:00,0.471335128895729,1h_loose_engulf_v1p5_oi0,7.294091083510533,2.8602420864138147
335089,448,334641,335631,7269.439055136987,False,True,False,1274.29,0.03579254880969085,334641,1230.2560019999999,0.17061448678338512,-2.607155231312639,5.607059045752656,-0.009862144204331624,-0.003541248144493525,1h_bearish_loose_engulf+oi_flush,long,2022-12-01 14:00:00,0.4867833848266396,1h_loose_engulf_v1p5_oi0,5.93347990463955,2.5361732631433593
335845,214,335631,336080,-4439.522216757934,False,False,False,1263.97,0.0019198794275181452,335631,1266.39667,0.0,-3.6959123087640973,-6.432041148105283,0.0047927544589905224,-0.007989682989901103,1h_bullish_loose_engulf+oi_flush,short,2022-12-04 05:00:00,0.477611940298511,1h_loose_engulf_v1p5_oi0,2.3870541832350294,0.2533624270276017
338833,336,338497,338974,2743.4185040315497,False,True,False,1328.05,0.03811829520134613,338497,1279.2858059999999,0.2696506550218413,0.8851873185927079,6.387316089333336,-0.00234816985248798,0.0078026089905027796,1h_bearish_loose_engulf+oi_flush,long,2022-12-14 14:00:00,0.6320960698690017,1h_loose_engulf_v1p5_oi0,1.560006191867593,1.0826989304825214
339565,591,338974,340449,17807.43321719661,False,True,False,1174.66,0.10185167452709698,338974,1294.301088,0.0752941176470706,-7.398425177693355,-14.2659832327321,0.007968910002765117,-0.01879731007263208,1h_bullish_loose_engulf+oi_flush,short,2022-12-17 03:00:00,0.730588235294122,1h_loose_engulf_v1p5_oi0,1.6750965237908269,0.8548412927528277
340741,292,340449,341144,-295.2712000756874,False,False,False,1205.83,0.004724383478527772,340449,1200.1599840000001,0.6094182825484744,1.3968115520524806,7.247054798835373,-0.0002085724402605127,-0.004921708063017283,1h_bearish_loose_engulf+oi_flush,long,2022-12-21 05:00:00,0.3393351800553859,1h_loose_engulf_v1p5_oi0,1.6618653336216822,0.5710322857382717
345541,63,345478,355572,49025.1805000442,False,True,False,1265.87,0.005511231309526687,345478,1258.931736,0.1662337662337732,1.199560450192278,0.16024471069905388,-0.008644470511817492,0.0188841224312144,1h_bearish_loose_engulf+oi_flush,long,2023-01-06 21:00:00,0.30822510822510474,1h_loose_engulf_v1p5_oi0,7.474267351803831,6.222719348989915
358979,2920,356059,362196,2902.577303465514,False,True,False,1614.27,0.04274301459363894,356059,1548.099558,0.13347639484978982,-4.160365017054376,-10.92183501532572,0.0005438411084417449,-0.0015083932828957591,1h_bearish_loose_engulf+oi_flush,long,2023-02-22 20:00:00,0.7021459227467811,1h_loose_engulf_v1p5_oi0,2.7954502064012474,1.8841913231150431
363371,311,363060,364212,-8797.535740603402,False,False,False,1429.97,0.07157036581187026,363060,1532.313476,0.7813565744600243,-11.79501533401848,-9.170702143145297,-0.010030448624451349,0.02268872463439231,1h_bullish_loose_engulf+oi_flush,short,2023-03-10 02:00:00,0.0299355816597181,1h_loose_engulf_v1p5_oi0,6.438087286963676,3.922211290113962
364415,202,364213,381204,46971.89962416631,False,True,False,1659.72,0.05255059965210207,364213,1576.855308,0.03335059554634934,10.636123931339029,25.209040596749198,-0.055926681919085786,-0.043771389257602156,1h_bearish_loose_engulf+oi_flush,long,2023-03-13 17:00:00,0.28928016571724574,1h_loose_engulf_v1p5_oi0,1.9375613680569936,5.8587743458527495
386423,35,386388,389844,-12182.001081157709,False,False,False,1910.51,0.00015078457102113418,386388,1910.2219679999998,0.042553191489359384,7.367631137304727,6.391960717735728,0.016309248272797783,-0.0306012673613123,1h_bearish_loose_engulf+oi_flush,long,2023-05-29 03:00:00,0.6005319148936166,1h_loose_engulf_v1p5_oi0,1.8476895392659491,5.724239893317468
394451,1151,393300,405972,-9777.285888807732,False,False,False,1896.87,0.0040876876801454465,393300,1889.1477539999998,0.0,-1.374598746368859,-4.468048471709274,-7.137986018712628e-05,0.007048423439166118,1h_bearish_loose_engulf+oi_flush,long,2023-06-26 00:00:00,0.8514335360556203,1h_loose_engulf_v1p5_oi0,2.0155897589512266,1.189720403827812
410507,791,409716,415082,8149.520137668995,False,True,False,1674.8,0.00767399211846187,409716,1687.652402,0.4313880126182965,4.2280615547754135,5.13902650758294,-0.0050318708468976014,0.0024743433543168436,1h_bullish_loose_engulf+oi_flush,short,2023-08-20 18:00:00,0.35094637223974945,1h_loose_engulf_v1p5_oi0,2.789289593743211,0.6196104634195045
417719,218,417501,417955,-1808.0503501347266,False,False,False,1631.08,0.004796052440990239,417501,1623.294594,0.47154471544715,2.916463162434697,5.890228741767334,-0.011064535745158754,-0.022984964726481483,1h_bearish_loose_engulf+oi_flush,long,2023-09-14 19:00:00,0.08581752484191793,1h_loose_engulf_v1p5_oi0,3.7000245964903358,2.9702505814501285
422327,1844,420483,422900,10642.110482847143,False,True,False,1676.64,0.051291134041711484,420483,1594.838904,0.43826578699340574,-0.9279548603535641,1.895920396437802,-0.004960933361579656,0.010266241811444088,1h_bearish_loose_engulf+oi_flush,long,2023-09-30 19:00:00,0.1253534401508142,1h_loose_engulf_v1p5_oi0,1.9495310578105776,1.037896763875516
423755,855,422900,424061,-54.019986028957646,False,False,False,1616.08,0.022739819810900563,422900,1652.8293680000002,0.37840290381123887,-1.1696402774166295,-3.855855478344859,-0.0011261249812891672,0.00572006831474714,1h_bullish_loose_engulf+oi_flush,short,2023-10-05 18:00:00,0.5018148820326662,1h_loose_engulf_v1p5_oi0,3.7487946571520063,5.131726390153956
424907,391,424516,426094,13005.089737643139,False,True,False,1583.43,0.026931863107305,424516,1626.07472,0.8591370558375616,-5.155707826703083,-4.138981555026959,-0.03422714015021311,-0.028978284344563177,1h_bullish_loose_engulf+oi_flush,short,2023-10-09 18:00:00,0.09454314720812246,1h_loose_engulf_v1p5_oi0,3.2964077938867855,6.942638614522463
426899,805,426094,427152,3213.8175412995042,False,True,False,1579.59,0.015212132328132233,426094,1555.921122,0.3891591382904705,2.1022903947972598,4.848268301394462,-0.04169122612261733,-0.0416014863831925,1h_bearish_loose_engulf+oi_flush,long,2023-10-16 16:00:00,0.540653231410712,1h_loose_engulf_v1p5_oi0,4.2173768009956,17.16540646530305
427583,431,427152,427888,-1017.9512844590354,False,False,False,1567.37,0.0032445727556351667,427152,1572.455446,0.05871886120999069,-1.558037821354112,-2.161823070779973,-0.0005569736087551735,-0.0030147430011365772,1h_bullish_loose_engulf+oi_flush,short,2023-10-19 01:00:00,0.5871886120996237,1h_loose_engulf_v1p5_oi0,2.255262349689338,1.6788261569126584
427919,31,427888,455796,131352.1926257087,True,True,False,1581.79,0.0027223939302731814,427888,1577.495436,0.0,2.982128262365346,0.9306320724885023,-0.004396573475981658,0.00046968073780861985,1h_bearish_loose_engulf+oi_flush,long,2023-10-20 05:00:00,0.2761294672960171,1h_loose_engulf_v1p5_oi0,3.103333261137944,8.576343205434577
458483,1247,457236,459252,-2602.9123589087976,False,False,False,2316.74,0.0024611656118436187,457236,2311.052118,0.013333333333321207,2.205398906107939,1.1282311173367399,-0.003467092480089029,-0.00015660785614013406,1h_bearish_loose_engulf+oi_flush,long,2024-02-03 08:00:00,0.37733333333332364,1h_loose_engulf_v1p5_oi0,2.473906369915579,2.5450335004325235
459803,263,459540,476244,176532.66314368136,True,True,False,2427.7,0.020996322335667283,459540,2377.7754600000003,0.08624938393297206,4.832360656122901,7.475329714267115,-0.007610872610216757,-0.01399896429429004,1h_bearish_loose_engulf+oi_flush,long,2024-02-07 22:00:00,0.775751601774286,1h_loose_engulf_v1p5_oi0,2.139036748285053,4.156596156951396
476903,83,476820,479124,-40958.31834407768,False,False,True,3387.44,0.008346204508997701,476820,3359.401746,0.48897196261683673,7.818743361272292,14.009326840813344,-0.0008710586223447114,0.003486963943943877,1h_bearish_loose_engulf+oi_flush,long,2024-04-07 07:00:00,0.30654205607475954,1h_loose_engulf_v1p5_oi0,1.5029329700990839,0.9385126741204769
507011,1391,505620,508788,-35698.0686171815,False,False,False,3520.66,0.009375844874841555,505620,3487.957452,0.39462886982469036,2.1926877136316456,0.3554363758510277,-0.0006898085208508764,0.0009050559589824925,1h_bearish_loose_engulf+oi_flush,long,2024-07-20 20:00:00,0.4807907497202499,1h_loose_engulf_v1p5_oi0,2.223990532737549,0.7150493948595132
511067,263,510804,514048,45422.7901226714,False,True,False,2912.93,0.027055758978073774,510804,2991.741532,0.6158408932309853,-4.275017780879402,-18.894902639456944,-0.013843974257595537,-0.00699497787651715,1h_bullish_loose_engulf+oi_flush,short,2024-08-03 22:00:00,0.1048499651081682,1h_loose_engulf_v1p5_oi0,1.8849159159648352,1.4246958300020125
516743,117,516626,517456,14924.732541245874,False,True,False,2660.09,0.0026344595551950345,516626,2653.100514,0.2470719464584522,4.873391306547221,5.129293743770184,-0.008577755923055985,-0.007753675812999017,1h_bearish_loose_engulf+oi_flush,long,2024-08-23 15:00:00,0.31818181818182567,1h_loose_engulf_v1p5_oi0,8.886793146554892,1.0629331489620888
518207,751,517456,518370,33383.91070741514,False,True,False,2510.43,0.08884262775699803,517456,2733.4631980000004,0.22609368950832112,1.154168649166209,-23.779786889942898,-0.019584887455659783,-0.013619819599842153,1h_bullish_loose_engulf+oi_flush,short,2024-08-28 17:00:00,0.608594657375148,1h_loose_engulf_v1p5_oi0,3.105003347467083,4.93499307184452
521903,463,521440,522161,-592.6942429088522,False,False,False,2346.61,0.013202266329944923,521440,2316.0331140000003,0.6996108949416329,2.4798578873409447,12.97180284999851,0.001884155497663187,-0.002581597799618307,1h_bearish_loose_engulf+oi_flush,long,2024-09-10 13:00:00,0.12140077821014443,1h_loose_engulf_v1p5_oi0,2.4174805337557137,0.28685292464562157
523967,32,523935,525467,43638.76789338497,False,True,False,2371.55,0.011266360514118112,523935,2345.1289319999996,0.0,11.417851736752006,0.5110638612209542,-0.005471954264677725,-0.0077108825701215356,1h_bearish_loose_engulf+oi_flush,long,2024-09-17 17:00:00,0.11095489162273303,1h_loose_engulf_v1p5_oi0,5.906602506714413,5.733612412072114
526859,332,526527,527308,1017.9864546706667,False,True,False,2698.65,0.022995752703136807,526527,2637.987492,0.1481892912686079,5.632784437463615,1.6627123623653688,0.008051586057698623,-0.0028786684879413826,1h_bearish_loose_engulf+oi_flush,long,2024-09-27 18:00:00,0.6007553876916204,1h_loose_engulf_v1p5_oi0,1.548010253393285,3.823171895562722
527555,247,527308,528850,49598.604560681444,False,True,False,2626.09,0.006869935150737305,527308,2644.1310679999997,0.5036544850498306,-4.741071061812699,-6.625359311541763,-0.003053008589715356,-0.01463217671182615,1h_bullish_loose_engulf+oi_flush,short,2024-09-30 04:00:00,0.13322259136211878,1h_loose_engulf_v1p5_oi0,3.00961705377912,4.161635102193887
528875,25,528850,529800,3812.8622120580403,False,True,False,2414.73,0.007720818353286418,528850,2396.22915,0.0821029888368652,13.017613889769027,6.962850864880721,-0.018307996428690743,6.396330979097087e-06,1h_bearish_loose_engulf+oi_flush,long,2024-10-04 18:00:00,0.9110550954267266,1h_loose_engulf_v1p5_oi0,1.971487672611394,1.8998607660596798
530879,83,530796,531435,5166.151034196257,False,True,False,2439.75,0.008284549388020146,530796,2419.7038439999997,0.3436763550667709,7.454625128266225,3.407645000936636,-0.02822503740346105,-0.029903194500494834,1h_bearish_loose_engulf+oi_flush,long,2024-10-11 17:00:00,0.1425765907305618,1h_loose_engulf_v1p5_oi0,2.9776425038605283,1.6026812844884168
533891,42,533849,535544,25782.971014758397,False,True,False,2642.65,0.0007798808014680692,533849,2644.710952,0.41592505854801626,-9.740359205345435,-7.234757299956314,0.014375340502513323,-0.015874126605184058,1h_bullish_loose_engulf+oi_flush,short,2024-10-22 04:00:00,0.3245901639344199,1h_loose_engulf_v1p5_oi0,1.5011315405176906,2.480221362622469
536963,362,536601,538173,26850.177959806402,False,True,False,2512.93,0.038452318210216774,536601,2609.557984,0.7261904761904772,-0.17868468888735478,-16.601650287717977,0.005469386955203603,-0.008029117576727529,1h_bullish_loose_engulf+oi_flush,short,2024-11-01 20:00:00,0.23031135531136293,1h_loose_engulf_v1p5_oi0,2.0852388970361924,0.9108998940598934
538943,770,538173,551988,223327.4877437217,True,True,False,2914.51,0.1724932861844688,538173,2485.7370479999995,0.7027950935049226,-5.890572024987307,19.722286075307878,-0.007345310024760798,0.00739763648907088,1h_bearish_loose_engulf+oi_flush,long,2024-11-08 17:00:00,0.25899859239895645,1h_loose_engulf_v1p5_oi0,1.512170303547055,1.8508013611708454
555539,671,554868,556884,-54210.935336000985,False,False,True,3632.63,0.05126001698389926,554868,3455.500962,0.33787972721638165,-5.532051686663856,7.411639345021584,-0.0028638403507935672,-0.0031232317882634586,1h_bearish_loose_engulf+oi_flush,long,2025-01-05 08:00:00,0.597644141351507,1h_loose_engulf_v1p5_oi0,4.391605548344723,1.690140447986317
563747,239,563508,566964,95432.27353813092,False,True,False,2975.63,0.048502631039477384,563508,3119.955884,0.8374614910659268,-18.834818985719096,-30.157214749202513,-0.0067838466631220395,-0.01635759596880093,1h_bullish_loose_engulf+oi_flush,short,2025-02-02 20:00:00,0.03314849044978498,1h_loose_engulf_v1p5_oi0,2.0330989620701203,5.583661732433802
567755,791,566964,568315,-10439.274139970425,False,False,False,2681.94,0.00424848851941495,566964,2670.594012,0.0,-2.8072113228606916,-1.7516869366702839,0.0012620377386651782,-0.004021970863729907,1h_bearish_loose_engulf+oi_flush,long,2025-02-16 18:00:00,0.4567404426559523,1h_loose_engulf_v1p5_oi0,2.8731846084743218,0.9322272537006735
569915,30,569885,571759,123009.06667361094,True,True,False,2723.3,0.0050682884735431255,569885,2737.1024700000003,0.48535791757049995,-9.449735743369423,1.4365825488066832,-0.044424669490953916,-0.054307262899867426,1h_bullish_loose_engulf+oi_flush,short,2025-02-24 06:00:00,0.22017353579175344,1h_loose_engulf_v1p5_oi0,1.7123633096868127,3.8667378842945777
571943,184,571759,573015,-37549.85289484623,False,False,False,2363.51,0.043956542637415774,571759,2263.9927079999998,0.11012599160054552,22.540471312067446,44.46540277527956,0.0033158899649408102,-0.0018519514294252915,1h_bearish_loose_engulf+oi_flush,long,2025-03-03 07:00:00,0.28604759682688546,1h_loose_engulf_v1p5_oi0,3.7032750042990727,1.4449166181138133
574115,1100,573015,575212,84737.91552441102,False,True,False,1877.18,0.1522535484077181,573015,2162.987316,0.5118091451292257,-14.985091518255913,-18.444604832196468,-0.013740647871321676,0.014751202425585586,1h_bullish_loose_engulf+oi_flush,short,2025-03-10 20:00:00,0.09789264413518843,1h_loose_engulf_v1p5_oi0,3.0574103557255903,2.920109633907529
575759,23,575736,576594,-37415.57817728678,False,False,False,1887.68,0.005800876207831873,575736,1898.630198,0.07012727726478538,-5.953211871587824,4.587224259687554,-0.013031513549354612,-0.0235224420587945,1h_bullish_loose_engulf+oi_flush,short,2025-03-16 13:00:00,0.0,1h_loose_engulf_v1p5_oi0,10.87388481363997,0.8693080475166556
578807,157,578650,580291,70873.5770020443,False,True,False,2029.44,0.00244552093188255,578650,2034.403038,0.11483516483517255,-6.554574832055246,-10.101064192882598,-0.013487230060151512,-0.019051608088379024,1h_bullish_loose_engulf+oi_flush,short,2025-03-27 03:00:00,0.29285714285713815,1h_loose_engulf_v1p5_oi0,2.7556281396646893,11.479542373284495
580715,424,580291,580765,-7419.7157631642185,False,False,False,1893.56,0.01790511416180318,580291,1860.251976,0.3784499054820406,-0.4349719252834152,10.324671284877828,-0.0010405195251027566,0.0032777133437040806,1h_bearish_loose_engulf+oi_flush,long,2025-04-02 18:00:00,0.4302457466918748,1h_loose_engulf_v1p5_oi0,49.936847370724685,12.03671471612737
580799,34,580765,582726,120301.05474534782,True,True,False,1818.45,0.014947235282795734,580765,1845.6308000000001,0.0871265009773806,-8.108455775452462,2.487161376568741,-0.0013459857260159636,-0.04405326406212606,1h_bullish_loose_engulf+oi_flush,short,2025-04-03 01:00:00,0.050404914828261954,1h_loose_engulf_v1p5_oi0,56.96218105557497,10.963731770393052
582791,65,582726,583835,-13458.047728204983,False,False,False,1667.63,0.04455421111144209,582726,1596.499236,0.0,28.227957531848624,12.76906661708884,2.7008988644050547e-05,-0.012517794007618543,1h_bearish_loose_engulf+oi_flush,long,2025-04-09 23:00:00,0.30427179615288147,1h_loose_engulf_v1p5_oi0,5.462976426415958,0.8649494130658225
584639,804,583835,585438,-14548.214225215022,False,False,False,1575.0,0.0005617523809524627,583835,1575.8847600000001,0.03473389355742933,-8.110092944794554,-8.362417749447939,-0.011495916479167811,0.019667063219172,1h_bullish_loose_engulf+oi_flush,short,2025-04-16 09:00:00,0.6151260504201644,1h_loose_engulf_v1p5_oi0,9.272974268818922,2.4855058803056886
587747,477,587270,587989,-10197.503697509062,False,False,False,1807.58,0.005445862308263605,587270,1797.7894860000001,0.11338289962825542,-0.22033814818936648,-2.9903590560715294,-0.025369264606369124,0.0015328715540614546,1h_bearish_loose_engulf+oi_flush,long,2025-04-27 04:00:00,0.6570631970260169,1h_loose_engulf_v1p5_oi0,4.400233986545773,1.8283300478738382
588023,34,587989,588975,-28136.77299991902,False,False,False,1773.7,0.003469559677510281,587989,1779.8539580000001,0.38715365239294963,-4.534869221180209,-5.65722439144891,-0.016417886981382024,0.0029351983548393523,1h_bullish_loose_engulf+oi_flush,short,2025-04-28 03:00:00,0.054408060453402504,1h_loose_engulf_v1p5_oi0,7.3117203783870455,3.4024894102313454
591275,691,590584,599220,289292.0533968997,True,True,False,2338.49,0.2709890001907529,590584,1839.897906,0.2260496823839279,32.026397985962475,53.164707312544564,-0.019616869336641418,-0.01169696573308554,1h_bearish_loose_engulf+oi_flush,long,2025-05-09 10:00:00,0.5998553943087332,1h_loose_engulf_v1p5_oi0,1.9627631715505613,7.452817377157669
600671,893,599778,603796,-107642.76290987968,False,False,True,2796.47,0.10196705732162736,599778,2537.7074399999997,0.10978584982379347,11.501475772031434,29.115188821178776,-0.008169949858266468,-0.0173439871314236,1h_bearish_loose_engulf+oi_flush,long,2025-06-11 01:00:00,0.2764976958525306,1h_loose_engulf_v1p5_oi0,2.3823823353046993,2.5098484848484848
603827,31,603796,604284,460.46536167361774,False,True,False,2305.0,0.0024068537960955094,603796,2310.547798,0.7786021505376377,-11.972130621562634,-14.22337950998331,-0.040658444941510385,-0.04244644251012808,1h_bullish_loose_engulf+oi_flush,short,2025-06-22 00:00:00,0.06129032258064321,1h_loose_engulf_v1p5_oi0,22.397576359054053,6.769457680962107
605027,743,604284,605281,39158.32696935907,False,True,False,2485.89,0.0763423662864553,604284,2309.571822,0.11919014084506972,-0.1498316485482576,12.732100025337257,-0.01200233949113605,-0.01723090014921791,1h_bearish_loose_engulf+oi_flush,long,2025-06-26 04:00:00,0.5125000000000006,1h_loose_engulf_v1p5_oi0,4.78403767820774,6.969904561491791
608063,42,608021,631188,687933.1530731542,True,True,False,2549.15,0.005337153790411886,608021,2535.617022,0.7685118619697852,5.589728664386216,-1.4238513640048085,0.005175463656689416,-0.0007895480482336126,1h_bearish_loose_engulf+oi_flush,long,2025-07-06 17:00:00,0.09202012940332233,1h_loose_engulf_v1p5_oi0,5.336557187654729,2.191114823459614
633215,587,632628,636372,-32107.348223629175,False,False,False,4342.18,0.03145258715456656,632628,4209.771786,0.2519509476031315,13.620218241521975,22.180459049800646,-0.00855238974682404,-0.005421454604188192,1h_bearish_loose_engulf+oi_flush,long,2025-10-02 01:00:00,0.0004777830864746832,1h_loose_engulf_v1p5_oi0,2.105731618766543,2.490456191165822
642887,179,642708,649044,291923.0081585888,True,True,False,3574.96,0.007706199230201216,642708,3602.5093540000003,0.03520286396182207,-12.220271904976187,-27.276791930113603,-0.013337428342688473,-0.013194045132452925,1h_bullish_loose_engulf+oi_flush,short,2025-11-04 15:00:00,0.0,1h_loose_engulf_v1p5_oi0,1.9016722289284953,1.9641621096856645
649379,335,649044,650032,20773.49107296276,False,True,False,3030.4,0.025328361289281398,649044,2955.54099,0.0,7.178234322665425,15.308834861572151,-0.004999220805500193,0.008694286386271344,1h_bearish_loose_engulf+oi_flush,long,2025-11-27 04:00:00,0.7119372787051117,1h_loose_engulf_v1p5_oi0,2.33831977831347,2.117644009664479
650639,607,650032,650941,83506.40203613206,False,True,False,2843.75,0.05099327578021984,650032,2988.7621280000003,0.2313359528487285,-19.292195226862518,-24.907716810161357,-0.001452300378280591,0.01028978713052453,1h_bullish_loose_engulf+oi_flush,short,2025-12-01 13:00:00,0.2568762278978439,1h_loose_engulf_v1p5_oi0,3.5290093742082598,2.278744193496716
651059,118,650941,651829,143916.03504271363,True,True,False,2995.21,0.047286520873065285,650941,2859.97188,0.0637745643307467,30.713623255314733,17.603094120161156,-0.011548334566067187,-0.006439905751984609,1h_bearish_loose_engulf+oi_flush,long,2025-12-03 00:00:00,0.5139043381535038,1h_loose_engulf_v1p5_oi0,1.9730087833650336,0.9409379048277052
651875,46,651829,652419,-10651.215894440655,False,False,False,3041.83,0.007570083140741035,651829,3064.856906,0.7510964912280708,-21.284582637274944,-12.302907750099266,-0.010637579136234865,-0.00555257228130368,1h_bullish_loose_engulf+oi_flush,short,2025-12-05 20:00:00,0.2057291666666646,1h_loose_engulf_v1p5_oi0,3.793992755825318,2.2760505461002736
652463,44,652419,653371,140704.73586541507,True,True,False,3125.8,0.014891263333138172,652419,3079.935864,0.5353482260184034,11.47072625147404,-2.9335264183226135,-0.005076049924414239,-0.014378453847720851,1h_bearish_loose_engulf+oi_flush,long,2025-12-07 21:00:00,0.2935611038107758,1h_loose_engulf_v1p5_oi0,1.782032548999849,2.054115972716386
654023,652,653371,654541,108124.89278371586,True,True,False,3095.06,0.06054595969060372,653371,3282.453378,0.18473547267997156,-10.966191214329505,-25.749092273813034,-0.004337003988625354,-0.007878542989029236,1h_bullish_loose_engulf+oi_flush,short,2025-12-13 07:00:00,0.6869037294015555,1h_loose_engulf_v1p5_oi0,1.7683157445251019,0.05952884414926884
658667,1083,657584,661320,153802.9006437799,True,True,False,2979.05,0.004114389932801554,657584,2966.84325,0.30382775119617605,7.137171762223039,10.511759890217768,-0.018369598690558542,0.008668404805941776,1h_bearish_loose_engulf+oi_flush,long,2025-12-29 10:00:00,0.15917065390749677,1h_loose_engulf_v1p5_oi0,13.632241442767759,5.230799569738257
661727,407,661320,662399,50802.65100579942,False,True,False,3117.75,0.01859505348408308,661320,3175.724728,0.0,-2.3847732712590535,-19.296836290416262,-0.002258034041865642,-0.004128902585686434,1h_bullish_loose_engulf+oi_flush,short,2026-01-09 01:00:00,0.23835616438355667,1h_loose_engulf_v1p5_oi0,1.7495821594002197,0.04729747944466909
662459,60,662399,663918,138377.42174652172,True,True,False,3111.83,0.001515454192277721,662399,3107.1213,0.1877358490565848,4.061277898644722,1.5318834045715448,-0.005016049217148377,0.0008683251605199338,1h_bearish_loose_engulf+oi_flush,long,2026-01-11 14:00:00,0.53490566037737,1h_loose_engulf_v1p5_oi0,2.019530263490193,0.46868856040195156
667439,346,667093,667528,-21354.159727001563,False,False,False,3010.75,0.015042107139313199,667093,2966.133108,0.44256541161454455,0.5748702576935507,14.224070960760924,-0.016618988579505056,-0.02805994692274605,1h_bearish_loose_engulf+oi_flush,long,2026-01-28 21:00:00,0.2648372686662458,1h_loose_engulf_v1p5_oi0,1.530441421355743,1.4944430980920662
667679,151,667528,670116,675483.4111797365,True,True,False,2837.45,0.036329019365979986,667528,2940.531776,0.1584626234132597,-18.77472285385863,-11.107940241032473,0.005133444877400306,-0.006050212025844659,1h_bullish_loose_engulf+oi_flush,short,2026-01-29 17:00:00,0.0401269393511992,1h_loose_engulf_v1p5_oi0,4.08089780070739,2.523833962386144
671519,854,670665,671977,62265.046605071984,False,True,False,1963.64,0.046723859770630094,670665,2055.38884,0.3498379015620423,-1.7421040745376928,-7.916687530642868,-0.011203358065627111,-0.014810498777488856,1h_bullish_loose_engulf+oi_flush,short,2026-02-12 01:00:00,0.036840554081933326,1h_loose_engulf_v1p5_oi0,2.862035825239584,1.1895199653217587
672239,262,671977,672526,19636.90608833218,False,True,False,2066.19,0.026830124580511816,671977,2012.20236,0.06129597197899447,9.482548936632178,19.36344164043599,0.009099558066721247,-0.00525118150676096,1h_bearish_loose_engulf+oi_flush,long,2026-02-14 13:00:00,0.2530647985989497,1h_loose_engulf_v1p5_oi0,2.04533998229646,0.5967109722206864
672815,289,672526,673329,5801.291542028077,False,True,False,2016.44,0.004778076213524773,672526,2026.074704,0.6580502215657306,-4.241101311250466,-10.332722904356626,0.0013418102125439813,-0.005529891589080127,1h_bullish_loose_engulf+oi_flush,short,2026-02-16 13:00:00,0.03323485967503198,1h_loose_engulf_v1p5_oi0,2.2650651600587044,1.1823621430043552
676307,344,675963,676425,-31531.253458942287,False,False,False,1895.46,0.03899636288816444,675963,1969.376046,0.49696816574027564,-6.893532606868028,-17.671568386508334,-0.02941882391174888,-0.029097747456106382,1h_bullish_loose_engulf+oi_flush,short,2026-02-28 16:00:00,0.46513390601313515,1h_loose_engulf_v1p5_oi0,2.2415198363855184,2.493727485127457
678311,353,677958,678745,107714.94338189252,True,True,False,1986.07,0.032974470184837346,677958,2051.559606,0.1460973982655139,-1.7520622209519345,-15.22034496720753,-0.0017120450561968203,0.005003232964923887,1h_bullish_loose_engulf+oi_flush,short,2026-03-07 15:00:00,0.0,1h_loose_engulf_v1p5_oi0,2.4438936067541315,0.401874698051091
679259,514,678745,680265,138375.05150027433,True,True,False,2027.08,0.0227259568170739,678745,1982.0363280000001,0.28246983676366283,-0.27390130807308566,10.601345798878251,-0.009354057755121659,-0.019553848638309557,1h_bearish_loose_engulf+oi_flush,long,2026-03-10 22:00:00,0.1863023420865858,1h_loose_engulf_v1p5_oi0,2.1434305102777316,1.7603605383489085
681239,539,680700,681437,220104.04612457892,True,True,False,2332.58,0.08623988210518263,680700,2147.389392,0.06368399838774408,-6.157826173624784,10.633324227492118,-0.018859070487649676,-0.022753459709249024,1h_bearish_loose_engulf+oi_flush,long,2026-03-17 19:00:00,0.09068923821039923,1h_loose_engulf_v1p5_oi0,1.9040275138021538,0.399915133059819
681551,114,681437,682873,206137.004997788,True,True,False,2192.46,0.045406304333944325,681437,2292.011506,0.15851489550911751,-22.259651126925792,-20.363763189572524,-0.006947621086972666,-0.0015167775943771833,1h_bullish_loose_engulf+oi_flush,short,2026-03-18 21:00:00,0.08359270787015922,1h_loose_engulf_v1p5_oi0,2.209832316609596,2.714100305535259
684047,382,683665,684789,175497.21646333812,True,True,False,1991.89,0.07444280557661309,683665,2140.17188,0.12432432432432639,-6.026060228891453,-13.775913249927836,-0.0249556375742519,-0.03770111628336792,1h_bullish_loose_engulf+oi_flush,short,2026-03-27 13:00:00,0.0,1h_loose_engulf_v1p5_oi0,2.584384898378073,5.266606227081445
684923,134,684789,685646,78668.204007864,False,True,False,2063.09,0.011785968413949854,684789,2039.05773,0.1265356265356321,9.399339436219828,11.339023351549976,-0.01466903757894622,-0.002553255518002562,1h_bearish_loose_engulf+oi_flush,long,2026-03-30 14:00:00,0.42014742014742784,1h_loose_engulf_v1p5_oi0,9.452767565359476,7.978226808305657
685847,201,685646,686759,-10664.777364131529,False,False,False,2057.49,0.011491521222460443,685646,2081.13369,0.0,-9.771515905258433,-6.537345689880457,-0.012233793584257247,-0.02448173793464392,1h_bullish_loose_engulf+oi_flush,short,2026-04-02 19:00:00,0.6242695084221349,1h_loose_engulf_v1p5_oi0,5.850803227447844,1.3753750887386877
686975,216,686759,687192,3790.1846076501533,False,True,False,2131.52,0.021465545026267074,686759,2086.727262,0.012710408794240605,8.362957906249687,12.613035463921953,-0.012855879312057672,0.004919893979086654,1h_bearish_loose_engulf+oi_flush,long,2026-04-06 17:00:00,0.13844039848848258,1h_loose_engulf_v1p5_oi0,2.4209999374256927,4.590322926407374
688487,75,688412,689818,51064.37563137896,False,True,False,2287.6,0.009700186513905251,688412,2265.623034,0.5602140945584257,5.242080910511916,3.7188198343958483,-0.00225020869144521,-0.016092165091227018,1h_bearish_loose_engulf+oi_flush,long,2026-04-11 23:00:00,0.09054415700268481,1h_loose_engulf_v1p5_oi0,5.891526575611413,1.8623065457021404
691631,224,691407,691879,-79703.20448626624,False,False,True,2393.61,0.02041631967818147,691407,2345.71905,0.6473915776241531,6.996193941247711,11.515453808736083,-0.001111323359159866,0.006604911363832011,1h_bearish_loose_engulf+oi_flush,long,2026-04-22 21:00:00,0.3155248271527359,1h_loose_engulf_v1p5_oi0,1.655788379082919,0.9088986204705376
694175,164,694011,695708,72878.66758759832,False,True,False,2301.01,0.006122713267584734,694011,2287.00731,0.5082694634933411,6.8923724741165815,5.33673721502274,-0.00108202924714218,0.03298351347073769,1h_bearish_loose_engulf+oi_flush,long,2026-05-01 17:00:00,0.15086728519563483,1h_loose_engulf_v1p5_oi0,1.8538117546848383,5.167300056721498
695939,231,695708,696325,21159.40111688059,False,True,False,2298.85,0.01607009939752513,695708,2335.7927480000003,0.6705959397511325,-5.934579015765706,-10.691729578598988,-0.008332072442635563,0.006444082353421532,1h_bullish_loose_engulf+oi_flush,short,2026-05-07 20:00:00,0.12508185985594705,1h_loose_engulf_v1p5_oi0,12.963269695490139,4.776589877236749
696791,466,696325,697026,-21440.91279254062,False,False,False,2353.17,0.013469912988105959,696325,2321.8942859999997,0.24963396778915745,3.645252910908539,4.268045653908618,-0.0031845947040686218,-0.01211385004373422,1h_bearish_loose_engulf+oi_flush,long,2026-05-10 19:00:00,0.05417276720351515,1h_loose_engulf_v1p5_oi0,7.047637632021854,12.77155673072383
701411,1166,700245,702222,88887.55997676263,False,True,False,2074.08,0.010294120766797699,700245,2095.43083,0.5413223140495962,-3.9352692231148465,-1.281173172503891,-0.01637472453375033,0.006285761396442213,1h_bullish_loose_engulf+oi_flush,short,2026-05-26 20:00:00,0.4421487603305528,1h_loose_engulf_v1p5_oi0,5.276972444841789,4.111921482358913
703103,320,702783,704704,687331.854913211,True,True,False,1982.58,0.01182233049864334,702783,2006.018716,0.5188732394366218,-3.8024703592036158,-2.9549033231012274,0.004558756857512503,-0.010705956855185161,1h_bullish_loose_engulf+oi_flush,short,2026-06-01 17:00:00,0.24563380281689579,1h_loose_engulf_v1p5_oi0,3.9644421849066203,4.636432532569861
704783,79,704704,705375,99040.20316329226,False,True,False,1615.41,0.0035211334539644312,704704,1609.741884,0.5850965961361599,16.485701558028346,12.361347884617288,0.004167355352939328,-0.004951987408774117,1h_bearish_loose_engulf+oi_flush,long,2026-06-07 13:00:00,0.31278748850046495,1h_loose_engulf_v1p5_oi0,2.6791603237408967,0.08182982459614864
705635,260,705375,705922,-47737.62205877807,False,False,True,1619.65,0.017917574784675594,705375,1648.6702,0.42567994939911713,-5.262780650384218,0.9769459007184906,-0.004629011772501523,-0.004706770644619107,1h_bullish_loose_engulf+oi_flush,short,2026-06-10 12:00:00,0.5660974067046222,1h_loose_engulf_v1p5_oi0,1.5034961959628832,0.7041096622158852
113290,3443,109847,136783,37135.1622576107,False,True,False,395.0,0.08120521216897725,109847,365.333052,0.1281588447653388,2.3632413913845127,1.8126290449742055,0.13601601782434591,-0.051258517941109916,1h_bearish_loose_engulf+oi_flush,long,2020-10-21 23:00:00,0.05054151624549252,1h_loose_engulf_v1p5_oiN0p5,3.61189164748438,10.191240399672976
151444,455,150989,172818,71695.46912793306,False,True,False,1605.52,0.018126726927197856,150989,1576.9353239999998,0.07913802712242238,6.915002225938,13.785039894367316,-0.009402807337354768,-0.02175012962237044,1h_bearish_loose_engulf+oi_flush,long,2021-03-03 14:00:00,0.9000557310050137,1h_loose_engulf_v1p5_oiN0p5,4.223717790030381,2.212807687485675
189943,455,189488,192080,-3721.374003860561,False,False,False,1922.73,0.010210195919343912,189488,1942.36145,0.8096044002538607,-0.014651741880980396,4.044055586631288,-0.04529073794493621,-0.006037855616660481,1h_bullish_loose_engulf+oi_flush,short,2021-07-15 14:00:00,0.0,1h_loose_engulf_v1p5_oiN0p5,2.132880918087543,1.3669603216357626
192979,323,192656,209936,34274.426910554714,False,True,False,2295.79,0.05167874761206548,192656,2182.9765079999997,0.007191149354640897,4.321893517753303,-3.098281077144563,-0.04968191862288085,-0.06775193852691774,1h_bearish_loose_engulf+oi_flush,long,2021-07-26 03:00:00,0.19231714812538414,1h_loose_engulf_v1p5_oiN0p5,6.26971034832511,11.723181649779383
213571,1043,212528,231248,31590.289119135792,False,True,False,3425.06,0.03630768822630581,212528,3305.06088,0.23461538461539197,4.815607222637588,-10.977197671689368,-0.009279631249333398,-0.013110759866212573,1h_bearish_loose_engulf+oi_flush,long,2021-10-05 15:00:00,0.2754437869822454,1h_loose_engulf_v1p5_oiN0p5,2.4231201402736615,0.7847922874221007
240667,203,240464,246224,39124.28035168933,False,True,False,3203.79,0.06329645451168786,240464,3406.5785480000004,0.526869940965247,-10.803511944429601,-40.63622422766329,-0.029678057463631946,-0.015861964069060486,1h_bullish_loose_engulf+oi_flush,short,2022-01-07 17:00:00,0.35359990262309005,1h_loose_engulf_v1p5_oiN0p5,4.50666669995833,3.3553011110224817
248695,104,248591,249284,11417.843141022488,False,True,False,2770.81,0.006560551126458147,248591,2752.75044,0.08218884120171534,20.37573201182889,7.0457521167607915,-0.01849682954544174,0.028014276674103167,1h_bearish_loose_engulf+oi_flush,long,2022-02-04 14:00:00,0.22607296137338787,1h_loose_engulf_v1p5_oiN0p5,2.8779313826790314,1.1935495580044462
253255,1076,252179,254066,18872.726227091713,False,True,False,2629.93,0.15986729836915825,252179,3050.369804,0.6384535005224615,-5.347687629730551,-15.875430991860654,-0.010887979749181653,-0.03403200076700508,1h_bullish_loose_engulf+oi_flush,short,2022-02-20 10:00:00,0.0,1h_loose_engulf_v1p5_oiN0p5,1.597427520771291,2.4487210386770912
255121,1055,254066,255380,-1059.6266151731543,False,False,False,2811.54,0.05458596742016897,254066,2666.013096,0.011504624407844898,1.6144304778952687,26.38661714280114,-0.061827463048971576,-0.05784556143774411,1h_bearish_loose_engulf+oi_flush,long,2022-02-26 22:00:00,0.9672907737423907,1h_loose_engulf_v1p5_oiN0p5,1.5318902503166856,0.6581334552397824
261841,42,261799,266378,9453.885492086352,False,True,False,2991.74,0.009334219109179198,261799,2964.072696,0.13926746166950507,9.984521855384946,-1.7483275702509218,-0.026692471639915283,-0.01734407696731899,1h_bearish_loose_engulf+oi_flush,long,2022-03-22 06:00:00,0.5748154457694457,1h_loose_engulf_v1p5_oiN0p5,3.5230440317688108,3.1414188114040087
269749,211,269538,270002,-4284.297832795855,False,False,False,2926.76,0.029325042709344107,269538,3012.587362,0.2097397577943799,-11.39413082645492,-12.168564367507905,-0.0013766862622413,-0.013729904978742713,1h_bullish_loose_engulf+oi_flush,short,2022-04-18 17:00:00,0.21618139654729038,1h_loose_engulf_v1p5_oiN0p5,1.7114252373441428,2.8656380834924784
274909,808,274101,277466,25933.17423582128,False,True,False,2697.24,0.024186721982471182,274101,2762.4773940000005,0.41075821963766485,-14.167199379495337,-20.012879141001008,-0.024285413928172184,-0.019130378531809433,1h_bullish_loose_engulf+oi_flush,short,2022-05-06 15:00:00,0.42059941847461524,1h_loose_engulf_v1p5_oiN0p5,2.8521514093013103,3.3715394362948454
277597,131,277466,278340,-5619.723724207841,False,False,False,2131.48,0.019906477866123984,277466,2089.877892,0.0825150227172747,14.560884428448155,25.253054385873497,0.01658412022382505,-0.012502887429591159,1h_bearish_loose_engulf+oi_flush,long,2022-05-15 23:00:00,0.07562655723289327,1h_loose_engulf_v1p5_oiN0p5,2.6094830774741387,3.302448887182748
278509,169,278340,278781,-3047.8929082214745,False,False,False,1948.02,0.02770480898553407,278340,2001.989522,0.0879494655004886,-14.383355000839114,-9.147911274337833,-0.010487361066287781,-0.011149511689165337,1h_bullish_loose_engulf+oi_flush,short,2022-05-19 03:00:00,0.8746355685131177,1h_loose_engulf_v1p5_oiN0p5,2.628636719067636,1.4301610574261636
279913,51,279862,281661,9503.979987315004,False,True,False,1977.77,0.0057196256389773215,279862,1989.082104,0.6980749746707188,-8.87500453669185,1.2850829929546852,-0.0014109909717929803,-0.022575192674393008,1h_bullish_loose_engulf+oi_flush,short,2022-05-24 00:00:00,0.22762580209388653,1h_loose_engulf_v1p5_oiN0p5,1.8342332433303792,1.2571194854683396
281941,280,281661,282267,5789.827658736322,False,True,False,1992.82,0.08523828016147705,281661,1836.297186,0.2770795930580501,13.010401155616783,26.19927961056114,0.05149397140207723,-0.047199029819426364,1h_bearish_loose_engulf+oi_flush,long,2022-05-31 01:00:00,0.2896469180131622,1h_loose_engulf_v1p5_oiN0p5,5.1742165097878745,2.399250629444247
282685,418,282267,283346,8742.063103900015,False,True,False,1814.15,0.05662516770939541,282267,1916.876548,0.3476061427280947,-6.284866987426181,-15.964143832326805,-0.025285723068469546,-0.04338385553951296,1h_bullish_loose_engulf+oi_flush,short,2022-06-02 15:00:00,0.021138211382111062,1h_loose_engulf_v1p5_oiN0p5,1.5762227915960425,2.484186816222855
283729,383,283346,283952,-1365.6554053572763,False,False,False,1869.81,0.04091188711187588,283346,1796.319192,0.041932059447981264,10.163472831372967,12.167160566800039,0.028548952057346755,-0.01037041106209391,1h_bearish_loose_engulf+oi_flush,long,2022-06-06 06:00:00,0.3481953290870474,1h_loose_engulf_v1p5_oiN0p5,1.6869045830265923,2.4359215234476856
285265,1313,283952,286538,43704.53024715526,False,True,False,1568.02,0.13545990739914027,283952,1780.423844,0.5075560187597697,-12.578683350658103,-17.926941011391726,0.026828848211196243,-0.013621660523986057,1h_bullish_loose_engulf+oi_flush,short,2022-06-11 14:00:00,0.06253256904638052,1h_loose_engulf_v1p5_oiN0p5,2.6671994246052453,5.284161360372452
289021,225,288796,289870,8474.028016407072,False,True,False,1199.07,0.050407635111898275,288796,1141.5282599999998,0.08882175226586231,9.553403155859453,11.048545265954708,-0.008629526568299517,-0.08512982112409517,1h_bearish_loose_engulf+oi_flush,long,2022-06-24 15:00:00,0.4299093655589112,1h_loose_engulf_v1p5_oiN0p5,1.5374223441984443,2.73985929695376
291349,1479,289870,291864,16756.747354300227,False,True,False,1062.1,0.1231629507579326,289870,1192.91137,0.44691780821918736,2.1389664999349662,3.1984557413984973,-0.01611254206436674,-0.03478188666665827,1h_bullish_loose_engulf+oi_flush,short,2022-07-02 17:00:00,0.4965753424657436,1h_loose_engulf_v1p5_oiN0p5,2.382300640898221,0.8868858874379598
293029,1165,291864,293479,18880.601961238688,False,True,False,1213.07,0.11065800466405129,291864,1092.208398,0.1272621132515967,-2.1475799818570636,5.898010393169088,-0.014352434506628708,0.008934870852090437,1h_bearish_loose_engulf+oi_flush,long,2022-07-08 13:00:00,0.5504962054874432,1h_loose_engulf_v1p5_oiN0p5,1.9244698014799753,1.3192584523921589
293737,258,293479,294463,17465.501745553338,False,True,False,1169.68,0.016091796046781903,293479,1188.502252,0.681283422459888,-3.899590943348767,-10.17169745228407,-0.00279905837611516,-0.020406283056438768,1h_bullish_loose_engulf+oi_flush,short,2022-07-11 00:00:00,0.05989304812833699,1h_loose_engulf_v1p5_oiN0p5,1.990374326782633,1.6389753306276058
295249,786,294463,296666,87236.47471089859,False,True,False,1208.56,0.0988608109536413,294463,1099.829922,0.22763792179967773,-4.331749754175306,13.041491847438031,0.001024787098462987,-0.009093157608674685,1h_bearish_loose_engulf+oi_flush,long,2022-07-16 06:00:00,0.39207284413497095,1h_loose_engulf_v1p5_oiN0p5,1.5206806251688736,1.3400457814034912
300385,616,299769,300509,-1848.3966282086913,False,False,False,1616.18,0.03355186427254386,299769,1670.405852,0.539589442815249,5.6690847639644595,-8.11209688152355,-0.03192181045661324,-0.05414599137829135,1h_bullish_loose_engulf+oi_flush,short,2022-08-03 02:00:00,0.17553414327608102,1h_loose_engulf_v1p5_oiN0p5,1.923268941101948,1.962888749979972
301093,584,300509,302229,4914.057706488122,False,True,False,1683.31,0.0012394655919996111,300509,1681.2261780000001,0.0026210299105742466,9.466663016047516,7.814666626179087,-0.021360652231918298,-0.01438408754776277,1h_bearish_loose_engulf+oi_flush,long,2022-08-05 13:00:00,0.0457909343200745,1h_loose_engulf_v1p5_oiN0p5,4.147538821588633,1.7065388141339473
303805,74,303731,304463,5268.834124774468,False,True,False,1937.41,0.01081766275594731,303731,1958.368248,0.0,-12.27214445870877,-8.161894606314931,-0.011954379829755113,-0.02865302641690959,1h_bullish_loose_engulf+oi_flush,short,2022-08-14 23:00:00,0.8504213483146071,1h_loose_engulf_v1p5_oiN0p5,3.568661299926322,1.0218116661287544
305005,31,304974,305802,25299.36208357266,False,True,False,1821.0,0.0004753179571663768,304974,1821.865554,0.1492054149499686,-0.5089828051170304,-1.3591098488548692,-0.03083586356269019,-0.029502743725896674,1h_bullish_loose_engulf+oi_flush,short,2022-08-19 03:00:00,0.0,1h_loose_engulf_v1p5_oiN0p5,1.7924401356919881,6.822230270522002
308161,142,308019,308891,1812.9776975369896,False,True,False,1527.12,0.011021697605293035,308019,1510.4720340000001,0.13473423980222432,12.143794851465163,12.118155236726494,-0.0057220131317395895,0.0019950559523462807,1h_bearish_loose_engulf+oi_flush,long,2022-08-30 02:00:00,0.1652245570663368,1h_loose_engulf_v1p5_oiN0p5,3.6196887903286803,2.895350011335808
310177,455,309722,310395,-2851.127027264738,False,False,False,1638.81,0.041046524219948255,309722,1574.194776,0.0,6.351659772960103,4.740481034349565,-0.05276578207371285,-0.03670873861702795,1h_bearish_loose_engulf+oi_flush,long,2022-09-06 02:00:00,0.62801024765158,1h_loose_engulf_v1p5_oiN0p5,3.179849980685649,5.7102988981784
312613,541,312072,312729,13154.85354992788,False,True,False,1603.59,0.06454799044643589,312072,1707.098512,0.33590208522211573,-1.9862532060426261,-18.71347427557967,-0.0022060805430246244,-0.04729965250165302,1h_bullish_loose_engulf+oi_flush,short,2022-09-14 13:00:00,0.07479601087942407,1h_loose_engulf_v1p5_oiN0p5,1.5685349650506284,0.677579776260449
314701,1470,313231,315107,12645.135390775773,False,True,False,1372.2,0.03701016324150985,313231,1422.985346,0.21488147497805038,1.9861152420429864,6.4172605873652415,-0.02012627453059579,-0.032685158785304314,1h_bullish_loose_engulf+oi_flush,short,2022-09-21 19:00:00,0.6736172080772628,1h_loose_engulf_v1p5_oiN0p5,29.27344034063126,13.59365452942772
317941,387,317554,318102,-1585.5335684196907,False,False,False,1283.21,0.019278495335915524,317554,1307.948358,0.0687551982256725,-2.4028814070662694,-4.563414642181215,-0.006257639925285163,-0.020410827081742022,1h_bullish_loose_engulf+oi_flush,short,2022-10-03 01:00:00,0.2387025228721954,1h_loose_engulf_v1p5_oiN0p5,3.645070662796767,5.345206577122574
321937,29,321908,322432,1821.3641402574722,False,True,False,1300.98,0.004734978664128642,321908,1294.848918,0.42012847965738687,2.5440260862228645,1.1110704125224995,-0.0538622851663495,-0.04696237982341134,1h_bearish_loose_engulf+oi_flush,long,2022-10-16 22:00:00,0.12633832976445641,1h_loose_engulf_v1p5_oiN0p5,7.413725971218029,5.525921791005489
324505,1508,322997,325224,33405.54589574665,False,True,False,1474.88,0.12668674871514196,322997,1309.0417559999999,0.05902319441825591,12.955512767550433,10.756350987147037,-0.09886515698613252,-0.09046878385592305,1h_bearish_loose_engulf+oi_flush,long,2022-10-25 20:00:00,0.8936451065434641,1h_loose_engulf_v1p5_oiN0p5,19.93403829287263,12.85076506393515
327397,608,326789,327744,777.154318366549,False,True,False,1642.74,0.018568728532289303,326789,1612.792494,0.12035225048923825,11.071996443574314,9.267963704764172,-0.02304174042970497,-0.03487230149535403,1h_bearish_loose_engulf+oi_flush,long,2022-11-04 21:00:00,0.13861709067188482,1h_loose_engulf_v1p5_oiN0p5,1.5888211156946719,1.8580123902699373
328489,745,327744,329053,46202.53407956901,False,True,False,1488.75,0.08706381998320745,327744,1618.366262,0.6982477903550933,-8.283758138362678,-14.975224123206253,-0.01023485737159302,-0.021605835354376213,1h_bullish_loose_engulf+oi_flush,short,2022-11-08 16:00:00,0.0,1h_loose_engulf_v1p5_oiN0p5,3.2718617332680395,3.9086179685122895
330877,1055,329822,331730,5934.671972629847,False,True,False,1219.01,0.018795223993240517,329822,1241.9215660000002,0.11215834118756271,-5.566425159722039,-1.9316666802504283,0.0006391116913120332,-0.006802953877663942,1h_bullish_loose_engulf+oi_flush,short,2022-11-16 23:00:00,0.6748350612629591,1h_loose_engulf_v1p5_oiN0p5,1.9219983398981884,1.2105714507831387
331753,23,331730,332258,-29656.570866496942,False,False,False,1219.5,0.001672786160468842,331730,1217.463444,0.0587889476778366,1.4841528398672161,2.929893608942635,-0.005979108983949932,-0.00033186963335551933,1h_bearish_loose_engulf+oi_flush,long,2022-11-20 00:00:00,0.8071722516166976,1h_loose_engulf_v1p5_oiN0p5,3.9625898240940565,5.577380259602165
335089,448,334641,335631,7269.439055136987,False,True,False,1274.29,0.03579254880969085,334641,1230.2560019999999,0.17061448678338512,-2.607155231312639,5.607059045752656,-0.009862144204331624,-0.003541248144493525,1h_bearish_loose_engulf+oi_flush,long,2022-12-01 14:00:00,0.4867833848266396,1h_loose_engulf_v1p5_oiN0p5,5.93347990463955,2.5361732631433593
335845,214,335631,336080,-4439.522216757934,False,False,False,1263.97,0.0019198794275181452,335631,1266.39667,0.0,-3.6959123087640973,-6.432041148105283,0.0047927544589905224,-0.007989682989901103,1h_bullish_loose_engulf+oi_flush,short,2022-12-04 05:00:00,0.477611940298511,1h_loose_engulf_v1p5_oiN0p5,2.3870541832350294,0.2533624270276017
339565,591,338974,340449,17807.43321719661,False,True,False,1174.66,0.10185167452709698,338974,1294.301088,0.0752941176470706,-7.398425177693355,-14.2659832327321,0.007968910002765117,-0.01879731007263208,1h_bullish_loose_engulf+oi_flush,short,2022-12-17 03:00:00,0.730588235294122,1h_loose_engulf_v1p5_oiN0p5,1.6750965237908269,0.8548412927528277
340993,544,340449,341144,-295.2712000756874,False,False,False,1212.14,0.009982015864311578,340449,1200.1599840000001,0.07142857142857899,-1.082955265249817,3.931634955980804,0.004241486170865283,-0.007524127229816546,1h_bearish_loose_engulf+oi_flush,long,2022-12-22 02:00:00,0.7003105590062285,1h_loose_engulf_v1p5_oiN0p5,1.8964782190397835,1.5679217514089625
345541,63,345478,355572,49025.1805000442,False,True,False,1265.87,0.005511231309526687,345478,1258.931736,0.1662337662337732,1.199560450192278,0.16024471069905388,-0.008644470511817492,0.0188841224312144,1h_bearish_loose_engulf+oi_flush,long,2023-01-06 21:00:00,0.30822510822510474,1h_loose_engulf_v1p5_oiN0p5,7.474267351803831,6.222719348989915
360755,4696,356059,362196,2902.577303465514,False,True,False,1604.79,0.03661937742120336,356059,1548.099558,0.08061420345490784,-3.3671401232521787,-0.027598551696931484,-0.0012239816766850264,-0.01217010151118203,1h_bearish_loose_engulf+oi_flush,long,2023-03-01 00:00:00,0.8368522072936628,1h_loose_engulf_v1p5_oiN0p5,2.0841969980603245,1.3939745577419338
363371,311,363060,364212,-8797.535740603402,False,False,False,1429.97,0.07157036581187026,363060,1532.313476,0.7813565744600243,-11.79501533401848,-9.170702143145297,-0.010030448624451349,0.02268872463439231,1h_bullish_loose_engulf+oi_flush,short,2023-03-10 02:00:00,0.0299355816597181,1h_loose_engulf_v1p5_oiN0p5,6.438087286963676,3.922211290113962
364415,202,364213,381204,46971.89962416631,False,True,False,1659.72,0.05255059965210207,364213,1576.855308,0.03335059554634934,10.636123931339029,25.209040596749198,-0.055926681919085786,-0.043771389257602156,1h_bearish_loose_engulf+oi_flush,long,2023-03-13 17:00:00,0.28928016571724574,1h_loose_engulf_v1p5_oiN0p5,1.9375613680569936,5.8587743458527495
386423,35,386388,389844,-12182.001081157709,False,False,False,1910.51,0.00015078457102113418,386388,1910.2219679999998,0.042553191489359384,7.367631137304727,6.391960717735728,0.016309248272797783,-0.0306012673613123,1h_bearish_loose_engulf+oi_flush,long,2023-05-29 03:00:00,0.6005319148936166,1h_loose_engulf_v1p5_oiN0p5,1.8476895392659491,5.724239893317468
396707,3407,393300,405972,-9777.285888807732,False,False,False,1966.96,0.041189073663107534,393300,1889.1477539999998,0.27454780361757075,2.1570103972362986,3.9612199986198533,-0.0012802085235552596,-0.006266334229882431,1h_bearish_loose_engulf+oi_flush,long,2023-07-03 20:00:00,0.5187338501291966,1h_loose_engulf_v1p5_oiN0p5,2.2054837371798923,1.8677273945609174
410507,791,409716,415082,8149.520137668995,False,True,False,1674.8,0.00767399211846187,409716,1687.652402,0.4313880126182965,4.2280615547754135,5.13902650758294,-0.0050318708468976014,0.0024743433543168436,1h_bullish_loose_engulf+oi_flush,short,2023-08-20 18:00:00,0.35094637223974945,1h_loose_engulf_v1p5_oiN0p5,2.789289593743211,0.6196104634195045
417719,218,417501,417955,-1808.0503501347266,False,False,False,1631.08,0.004796052440990239,417501,1623.294594,0.47154471544715,2.916463162434697,5.890228741767334,-0.011064535745158754,-0.022984964726481483,1h_bearish_loose_engulf+oi_flush,long,2023-09-14 19:00:00,0.08581752484191793,1h_loose_engulf_v1p5_oiN0p5,3.7000245964903358,2.9702505814501285
422687,2204,420483,422900,10642.110482847143,False,True,False,1724.88,0.08153870317174072,420483,1594.838904,0.01270604395604411,1.746411710478382,1.4290376143004977,-0.06693960503639484,-0.06587154321991973,1h_bearish_loose_engulf+oi_flush,long,2023-10-02 01:00:00,0.01717032967032967,1h_loose_engulf_v1p5_oiN0p5,5.740343781597573,9.671467073480803
423995,1095,422900,424061,-54.019986028957646,False,False,False,1629.37,0.014397815106452327,422900,1652.8293680000002,0.6760044231478011,2.225102206729505,-0.8564093889329669,-0.012234671987915058,-0.026779506947389953,1h_bullish_loose_engulf+oi_flush,short,2023-10-06 14:00:00,0.16218208625138494,1h_loose_engulf_v1p5_oiN0p5,1.7920574573811823,2.147081261431841
424907,391,424516,426094,13005.089737643139,False,True,False,1583.43,0.026931863107305,424516,1626.07472,0.8591370558375616,-5.155707826703083,-4.138981555026959,-0.03422714015021311,-0.028978284344563177,1h_bullish_loose_engulf+oi_flush,short,2023-10-09 18:00:00,0.09454314720812246,1h_loose_engulf_v1p5_oiN0p5,3.2964077938867855,6.942638614522463
426899,805,426094,427152,3213.8175412995042,False,True,False,1579.59,0.015212132328132233,426094,1555.921122,0.3891591382904705,2.1022903947972598,4.848268301394462,-0.04169122612261733,-0.0416014863831925,1h_bearish_loose_engulf+oi_flush,long,2023-10-16 16:00:00,0.540653231410712,1h_loose_engulf_v1p5_oiN0p5,4.2173768009956,17.16540646530305
428807,919,427888,455796,131352.1926257087,True,True,False,1682.49,0.0665577608682224,427888,1577.495436,0.4831050228310449,5.062651740851981,5.389153348887984,-0.016159258754122385,-0.01831007481758007,1h_bearish_loose_engulf+oi_flush,long,2023-10-23 07:00:00,0.505936073059376,1h_loose_engulf_v1p5_oiN0p5,3.09807815951467,1.3335207444195507
459803,263,459540,476244,176532.66314368136,True,True,False,2427.7,0.020996322335667283,459540,2377.7754600000003,0.08624938393297206,4.832360656122901,7.475329714267115,-0.007610872610216757,-0.01399896429429004,1h_bearish_loose_engulf+oi_flush,long,2024-02-07 22:00:00,0.775751601774286,1h_loose_engulf_v1p5_oiN0p5,2.139036748285053,4.156596156951396
477719,899,476820,479124,-40958.31834407768,False,False,True,3487.01,0.037985410393961416,476820,3359.401746,0.4542803225253051,-25.707553248630433,-7.474573173267885,-0.0039800277833448305,-0.015619510068600184,1h_bearish_loose_engulf+oi_flush,long,2024-04-10 03:00:00,0.09589981128838822,1h_loose_engulf_v1p5_oiN0p5,1.715535777323734,0.7413023066440655
511067,263,510804,514048,45422.7901226714,False,True,False,2912.93,0.027055758978073774,510804,2991.741532,0.6158408932309853,-4.275017780879402,-18.894902639456944,-0.013843974257595537,-0.00699497787651715,1h_bullish_loose_engulf+oi_flush,short,2024-08-03 22:00:00,0.1048499651081682,1h_loose_engulf_v1p5_oiN0p5,1.8849159159648352,1.4246958300020125
516743,117,516626,517456,14924.732541245874,False,True,False,2660.09,0.0026344595551950345,516626,2653.100514,0.2470719464584522,4.873391306547221,5.129293743770184,-0.008577755923055985,-0.007753675812999017,1h_bearish_loose_engulf+oi_flush,long,2024-08-23 15:00:00,0.31818181818182567,1h_loose_engulf_v1p5_oiN0p5,8.886793146554892,1.0629331489620888
518207,751,517456,518370,33383.91070741514,False,True,False,2510.43,0.08884262775699803,517456,2733.4631980000004,0.22609368950832112,1.154168649166209,-23.779786889942898,-0.019584887455659783,-0.013619819599842153,1h_bullish_loose_engulf+oi_flush,short,2024-08-28 17:00:00,0.608594657375148,1h_loose_engulf_v1p5_oiN0p5,3.105003347467083,4.93499307184452
523967,32,523935,525467,43638.76789338497,False,True,False,2371.55,0.011266360514118112,523935,2345.1289319999996,0.0,11.417851736752006,0.5110638612209542,-0.005471954264677725,-0.0077108825701215356,1h_bearish_loose_engulf+oi_flush,long,2024-09-17 17:00:00,0.11095489162273303,1h_loose_engulf_v1p5_oiN0p5,5.906602506714413,5.733612412072114
527555,247,527308,528850,49598.604560681444,False,True,False,2626.09,0.006869935150737305,527308,2644.1310679999997,0.5036544850498306,-4.741071061812699,-6.625359311541763,-0.003053008589715356,-0.01463217671182615,1h_bullish_loose_engulf+oi_flush,short,2024-09-30 04:00:00,0.13322259136211878,1h_loose_engulf_v1p5_oiN0p5,3.00961705377912,4.161635102193887
528875,25,528850,529800,3812.8622120580403,False,True,False,2414.73,0.007720818353286418,528850,2396.22915,0.0821029888368652,13.017613889769027,6.962850864880721,-0.018307996428690743,6.396330979097087e-06,1h_bearish_loose_engulf+oi_flush,long,2024-10-04 18:00:00,0.9110550954267266,1h_loose_engulf_v1p5_oiN0p5,1.971487672611394,1.8998607660596798
530879,83,530796,531435,5166.151034196257,False,True,False,2439.75,0.008284549388020146,530796,2419.7038439999997,0.3436763550667709,7.454625128266225,3.407645000936636,-0.02822503740346105,-0.029903194500494834,1h_bearish_loose_engulf+oi_flush,long,2024-10-11 17:00:00,0.1425765907305618,1h_loose_engulf_v1p5_oiN0p5,2.9776425038605283,1.6026812844884168
533891,42,533849,535544,25782.971014758397,False,True,False,2642.65,0.0007798808014680692,533849,2644.710952,0.41592505854801626,-9.740359205345435,-7.234757299956314,0.014375340502513323,-0.015874126605184058,1h_bullish_loose_engulf+oi_flush,short,2024-10-22 04:00:00,0.3245901639344199,1h_loose_engulf_v1p5_oiN0p5,1.5011315405176906,2.480221362622469
536963,362,536601,538173,26850.177959806402,False,True,False,2512.93,0.038452318210216774,536601,2609.557984,0.7261904761904772,-0.17868468888735478,-16.601650287717977,0.005469386955203603,-0.008029117576727529,1h_bullish_loose_engulf+oi_flush,short,2024-11-01 20:00:00,0.23031135531136293,1h_loose_engulf_v1p5_oiN0p5,2.0852388970361924,0.9108998940598934
538943,770,538173,551988,223327.4877437217,True,True,False,2914.51,0.1724932861844688,538173,2485.7370479999995,0.7027950935049226,-5.890572024987307,19.722286075307878,-0.007345310024760798,0.00739763648907088,1h_bearish_loose_engulf+oi_flush,long,2024-11-08 17:00:00,0.25899859239895645,1h_loose_engulf_v1p5_oiN0p5,1.512170303547055,1.8508013611708454
555983,1115,554868,556884,-54210.935336000985,False,False,True,3676.11,0.06384285243327326,554868,3455.500962,0.0,0.03258771138026262,-0.42712004248206625,-0.0023538927751546312,-0.00953449309607246,1h_bearish_loose_engulf+oi_flush,long,2025-01-06 21:00:00,0.1232876712328794,1h_loose_engulf_v1p5_oiN0p5,2.153914873342333,5.079285819878123
563747,239,563508,566964,95432.27353813092,False,True,False,2975.63,0.048502631039477384,563508,3119.955884,0.8374614910659268,-18.834818985719096,-30.157214749202513,-0.0067838466631220395,-0.01635759596880093,1h_bullish_loose_engulf+oi_flush,short,2025-02-02 20:00:00,0.03314849044978498,1h_loose_engulf_v1p5_oiN0p5,2.0330989620701203,5.583661732433802
569915,30,569885,571759,123009.06667361094,True,True,False,2723.3,0.0050682884735431255,569885,2737.1024700000003,0.48535791757049995,-9.449735743369423,1.4365825488066832,-0.044424669490953916,-0.054307262899867426,1h_bullish_loose_engulf+oi_flush,short,2025-02-24 06:00:00,0.22017353579175344,1h_loose_engulf_v1p5_oiN0p5,1.7123633096868127,3.8667378842945777
574115,1100,573015,575212,84737.91552441102,False,True,False,1877.18,0.1522535484077181,573015,2162.987316,0.5118091451292257,-14.985091518255913,-18.444604832196468,-0.013740647871321676,0.014751202425585586,1h_bullish_loose_engulf+oi_flush,short,2025-03-10 20:00:00,0.09789264413518843,1h_loose_engulf_v1p5_oiN0p5,3.0574103557255903,2.920109633907529
575759,23,575736,576594,-37415.57817728678,False,False,False,1887.68,0.005800876207831873,575736,1898.630198,0.07012727726478538,-5.953211871587824,4.587224259687554,-0.013031513549354612,-0.0235224420587945,1h_bullish_loose_engulf+oi_flush,short,2025-03-16 13:00:00,0.0,1h_loose_engulf_v1p5_oiN0p5,10.87388481363997,0.8693080475166556
578807,157,578650,580291,70873.5770020443,False,True,False,2029.44,0.00244552093188255,578650,2034.403038,0.11483516483517255,-6.554574832055246,-10.101064192882598,-0.013487230060151512,-0.019051608088379024,1h_bullish_loose_engulf+oi_flush,short,2025-03-27 03:00:00,0.29285714285713815,1h_loose_engulf_v1p5_oiN0p5,2.7556281396646893,11.479542373284495
580799,34,580765,582726,120301.05474534782,True,True,False,1818.45,0.014947235282795734,580765,1845.6308000000001,0.0871265009773806,-8.108455775452462,2.487161376568741,-0.0013459857260159636,-0.04405326406212606,1h_bullish_loose_engulf+oi_flush,short,2025-04-03 01:00:00,0.050404914828261954,1h_loose_engulf_v1p5_oiN0p5,56.96218105557497,10.963731770393052
582791,65,582726,583835,-13458.047728204983,False,False,False,1667.63,0.04455421111144209,582726,1596.499236,0.0,28.227957531848624,12.76906661708884,2.7008988644050547e-05,-0.012517794007618543,1h_bearish_loose_engulf+oi_flush,long,2025-04-09 23:00:00,0.30427179615288147,1h_loose_engulf_v1p5_oiN0p5,5.462976426415958,0.8649494130658225
584639,804,583835,585438,-14548.214225215022,False,False,False,1575.0,0.0005617523809524627,583835,1575.8847600000001,0.03473389355742933,-8.110092944794554,-8.362417749447939,-0.011495916479167811,0.019667063219172,1h_bullish_loose_engulf+oi_flush,short,2025-04-16 09:00:00,0.6151260504201644,1h_loose_engulf_v1p5_oiN0p5,9.272974268818922,2.4855058803056886
587747,477,587270,587989,-10197.503697509062,False,False,False,1807.58,0.005445862308263605,587270,1797.7894860000001,0.11338289962825542,-0.22033814818936648,-2.9903590560715294,-0.025369264606369124,0.0015328715540614546,1h_bearish_loose_engulf+oi_flush,long,2025-04-27 04:00:00,0.6570631970260169,1h_loose_engulf_v1p5_oiN0p5,4.400233986545773,1.8283300478738382
588023,34,587989,588975,-28136.77299991902,False,False,False,1773.7,0.003469559677510281,587989,1779.8539580000001,0.38715365239294963,-4.534869221180209,-5.65722439144891,-0.016417886981382024,0.0029351983548393523,1h_bullish_loose_engulf+oi_flush,short,2025-04-28 03:00:00,0.054408060453402504,1h_loose_engulf_v1p5_oiN0p5,7.3117203783870455,3.4024894102313454
591275,691,590584,599220,289292.0533968997,True,True,False,2338.49,0.2709890001907529,590584,1839.897906,0.2260496823839279,32.026397985962475,53.164707312544564,-0.019616869336641418,-0.01169696573308554,1h_bearish_loose_engulf+oi_flush,long,2025-05-09 10:00:00,0.5998553943087332,1h_loose_engulf_v1p5_oiN0p5,1.9627631715505613,7.452817377157669
600671,893,599778,603796,-107642.76290987968,False,False,True,2796.47,0.10196705732162736,599778,2537.7074399999997,0.10978584982379347,11.501475772031434,29.115188821178776,-0.008169949858266468,-0.0173439871314236,1h_bearish_loose_engulf+oi_flush,long,2025-06-11 01:00:00,0.2764976958525306,1h_loose_engulf_v1p5_oiN0p5,2.3823823353046993,2.5098484848484848
603827,31,603796,604284,460.46536167361774,False,True,False,2305.0,0.0024068537960955094,603796,2310.547798,0.7786021505376377,-11.972130621562634,-14.22337950998331,-0.040658444941510385,-0.04244644251012808,1h_bullish_loose_engulf+oi_flush,short,2025-06-22 00:00:00,0.06129032258064321,1h_loose_engulf_v1p5_oiN0p5,22.397576359054053,6.769457680962107
605027,743,604284,605281,39158.32696935907,False,True,False,2485.89,0.0763423662864553,604284,2309.571822,0.11919014084506972,-0.1498316485482576,12.732100025337257,-0.01200233949113605,-0.01723090014921791,1h_bearish_loose_engulf+oi_flush,long,2025-06-26 04:00:00,0.5125000000000006,1h_loose_engulf_v1p5_oiN0p5,4.78403767820774,6.969904561491791
608303,282,608021,631188,687933.1530731542,True,True,False,2549.35,0.005416030055346521,608021,2535.617022,0.48404993065187124,2.112184029607672,4.0121539792605585,-0.005230738446968752,0.009732195792213405,1h_bearish_loose_engulf+oi_flush,long,2025-07-07 13:00:00,0.15464632454923766,1h_loose_engulf_v1p5_oiN0p5,5.571608610172909,0.24750782585616043
633215,587,632628,636372,-32107.348223629175,False,False,False,4342.18,0.03145258715456656,632628,4209.771786,0.2519509476031315,13.620218241521975,22.180459049800646,-0.00855238974682404,-0.005421454604188192,1h_bearish_loose_engulf+oi_flush,long,2025-10-02 01:00:00,0.0004777830864746832,1h_loose_engulf_v1p5_oiN0p5,2.105731618766543,2.490456191165822
642887,179,642708,649044,291923.0081585888,True,True,False,3574.96,0.007706199230201216,642708,3602.5093540000003,0.03520286396182207,-12.220271904976187,-27.276791930113603,-0.013337428342688473,-0.013194045132452925,1h_bullish_loose_engulf+oi_flush,short,2025-11-04 15:00:00,0.0,1h_loose_engulf_v1p5_oiN0p5,1.9016722289284953,1.9641621096856645
651059,118,650941,651829,143916.03504271363,True,True,False,2995.21,0.047286520873065285,650941,2859.97188,0.0637745643307467,30.713623255314733,17.603094120161156,-0.011548334566067187,-0.006439905751984609,1h_bearish_loose_engulf+oi_flush,long,2025-12-03 00:00:00,0.5139043381535038,1h_loose_engulf_v1p5_oiN0p5,1.9730087833650336,0.9409379048277052
651875,46,651829,652419,-10651.215894440655,False,False,False,3041.83,0.007570083140741035,651829,3064.856906,0.7510964912280708,-21.284582637274944,-12.302907750099266,-0.010637579136234865,-0.00555257228130368,1h_bullish_loose_engulf+oi_flush,short,2025-12-05 20:00:00,0.2057291666666646,1h_loose_engulf_v1p5_oiN0p5,3.793992755825318,2.2760505461002736
652463,44,652419,653371,140704.73586541507,True,True,False,3125.8,0.014891263333138172,652419,3079.935864,0.5353482260184034,11.47072625147404,-2.9335264183226135,-0.005076049924414239,-0.014378453847720851,1h_bearish_loose_engulf+oi_flush,long,2025-12-07 21:00:00,0.2935611038107758,1h_loose_engulf_v1p5_oiN0p5,1.782032548999849,2.054115972716386
654023,652,653371,654541,108124.89278371586,True,True,False,3095.06,0.06054595969060372,653371,3282.453378,0.18473547267997156,-10.966191214329505,-25.749092273813034,-0.004337003988625354,-0.007878542989029236,1h_bullish_loose_engulf+oi_flush,short,2025-12-13 07:00:00,0.6869037294015555,1h_loose_engulf_v1p5_oiN0p5,1.7683157445251019,0.05952884414926884
658667,1083,657584,661320,153802.9006437799,True,True,False,2979.05,0.004114389932801554,657584,2966.84325,0.30382775119617605,7.137171762223039,10.511759890217768,-0.018369598690558542,0.008668404805941776,1h_bearish_loose_engulf+oi_flush,long,2025-12-29 10:00:00,0.15917065390749677,1h_loose_engulf_v1p5_oiN0p5,13.632241442767759,5.230799569738257
661883,563,661320,662399,50802.65100579942,False,True,False,3102.28,0.023674435576414687,661320,3175.724728,0.5175151798225129,1.106681450775298,-13.372297873325214,-0.0036271840982735615,-0.006320791805790704,1h_bullish_loose_engulf+oi_flush,short,2026-01-09 14:00:00,0.1929005137785933,1h_loose_engulf_v1p5_oiN0p5,2.8788002726653037,1.3059801555376775
662459,60,662399,663918,138377.42174652172,True,True,False,3111.83,0.001515454192277721,662399,3107.1213,0.1877358490565848,4.061277898644722,1.5318834045715448,-0.005016049217148377,0.0008683251605199338,1h_bearish_loose_engulf+oi_flush,long,2026-01-11 14:00:00,0.53490566037737,1h_loose_engulf_v1p5_oiN0p5,2.019530263490193,0.46868856040195156
667439,346,667093,667528,-21354.159727001563,False,False,False,3010.75,0.015042107139313199,667093,2966.133108,0.44256541161454455,0.5748702576935507,14.224070960760924,-0.016618988579505056,-0.02805994692274605,1h_bearish_loose_engulf+oi_flush,long,2026-01-28 21:00:00,0.2648372686662458,1h_loose_engulf_v1p5_oiN0p5,1.530441421355743,1.4944430980920662
667679,151,667528,670116,675483.4111797365,True,True,False,2837.45,0.036329019365979986,667528,2940.531776,0.1584626234132597,-18.77472285385863,-11.107940241032473,0.005133444877400306,-0.006050212025844659,1h_bullish_loose_engulf+oi_flush,short,2026-01-29 17:00:00,0.0401269393511992,1h_loose_engulf_v1p5_oiN0p5,4.08089780070739,2.523833962386144
671519,854,670665,671977,62265.046605071984,False,True,False,1963.64,0.046723859770630094,670665,2055.38884,0.3498379015620423,-1.7421040745376928,-7.916687530642868,-0.011203358065627111,-0.014810498777488856,1h_bullish_loose_engulf+oi_flush,short,2026-02-12 01:00:00,0.036840554081933326,1h_loose_engulf_v1p5_oiN0p5,2.862035825239584,1.1895199653217587
672239,262,671977,672526,19636.90608833218,False,True,False,2066.19,0.026830124580511816,671977,2012.20236,0.06129597197899447,9.482548936632178,19.36344164043599,0.009099558066721247,-0.00525118150676096,1h_bearish_loose_engulf+oi_flush,long,2026-02-14 13:00:00,0.2530647985989497,1h_loose_engulf_v1p5_oiN0p5,2.04533998229646,0.5967109722206864
672815,289,672526,673329,5801.291542028077,False,True,False,2016.44,0.004778076213524773,672526,2026.074704,0.6580502215657306,-4.241101311250466,-10.332722904356626,0.0013418102125439813,-0.005529891589080127,1h_bullish_loose_engulf+oi_flush,short,2026-02-16 13:00:00,0.03323485967503198,1h_loose_engulf_v1p5_oiN0p5,2.2650651600587044,1.1823621430043552
676307,344,675963,676425,-31531.253458942287,False,False,False,1895.46,0.03899636288816444,675963,1969.376046,0.49696816574027564,-6.893532606868028,-17.671568386508334,-0.02941882391174888,-0.029097747456106382,1h_bullish_loose_engulf+oi_flush,short,2026-02-28 16:00:00,0.46513390601313515,1h_loose_engulf_v1p5_oiN0p5,2.2415198363855184,2.493727485127457
678695,737,677958,678745,107714.94338189252,True,True,False,1948.54,0.05287015201124934,677958,2051.559606,0.0,-0.01967294014271559,-6.1958015204528145,-0.0011674187615829945,-0.009481532851135954,1h_bullish_loose_engulf+oi_flush,short,2026-03-08 23:00:00,0.19218604651162655,1h_loose_engulf_v1p5_oiN0p5,1.6640782511692644,1.8606724258697174
679259,514,678745,680265,138375.05150027433,True,True,False,2027.08,0.0227259568170739,678745,1982.0363280000001,0.28246983676366283,-0.27390130807308566,10.601345798878251,-0.009354057755121659,-0.019553848638309557,1h_bearish_loose_engulf+oi_flush,long,2026-03-10 22:00:00,0.1863023420865858,1h_loose_engulf_v1p5_oiN0p5,2.1434305102777316,1.7603605383489085
681239,539,680700,681437,220104.04612457892,True,True,False,2332.58,0.08623988210518263,680700,2147.389392,0.06368399838774408,-6.157826173624784,10.633324227492118,-0.018859070487649676,-0.022753459709249024,1h_bearish_loose_engulf+oi_flush,long,2026-03-17 19:00:00,0.09068923821039923,1h_loose_engulf_v1p5_oiN0p5,1.9040275138021538,0.399915133059819
681551,114,681437,682873,206137.004997788,True,True,False,2192.46,0.045406304333944325,681437,2292.011506,0.15851489550911751,-22.259651126925792,-20.363763189572524,-0.006947621086972666,-0.0015167775943771833,1h_bullish_loose_engulf+oi_flush,short,2026-03-18 21:00:00,0.08359270787015922,1h_loose_engulf_v1p5_oiN0p5,2.209832316609596,2.714100305535259
684047,382,683665,684789,175497.21646333812,True,True,False,1991.89,0.07444280557661309,683665,2140.17188,0.12432432432432639,-6.026060228891453,-13.775913249927836,-0.0249556375742519,-0.03770111628336792,1h_bullish_loose_engulf+oi_flush,short,2026-03-27 13:00:00,0.0,1h_loose_engulf_v1p5_oiN0p5,2.584384898378073,5.266606227081445
684923,134,684789,685646,78668.204007864,False,True,False,2063.09,0.011785968413949854,684789,2039.05773,0.1265356265356321,9.399339436219828,11.339023351549976,-0.01466903757894622,-0.002553255518002562,1h_bearish_loose_engulf+oi_flush,long,2026-03-30 14:00:00,0.42014742014742784,1h_loose_engulf_v1p5_oiN0p5,9.452767565359476,7.978226808305657
685847,201,685646,686759,-10664.777364131529,False,False,False,2057.49,0.011491521222460443,685646,2081.13369,0.0,-9.771515905258433,-6.537345689880457,-0.012233793584257247,-0.02448173793464392,1h_bullish_loose_engulf+oi_flush,short,2026-04-02 19:00:00,0.6242695084221349,1h_loose_engulf_v1p5_oiN0p5,5.850803227447844,1.3753750887386877
686975,216,686759,687192,3790.1846076501533,False,True,False,2131.52,0.021465545026267074,686759,2086.727262,0.012710408794240605,8.362957906249687,12.613035463921953,-0.012855879312057672,0.004919893979086654,1h_bearish_loose_engulf+oi_flush,long,2026-04-06 17:00:00,0.13844039848848258,1h_loose_engulf_v1p5_oiN0p5,2.4209999374256927,4.590322926407374
688487,75,688412,689818,51064.37563137896,False,True,False,2287.6,0.009700186513905251,688412,2265.623034,0.5602140945584257,5.242080910511916,3.7188198343958483,-0.00225020869144521,-0.016092165091227018,1h_bearish_loose_engulf+oi_flush,long,2026-04-11 23:00:00,0.09054415700268481,1h_loose_engulf_v1p5_oiN0p5,5.891526575611413,1.8623065457021404
695291,1280,694011,695708,72878.66758759832,False,True,False,2386.09,0.04332416847412701,694011,2287.00731,0.04367934224048856,0.7137287807610271,4.231710071065773,0.002131914004660951,-0.010077290550161044,1h_bearish_loose_engulf+oi_flush,long,2026-05-05 14:00:00,0.6634121274408957,1h_loose_engulf_v1p5_oiN0p5,2.543575894560719,1.1233876376706882
695939,231,695708,696325,21159.40111688059,False,True,False,2298.85,0.01607009939752513,695708,2335.7927480000003,0.6705959397511325,-5.934579015765706,-10.691729578598988,-0.008332072442635563,0.006444082353421532,1h_bullish_loose_engulf+oi_flush,short,2026-05-07 20:00:00,0.12508185985594705,1h_loose_engulf_v1p5_oiN0p5,12.963269695490139,4.776589877236749
696791,466,696325,697026,-21440.91279254062,False,False,False,2353.17,0.013469912988105959,696325,2321.8942859999997,0.24963396778915745,3.645252910908539,4.268045653908618,-0.0031845947040686218,-0.01211385004373422,1h_bearish_loose_engulf+oi_flush,long,2026-05-10 19:00:00,0.05417276720351515,1h_loose_engulf_v1p5_oiN0p5,7.047637632021854,12.77155673072383
701411,1166,700245,702222,88887.55997676263,False,True,False,2074.08,0.010294120766797699,700245,2095.43083,0.5413223140495962,-3.9352692231148465,-1.281173172503891,-0.01637472453375033,0.006285761396442213,1h_bullish_loose_engulf+oi_flush,short,2026-05-26 20:00:00,0.4421487603305528,1h_loose_engulf_v1p5_oiN0p5,5.276972444841789,4.111921482358913
703103,320,702783,704704,687331.854913211,True,True,False,1982.58,0.01182233049864334,702783,2006.018716,0.5188732394366218,-3.8024703592036158,-2.9549033231012274,0.004558756857512503,-0.010705956855185161,1h_bullish_loose_engulf+oi_flush,short,2026-06-01 17:00:00,0.24563380281689579,1h_loose_engulf_v1p5_oiN0p5,3.9644421849066203,4.636432532569861
705119,415,704704,705375,99040.20316329226,False,True,False,1677.63,0.04217329292029537,704704,1609.741884,0.0,7.305921601476864,23.225008035045825,-0.010137985456017407,-0.008911393428497894,1h_bearish_loose_engulf+oi_flush,long,2026-06-08 17:00:00,0.4631364562118183,1h_loose_engulf_v1p5_oiN0p5,2.3050429677433812,3.0985654630906025
2366,384,1982,2899,-52.4497206046708,False,False,False,175.37,0.013028270241491224,1982,173.114616,0.3014128728414466,-0.3488570256064829,1.5378636935024184,nan,nan,1h_bearish_loose_engulf+macd_bear_cross_2h,long,2019-10-01 18:00:00,0.20251177394034398,1h_loose_engulf_v1p5_macd2h,4.337886852371299,2.131218341191575
19046,3359,15687,30375,2119.0179211623945,False,True,False,153.7,0.18577450878334423,15687,182.253542,0.119047619047616,0.07437567530629541,1.2601714794694128,nan,nan,1h_bullish_loose_engulf+macd_bull_cross_2h,short,2019-11-28 16:00:00,0.18518518518518964,1h_loose_engulf_v1p5_macd2h,5.905972853287252,1.7541306067951514
50990,2183,48807,55344,3600.431091184704,False,True,False,116.6,0.7240976500857634,48807,201.029786,0.27895595432300313,0.16987692897988338,1.8117616285189726,nan,nan,1h_bullish_loose_engulf+macd_bull_cross_2h,short,2020-03-18 14:00:00,0.0,1h_loose_engulf_v1p5_macd2h,3.721724660033658,1.2835198608376155
80882,19890,60992,95701,15339.936809933251,False,True,False,225.01,0.28522056100662874,60992,175.075008,0.02542372881356014,-0.08210754848479651,0.7547335323577629,nan,nan,1h_bearish_loose_engulf+macd_bear_cross_2h,long,2020-06-30 18:00:00,0.381355932203378,1h_loose_engulf_v1p5_macd2h,1.6893646940988334,0.8939075771648561
132454,22607,109847,136783,37135.1622576107,False,True,False,634.64,0.7371546224073917,109847,365.333052,0.3591293833131797,-0.2095917021422391,3.092832349353536,-0.02360886553727759,-0.1074579487086692,1h_bearish_loose_engulf+macd_bear_cross_2h,long,2020-12-27 12:00:00,0.13099556630391,1h_loose_engulf_v1p5_macd2h,2.564774128651122,0.4049933079653338
163588,12599,150989,172818,71695.46912793306,False,True,False,2319.15,0.47066906594325264,150989,1576.9353239999998,0.09826746074716036,-0.1588297440424995,16.823288588415828,-0.025655817298523287,-0.01231674215824119,1h_bearish_loose_engulf+macd_bear_cross_2h,long,2021-04-14 18:00:00,0.4618299945858127,1h_loose_engulf_v1p5_macd2h,2.442719592637185,2.8106333131456767
193735,1079,192656,209936,34274.426910554714,False,True,False,2275.95,0.04259023936321715,192656,2182.9765079999997,0.3181879466091396,-1.4494935213800524,-4.940380601879788,0.01765003740702653,0.09825019700287241,1h_bearish_loose_engulf+macd_bear_cross_2h,long,2021-07-28 18:00:00,0.500606714304976,1h_loose_engulf_v1p5_macd2h,2.6621532036914117,1.3424969461010325
224455,11927,212528,231248,31590.289119135792,False,True,False,4622.87,0.3987246129033484,212528,3305.06088,0.1495250816265935,-4.825777786903967,-6.792142681586903,0.015569793893180695,0.017931476281361602,1h_bearish_loose_engulf+macd_bear_cross_2h,long,2021-11-12 10:00:00,0.2287028791926378,1h_loose_engulf_v1p5_macd2h,1.8001550504031054,0.9071078349918782
243247,2783,240464,246224,39124.28035168933,False,True,False,3355.67,0.015170904171149191,240464,3406.5785480000004,0.6015015015015043,0.4252488253475182,1.6118178218481845,0.0010158956929167129,-0.012592288261484064,1h_bullish_loose_engulf+macd_bull_cross_2h,short,2022-01-16 16:00:00,0.2039039039039017,1h_loose_engulf_v1p5_macd2h,2.2087909357229574,2.3054067193061147
263977,2178,261799,266378,9453.885492086352,False,True,False,3394.32,0.14515409982373795,261799,2964.072696,0.09090909090909091,-2.6337169280889654,9.42275573623057,0.045692194176874645,0.06693113159253694,1h_bearish_loose_engulf+macd_bear_cross_2h,long,2022-03-29 16:00:00,0.22429090909091015,1h_loose_engulf_v1p5_macd2h,2.2201738869153487,1.123857614487389
278641,301,278340,278781,-3047.8929082214745,False,False,False,1970.15,0.016160963378422988,278340,2001.989522,0.3181052631578926,0.38808828246316907,-6.5664576537805885,-0.009972168813016213,0.012594315651396348,1h_bullish_loose_engulf+macd_bull_cross_2h,short,2022-05-19 14:00:00,0.42610526315789493,1h_loose_engulf_v1p5_macd2h,2.4087285359530353,1.8982054232104888
286033,2081,283952,286538,43704.53024715526,False,True,False,1227.22,0.4507780544645621,283952,1780.423844,0.46884193634661664,1.511359391212764,-21.268400263802903,-0.04870538159922144,0.040502307459648446,1h_bullish_loose_engulf+macd_bull_cross_2h,short,2022-06-14 06:00:00,0.19728982793973354,1h_loose_engulf_v1p5_macd2h,1.9158493623461093,2.954660741199494
378275,14062,364213,381204,46971.89962416631,False,True,False,1887.81,0.19719925501243263,364213,1576.855308,0.0942249240121587,-0.2154468164776815,-0.5418388851086817,-0.0016767428859674194,-0.001119411166542017,1h_bearish_loose_engulf+macd_bear_cross_2h,long,2023-04-30 20:00:00,0.14311043566362364,1h_loose_engulf_v1p5_macd2h,7.633129977559349,4.26257431646888
400499,7199,393300,405972,-9777.285888807732,False,False,False,1918.2,0.01537849325892382,393300,1889.1477539999998,0.03722854188211119,-0.6185936660402915,-4.83971532296003,0.0005921857907622563,-0.0018130514211411874,1h_bearish_loose_engulf+macd_bear_cross_2h,long,2023-07-17 00:00:00,0.29834539813857325,1h_loose_engulf_v1p5_macd2h,3.1254493265040098,1.8431807442167916
454955,27067,427888,455796,131352.1926257087,True,True,False,2442.9,0.5485940207816868,427888,1577.495436,0.03606965174128917,-1.2651418533050132,0.4019351426357822,-0.00749932010118437,-0.01132125446787069,1h_bearish_loose_engulf+macd_bear_cross_2h,long,2024-01-22 02:00:00,0.3826699834162546,1h_loose_engulf_v1p5_macd2h,23.467870745791867,6.228741742009625
465827,6287,459540,476244,176532.66314368136,True,True,False,3289.59,0.38347377847023445,459540,2377.7754600000003,0.6777023671577553,-1.696631996420038,5.7389748235899845,-0.06392380779349305,-0.07692326257679594,1h_bearish_loose_engulf+macd_bear_cross_2h,long,2024-02-28 20:00:00,0.12795894719417328,1h_loose_engulf_v1p5_macd2h,2.2701016458480785,3.9056169571793418
507107,1487,505620,508788,-35698.0686171815,False,False,False,3510.19,0.006374088074741824,505620,3487.957452,0.030882352941182026,-0.11723567674472335,-0.3114393566948195,0.001572324009979864,0.000514987533680511,1h_bearish_loose_engulf+macd_bear_cross_2h,long,2024-07-21 04:00:00,0.5632352941176402,1h_loose_engulf_v1p5_macd2h,2.2951062659877115,0.7756439222774515
521939,499,521440,522161,-592.6942429088522,False,False,False,2327.57,0.004981313060794079,521440,2316.0331140000003,0.2733606557377069,-0.9942412480536476,10.491813181987686,0.004467152773413918,0.001435280245900783,1h_bearish_loose_engulf+macd_bear_cross_2h,long,2024-09-10 16:00:00,0.5553278688524644,1h_loose_engulf_v1p5_macd2h,2.2221669052212336,1.89090654785238
539555,1382,538173,551988,223327.4877437217,True,True,False,3177.81,0.27841760356624845,538173,2485.7370479999995,0.2461744666592194,-1.8453748835711679,6.52566814542763,-0.00942851938944489,-0.007928459760189854,1h_bearish_loose_engulf+macd_bear_cross_2h,long,2024-11-10 20:00:00,0.3068245280911448,1h_loose_engulf_v1p5_macd2h,4.221130641736786,4.902665555258098
587747,477,587270,587989,-10197.503697509062,False,False,False,1807.58,0.005445862308263605,587270,1797.7894860000001,0.11338289962825542,-0.22033814818936648,-2.9903590560715294,-0.025369264606369124,0.0015328715540614546,1h_bearish_loose_engulf+macd_bear_cross_2h,long,2025-04-27 04:00:00,0.6570631970260169,1h_loose_engulf_v1p5_macd2h,4.400233986545773,1.8283300478738382
594827,4243,590584,599220,289292.0533968997,True,True,False,2494.59,0.3558306642259965,590584,1839.897906,0.07574441197377882,-1.5028231225234254,9.015053791500348,0.03224361273075793,0.013730658075412627,1h_bearish_loose_engulf+macd_bear_cross_2h,long,2025-05-21 18:00:00,0.42239949451070186,1h_loose_engulf_v1p5_macd2h,91.67495049420074,41.54896795491681
618011,9990,608021,631188,687933.1530731542,True,True,False,4225.02,0.6662689843703062,608021,2535.617022,0.20550718768982543,-5.074554586615335,24.217585571556796,-0.014453897539021265,-0.004930627782332664,1h_bearish_loose_engulf+macd_bear_cross_2h,long,2025-08-10 06:00:00,0.6936626847539986,1h_loose_engulf_v1p5_macd2h,2.684188152968298,2.2526059674346754
647867,5159,642708,649044,291923.0081585888,True,True,False,2776.52,0.2974908713065276,642708,3602.5093540000003,0.42210365853657983,1.7493959105113674,-22.716174828525595,-0.011862989589530804,0.005068415549636551,1h_bullish_loose_engulf+macd_bull_cross_2h,short,2025-11-21 22:00:00,0.00899390243902662,1h_loose_engulf_v1p5_macd2h,1.8738149306823777,1.4352232733190926
653363,944,652419,653371,140704.73586541507,True,True,False,3327.96,0.08052899376868328,652419,3079.935864,0.19827851214263353,-3.191931258018144,13.953393267709473,-0.011789238553579162,0.029252605531529197,1h_bearish_loose_engulf+macd_bear_cross_2h,long,2025-12-11 00:00:00,0.4568090992929678,1h_loose_engulf_v1p5_macd2h,1.7397308991761011,1.0176848621236334
668747,1219,667528,670116,675483.4111797365,True,True,False,2294.99,0.2812830452420272,667528,2940.531776,0.10505604579060257,3.570850129224965,-24.464997850720096,0.02286550881737681,-0.00014636135063650357,1h_bullish_loose_engulf+macd_bull_cross_2h,short,2026-02-02 10:00:00,0.2786787502981196,1h_loose_engulf_v1p5_macd2h,2.2528533088021865,1.3664645748292024
679259,514,678745,680265,138375.05150027433,True,True,False,2027.08,0.0227259568170739,678745,1982.0363280000001,0.28246983676366283,-0.27390130807308566,10.601345798878251,-0.009354057755121659,-0.019553848638309557,1h_bearish_loose_engulf+macd_bear_cross_2h,long,2026-03-10 22:00:00,0.1863023420865858,1h_loose_engulf_v1p5_macd2h,2.1434305102777316,1.7603605383489085
686051,405,685646,686759,-10664.777364131529,False,False,False,2063.1,0.008741064417624012,685646,2081.13369,0.7699443413729153,0.4271178281823964,-4.910968051588104,-0.0032297209217868605,0.025806640377199264,1h_bullish_loose_engulf+macd_bull_cross_2h,short,2026-04-03 12:00:00,0.11873840445270653,1h_loose_engulf_v1p5_macd2h,1.6790399148168416,0.8421377065615356
9158,779,8379,9191,405.93351207319574,False,True,False,162.54,0.05392969115294699,8379,171.305732,0.1632653061224553,0.564250516732258,0.1100733503265805,nan,nan,1h_bullish_loose_engulf+macd_bull_cross_4h,short,2019-10-25 08:00:00,0.0,1h_loose_engulf_v1p5_macd4h,2.145745780187425,0.8797097488117842
76346,15354,60992,95701,15339.936809933251,False,True,False,230.79,0.3182349818884487,60992,175.075008,0.09014084507042032,-0.44220533502036496,-0.20540070863838,nan,nan,1h_bearish_loose_engulf+macd_bear_cross_4h,long,2020-06-15 00:00:00,0.4507042253521176,1h_loose_engulf_v1p5_macd4h,3.9157792950302546,10.80282890030273
112870,3023,109847,136783,37135.1622576107,False,True,False,368.44,0.008504426257058162,109847,365.333052,0.22425828970331568,-1.1107959983295908,-0.1977180306286208,nan,nan,1h_bearish_loose_engulf+macd_bear_cross_4h,long,2020-10-20 12:00:00,0.1378708551483409,1h_loose_engulf_v1p5_macd4h,15.206588264716355,8.443140076609355
153388,2399,150989,172818,71695.46912793306,False,True,False,1801.59,0.14246283444913188,150989,1576.9353239999998,0.02825999192571656,-11.143972459028348,-2.597590176729682,0.021498582990668202,0.0490063593310881,1h_bearish_loose_engulf+macd_bear_cross_4h,long,2021-03-10 08:00:00,0.953088413403311,1h_loose_engulf_v1p5_macd4h,1.9148697073899181,1.2119145995839842
195199,2543,192656,209936,34274.426910554714,False,True,False,2599.16,0.19064955141514517,192656,2182.9765079999997,0.05037037037036498,-4.1417881297270185,-2.194044157349623,0.006987905068030598,0.055421834391493396,1h_bearish_loose_engulf+macd_bear_cross_4h,long,2021-08-02 20:00:00,0.3238518518518537,1h_loose_engulf_v1p5_macd4h,1.6006519978347165,1.1447150531796608
359507,3448,356059,362196,2902.577303465514,False,True,False,1575.89,0.01795132739130989,356059,1548.099558,0.0119987849331742,-4.610389267791495,-4.348299035172708,0.010378263272518229,0.011534787232026611,1h_bearish_loose_engulf+macd_bear_cross_4h,long,2023-02-24 16:00:00,0.12029161603888298,1h_loose_engulf_v1p5_macd4h,5.126590158367528,3.4765207546828822
378275,14062,364213,381204,46971.89962416631,False,True,False,1887.81,0.19719925501243263,364213,1576.855308,0.0942249240121587,-0.2154468164776815,-0.5418388851086817,-0.0016767428859674194,-0.001119411166542017,1h_bearish_loose_engulf+macd_bear_cross_4h,long,2023-04-30 20:00:00,0.14311043566362364,1h_loose_engulf_v1p5_macd4h,7.633129977559349,4.26257431646888
425939,1423,424516,426094,13005.089737643139,False,True,False,1549.1,0.04968996191336905,424516,1626.07472,0.141705842847541,1.3602510940068733,0.4043642852674978,0.0037182418320234056,-0.0014296827730944095,1h_bullish_loose_engulf+macd_bull_cross_4h,short,2023-10-13 08:00:00,0.3216924110141141,1h_loose_engulf_v1p5_macd4h,1.5590365504463535,0.33264561180764957
448211,20323,427888,455796,131352.1926257087,True,True,False,2327.95,0.475725347201575,427888,1577.495436,0.16949152542372792,-5.53438406009753,-1.3922226917483655,0.016960716232840456,0.026961170206869722,1h_bearish_loose_engulf+macd_bear_cross_4h,long,2023-12-29 16:00:00,0.339425202652912,1h_loose_engulf_v1p5_macd4h,6.6814591325660695,1.6941438255440513
507107,1487,505620,508788,-35698.0686171815,False,False,False,3510.19,0.006374088074741824,505620,3487.957452,0.030882352941182026,-0.11723567674472335,-0.3114393566948195,0.001572324009979864,0.000514987533680511,1h_bearish_loose_engulf+macd_bear_cross_4h,long,2024-07-21 04:00:00,0.5632352941176402,1h_loose_engulf_v1p5_macd4h,2.2951062659877115,0.7756439222774515
547427,9254,538173,551988,223327.4877437217,True,True,False,3997.26,0.6080783778864132,538173,2485.7370479999995,0.5427528675703829,-7.381354825383447,-2.4592910150879987,0.002246872639207087,-0.0022155028105422803,1h_bearish_loose_engulf+macd_bear_cross_4h,long,2024-12-08 04:00:00,0.3936392075078098,1h_loose_engulf_v1p5_macd4h,1.9236563222755358,2.943152713722072
566627,3119,563508,566964,95432.27353813092,False,True,False,2677.49,0.16525398190095952,563508,3119.955884,0.7316211878009597,4.84348559683564,3.3163098104105195,0.005107825672359123,0.020599552221117534,1h_bullish_loose_engulf+macd_bull_cross_4h,short,2025-02-12 20:00:00,0.05072231139648081,1h_loose_engulf_v1p5_macd4h,2.2655829364257607,0.5365122425456114
591923,1339,590584,599220,289292.0533968997,True,True,False,2455.16,0.33440012730793334,590584,1839.897906,0.21088107847857301,-18.53260935979941,-0.47421367014933935,0.009048207147539067,0.019056845482253504,1h_bearish_loose_engulf+macd_bear_cross_4h,long,2025-05-11 16:00:00,0.3689616433959204,1h_loose_engulf_v1p5_macd4h,2.7456901618148337,1.1207806017934292
608387,366,608021,631188,687933.1530731542,True,True,False,2538.11,0.0009831839660210395,608021,2535.617022,0.4220611082340697,-3.8822964655456307,-0.18068830060991914,0.0037572175315445655,-0.009869076675275812,1h_bearish_loose_engulf+macd_bear_cross_4h,long,2025-07-07 20:00:00,0.5214914552045554,1h_loose_engulf_v1p5_macd4h,3.2999356706336447,3.104986101145073
651827,886,650941,651829,143916.03504271363,True,True,False,3100.6,0.0841365335382247,650941,2859.97188,0.1967545638945223,-15.665916478599001,-4.633948556966985,-0.015039170134070523,-0.007223671689514544,1h_bearish_loose_engulf+macd_bear_cross_4h,long,2025-12-05 16:00:00,0.6431469139379873,1h_loose_engulf_v1p5_macd4h,1.9348678452651846,2.1905952799146613
2138,156,1982,2899,-52.4497206046708,False,False,False,177.17,0.02342600580877563,1982,173.114616,0.5990566037735885,1.0659728776885289,1.5688687431888466,nan,nan,1h_bearish_loose_engulf,long,2019-09-30 23:00:00,0.0,1h_loose_engulf_v2p0,2.4773104481314707,2.442419822460664
4106,79,4027,5104,528.8814636934749,False,True,False,179.95,0.022064518528436494,4027,176.065206,0.055449330783942534,1.0595041635934008,0.18954208288147156,nan,nan,1h_bearish_loose_engulf,long,2019-10-07 19:00:00,0.05162523900573791,1h_loose_engulf_v2p0,6.504426345123199,5.357241421230831
5222,118,5104,6094,20.200317302334952,False,True,False,184.35,0.007392731217792381,5104,185.71285,0.5620915032679638,-1.1869401072781844,-0.944394331702938,nan,nan,1h_bullish_loose_engulf,short,2019-10-11 16:00:00,0.1372549019607894,1h_loose_engulf_v2p0,2.103829482781045,1.863135636229673
6158,64,6094,6611,-474.10192523146,False,False,False,186.02,0.003630691486223858,6094,185.347062,0.2520325203252072,0.5444146291384623,0.18806474642729493,nan,nan,1h_bearish_loose_engulf,long,2019-10-14 22:00:00,0.4471544715447284,1h_loose_engulf_v2p0,3.056145761496843,2.3428543599237135
6662,51,6611,7835,72.55769383132247,False,True,False,174.08,0.015996208639705856,6611,176.86462,0.6345381526104444,-0.7593862934990092,-0.9023812928665134,nan,nan,1h_bullish_loose_engulf,short,2019-10-16 16:00:00,0.28112449799196226,1h_loose_engulf_v2p0,2.880294283062943,2.2359016966691487
8690,311,8379,9191,405.93351207319574,False,True,False,159.04,0.07712356639839046,8379,171.305732,0.2360060514372162,-1.5345997457801313,-1.4690322200026866,nan,nan,1h_bullish_loose_engulf,short,2019-10-23 17:00:00,0.1180030257186081,1h_loose_engulf_v2p0,5.78220880640511,2.319586021317966
9422,231,9191,10628,1124.774948054297,False,True,False,186.74,0.13808387362454377,9191,164.08281,0.06843267108167819,2.502524543004593,3.1062226275063027,nan,nan,1h_bearish_loose_engulf,long,2019-10-26 06:00:00,0.728476821192049,1h_loose_engulf_v2p0,2.0779046206865073,1.3692231850230387
11054,426,10628,11330,-103.48484822953833,False,False,False,182.06,0.0027105459738547832,10628,182.553482,0.7350993377483415,0.02529754285624608,-0.8545116847653778,nan,nan,1h_bullish_loose_engulf,short,2019-10-31 22:00:00,0.05298013245033923,1h_loose_engulf_v2p0,5.227490672531364,4.224799658841214
12638,233,12405,12871,-44.11552014380868,False,False,False,190.87,0.011136722478002126,12405,188.767746,0.0,0.29586732914345815,0.7783250445597194,nan,nan,1h_bearish_loose_engulf,long,2019-11-06 10:00:00,0.22641509433963072,1h_loose_engulf_v2p0,2.272377110423181,1.3595975987452031
13214,343,12871,13737,47.644783237674346,False,True,False,184.78,0.017655503842407327,12871,188.04238400000003,0.6917808219178176,-0.32127935997324214,-0.634955406926335,nan,nan,1h_bullish_loose_engulf,short,2019-11-08 10:00:00,0.020547945205480117,1h_loose_engulf_v2p0,2.0015010099038775,3.040049903501803
16622,935,15687,30375,2119.0179211623945,False,True,False,176.61,0.03195482701998742,15687,182.253542,0.9128205128205187,0.2382250327274782,-0.44210370278674604,nan,nan,1h_bullish_loose_engulf,short,2019-11-20 06:00:00,0.0461538461538336,1h_loose_engulf_v2p0,2.516775937484062,1.2084275985948318
31418,755,30663,31527,-11.845984554431197,False,False,False,140.2,0.024402781740371138,30663,143.62127,0.32051282051282004,0.17712105336870287,-0.6629127364103735,nan,nan,1h_bullish_loose_engulf,short,2020-01-10 15:00:00,0.6666666666666788,1h_loose_engulf_v2p0,3.0023686131244856,0.45901952198221446
49034,227,48807,55344,3600.431091184704,False,True,False,188.03,0.06913676540977498,48807,201.029786,0.046401515151516005,-0.7056923552796683,0.014381138304267793,nan,nan,1h_bullish_loose_engulf,short,2020-03-11 19:00:00,0.07291666666666492,1h_loose_engulf_v2p0,15.663795447716678,10.95239752456846
58274,81,58193,59163,-690.0384291273622,False,False,False,163.38,0.01881950061681037,58193,160.362066,0.558035714285712,1.0468512494703317,0.17555902205641738,nan,nan,1h_bearish_loose_engulf,long,2020-04-12 21:00:00,0.14732142857142086,1h_loose_engulf_v2p0,2.421189339400847,2.130050867014057
61022,30,60992,95701,15339.936809933251,False,True,False,175.23,0.0008852891213346759,60992,175.075008,0.4604316546762537,0.6743358936514718,-0.8429807535626501,nan,nan,1h_bearish_loose_engulf,long,2020-04-22 10:00:00,0.38129496402878155,1h_loose_engulf_v2p0,2.7543457747481863,1.5381869199672826
102034,539,101495,105239,-3981.593289927441,False,False,False,383.41,0.03486132858197011,101495,370.494084,0.10874439461883695,0.8725244629411844,1.9021629982341186,nan,nan,1h_bearish_loose_engulf,long,2020-09-12 21:00:00,0.03587443946188258,1h_loose_engulf_v2p0,29.802343715787877,4.452109235377697
110062,215,109847,136783,37135.1622576107,False,True,False,373.0,0.02098618769374294,109847,365.333052,0.23222748815166158,0.14437495804283884,2.7051994427936545,nan,nan,1h_bearish_loose_engulf,long,2020-10-10 18:00:00,0.7582938388625651,1h_loose_engulf_v2p0,4.807490017673068,1.4578093130099898
151444,455,150989,172818,71695.46912793306,False,True,False,1605.52,0.018126726927197856,150989,1576.9353239999998,0.07913802712242238,6.915002225938,13.785039894367316,-0.009402807337354768,-0.02175012962237044,1h_bearish_loose_engulf,long,2021-03-03 14:00:00,0.9000557310050137,1h_loose_engulf_v2p0,4.223717790030381,2.212807687485675
189943,455,189488,192080,-3721.374003860561,False,False,False,1922.73,0.010210195919343912,189488,1942.36145,0.8096044002538607,-0.014651741880980396,4.044055586631288,-0.04529073794493621,-0.006037855616660481,1h_bullish_loose_engulf,short,2021-07-15 14:00:00,0.0,1h_loose_engulf_v2p0,2.132880918087543,1.3669603216357626
192979,323,192656,209936,34274.426910554714,False,True,False,2295.79,0.05167874761206548,192656,2182.9765079999997,0.007191149354640897,4.321893517753303,-3.098281077144563,-0.04968191862288085,-0.06775193852691774,1h_bearish_loose_engulf,long,2021-07-26 03:00:00,0.19231714812538414,1h_loose_engulf_v2p0,6.26971034832511,11.723181649779383
213139,611,212528,231248,31590.289119135792,False,True,False,3337.31,0.009757496509413821,212528,3305.06088,0.22478260869564876,-14.609995614398386,4.937020041901178,0.0018879493400261183,0.02973219034535446,1h_bearish_loose_engulf,long,2021-10-04 03:00:00,0.029275362318840314,1h_loose_engulf_v2p0,3.030128717937989,1.4075663612743972
240667,203,240464,246224,39124.28035168933,False,True,False,3203.79,0.06329645451168786,240464,3406.5785480000004,0.526869940965247,-10.803511944429601,-40.63622422766329,-0.029678057463631946,-0.015861964069060486,1h_bullish_loose_engulf,short,2022-01-07 17:00:00,0.35359990262309005,1h_loose_engulf_v2p0,4.50666669995833,3.3553011110224817
248695,104,248591,249284,11417.843141022488,False,True,False,2770.81,0.006560551126458147,248591,2752.75044,0.08218884120171534,20.37573201182889,7.0457521167607915,-0.01849682954544174,0.028014276674103167,1h_bearish_loose_engulf,long,2022-02-04 14:00:00,0.22607296137338787,1h_loose_engulf_v2p0,2.8779313826790314,1.1935495580044462
253327,1148,252179,254066,18872.726227091713,False,True,False,2655.11,0.1488675813808089,252179,3050.369804,0.5587549933422062,-2.0055254167405465,-13.991813737681383,0.03573760577720031,0.014379803376534994,1h_bullish_loose_engulf,short,2022-02-20 16:00:00,0.1018641810918758,1h_loose_engulf_v2p0,2.158551424651081,1.6089464613697955
261841,42,261799,266378,9453.885492086352,False,True,False,2991.74,0.009334219109179198,261799,2964.072696,0.13926746166950507,9.984521855384946,-1.7483275702509218,-0.026692471639915283,-0.01734407696731899,1h_bearish_loose_engulf,long,2022-03-22 06:00:00,0.5748154457694457,1h_loose_engulf_v2p0,3.5230440317688108,3.1414188114040087
272989,136,272853,273570,59.94627962015511,False,True,False,2818.66,0.0065891026232325345,272853,2837.23244,0.13268744734625357,-13.585125401813796,-5.936540881766907,0.0059691758989561805,0.02761021009776332,1h_bullish_loose_engulf,short,2022-04-29 23:00:00,0.565711878685769,1h_loose_engulf_v2p0,2.219137221634951,0.8355279296397327
274909,808,274101,277466,25933.17423582128,False,True,False,2697.24,0.024186721982471182,274101,2762.4773940000005,0.41075821963766485,-14.167199379495337,-20.012879141001008,-0.024285413928172184,-0.019130378531809433,1h_bullish_loose_engulf,short,2022-05-06 15:00:00,0.42059941847461524,1h_loose_engulf_v2p0,2.8521514093013103,3.3715394362948454
277597,131,277466,278340,-5619.723724207841,False,False,False,2131.48,0.019906477866123984,277466,2089.877892,0.0825150227172747,14.560884428448155,25.253054385873497,0.01658412022382505,-0.012502887429591159,1h_bearish_loose_engulf,long,2022-05-15 23:00:00,0.07562655723289327,1h_loose_engulf_v2p0,2.6094830774741387,3.302448887182748
278509,169,278340,278781,-3047.8929082214745,False,False,False,1948.02,0.02770480898553407,278340,2001.989522,0.0879494655004886,-14.383355000839114,-9.147911274337833,-0.010487361066287781,-0.011149511689165337,1h_bullish_loose_engulf,short,2022-05-19 03:00:00,0.8746355685131177,1h_loose_engulf_v2p0,2.628636719067636,1.4301610574261636
280657,795,279862,281661,9503.979987315004,False,True,False,1814.6,0.09615458172600033,279862,1989.082104,0.8181237354914265,-15.19261499815152,-12.540900275009491,0.02920225202119564,0.07830238713273596,1h_bullish_loose_engulf,short,2022-05-26 14:00:00,0.16856564796081505,1h_loose_engulf_v2p0,9.816614263411651,6.585640382072367
281797,136,281661,282267,5789.827658736322,False,True,False,1890.94,0.029757064606207972,281661,1836.297186,0.6322620519159531,13.05854639598689,21.97056775115036,0.022940594328076935,0.033831758851077254,1h_bearish_loose_engulf,long,2022-05-30 13:00:00,0.16996291718170753,1h_loose_engulf_v2p0,2.136004697757824,0.7687469041497044
282961,694,282267,283346,8742.063103900015,False,True,False,1765.94,0.0854709378574583,282267,1916.876548,0.6973967040840726,-2.9797020021229486,-11.011246966610742,0.006011122716609751,0.03000823101744743,1h_bullish_loose_engulf,short,2022-06-03 14:00:00,0.27680917124432647,1h_loose_engulf_v2p0,2.304597419725519,1.9770933331643694
285265,1313,283952,286538,43704.53024715526,False,True,False,1568.02,0.13545990739914027,283952,1780.423844,0.5075560187597697,-12.578683350658103,-17.926941011391726,0.026828848211196243,-0.013621660523986057,1h_bullish_loose_engulf,short,2022-06-11 14:00:00,0.06253256904638052,1h_loose_engulf_v2p0,2.6671994246052453,5.284161360372452
289573,777,288796,289870,8474.028016407072,False,True,False,1239.21,0.0855710221313315,288796,1141.5282599999998,0.0015608740894886926,0.47367128799892555,5.04356457618114,0.01596003883043262,-0.0032711966845363483,1h_bearish_loose_engulf,long,2022-06-26 13:00:00,0.13865764828304233,1h_loose_engulf_v2p0,5.072230655567956,1.571467035096397
291301,1431,289870,291864,16756.747354300227,False,True,False,1056.81,0.12878508908886177,289870,1192.91137,0.30507191521574273,1.0293780206534802,2.089815886315087,0.021384157575531137,0.05693978421164303,1h_bullish_loose_engulf,short,2022-07-02 13:00:00,0.6426949280847831,1h_loose_engulf_v2p0,2.517305490447392,0.5866329398191352
295873,1410,294463,296666,87236.47471089859,False,True,False,1472.0,0.3383887549842457,294463,1099.829922,0.1823404898699723,7.421609375683595,11.311689020083847,-0.01765688844904645,-0.04424313980866179,1h_bearish_loose_engulf,long,2022-07-18 10:00:00,0.7411551254913831,1h_loose_engulf_v2p0,3.289019657347593,3.7047755290798157
301093,584,300509,302229,4914.057706488122,False,True,False,1683.31,0.0012394655919996111,300509,1681.2261780000001,0.0026210299105742466,9.466663016047516,7.814666626179087,-0.021360652231918298,-0.01438408754776277,1h_bearish_loose_engulf,long,2022-08-05 13:00:00,0.0457909343200745,1h_loose_engulf_v2p0,4.147538821588633,1.7065388141339473
303805,74,303731,304463,5268.834124774468,False,True,False,1937.41,0.01081766275594731,303731,1958.368248,0.0,-12.27214445870877,-8.161894606314931,-0.011954379829755113,-0.02865302641690959,1h_bullish_loose_engulf,short,2022-08-14 23:00:00,0.8504213483146071,1h_loose_engulf_v2p0,3.568661299926322,1.0218116661287544
305521,547,304974,305802,25299.36208357266,False,True,False,1576.41,0.15570540278227107,304974,1821.865554,0.6574200136147058,-1.3699644896678507,-16.618134698077554,0.005057410675803009,0.011348558925085683,1h_bullish_loose_engulf,short,2022-08-20 22:00:00,0.1080667120490114,1h_loose_engulf_v2p0,2.2660820166059836,2.021508518309743
306577,775,305802,307070,1666.9889065336902,False,True,False,1644.42,0.0007128659725654796,305802,1643.248584,0.03414634146342498,1.9847895872555332,13.174448967759048,0.021731215378111957,0.03292432120763178,1h_bearish_loose_engulf,long,2022-08-24 14:00:00,0.44512195121950693,1h_loose_engulf_v2p0,3.1629218221053113,2.448046413029367
308005,935,307070,308019,24661.925174954784,False,True,False,1477.38,0.11926465635110794,307070,1653.579218,0.5116681071737342,2.2953889092747133,-1.6601697451806174,0.012167574625896904,0.009722010690584648,1h_bullish_loose_engulf,short,2022-08-29 13:00:00,0.0,1h_loose_engulf_v2p0,3.2036623351226265,0.7340283441070039
308161,142,308019,308891,1812.9776975369896,False,True,False,1527.12,0.011021697605293035,308019,1510.4720340000001,0.13473423980222432,12.143794851465163,12.118155236726494,-0.0057220131317395895,0.0019950559523462807,1h_bearish_loose_engulf,long,2022-08-30 02:00:00,0.1652245570663368,1h_loose_engulf_v2p0,3.6196887903286803,2.895350011335808
310069,347,309722,310395,-2851.127027264738,False,False,False,1597.82,0.015007815017676007,309722,1574.194776,0.0,3.020586618933826,2.8287566013309897,0.11211909796263098,0.1290007176828194,1h_bearish_loose_engulf,long,2022-09-05 17:00:00,0.058934169279000116,1h_loose_engulf_v2p0,2.406703603374215,4.925464869520356
314365,1134,313231,315107,12645.135390775773,False,True,False,1359.3,0.04685157507540638,313231,1422.985346,0.4919195900670067,5.2187850339555695,6.823900243350252,0.02511446910829207,0.02787996460182507,1h_bullish_loose_engulf,short,2022-09-20 15:00:00,0.002759164367360505,1h_loose_engulf_v2p0,2.788173219610095,2.0013926782253826
315901,112,315789,316243,-17402.501966663054,False,False,False,1292.65,0.008431700769736539,315789,1303.549238,0.08986873106698315,-5.738270827988334,1.7225776587458697,0.002475618673561941,0.0265140995316675,1h_bullish_loose_engulf,short,2022-09-25 23:00:00,0.03365870077415008,1h_loose_engulf_v2p0,2.555125901668458,2.2016841403099456
317941,387,317554,318102,-1585.5335684196907,False,False,False,1283.21,0.019278495335915524,317554,1307.948358,0.0687551982256725,-2.4028814070662694,-4.563414642181215,-0.006257639925285163,-0.020410827081742022,1h_bullish_loose_engulf,short,2022-10-03 01:00:00,0.2387025228721954,1h_loose_engulf_v2p0,3.645070662796767,5.345206577122574
321937,29,321908,322432,1821.3641402574722,False,True,False,1300.98,0.004734978664128642,321908,1294.848918,0.42012847965738687,2.5440260862228645,1.1110704125224995,-0.0538622851663495,-0.04696237982341134,1h_bearish_loose_engulf,long,2022-10-16 22:00:00,0.12633832976445641,1h_loose_engulf_v2p0,7.413725971218029,5.525921791005489
324505,1508,322997,325224,33405.54589574665,False,True,False,1474.88,0.12668674871514196,322997,1309.0417559999999,0.05902319441825591,12.955512767550433,10.756350987147037,-0.09886515698613252,-0.09046878385592305,1h_bearish_loose_engulf,long,2022-10-25 20:00:00,0.8936451065434641,1h_loose_engulf_v2p0,19.93403829287263,12.85076506393515
327337,548,326789,327744,777.154318366549,False,True,False,1615.6,0.0017407732305578794,326789,1612.792494,0.0,9.319415678304889,5.4912390407513865,0.018133087341942744,0.025716350849351866,1h_bearish_loose_engulf,long,2022-11-04 16:00:00,0.9993392798149952,1h_loose_engulf_v2p0,3.969203260959787,4.683658369074991
328489,745,327744,329053,46202.53407956901,False,True,False,1488.75,0.08706381998320745,327744,1618.366262,0.6982477903550933,-8.283758138362678,-14.975224123206253,-0.01023485737159302,-0.021605835354376213,1h_bullish_loose_engulf,short,2022-11-08 16:00:00,0.0,1h_loose_engulf_v2p0,3.2718617332680395,3.9086179685122895
330109,287,329822,331730,5934.671972629847,False,True,False,1235.0,0.005604506882591176,329822,1241.9215660000002,0.5839457320520008,-5.802415817392024,1.5537718091592652,0.012345504241842109,0.016107240147200885,1h_bullish_loose_engulf,short,2022-11-14 07:00:00,0.0,1h_loose_engulf_v2p0,34.21298634754696,2.27186536984286
331753,23,331730,332258,-29656.570866496942,False,False,False,1219.5,0.001672786160468842,331730,1217.463444,0.0587889476778366,1.4841528398672161,2.929893608942635,-0.005979108983949932,-0.00033186963335551933,1h_bearish_loose_engulf,long,2022-11-20 00:00:00,0.8071722516166976,1h_loose_engulf_v2p0,3.9625898240940565,5.577380259602165
334261,207,334054,334641,-7966.9361697529675,False,False,False,1177.93,0.013253116908475082,334054,1193.541244,0.16891111966141203,-4.50175817843804,-7.228388291050102,-0.00034737776942850296,0.004556020356787371,1h_bullish_loose_engulf,short,2022-11-28 17:00:00,0.471335128895729,1h_loose_engulf_v2p0,7.294091083510533,2.8602420864138147
334741,100,334641,335631,7269.439055136987,False,True,False,1267.87,0.030574122734497333,334641,1230.2560019999999,0.13768115942028866,8.197830719463525,8.437370925241446,0.004994747941926114,0.0017701565042662626,1h_bearish_loose_engulf,long,2022-11-30 09:00:00,0.0416666666666701,1h_loose_engulf_v2p0,3.6872191937463215,0.22395085247661328
335845,214,335631,336080,-4439.522216757934,False,False,False,1263.97,0.0019198794275181452,335631,1266.39667,0.0,-3.6959123087640973,-6.432041148105283,0.0047927544589905224,-0.007989682989901103,1h_bullish_loose_engulf,short,2022-12-04 05:00:00,0.477611940298511,1h_loose_engulf_v2p0,2.3870541832350294,0.2533624270276017
336121,41,336080,336736,-11670.57038575114,False,False,False,1290.46,0.0017795960960613755,336080,1288.167582,0.13496932515336532,3.7374197561400675,-0.6795993223103398,0.009813470839951544,0.014090588667184933,1h_bearish_loose_engulf,long,2022-12-05 04:00:00,0.8478527607361926,1h_loose_engulf_v2p0,3.3742777293092994,5.54527483147663
339421,447,338974,340449,17807.43321719661,False,True,False,1211.62,0.06824011488750603,338974,1294.301088,0.5332390381895183,-7.296725782479328,-8.984514231309666,0.011939682819571695,0.009833916155862932,1h_bullish_loose_engulf,short,2022-12-16 15:00:00,0.21923620933523988,1h_loose_engulf_v2p0,5.090231801610293,0.5820754401583821
340861,412,340449,341144,-295.2712000756874,False,False,False,1212.15,0.00999034808679311,340449,1200.1599840000001,0.746564885496169,0.04320782293714398,6.120624445401324,0.008102564768404541,0.009530644234447383,1h_bearish_loose_engulf,long,2022-12-21 15:00:00,0.07175572519084436,1h_loose_engulf_v2p0,3.5473681717595547,0.4312340616801419
345541,63,345478,355572,49025.1805000442,False,True,False,1265.87,0.005511231309526687,345478,1258.931736,0.1662337662337732,1.199560450192278,0.16024471069905388,-0.008644470511817492,0.0188841224312144,1h_bearish_loose_engulf,long,2023-01-06 21:00:00,0.30822510822510474,1h_loose_engulf_v2p0,7.474267351803831,6.222719348989915
356927,868,356059,362196,2902.577303465514,False,True,False,1576.17,0.018132194312014738,356059,1548.099558,0.768339768339759,4.595263767436061,10.536645452904263,0.009213020501031677,0.014525849132848156,1h_bearish_loose_engulf,long,2023-02-15 17:00:00,0.1550836550836607,1h_loose_engulf_v2p0,2.216167679049828,1.6747833985458485
363371,311,363060,364212,-8797.535740603402,False,False,False,1429.97,0.07157036581187026,363060,1532.313476,0.7813565744600243,-11.79501533401848,-9.170702143145297,-0.010030448624451349,0.02268872463439231,1h_bullish_loose_engulf,short,2023-03-10 02:00:00,0.0299355816597181,1h_loose_engulf_v2p0,6.438087286963676,3.922211290113962
366191,1978,364213,381204,46971.89962416631,False,True,False,1801.66,0.14256519977418258,364213,1576.855308,0.09058071686579577,-0.23968130371928353,-1.1795973894192642,-0.0016155519820391095,-0.0008789309990712146,1h_bearish_loose_engulf,long,2023-03-19 21:00:00,0.4253959433175929,1h_loose_engulf_v2p0,2.8997026181232646,1.474942174299419
393815,515,393300,405972,-9777.285888807732,False,False,False,1910.38,0.011239060552592495,393300,1889.1477539999998,0.4738163558106164,-1.320745568963119,-0.35911712056194744,0.004902637348442429,0.010300438770564968,1h_bearish_loose_engulf,long,2023-06-23 19:00:00,0.3762553802008597,1h_loose_engulf_v2p0,2.6145812802561705,3.075054966716705
410507,791,409716,415082,8149.520137668995,False,True,False,1674.8,0.00767399211846187,409716,1687.652402,0.4313880126182965,4.2280615547754135,5.13902650758294,-0.0050318708468976014,0.0024743433543168436,1h_bullish_loose_engulf,short,2023-08-20 18:00:00,0.35094637223974945,1h_loose_engulf_v2p0,2.789289593743211,0.6196104634195045
415763,681,415082,415885,-4457.51111620228,False,False,False,1647.49,0.0033933977950786343,415082,1641.9183179999998,0.24270833333332806,1.5466858177912641,2.0464957269208943,0.005450237307765615,0.004043165059182119,1h_bearish_loose_engulf,long,2023-09-08 00:00:00,0.46250000000001007,1h_loose_engulf_v2p0,3.8138829124674443,1.60552448900887
417719,218,417501,417955,-1808.0503501347266,False,False,False,1631.08,0.004796052440990239,417501,1623.294594,0.47154471544715,2.916463162434697,5.890228741767334,-0.011064535745158754,-0.022984964726481483,1h_bearish_loose_engulf,long,2023-09-14 19:00:00,0.08581752484191793,1h_loose_engulf_v2p0,3.7000245964903358,2.9702505814501285
421391,908,420483,422900,10642.110482847143,False,True,False,1623.66,0.01807147789517427,420483,1594.838904,0.05806451612903172,3.561740880171662,4.205323536313621,0.04496166409236313,0.04823818597351548,1h_bearish_loose_engulf,long,2023-09-27 13:00:00,0.08248847926268144,1h_loose_engulf_v2p0,4.603785595042216,3.635889270435667
423755,855,422900,424061,-54.019986028957646,False,False,False,1616.08,0.022739819810900563,422900,1652.8293680000002,0.37840290381123887,-1.1696402774166295,-3.855855478344859,-0.0011261249812891672,0.00572006831474714,1h_bullish_loose_engulf,short,2023-10-05 18:00:00,0.5018148820326662,1h_loose_engulf_v2p0,3.7487946571520063,5.131726390153956
424559,43,424516,426094,13005.089737643139,False,True,False,1622.08,0.0024627145393569805,424516,1626.07472,0.06086956521739278,-1.8681011106006367,-0.17928934325177082,0.0032767205346726502,0.001160540938235144,1h_bullish_loose_engulf,short,2023-10-08 13:00:00,0.10062111801241615,1h_loose_engulf_v2p0,4.119823251561785,0.5489771005939416
426875,781,426094,427152,3213.8175412995042,False,True,False,1580.24,0.01562989129470793,426094,1555.921122,0.004953693732500923,2.5282712936873226,4.856767869641098,9.36438670615658e-05,0.0009245466420519932,1h_bearish_loose_engulf,long,2023-10-16 14:00:00,0.9420633211285796,1h_loose_engulf_v2p0,44.415228982099045,29.677607811010084
427583,431,427152,427888,-1017.9512844590354,False,False,False,1567.37,0.0032445727556351667,427152,1572.455446,0.05871886120999069,-1.558037821354112,-2.161823070779973,-0.0005569736087551735,-0.0030147430011365772,1h_bullish_loose_engulf,short,2023-10-19 01:00:00,0.5871886120996237,1h_loose_engulf_v2p0,2.255262349689338,1.6788261569126584
427919,31,427888,455796,131352.1926257087,True,True,False,1581.79,0.0027223939302731814,427888,1577.495436,0.0,2.982128262365346,0.9306320724885023,-0.004396573475981658,0.00046968073780861985,1h_bearish_loose_engulf,long,2023-10-20 05:00:00,0.2761294672960171,1h_loose_engulf_v2p0,3.103333261137944,8.576343205434577
458483,1247,457236,459252,-2602.9123589087976,False,False,False,2316.74,0.0024611656118436187,457236,2311.052118,0.013333333333321207,2.205398906107939,1.1282311173367399,-0.003467092480089029,-0.00015660785614013406,1h_bearish_loose_engulf,long,2024-02-03 08:00:00,0.37733333333332364,1h_loose_engulf_v2p0,2.473906369915579,2.5450335004325235
459803,263,459540,476244,176532.66314368136,True,True,False,2427.7,0.020996322335667283,459540,2377.7754600000003,0.08624938393297206,4.832360656122901,7.475329714267115,-0.007610872610216757,-0.01399896429429004,1h_bearish_loose_engulf,long,2024-02-07 22:00:00,0.775751601774286,1h_loose_engulf_v2p0,2.139036748285053,4.156596156951396
477119,299,476820,479124,-40958.31834407768,False,False,True,3424.65,0.0194225814395943,476820,3359.401746,0.0,4.256187544717189,15.216829937532767,0.012695602411908036,0.015185844096499146,1h_bearish_loose_engulf,long,2024-04-08 01:00:00,0.1276787322168219,1h_loose_engulf_v2p0,5.4709180622009566,4.299564214541961
503579,1127,502452,504180,-9433.904760260251,False,False,False,3028.16,0.00684577433160749,502452,3048.8901,0.3187279151943417,9.352006819272912,13.082944950297346,0.0032454858660802,0.0020271522697661304,1h_bullish_loose_engulf,short,2024-07-08 22:00:00,0.0,1h_loose_engulf_v2p0,2.213519353982636,1.715094609760716
506975,1355,505620,508788,-35698.0686171815,False,False,False,3498.3,0.002965216216748834,505620,3487.957452,0.2204861111111054,0.688343992648992,-0.7300324714761146,0.0031646607001012406,0.0014680241430733432,1h_bearish_loose_engulf,long,2024-07-20 17:00:00,0.4062499999999942,1h_loose_engulf_v2p0,4.5694743460285405,0.47994647343239116
511475,671,510804,514048,45422.7901226714,False,True,False,2354.87,0.2704487007775376,510804,2991.741532,0.5841380198274762,-52.45467124616438,-55.90733369284979,0.0030556898743812066,-0.025250790233664944,1h_bullish_loose_engulf,short,2024-08-05 08:00:00,0.09231363460795759,1h_loose_engulf_v2p0,2.1998220343696118,5.69466729876255
516743,117,516626,517456,14924.732541245874,False,True,False,2660.09,0.0026344595551950345,516626,2653.100514,0.2470719464584522,4.873391306547221,5.129293743770184,-0.008577755923055985,-0.007753675812999017,1h_bearish_loose_engulf,long,2024-08-23 15:00:00,0.31818181818182567,1h_loose_engulf_v2p0,8.886793146554892,1.0629331489620888
518207,751,517456,518370,33383.91070741514,False,True,False,2510.43,0.08884262775699803,517456,2733.4631980000004,0.22609368950832112,1.154168649166209,-23.779786889942898,-0.019584887455659783,-0.013619819599842153,1h_bullish_loose_engulf,short,2024-08-28 17:00:00,0.608594657375148,1h_loose_engulf_v2p0,3.105003347467083,4.93499307184452
521903,463,521440,522161,-592.6942429088522,False,False,False,2346.61,0.013202266329944923,521440,2316.0331140000003,0.6996108949416329,2.4798578873409447,12.97180284999851,0.001884155497663187,-0.002581597799618307,1h_bearish_loose_engulf,long,2024-09-10 13:00:00,0.12140077821014443,1h_loose_engulf_v2p0,2.4174805337557137,0.28685292464562157
523967,32,523935,525467,43638.76789338497,False,True,False,2371.55,0.011266360514118112,523935,2345.1289319999996,0.0,11.417851736752006,0.5110638612209542,-0.005471954264677725,-0.0077108825701215356,1h_bearish_loose_engulf,long,2024-09-17 17:00:00,0.11095489162273303,1h_loose_engulf_v2p0,5.906602506714413,5.733612412072114
527555,247,527308,528850,49598.604560681444,False,True,False,2626.09,0.006869935150737305,527308,2644.1310679999997,0.5036544850498306,-4.741071061812699,-6.625359311541763,-0.003053008589715356,-0.01463217671182615,1h_bullish_loose_engulf,short,2024-09-30 04:00:00,0.13322259136211878,1h_loose_engulf_v2p0,3.00961705377912,4.161635102193887
529115,265,528850,529800,3812.8622120580403,False,True,False,2414.23,0.007512157174116574,528850,2396.22915,0.42599620493359186,5.052755282125568,13.624505791310582,-0.0005158697165822401,0.004998321667943895,1h_bearish_loose_engulf,long,2024-10-05 14:00:00,0.3007590132827274,1h_loose_engulf_v2p0,4.800569233829628,2.432427937915743
530579,779,529800,530796,-1620.878174930811,False,False,False,2412.0,0.00040933084577110534,529800,2412.987306,0.25076452599388654,-0.5510651048986581,-3.2446829484672826,0.017378342511470635,0.03726869278196099,1h_bullish_loose_engulf,short,2024-10-10 16:00:00,0.14495412844036903,1h_loose_engulf_v2p0,5.506834008420298,4.401534831148744
530879,83,530796,531435,5166.151034196257,False,True,False,2439.75,0.008284549388020146,530796,2419.7038439999997,0.3436763550667709,7.454625128266225,3.407645000936636,-0.02822503740346105,-0.029903194500494834,1h_bearish_loose_engulf,long,2024-10-11 17:00:00,0.1425765907305618,1h_loose_engulf_v2p0,2.9776425038605283,1.6026812844884168
534023,174,533849,535544,25782.971014758397,False,True,False,2641.79,0.0011056715333164213,533849,2644.710952,0.353475935828883,-8.793077573998666,-10.32118779520243,-0.0033678206477522066,-0.002629397145688661,1h_bullish_loose_engulf,short,2024-10-22 15:00:00,0.22005347593582883,1h_loose_engulf_v2p0,3.8199701722064825,3.081870445390265
536759,158,536601,538173,26850.177959806402,False,True,False,2508.16,0.04042723909160517,536601,2609.557984,0.05389955083707374,-19.532887450683106,-18.110318447976507,0.007412845673264501,0.015499523242606728,1h_bullish_loose_engulf,short,2024-11-01 03:00:00,0.22008983258473247,1h_loose_engulf_v2p0,7.10756236495777,2.7820080560177844
538223,50,538173,551988,223327.4877437217,True,True,False,2560.21,0.029960108636559513,538173,2485.7370479999995,0.03650805217518194,13.749422356234616,12.451811575222099,0.026702937858148257,0.0410852193460749,1h_bearish_loose_engulf,long,2024-11-06 05:00:00,0.20170516650877965,1h_loose_engulf_v2p0,3.7418695073235693,16.770425496016816
555155,287,554868,556884,-54210.935336000985,False,False,True,3609.68,0.044618432955308096,554868,3455.500962,0.24004364429894456,15.17602497527296,21.994216998275245,0.004024283110867222,0.004191796697287087,1h_bearish_loose_engulf,long,2025-01-04 00:00:00,0.3671576650300079,1h_loose_engulf_v2p0,3.522675688407349,1.916698716892117
563747,239,563508,566964,95432.27353813092,False,True,False,2975.63,0.048502631039477384,563508,3119.955884,0.8374614910659268,-18.834818985719096,-30.157214749202513,-0.0067838466631220395,-0.01635759596880093,1h_bullish_loose_engulf,short,2025-02-02 20:00:00,0.03314849044978498,1h_loose_engulf_v2p0,2.0330989620701203,5.583661732433802
567191,227,566964,568315,-10439.274139970425,False,False,False,2760.34,0.03360525321210828,566964,2670.594012,0.34714889123548187,8.568554263935182,8.32909538455106,0.017528581771981244,0.023564421825214454,1h_bearish_loose_engulf,long,2025-02-14 19:00:00,0.030095036958819873,1h_loose_engulf_v2p0,10.33675059460346,8.257646361094636
570275,390,569885,571759,123009.06667361094,True,True,False,2430.0,0.12637961728395064,569885,2737.1024700000003,0.5680249967452113,-25.94560473207156,-41.03796717862584,-0.00637095448377345,-0.040927943547529155,1h_bullish_loose_engulf,short,2025-02-25 12:00:00,0.09634162218461263,1h_loose_engulf_v2p0,5.279086180559584,1.5638153512448132
571859,100,571759,573015,-37549.85289484623,False,False,False,2504.86,0.10639048931071038,571759,2263.9927079999998,0.11282051282051665,38.08723717097102,44.238895642626055,0.015975638545098203,0.03148521356924694,1h_bearish_loose_engulf,long,2025-03-03 00:00:00,0.6333333333333379,1h_loose_engulf_v2p0,5.1006103999275965,3.2005197522458944
574115,1100,573015,575212,84737.91552441102,False,True,False,1877.18,0.1522535484077181,573015,2162.987316,0.5118091451292257,-14.985091518255913,-18.444604832196468,-0.013740647871321676,0.014751202425585586,1h_bullish_loose_engulf,short,2025-03-10 20:00:00,0.09789264413518843,1h_loose_engulf_v2p0,3.0574103557255903,2.920109633907529
575543,331,575212,575736,-16023.58869313635,False,False,False,1933.33,0.00016734346003688394,575212,1933.006524,0.12788632326821098,3.2764252644745007,13.447550344346805,0.013366113033453475,0.017839530455386887,1h_bearish_loose_engulf,long,2025-03-15 19:00:00,0.03641207815274022,1h_loose_engulf_v2p0,6.022318812268021,1.2523180163880312
575759,23,575736,576594,-37415.57817728678,False,False,False,1887.68,0.005800876207831873,575736,1898.630198,0.07012727726478538,-5.953211871587824,4.587224259687554,-0.013031513549354612,-0.0235224420587945,1h_bullish_loose_engulf,short,2025-03-16 13:00:00,0.0,1h_loose_engulf_v2p0,10.87388481363997,0.8693080475166556
578807,157,578650,580291,70873.5770020443,False,True,False,2029.44,0.00244552093188255,578650,2034.403038,0.11483516483517255,-6.554574832055246,-10.101064192882598,-0.013487230060151512,-0.019051608088379024,1h_bullish_loose_engulf,short,2025-03-27 03:00:00,0.29285714285713815,1h_loose_engulf_v2p0,2.7556281396646893,11.479542373284495
580715,424,580291,580765,-7419.7157631642185,False,False,False,1893.56,0.01790511416180318,580291,1860.251976,0.3784499054820406,-0.4349719252834152,10.324671284877828,-0.0010405195251027566,0.0032777133437040806,1h_bearish_loose_engulf,long,2025-04-02 18:00:00,0.4302457466918748,1h_loose_engulf_v2p0,49.936847370724685,12.03671471612737
580799,34,580765,582726,120301.05474534782,True,True,False,1818.45,0.014947235282795734,580765,1845.6308000000001,0.0871265009773806,-8.108455775452462,2.487161376568741,-0.0013459857260159636,-0.04405326406212606,1h_bullish_loose_engulf,short,2025-04-03 01:00:00,0.050404914828261954,1h_loose_engulf_v2p0,56.96218105557497,10.963731770393052
582791,65,582726,583835,-13458.047728204983,False,False,False,1667.63,0.04455421111144209,582726,1596.499236,0.0,28.227957531848624,12.76906661708884,2.7008988644050547e-05,-0.012517794007618543,1h_bearish_loose_engulf,long,2025-04-09 23:00:00,0.30427179615288147,1h_loose_engulf_v2p0,5.462976426415958,0.8649494130658225
584639,804,583835,585438,-14548.214225215022,False,False,False,1575.0,0.0005617523809524627,583835,1575.8847600000001,0.03473389355742933,-8.110092944794554,-8.362417749447939,-0.011495916479167811,0.019667063219172,1h_bullish_loose_engulf,short,2025-04-16 09:00:00,0.6151260504201644,1h_loose_engulf_v2p0,9.272974268818922,2.4855058803056886
587723,453,587270,587989,-10197.503697509062,False,False,False,1810.05,0.006819771778329153,587270,1797.7894860000001,0.14435695538057788,0.3715960376775449,-2.553665260304008,0.027602388456963167,0.03952193659772196,1h_bearish_loose_engulf,long,2025-04-27 02:00:00,0.6781027371578547,1h_loose_engulf_v2p0,43.69083953419934,11.467492725053976
588023,34,587989,588975,-28136.77299991902,False,False,False,1773.7,0.003469559677510281,587989,1779.8539580000001,0.38715365239294963,-4.534869221180209,-5.65722439144891,-0.016417886981382024,0.0029351983548393523,1h_bullish_loose_engulf,short,2025-04-28 03:00:00,0.054408060453402504,1h_loose_engulf_v2p0,7.3117203783870455,3.4024894102313454
591551,967,590584,599220,289292.0533968997,True,True,False,2369.98,0.2881040802706365,590584,1839.897906,0.09216734822271365,-5.587880783844199,30.242108727189617,0.007151367681581755,0.01656564211100564,1h_bearish_loose_engulf,long,2025-05-10 09:00:00,0.058194400754951595,1h_loose_engulf_v2p0,2.341630263762252,0.6738899663866706
600671,893,599778,603796,-107642.76290987968,False,False,True,2796.47,0.10196705732162736,599778,2537.7074399999997,0.10978584982379347,11.501475772031434,29.115188821178776,-0.008169949858266468,-0.0173439871314236,1h_bearish_loose_engulf,long,2025-06-11 01:00:00,0.2764976958525306,1h_loose_engulf_v2p0,2.3823823353046993,2.5098484848484848
603827,31,603796,604284,460.46536167361774,False,True,False,2305.0,0.0024068537960955094,603796,2310.547798,0.7786021505376377,-11.972130621562634,-14.22337950998331,-0.040658444941510385,-0.04244644251012808,1h_bullish_loose_engulf,short,2025-06-22 00:00:00,0.06129032258064321,1h_loose_engulf_v2p0,22.397576359054053,6.769457680962107
605027,743,604284,605281,39158.32696935907,False,True,False,2485.89,0.0763423662864553,604284,2309.571822,0.11919014084506972,-0.1498316485482576,12.732100025337257,-0.01200233949113605,-0.01723090014921791,1h_bearish_loose_engulf,long,2025-06-26 04:00:00,0.5125000000000006,1h_loose_engulf_v2p0,4.78403767820774,6.969904561491791
608063,42,608021,631188,687933.1530731542,True,True,False,2549.15,0.005337153790411886,608021,2535.617022,0.7685118619697852,5.589728664386216,-1.4238513640048085,0.005175463656689416,-0.0007895480482336126,1h_bearish_loose_engulf,long,2025-07-06 17:00:00,0.09202012940332233,1h_loose_engulf_v2p0,5.336557187654729,2.191114823459614
633071,443,632628,636372,-32107.348223629175,False,False,False,4285.61,0.018014804092755465,632628,4209.771786,0.7193333333333309,9.812589454737594,10.349824427407619,0.00529159601511453,0.023588692613477402,1h_bearish_loose_engulf,long,2025-10-01 13:00:00,0.03699999999998908,1h_loose_engulf_v2p0,3.333953704780738,0.7410282404055032
643187,479,642708,649044,291923.0081585888,True,True,False,3397.01,0.06049418576925003,642708,3602.5093540000003,0.5981793039870907,17.100527620709258,-17.646166107365218,-0.052052480171232096,-0.0839485264009493,1h_bullish_loose_engulf,short,2025-11-05 16:00:00,0.12410693708227653,1h_loose_engulf_v2p0,8.177814462989131,4.157512046175086
649379,335,649044,650032,20773.49107296276,False,True,False,3030.4,0.025328361289281398,649044,2955.54099,0.0,7.178234322665425,15.308834861572151,-0.004999220805500193,0.008694286386271344,1h_bearish_loose_engulf,long,2025-11-27 04:00:00,0.7119372787051117,1h_loose_engulf_v2p0,2.33831977831347,2.117644009664479
650639,607,650032,650941,83506.40203613206,False,True,False,2843.75,0.05099327578021984,650032,2988.7621280000003,0.2313359528487285,-19.292195226862518,-24.907716810161357,-0.001452300378280591,0.01028978713052453,1h_bullish_loose_engulf,short,2025-12-01 13:00:00,0.2568762278978439,1h_loose_engulf_v2p0,3.5290093742082598,2.278744193496716
651443,502,650941,651829,143916.03504271363,True,True,False,3187.83,0.11463683342229225,650941,2859.97188,0.1197786998616866,8.528504079664529,32.716777930117686,-0.017318593551806316,-0.028489800134231524,1h_bearish_loose_engulf,long,2025-12-04 08:00:00,0.8060857538036007,1h_loose_engulf_v2p0,2.006341123039822,1.7177561016119918
651875,46,651829,652419,-10651.215894440655,False,False,False,3041.83,0.007570083140741035,651829,3064.856906,0.7510964912280708,-21.284582637274944,-12.302907750099266,-0.010637579136234865,-0.00555257228130368,1h_bullish_loose_engulf,short,2025-12-05 20:00:00,0.2057291666666646,1h_loose_engulf_v2p0,3.793992755825318,2.2760505461002736
652643,224,652419,653371,140704.73586541507,True,True,False,3141.68,0.02004721485330241,652419,3079.935864,0.054435483870963676,10.946993140260728,7.091173714324507,-0.004027678902946086,0.0003383440045741093,1h_bearish_loose_engulf,long,2025-12-08 12:00:00,0.3551747311827986,1h_loose_engulf_v2p0,2.9568996595233323,1.9396477719102
654203,832,653371,654541,108124.89278371586,True,True,False,3115.5,0.05358798844487245,653371,3282.453378,0.8651008732309541,4.706546106262717,-13.588272405295504,0.000487364242541366,-0.0008108029464987121,1h_bullish_loose_engulf,short,2025-12-13 22:00:00,0.0,1h_loose_engulf_v2p0,4.913383689900041,1.140633221143005
654659,118,654541,655288,-204304.39176057372,False,False,True,3152.51,0.007908038973245546,654541,3127.77543,0.21877043819490094,9.734863982148932,4.973162618977156,0.005919494847115514,0.010955122311793852,1h_bearish_loose_engulf,long,2025-12-15 12:00:00,0.6824722040549359,1h_loose_engulf_v2p0,2.231281826561296,1.1813605100891957
658667,1083,657584,661320,153802.9006437799,True,True,False,2979.05,0.004114389932801554,657584,2966.84325,0.30382775119617605,7.137171762223039,10.511759890217768,-0.018369598690558542,0.008668404805941776,1h_bearish_loose_engulf,long,2025-12-29 10:00:00,0.15917065390749677,1h_loose_engulf_v2p0,13.632241442767759,5.230799569738257
661883,563,661320,662399,50802.65100579942,False,True,False,3102.28,0.023674435576414687,661320,3175.724728,0.5175151798225129,1.106681450775298,-13.372297873325214,-0.0036271840982735615,-0.006320791805790704,1h_bullish_loose_engulf,short,2026-01-09 14:00:00,0.1929005137785933,1h_loose_engulf_v2p0,2.8788002726653037,1.3059801555376775
662459,60,662399,663918,138377.42174652172,True,True,False,3111.83,0.001515454192277721,662399,3107.1213,0.1877358490565848,4.061277898644722,1.5318834045715448,-0.005016049217148377,0.0008683251605199338,1h_bearish_loose_engulf,long,2026-01-11 14:00:00,0.53490566037737,1h_loose_engulf_v2p0,2.019530263490193,0.46868856040195156
664547,68,664479,664944,-132394.75720662205,False,False,True,3345.02,0.0009251389517861419,664479,3341.928252,0.11255961844197088,3.2355759947729403,-1.1118919444554791,0.03296441274095896,0.04215866521278411,1h_bearish_loose_engulf,long,2026-01-18 20:00:00,0.7535771065182816,1h_loose_engulf_v2p0,4.380723216262259,4.611963190184049
667679,151,667528,670116,675483.4111797365,True,True,False,2837.45,0.036329019365979986,667528,2940.531776,0.1584626234132597,-18.77472285385863,-11.107940241032473,0.005133444877400306,-0.006050212025844659,1h_bullish_loose_engulf,short,2026-01-29 17:00:00,0.0401269393511992,1h_loose_engulf_v2p0,4.08089780070739,2.523833962386144
671519,854,670665,671977,62265.046605071984,False,True,False,1963.64,0.046723859770630094,670665,2055.38884,0.3498379015620423,-1.7421040745376928,-7.916687530642868,-0.011203358065627111,-0.014810498777488856,1h_bullish_loose_engulf,short,2026-02-12 01:00:00,0.036840554081933326,1h_loose_engulf_v2p0,2.862035825239584,1.1895199653217587
672239,262,671977,672526,19636.90608833218,False,True,False,2066.19,0.026830124580511816,671977,2012.20236,0.06129597197899447,9.482548936632178,19.36344164043599,0.009099558066721247,-0.00525118150676096,1h_bearish_loose_engulf,long,2026-02-14 13:00:00,0.2530647985989497,1h_loose_engulf_v2p0,2.04533998229646,0.5967109722206864
672815,289,672526,673329,5801.291542028077,False,True,False,2016.44,0.004778076213524773,672526,2026.074704,0.6580502215657306,-4.241101311250466,-10.332722904356626,0.0013418102125439813,-0.005529891589080127,1h_bullish_loose_engulf,short,2026-02-16 13:00:00,0.03323485967503198,1h_loose_engulf_v2p0,2.2650651600587044,1.1823621430043552
676307,344,675963,676425,-31531.253458942287,False,False,False,1895.46,0.03899636288816444,675963,1969.376046,0.49696816574027564,-6.893532606868028,-17.671568386508334,-0.02941882391174888,-0.029097747456106382,1h_bullish_loose_engulf,short,2026-02-28 16:00:00,0.46513390601313515,1h_loose_engulf_v2p0,2.2415198363855184,2.493727485127457
678311,353,677958,678745,107714.94338189252,True,True,False,1986.07,0.032974470184837346,677958,2051.559606,0.1460973982655139,-1.7520622209519345,-15.22034496720753,-0.0017120450561968203,0.005003232964923887,1h_bullish_loose_engulf,short,2026-03-07 15:00:00,0.0,1h_loose_engulf_v2p0,2.4438936067541315,0.401874698051091
679259,514,678745,680265,138375.05150027433,True,True,False,2027.08,0.0227259568170739,678745,1982.0363280000001,0.28246983676366283,-0.27390130807308566,10.601345798878251,-0.009354057755121659,-0.019553848638309557,1h_bearish_loose_engulf,long,2026-03-10 22:00:00,0.1863023420865858,1h_loose_engulf_v2p0,2.1434305102777316,1.7603605383489085
681515,78,681437,682873,206137.004997788,True,True,False,2218.27,0.03324280001983526,681437,2292.011506,0.3374876360039632,-20.914373785635746,-14.885817923964026,0.018196000248064115,0.018654407890512203,1h_bullish_loose_engulf,short,2026-03-18 18:00:00,0.0,1h_loose_engulf_v2p0,3.4296290162305394,1.0021680024652504
684047,382,683665,684789,175497.21646333812,True,True,False,1991.89,0.07444280557661309,683665,2140.17188,0.12432432432432639,-6.026060228891453,-13.775913249927836,-0.0249556375742519,-0.03770111628336792,1h_bullish_loose_engulf,short,2026-03-27 13:00:00,0.0,1h_loose_engulf_v2p0,2.584384898378073,5.266606227081445
684923,134,684789,685646,78668.204007864,False,True,False,2063.09,0.011785968413949854,684789,2039.05773,0.1265356265356321,9.399339436219828,11.339023351549976,-0.01466903757894622,-0.002553255518002562,1h_bearish_loose_engulf,long,2026-03-30 14:00:00,0.42014742014742784,1h_loose_engulf_v2p0,9.452767565359476,7.978226808305657
685787,141,685646,686759,-10664.777364131529,False,False,False,2036.24,0.022047347071072254,685646,2081.13369,0.5814385150812065,-13.425423298367054,-5.7907662492317264,0.011950989522920175,0.00843288978976564,1h_bullish_loose_engulf,short,2026-04-02 14:00:00,0.14895591647331988,1h_loose_engulf_v2p0,2.292343345627023,1.88981698843287
686975,216,686759,687192,3790.1846076501533,False,True,False,2131.52,0.021465545026267074,686759,2086.727262,0.012710408794240605,8.362957906249687,12.613035463921953,-0.012855879312057672,0.004919893979086654,1h_bearish_loose_engulf,long,2026-04-06 17:00:00,0.13844039848848258,1h_loose_engulf_v2p0,2.4209999374256927,4.590322926407374
688487,75,688412,689818,51064.37563137896,False,True,False,2287.6,0.009700186513905251,688412,2265.623034,0.5602140945584257,5.242080910511916,3.7188198343958483,-0.00225020869144521,-0.016092165091227018,1h_bearish_loose_engulf,long,2026-04-11 23:00:00,0.09054415700268481,1h_loose_engulf_v2p0,5.891526575611413,1.8623065457021404
691559,152,691407,691879,-79703.20448626624,False,False,True,2397.98,0.02227928787976552,691407,2345.71905,0.09729511505853275,11.151008297667104,10.142842368594687,0.005000138771520168,0.00504080591770939,1h_bearish_loose_engulf,long,2026-04-22 15:00:00,0.08195397658458625,1h_loose_engulf_v2p0,4.483932862211675,2.3836934684743727
694151,140,694011,695708,72878.66758759832,False,True,False,2306.24,0.008409544611381214,694011,2287.00731,0.027718550106608852,6.38717073011005,3.0035429522872708,0.03410244255812667,0.03415376906161116,1h_bearish_loose_engulf,long,2026-05-01 15:00:00,0.074360341151385,1h_loose_engulf_v2p0,8.516769591141397,4.130190017016449
695939,231,695708,696325,21159.40111688059,False,True,False,2298.85,0.01607009939752513,695708,2335.7927480000003,0.6705959397511325,-5.934579015765706,-10.691729578598988,-0.008332072442635563,0.006444082353421532,1h_bullish_loose_engulf,short,2026-05-07 20:00:00,0.12508185985594705,1h_loose_engulf_v2p0,12.963269695490139,4.776589877236749
696791,466,696325,697026,-21440.91279254062,False,False,False,2353.17,0.013469912988105959,696325,2321.8942859999997,0.24963396778915745,3.645252910908539,4.268045653908618,-0.0031845947040686218,-0.01211385004373422,1h_bearish_loose_engulf,long,2026-05-10 19:00:00,0.05417276720351515,1h_loose_engulf_v2p0,7.047637632021854,12.77155673072383
697343,317,697026,697536,-17176.660060382914,False,False,False,2269.17,0.01750777949646798,697026,2308.8981280000003,0.340018231540566,-7.6869679185869,-7.617039477487895,0.02421060827685828,0.03586997310329809,1h_bullish_loose_engulf,short,2026-05-12 17:00:00,0.05059252506837395,1h_loose_engulf_v2p0,4.360367262706524,1.2689328966333908
701411,1166,700245,702222,88887.55997676263,False,True,False,2074.08,0.010294120766797699,700245,2095.43083,0.5413223140495962,-3.9352692231148465,-1.281173172503891,-0.01637472453375033,0.006285761396442213,1h_bullish_loose_engulf,short,2026-05-26 20:00:00,0.4421487603305528,1h_loose_engulf_v2p0,5.276972444841789,4.111921482358913
703055,272,702783,704704,687331.854913211,True,True,False,1983.63,0.011286739966626769,702783,2006.018716,0.0,-3.6643433864222166,-1.8868967501213572,0.00868109694885888,0.01884019878898946,1h_bullish_loose_engulf,short,2026-06-01 13:00:00,0.17412935323383164,1h_loose_engulf_v2p0,14.36299668279794,1.1629636198675226
704783,79,704704,705375,99040.20316329226,False,True,False,1615.41,0.0035211334539644312,704704,1609.741884,0.5850965961361599,16.485701558028346,12.361347884617288,0.004167355352939328,-0.004951987408774117,1h_bearish_loose_engulf,long,2026-06-07 13:00:00,0.31278748850046495,1h_loose_engulf_v2p0,2.6791603237408967,0.08182982459614864
706019,97,705922,706102,22031.117243972607,False,True,False,1681.12,0.008395684658147662,705922,1667.1233579999998,0.28214971209212336,4.973572861181206,5.653774259749088,0.01298954476658043,0.008390145216073508,1h_bearish_loose_engulf,long,2026-06-11 20:00:00,0.6602687140115172,1h_loose_engulf_v2p0,2.9486836978905777,3.0865434900546913
113290,3443,109847,136783,37135.1622576107,False,True,False,395.0,0.08120521216897725,109847,365.333052,0.1281588447653388,2.3632413913845127,1.8126290449742055,0.13601601782434591,-0.051258517941109916,1h_bearish_loose_engulf+oi_flush,long,2020-10-21 23:00:00,0.05054151624549252,1h_loose_engulf_v2p0_oi0,3.61189164748438,10.191240399672976
151444,455,150989,172818,71695.46912793306,False,True,False,1605.52,0.018126726927197856,150989,1576.9353239999998,0.07913802712242238,6.915002225938,13.785039894367316,-0.009402807337354768,-0.02175012962237044,1h_bearish_loose_engulf+oi_flush,long,2021-03-03 14:00:00,0.9000557310050137,1h_loose_engulf_v2p0_oi0,4.223717790030381,2.212807687485675
189943,455,189488,192080,-3721.374003860561,False,False,False,1922.73,0.010210195919343912,189488,1942.36145,0.8096044002538607,-0.014651741880980396,4.044055586631288,-0.04529073794493621,-0.006037855616660481,1h_bullish_loose_engulf+oi_flush,short,2021-07-15 14:00:00,0.0,1h_loose_engulf_v2p0_oi0,2.132880918087543,1.3669603216357626
192979,323,192656,209936,34274.426910554714,False,True,False,2295.79,0.05167874761206548,192656,2182.9765079999997,0.007191149354640897,4.321893517753303,-3.098281077144563,-0.04968191862288085,-0.06775193852691774,1h_bearish_loose_engulf+oi_flush,long,2021-07-26 03:00:00,0.19231714812538414,1h_loose_engulf_v2p0_oi0,6.26971034832511,11.723181649779383
213571,1043,212528,231248,31590.289119135792,False,True,False,3425.06,0.03630768822630581,212528,3305.06088,0.23461538461539197,4.815607222637588,-10.977197671689368,-0.009279631249333398,-0.013110759866212573,1h_bearish_loose_engulf+oi_flush,long,2021-10-05 15:00:00,0.2754437869822454,1h_loose_engulf_v2p0_oi0,2.4231201402736615,0.7847922874221007
240667,203,240464,246224,39124.28035168933,False,True,False,3203.79,0.06329645451168786,240464,3406.5785480000004,0.526869940965247,-10.803511944429601,-40.63622422766329,-0.029678057463631946,-0.015861964069060486,1h_bullish_loose_engulf+oi_flush,short,2022-01-07 17:00:00,0.35359990262309005,1h_loose_engulf_v2p0_oi0,4.50666669995833,3.3553011110224817
248695,104,248591,249284,11417.843141022488,False,True,False,2770.81,0.006560551126458147,248591,2752.75044,0.08218884120171534,20.37573201182889,7.0457521167607915,-0.01849682954544174,0.028014276674103167,1h_bearish_loose_engulf+oi_flush,long,2022-02-04 14:00:00,0.22607296137338787,1h_loose_engulf_v2p0_oi0,2.8779313826790314,1.1935495580044462
253657,1478,252179,254066,18872.726227091713,False,True,False,2657.84,0.1476875221984768,252179,3050.369804,0.536246893123449,7.057077523199986,8.264577645014086,-0.0015159624908297475,0.030195816604369874,1h_bullish_loose_engulf+oi_flush,short,2022-02-21 20:00:00,0.3850455675227823,1h_loose_engulf_v2p0_oi0,3.5856510442572063,4.639431326113257
261841,42,261799,266378,9453.885492086352,False,True,False,2991.74,0.009334219109179198,261799,2964.072696,0.13926746166950507,9.984521855384946,-1.7483275702509218,-0.026692471639915283,-0.01734407696731899,1h_bearish_loose_engulf+oi_flush,long,2022-03-22 06:00:00,0.5748154457694457,1h_loose_engulf_v2p0_oi0,3.5230440317688108,3.1414188114040087
274909,808,274101,277466,25933.17423582128,False,True,False,2697.24,0.024186721982471182,274101,2762.4773940000005,0.41075821963766485,-14.167199379495337,-20.012879141001008,-0.024285413928172184,-0.019130378531809433,1h_bullish_loose_engulf+oi_flush,short,2022-05-06 15:00:00,0.42059941847461524,1h_loose_engulf_v2p0_oi0,2.8521514093013103,3.3715394362948454
277597,131,277466,278340,-5619.723724207841,False,False,False,2131.48,0.019906477866123984,277466,2089.877892,0.0825150227172747,14.560884428448155,25.253054385873497,0.01658412022382505,-0.012502887429591159,1h_bearish_loose_engulf+oi_flush,long,2022-05-15 23:00:00,0.07562655723289327,1h_loose_engulf_v2p0_oi0,2.6094830774741387,3.302448887182748
278509,169,278340,278781,-3047.8929082214745,False,False,False,1948.02,0.02770480898553407,278340,2001.989522,0.0879494655004886,-14.383355000839114,-9.147911274337833,-0.010487361066287781,-0.011149511689165337,1h_bullish_loose_engulf+oi_flush,short,2022-05-19 03:00:00,0.8746355685131177,1h_loose_engulf_v2p0_oi0,2.628636719067636,1.4301610574261636
281941,280,281661,282267,5789.827658736322,False,True,False,1992.82,0.08523828016147705,281661,1836.297186,0.2770795930580501,13.010401155616783,26.19927961056114,0.05149397140207723,-0.047199029819426364,1h_bearish_loose_engulf+oi_flush,long,2022-05-31 01:00:00,0.2896469180131622,1h_loose_engulf_v2p0_oi0,5.1742165097878745,2.399250629444247
283261,994,282267,283346,8742.063103900015,False,True,False,1776.04,0.079298072115493,282267,1916.876548,0.7663197729422906,3.2864914137971404,-5.306464025856066,0.008898889284644218,-5.853224832563786e-05,1h_bullish_loose_engulf+oi_flush,short,2022-06-04 15:00:00,0.0,1h_loose_engulf_v2p0_oi0,2.8687809561499615,0.43620099629029
285265,1313,283952,286538,43704.53024715526,False,True,False,1568.02,0.13545990739914027,283952,1780.423844,0.5075560187597697,-12.578683350658103,-17.926941011391726,0.026828848211196243,-0.013621660523986057,1h_bullish_loose_engulf+oi_flush,short,2022-06-11 14:00:00,0.06253256904638052,1h_loose_engulf_v2p0_oi0,2.6671994246052453,5.284161360372452
289573,777,288796,289870,8474.028016407072,False,True,False,1239.21,0.0855710221313315,288796,1141.5282599999998,0.0015608740894886926,0.47367128799892555,5.04356457618114,0.01596003883043262,-0.0032711966845363483,1h_bearish_loose_engulf+oi_flush,long,2022-06-26 13:00:00,0.13865764828304233,1h_loose_engulf_v2p0_oi0,5.072230655567956,1.571467035096397
291349,1479,289870,291864,16756.747354300227,False,True,False,1062.1,0.1231629507579326,289870,1192.91137,0.44691780821918736,2.1389664999349662,3.1984557413984973,-0.01611254206436674,-0.03478188666665827,1h_bullish_loose_engulf+oi_flush,short,2022-07-02 17:00:00,0.4965753424657436,1h_loose_engulf_v2p0_oi0,2.382300640898221,0.8868858874379598
295873,1410,294463,296666,87236.47471089859,False,True,False,1472.0,0.3383887549842457,294463,1099.829922,0.1823404898699723,7.421609375683595,11.311689020083847,-0.01765688844904645,-0.04424313980866179,1h_bearish_loose_engulf+oi_flush,long,2022-07-18 10:00:00,0.7411551254913831,1h_loose_engulf_v2p0_oi0,3.289019657347593,3.7047755290798157
301093,584,300509,302229,4914.057706488122,False,True,False,1683.31,0.0012394655919996111,300509,1681.2261780000001,0.0026210299105742466,9.466663016047516,7.814666626179087,-0.021360652231918298,-0.01438408754776277,1h_bearish_loose_engulf+oi_flush,long,2022-08-05 13:00:00,0.0457909343200745,1h_loose_engulf_v2p0_oi0,4.147538821588633,1.7065388141339473
303805,74,303731,304463,5268.834124774468,False,True,False,1937.41,0.01081766275594731,303731,1958.368248,0.0,-12.27214445870877,-8.161894606314931,-0.011954379829755113,-0.02865302641690959,1h_bullish_loose_engulf+oi_flush,short,2022-08-14 23:00:00,0.8504213483146071,1h_loose_engulf_v2p0_oi0,3.568661299926322,1.0218116661287544
306997,1195,305802,307070,1666.9889065336902,False,True,False,1677.33,0.020740267986136818,305802,1643.248584,0.37787513691128666,-0.7784488915684378,9.859261648779967,0.0003668863167380909,-0.00028690981349543954,1h_bearish_loose_engulf+oi_flush,long,2022-08-26 01:00:00,0.13307776560788964,1h_loose_engulf_v2p0_oi0,8.24683339621104,0.38808587722568294
308161,142,308019,308891,1812.9776975369896,False,True,False,1527.12,0.011021697605293035,308019,1510.4720340000001,0.13473423980222432,12.143794851465163,12.118155236726494,-0.0057220131317395895,0.0019950559523462807,1h_bearish_loose_engulf+oi_flush,long,2022-08-30 02:00:00,0.1652245570663368,1h_loose_engulf_v2p0_oi0,3.6196887903286803,2.895350011335808
310177,455,309722,310395,-2851.127027264738,False,False,False,1638.81,0.041046524219948255,309722,1574.194776,0.0,6.351659772960103,4.740481034349565,-0.05276578207371285,-0.03670873861702795,1h_bearish_loose_engulf+oi_flush,long,2022-09-06 02:00:00,0.62801024765158,1h_loose_engulf_v2p0_oi0,3.179849980685649,5.7102988981784
314701,1470,313231,315107,12645.135390775773,False,True,False,1372.2,0.03701016324150985,313231,1422.985346,0.21488147497805038,1.9861152420429864,6.4172605873652415,-0.02012627453059579,-0.032685158785304314,1h_bullish_loose_engulf+oi_flush,short,2022-09-21 19:00:00,0.6736172080772628,1h_loose_engulf_v2p0_oi0,29.27344034063126,13.59365452942772
317941,387,317554,318102,-1585.5335684196907,False,False,False,1283.21,0.019278495335915524,317554,1307.948358,0.0687551982256725,-2.4028814070662694,-4.563414642181215,-0.006257639925285163,-0.020410827081742022,1h_bullish_loose_engulf+oi_flush,short,2022-10-03 01:00:00,0.2387025228721954,1h_loose_engulf_v2p0_oi0,3.645070662796767,5.345206577122574
321937,29,321908,322432,1821.3641402574722,False,True,False,1300.98,0.004734978664128642,321908,1294.848918,0.42012847965738687,2.5440260862228645,1.1110704125224995,-0.0538622851663495,-0.04696237982341134,1h_bearish_loose_engulf+oi_flush,long,2022-10-16 22:00:00,0.12633832976445641,1h_loose_engulf_v2p0_oi0,7.413725971218029,5.525921791005489
324505,1508,322997,325224,33405.54589574665,False,True,False,1474.88,0.12668674871514196,322997,1309.0417559999999,0.05902319441825591,12.955512767550433,10.756350987147037,-0.09886515698613252,-0.09046878385592305,1h_bearish_loose_engulf+oi_flush,long,2022-10-25 20:00:00,0.8936451065434641,1h_loose_engulf_v2p0_oi0,19.93403829287263,12.85076506393515
328489,745,327744,329053,46202.53407956901,False,True,False,1488.75,0.08706381998320745,327744,1618.366262,0.6982477903550933,-8.283758138362678,-14.975224123206253,-0.01023485737159302,-0.021605835354376213,1h_bullish_loose_engulf+oi_flush,short,2022-11-08 16:00:00,0.0,1h_loose_engulf_v2p0_oi0,3.2718617332680395,3.9086179685122895
331753,23,331730,332258,-29656.570866496942,False,False,False,1219.5,0.001672786160468842,331730,1217.463444,0.0587889476778366,1.4841528398672161,2.929893608942635,-0.005979108983949932,-0.00033186963335551933,1h_bearish_loose_engulf+oi_flush,long,2022-11-20 00:00:00,0.8071722516166976,1h_loose_engulf_v2p0_oi0,3.9625898240940565,5.577380259602165
334261,207,334054,334641,-7966.9361697529675,False,False,False,1177.93,0.013253116908475082,334054,1193.541244,0.16891111966141203,-4.50175817843804,-7.228388291050102,-0.00034737776942850296,0.004556020356787371,1h_bullish_loose_engulf+oi_flush,short,2022-11-28 17:00:00,0.471335128895729,1h_loose_engulf_v2p0_oi0,7.294091083510533,2.8602420864138147
335089,448,334641,335631,7269.439055136987,False,True,False,1274.29,0.03579254880969085,334641,1230.2560019999999,0.17061448678338512,-2.607155231312639,5.607059045752656,-0.009862144204331624,-0.003541248144493525,1h_bearish_loose_engulf+oi_flush,long,2022-12-01 14:00:00,0.4867833848266396,1h_loose_engulf_v2p0_oi0,5.93347990463955,2.5361732631433593
335845,214,335631,336080,-4439.522216757934,False,False,False,1263.97,0.0019198794275181452,335631,1266.39667,0.0,-3.6959123087640973,-6.432041148105283,0.0047927544589905224,-0.007989682989901103,1h_bullish_loose_engulf+oi_flush,short,2022-12-04 05:00:00,0.477611940298511,1h_loose_engulf_v2p0_oi0,2.3870541832350294,0.2533624270276017
340093,1119,338974,340449,17807.43321719661,False,True,False,1191.11,0.08663438977088611,338974,1294.301088,0.2521440823327694,3.534365502209365,0.28259825188813537,-0.0015674203271941467,-0.01606492641630819,1h_bullish_loose_engulf+oi_flush,short,2022-12-18 23:00:00,0.5128644939965774,1h_loose_engulf_v2p0_oi0,3.412257183471326,0.6458330623173094
345541,63,345478,355572,49025.1805000442,False,True,False,1265.87,0.005511231309526687,345478,1258.931736,0.1662337662337732,1.199560450192278,0.16024471069905388,-0.008644470511817492,0.0188841224312144,1h_bearish_loose_engulf+oi_flush,long,2023-01-06 21:00:00,0.30822510822510474,1h_loose_engulf_v2p0_oi0,7.474267351803831,6.222719348989915
358979,2920,356059,362196,2902.577303465514,False,True,False,1614.27,0.04274301459363894,356059,1548.099558,0.13347639484978982,-4.160365017054376,-10.92183501532572,0.0005438411084417449,-0.0015083932828957591,1h_bearish_loose_engulf+oi_flush,long,2023-02-22 20:00:00,0.7021459227467811,1h_loose_engulf_v2p0_oi0,2.7954502064012474,1.8841913231150431
363371,311,363060,364212,-8797.535740603402,False,False,False,1429.97,0.07157036581187026,363060,1532.313476,0.7813565744600243,-11.79501533401848,-9.170702143145297,-0.010030448624451349,0.02268872463439231,1h_bullish_loose_engulf+oi_flush,short,2023-03-10 02:00:00,0.0299355816597181,1h_loose_engulf_v2p0_oi0,6.438087286963676,3.922211290113962
366191,1978,364213,381204,46971.89962416631,False,True,False,1801.66,0.14256519977418258,364213,1576.855308,0.09058071686579577,-0.23968130371928353,-1.1795973894192642,-0.0016155519820391095,-0.0008789309990712146,1h_bearish_loose_engulf+oi_flush,long,2023-03-19 21:00:00,0.4253959433175929,1h_loose_engulf_v2p0_oi0,2.8997026181232646,1.474942174299419
394451,1151,393300,405972,-9777.285888807732,False,False,False,1896.87,0.0040876876801454465,393300,1889.1477539999998,0.0,-1.374598746368859,-4.468048471709274,-7.137986018712628e-05,0.007048423439166118,1h_bearish_loose_engulf+oi_flush,long,2023-06-26 00:00:00,0.8514335360556203,1h_loose_engulf_v2p0_oi0,2.0155897589512266,1.189720403827812
410507,791,409716,415082,8149.520137668995,False,True,False,1674.8,0.00767399211846187,409716,1687.652402,0.4313880126182965,4.2280615547754135,5.13902650758294,-0.0050318708468976014,0.0024743433543168436,1h_bullish_loose_engulf+oi_flush,short,2023-08-20 18:00:00,0.35094637223974945,1h_loose_engulf_v2p0_oi0,2.789289593743211,0.6196104634195045
417719,218,417501,417955,-1808.0503501347266,False,False,False,1631.08,0.004796052440990239,417501,1623.294594,0.47154471544715,2.916463162434697,5.890228741767334,-0.011064535745158754,-0.022984964726481483,1h_bearish_loose_engulf+oi_flush,long,2023-09-14 19:00:00,0.08581752484191793,1h_loose_engulf_v2p0_oi0,3.7000245964903358,2.9702505814501285
422687,2204,420483,422900,10642.110482847143,False,True,False,1724.88,0.08153870317174072,420483,1594.838904,0.01270604395604411,1.746411710478382,1.4290376143004977,-0.06693960503639484,-0.06587154321991973,1h_bearish_loose_engulf+oi_flush,long,2023-10-02 01:00:00,0.01717032967032967,1h_loose_engulf_v2p0_oi0,5.740343781597573,9.671467073480803
423755,855,422900,424061,-54.019986028957646,False,False,False,1616.08,0.022739819810900563,422900,1652.8293680000002,0.37840290381123887,-1.1696402774166295,-3.855855478344859,-0.0011261249812891672,0.00572006831474714,1h_bullish_loose_engulf+oi_flush,short,2023-10-05 18:00:00,0.5018148820326662,1h_loose_engulf_v2p0_oi0,3.7487946571520063,5.131726390153956
424907,391,424516,426094,13005.089737643139,False,True,False,1583.43,0.026931863107305,424516,1626.07472,0.8591370558375616,-5.155707826703083,-4.138981555026959,-0.03422714015021311,-0.028978284344563177,1h_bullish_loose_engulf+oi_flush,short,2023-10-09 18:00:00,0.09454314720812246,1h_loose_engulf_v2p0_oi0,3.2964077938867855,6.942638614522463
426899,805,426094,427152,3213.8175412995042,False,True,False,1579.59,0.015212132328132233,426094,1555.921122,0.3891591382904705,2.1022903947972598,4.848268301394462,-0.04169122612261733,-0.0416014863831925,1h_bearish_loose_engulf+oi_flush,long,2023-10-16 16:00:00,0.540653231410712,1h_loose_engulf_v2p0_oi0,4.2173768009956,17.16540646530305
427583,431,427152,427888,-1017.9512844590354,False,False,False,1567.37,0.0032445727556351667,427152,1572.455446,0.05871886120999069,-1.558037821354112,-2.161823070779973,-0.0005569736087551735,-0.0030147430011365772,1h_bullish_loose_engulf+oi_flush,short,2023-10-19 01:00:00,0.5871886120996237,1h_loose_engulf_v2p0_oi0,2.255262349689338,1.6788261569126584
427919,31,427888,455796,131352.1926257087,True,True,False,1581.79,0.0027223939302731814,427888,1577.495436,0.0,2.982128262365346,0.9306320724885023,-0.004396573475981658,0.00046968073780861985,1h_bearish_loose_engulf+oi_flush,long,2023-10-20 05:00:00,0.2761294672960171,1h_loose_engulf_v2p0_oi0,3.103333261137944,8.576343205434577
458483,1247,457236,459252,-2602.9123589087976,False,False,False,2316.74,0.0024611656118436187,457236,2311.052118,0.013333333333321207,2.205398906107939,1.1282311173367399,-0.003467092480089029,-0.00015660785614013406,1h_bearish_loose_engulf+oi_flush,long,2024-02-03 08:00:00,0.37733333333332364,1h_loose_engulf_v2p0_oi0,2.473906369915579,2.5450335004325235
459803,263,459540,476244,176532.66314368136,True,True,False,2427.7,0.020996322335667283,459540,2377.7754600000003,0.08624938393297206,4.832360656122901,7.475329714267115,-0.007610872610216757,-0.01399896429429004,1h_bearish_loose_engulf+oi_flush,long,2024-02-07 22:00:00,0.775751601774286,1h_loose_engulf_v2p0_oi0,2.139036748285053,4.156596156951396
477839,1019,476820,479124,-40958.31834407768,False,False,True,3431.44,0.021443774649988034,476820,3359.401746,0.7594451003541893,-13.43919263521187,-15.219452142472562,-0.0010632810098100132,-0.011444077142536258,1h_bearish_loose_engulf+oi_flush,long,2024-04-10 13:00:00,0.04840613931522631,1h_loose_engulf_v2p0_oi0,4.233060752976704,0.09209218056077244
507011,1391,505620,508788,-35698.0686171815,False,False,False,3520.66,0.009375844874841555,505620,3487.957452,0.39462886982469036,2.1926877136316456,0.3554363758510277,-0.0006898085208508764,0.0009050559589824925,1h_bearish_loose_engulf+oi_flush,long,2024-07-20 20:00:00,0.4807907497202499,1h_loose_engulf_v2p0_oi0,2.223990532737549,0.7150493948595132
511475,671,510804,514048,45422.7901226714,False,True,False,2354.87,0.2704487007775376,510804,2991.741532,0.5841380198274762,-52.45467124616438,-55.90733369284979,0.0030556898743812066,-0.025250790233664944,1h_bullish_loose_engulf+oi_flush,short,2024-08-05 08:00:00,0.09231363460795759,1h_loose_engulf_v2p0_oi0,2.1998220343696118,5.69466729876255
516743,117,516626,517456,14924.732541245874,False,True,False,2660.09,0.0026344595551950345,516626,2653.100514,0.2470719464584522,4.873391306547221,5.129293743770184,-0.008577755923055985,-0.007753675812999017,1h_bearish_loose_engulf+oi_flush,long,2024-08-23 15:00:00,0.31818181818182567,1h_loose_engulf_v2p0_oi0,8.886793146554892,1.0629331489620888
518207,751,517456,518370,33383.91070741514,False,True,False,2510.43,0.08884262775699803,517456,2733.4631980000004,0.22609368950832112,1.154168649166209,-23.779786889942898,-0.019584887455659783,-0.013619819599842153,1h_bullish_loose_engulf+oi_flush,short,2024-08-28 17:00:00,0.608594657375148,1h_loose_engulf_v2p0_oi0,3.105003347467083,4.93499307184452
521903,463,521440,522161,-592.6942429088522,False,False,False,2346.61,0.013202266329944923,521440,2316.0331140000003,0.6996108949416329,2.4798578873409447,12.97180284999851,0.001884155497663187,-0.002581597799618307,1h_bearish_loose_engulf+oi_flush,long,2024-09-10 13:00:00,0.12140077821014443,1h_loose_engulf_v2p0_oi0,2.4174805337557137,0.28685292464562157
523967,32,523935,525467,43638.76789338497,False,True,False,2371.55,0.011266360514118112,523935,2345.1289319999996,0.0,11.417851736752006,0.5110638612209542,-0.005471954264677725,-0.0077108825701215356,1h_bearish_loose_engulf+oi_flush,long,2024-09-17 17:00:00,0.11095489162273303,1h_loose_engulf_v2p0_oi0,5.906602506714413,5.733612412072114
527555,247,527308,528850,49598.604560681444,False,True,False,2626.09,0.006869935150737305,527308,2644.1310679999997,0.5036544850498306,-4.741071061812699,-6.625359311541763,-0.003053008589715356,-0.01463217671182615,1h_bullish_loose_engulf+oi_flush,short,2024-09-30 04:00:00,0.13322259136211878,1h_loose_engulf_v2p0_oi0,3.00961705377912,4.161635102193887
529115,265,528850,529800,3812.8622120580403,False,True,False,2414.23,0.007512157174116574,528850,2396.22915,0.42599620493359186,5.052755282125568,13.624505791310582,-0.0005158697165822401,0.004998321667943895,1h_bearish_loose_engulf+oi_flush,long,2024-10-05 14:00:00,0.3007590132827274,1h_loose_engulf_v2p0_oi0,4.800569233829628,2.432427937915743
530879,83,530796,531435,5166.151034196257,False,True,False,2439.75,0.008284549388020146,530796,2419.7038439999997,0.3436763550667709,7.454625128266225,3.407645000936636,-0.02822503740346105,-0.029903194500494834,1h_bearish_loose_engulf+oi_flush,long,2024-10-11 17:00:00,0.1425765907305618,1h_loose_engulf_v2p0_oi0,2.9776425038605283,1.6026812844884168
534023,174,533849,535544,25782.971014758397,False,True,False,2641.79,0.0011056715333164213,533849,2644.710952,0.353475935828883,-8.793077573998666,-10.32118779520243,-0.0033678206477522066,-0.002629397145688661,1h_bullish_loose_engulf+oi_flush,short,2024-10-22 15:00:00,0.22005347593582883,1h_loose_engulf_v2p0_oi0,3.8199701722064825,3.081870445390265
536963,362,536601,538173,26850.177959806402,False,True,False,2512.93,0.038452318210216774,536601,2609.557984,0.7261904761904772,-0.17868468888735478,-16.601650287717977,0.005469386955203603,-0.008029117576727529,1h_bullish_loose_engulf+oi_flush,short,2024-11-01 20:00:00,0.23031135531136293,1h_loose_engulf_v2p0_oi0,2.0852388970361924,0.9108998940598934
539351,1178,538173,551988,223327.4877437217,True,True,False,3118.49,0.2545534542799317,538173,2485.7370479999995,0.43516308671440374,0.7867960215733518,8.683987627008534,-5.5317207608762686e-05,-0.010123330304230738,1h_bearish_loose_engulf+oi_flush,long,2024-11-10 03:00:00,0.3655529037390472,1h_loose_engulf_v2p0_oi0,2.1100942404058323,1.178575339374774
555539,671,554868,556884,-54210.935336000985,False,False,True,3632.63,0.05126001698389926,554868,3455.500962,0.33787972721638165,-5.532051686663856,7.411639345021584,-0.0028638403507935672,-0.0031232317882634586,1h_bearish_loose_engulf+oi_flush,long,2025-01-05 08:00:00,0.597644141351507,1h_loose_engulf_v2p0_oi0,4.391605548344723,1.690140447986317
563747,239,563508,566964,95432.27353813092,False,True,False,2975.63,0.048502631039477384,563508,3119.955884,0.8374614910659268,-18.834818985719096,-30.157214749202513,-0.0067838466631220395,-0.01635759596880093,1h_bullish_loose_engulf+oi_flush,short,2025-02-02 20:00:00,0.03314849044978498,1h_loose_engulf_v2p0_oi0,2.0330989620701203,5.583661732433802
567755,791,566964,568315,-10439.274139970425,False,False,False,2681.94,0.00424848851941495,566964,2670.594012,0.0,-2.8072113228606916,-1.7516869366702839,0.0012620377386651782,-0.004021970863729907,1h_bearish_loose_engulf+oi_flush,long,2025-02-16 18:00:00,0.4567404426559523,1h_loose_engulf_v2p0_oi0,2.8731846084743218,0.9322272537006735
570275,390,569885,571759,123009.06667361094,True,True,False,2430.0,0.12637961728395064,569885,2737.1024700000003,0.5680249967452113,-25.94560473207156,-41.03796717862584,-0.00637095448377345,-0.040927943547529155,1h_bullish_loose_engulf+oi_flush,short,2025-02-25 12:00:00,0.09634162218461263,1h_loose_engulf_v2p0_oi0,5.279086180559584,1.5638153512448132
571943,184,571759,573015,-37549.85289484623,False,False,False,2363.51,0.043956542637415774,571759,2263.9927079999998,0.11012599160054552,22.540471312067446,44.46540277527956,0.0033158899649408102,-0.0018519514294252915,1h_bearish_loose_engulf+oi_flush,long,2025-03-03 07:00:00,0.28604759682688546,1h_loose_engulf_v2p0_oi0,3.7032750042990727,1.4449166181138133
574115,1100,573015,575212,84737.91552441102,False,True,False,1877.18,0.1522535484077181,573015,2162.987316,0.5118091451292257,-14.985091518255913,-18.444604832196468,-0.013740647871321676,0.014751202425585586,1h_bullish_loose_engulf+oi_flush,short,2025-03-10 20:00:00,0.09789264413518843,1h_loose_engulf_v2p0_oi0,3.0574103557255903,2.920109633907529
575759,23,575736,576594,-37415.57817728678,False,False,False,1887.68,0.005800876207831873,575736,1898.630198,0.07012727726478538,-5.953211871587824,4.587224259687554,-0.013031513549354612,-0.0235224420587945,1h_bullish_loose_engulf+oi_flush,short,2025-03-16 13:00:00,0.0,1h_loose_engulf_v2p0_oi0,10.87388481363997,0.8693080475166556
578807,157,578650,580291,70873.5770020443,False,True,False,2029.44,0.00244552093188255,578650,2034.403038,0.11483516483517255,-6.554574832055246,-10.101064192882598,-0.013487230060151512,-0.019051608088379024,1h_bullish_loose_engulf+oi_flush,short,2025-03-27 03:00:00,0.29285714285713815,1h_loose_engulf_v2p0_oi0,2.7556281396646893,11.479542373284495
580715,424,580291,580765,-7419.7157631642185,False,False,False,1893.56,0.01790511416180318,580291,1860.251976,0.3784499054820406,-0.4349719252834152,10.324671284877828,-0.0010405195251027566,0.0032777133437040806,1h_bearish_loose_engulf+oi_flush,long,2025-04-02 18:00:00,0.4302457466918748,1h_loose_engulf_v2p0_oi0,49.936847370724685,12.03671471612737
580799,34,580765,582726,120301.05474534782,True,True,False,1818.45,0.014947235282795734,580765,1845.6308000000001,0.0871265009773806,-8.108455775452462,2.487161376568741,-0.0013459857260159636,-0.04405326406212606,1h_bullish_loose_engulf+oi_flush,short,2025-04-03 01:00:00,0.050404914828261954,1h_loose_engulf_v2p0_oi0,56.96218105557497,10.963731770393052
582791,65,582726,583835,-13458.047728204983,False,False,False,1667.63,0.04455421111144209,582726,1596.499236,0.0,28.227957531848624,12.76906661708884,2.7008988644050547e-05,-0.012517794007618543,1h_bearish_loose_engulf+oi_flush,long,2025-04-09 23:00:00,0.30427179615288147,1h_loose_engulf_v2p0_oi0,5.462976426415958,0.8649494130658225
584639,804,583835,585438,-14548.214225215022,False,False,False,1575.0,0.0005617523809524627,583835,1575.8847600000001,0.03473389355742933,-8.110092944794554,-8.362417749447939,-0.011495916479167811,0.019667063219172,1h_bullish_loose_engulf+oi_flush,short,2025-04-16 09:00:00,0.6151260504201644,1h_loose_engulf_v2p0_oi0,9.272974268818922,2.4855058803056886
587747,477,587270,587989,-10197.503697509062,False,False,False,1807.58,0.005445862308263605,587270,1797.7894860000001,0.11338289962825542,-0.22033814818936648,-2.9903590560715294,-0.025369264606369124,0.0015328715540614546,1h_bearish_loose_engulf+oi_flush,long,2025-04-27 04:00:00,0.6570631970260169,1h_loose_engulf_v2p0_oi0,4.400233986545773,1.8283300478738382
588023,34,587989,588975,-28136.77299991902,False,False,False,1773.7,0.003469559677510281,587989,1779.8539580000001,0.38715365239294963,-4.534869221180209,-5.65722439144891,-0.016417886981382024,0.0029351983548393523,1h_bullish_loose_engulf+oi_flush,short,2025-04-28 03:00:00,0.054408060453402504,1h_loose_engulf_v2p0_oi0,7.3117203783870455,3.4024894102313454
592043,1459,590584,599220,289292.0533968997,True,True,False,2511.94,0.3652605352766787,590584,1839.897906,0.33657513348589,-14.644971711719805,-7.31744870177954,-0.0025225180510604073,0.002342122302043226,1h_bearish_loose_engulf+oi_flush,long,2025-05-12 02:00:00,0.602784134248667,1h_loose_engulf_v2p0_oi0,4.67685463049118,2.9489502392274813
600671,893,599778,603796,-107642.76290987968,False,False,True,2796.47,0.10196705732162736,599778,2537.7074399999997,0.10978584982379347,11.501475772031434,29.115188821178776,-0.008169949858266468,-0.0173439871314236,1h_bearish_loose_engulf+oi_flush,long,2025-06-11 01:00:00,0.2764976958525306,1h_loose_engulf_v2p0_oi0,2.3823823353046993,2.5098484848484848
603827,31,603796,604284,460.46536167361774,False,True,False,2305.0,0.0024068537960955094,603796,2310.547798,0.7786021505376377,-11.972130621562634,-14.22337950998331,-0.040658444941510385,-0.04244644251012808,1h_bullish_loose_engulf+oi_flush,short,2025-06-22 00:00:00,0.06129032258064321,1h_loose_engulf_v2p0_oi0,22.397576359054053,6.769457680962107
605027,743,604284,605281,39158.32696935907,False,True,False,2485.89,0.0763423662864553,604284,2309.571822,0.11919014084506972,-0.1498316485482576,12.732100025337257,-0.01200233949113605,-0.01723090014921791,1h_bearish_loose_engulf+oi_flush,long,2025-06-26 04:00:00,0.5125000000000006,1h_loose_engulf_v2p0_oi0,4.78403767820774,6.969904561491791
608063,42,608021,631188,687933.1530731542,True,True,False,2549.15,0.005337153790411886,608021,2535.617022,0.7685118619697852,5.589728664386216,-1.4238513640048085,0.005175463656689416,-0.0007895480482336126,1h_bearish_loose_engulf+oi_flush,long,2025-07-06 17:00:00,0.09202012940332233,1h_loose_engulf_v2p0_oi0,5.336557187654729,2.191114823459614
633215,587,632628,636372,-32107.348223629175,False,False,False,4342.18,0.03145258715456656,632628,4209.771786,0.2519509476031315,13.620218241521975,22.180459049800646,-0.00855238974682404,-0.005421454604188192,1h_bearish_loose_engulf+oi_flush,long,2025-10-02 01:00:00,0.0004777830864746832,1h_loose_engulf_v2p0_oi0,2.105731618766543,2.490456191165822
643187,479,642708,649044,291923.0081585888,True,True,False,3397.01,0.06049418576925003,642708,3602.5093540000003,0.5981793039870907,17.100527620709258,-17.646166107365218,-0.052052480171232096,-0.0839485264009493,1h_bullish_loose_engulf+oi_flush,short,2025-11-05 16:00:00,0.12410693708227653,1h_loose_engulf_v2p0_oi0,8.177814462989131,4.157512046175086
649379,335,649044,650032,20773.49107296276,False,True,False,3030.4,0.025328361289281398,649044,2955.54099,0.0,7.178234322665425,15.308834861572151,-0.004999220805500193,0.008694286386271344,1h_bearish_loose_engulf+oi_flush,long,2025-11-27 04:00:00,0.7119372787051117,1h_loose_engulf_v2p0_oi0,2.33831977831347,2.117644009664479
650639,607,650032,650941,83506.40203613206,False,True,False,2843.75,0.05099327578021984,650032,2988.7621280000003,0.2313359528487285,-19.292195226862518,-24.907716810161357,-0.001452300378280591,0.01028978713052453,1h_bullish_loose_engulf+oi_flush,short,2025-12-01 13:00:00,0.2568762278978439,1h_loose_engulf_v2p0_oi0,3.5290093742082598,2.278744193496716
651443,502,650941,651829,143916.03504271363,True,True,False,3187.83,0.11463683342229225,650941,2859.97188,0.1197786998616866,8.528504079664529,32.716777930117686,-0.017318593551806316,-0.028489800134231524,1h_bearish_loose_engulf+oi_flush,long,2025-12-04 08:00:00,0.8060857538036007,1h_loose_engulf_v2p0_oi0,2.006341123039822,1.7177561016119918
651875,46,651829,652419,-10651.215894440655,False,False,False,3041.83,0.007570083140741035,651829,3064.856906,0.7510964912280708,-21.284582637274944,-12.302907750099266,-0.010637579136234865,-0.00555257228130368,1h_bullish_loose_engulf+oi_flush,short,2025-12-05 20:00:00,0.2057291666666646,1h_loose_engulf_v2p0_oi0,3.793992755825318,2.2760505461002736
652643,224,652419,653371,140704.73586541507,True,True,False,3141.68,0.02004721485330241,652419,3079.935864,0.054435483870963676,10.946993140260728,7.091173714324507,-0.004027678902946086,0.0003383440045741093,1h_bearish_loose_engulf+oi_flush,long,2025-12-08 12:00:00,0.3551747311827986,1h_loose_engulf_v2p0_oi0,2.9568996595233323,1.9396477719102
654203,832,653371,654541,108124.89278371586,True,True,False,3115.5,0.05358798844487245,653371,3282.453378,0.8651008732309541,4.706546106262717,-13.588272405295504,0.000487364242541366,-0.0008108029464987121,1h_bullish_loose_engulf+oi_flush,short,2025-12-13 22:00:00,0.0,1h_loose_engulf_v2p0_oi0,4.913383689900041,1.140633221143005
658667,1083,657584,661320,153802.9006437799,True,True,False,2979.05,0.004114389932801554,657584,2966.84325,0.30382775119617605,7.137171762223039,10.511759890217768,-0.018369598690558542,0.008668404805941776,1h_bearish_loose_engulf+oi_flush,long,2025-12-29 10:00:00,0.15917065390749677,1h_loose_engulf_v2p0_oi0,13.632241442767759,5.230799569738257
661883,563,661320,662399,50802.65100579942,False,True,False,3102.28,0.023674435576414687,661320,3175.724728,0.5175151798225129,1.106681450775298,-13.372297873325214,-0.0036271840982735615,-0.006320791805790704,1h_bullish_loose_engulf+oi_flush,short,2026-01-09 14:00:00,0.1929005137785933,1h_loose_engulf_v2p0_oi0,2.8788002726653037,1.3059801555376775
662459,60,662399,663918,138377.42174652172,True,True,False,3111.83,0.001515454192277721,662399,3107.1213,0.1877358490565848,4.061277898644722,1.5318834045715448,-0.005016049217148377,0.0008683251605199338,1h_bearish_loose_engulf+oi_flush,long,2026-01-11 14:00:00,0.53490566037737,1h_loose_engulf_v2p0_oi0,2.019530263490193,0.46868856040195156
667679,151,667528,670116,675483.4111797365,True,True,False,2837.45,0.036329019365979986,667528,2940.531776,0.1584626234132597,-18.77472285385863,-11.107940241032473,0.005133444877400306,-0.006050212025844659,1h_bullish_loose_engulf+oi_flush,short,2026-01-29 17:00:00,0.0401269393511992,1h_loose_engulf_v2p0_oi0,4.08089780070739,2.523833962386144
671519,854,670665,671977,62265.046605071984,False,True,False,1963.64,0.046723859770630094,670665,2055.38884,0.3498379015620423,-1.7421040745376928,-7.916687530642868,-0.011203358065627111,-0.014810498777488856,1h_bullish_loose_engulf+oi_flush,short,2026-02-12 01:00:00,0.036840554081933326,1h_loose_engulf_v2p0_oi0,2.862035825239584,1.1895199653217587
672239,262,671977,672526,19636.90608833218,False,True,False,2066.19,0.026830124580511816,671977,2012.20236,0.06129597197899447,9.482548936632178,19.36344164043599,0.009099558066721247,-0.00525118150676096,1h_bearish_loose_engulf+oi_flush,long,2026-02-14 13:00:00,0.2530647985989497,1h_loose_engulf_v2p0_oi0,2.04533998229646,0.5967109722206864
672815,289,672526,673329,5801.291542028077,False,True,False,2016.44,0.004778076213524773,672526,2026.074704,0.6580502215657306,-4.241101311250466,-10.332722904356626,0.0013418102125439813,-0.005529891589080127,1h_bullish_loose_engulf+oi_flush,short,2026-02-16 13:00:00,0.03323485967503198,1h_loose_engulf_v2p0_oi0,2.2650651600587044,1.1823621430043552
676307,344,675963,676425,-31531.253458942287,False,False,False,1895.46,0.03899636288816444,675963,1969.376046,0.49696816574027564,-6.893532606868028,-17.671568386508334,-0.02941882391174888,-0.029097747456106382,1h_bullish_loose_engulf+oi_flush,short,2026-02-28 16:00:00,0.46513390601313515,1h_loose_engulf_v2p0_oi0,2.2415198363855184,2.493727485127457
678311,353,677958,678745,107714.94338189252,True,True,False,1986.07,0.032974470184837346,677958,2051.559606,0.1460973982655139,-1.7520622209519345,-15.22034496720753,-0.0017120450561968203,0.005003232964923887,1h_bullish_loose_engulf+oi_flush,short,2026-03-07 15:00:00,0.0,1h_loose_engulf_v2p0_oi0,2.4438936067541315,0.401874698051091
679259,514,678745,680265,138375.05150027433,True,True,False,2027.08,0.0227259568170739,678745,1982.0363280000001,0.28246983676366283,-0.27390130807308566,10.601345798878251,-0.009354057755121659,-0.019553848638309557,1h_bearish_loose_engulf+oi_flush,long,2026-03-10 22:00:00,0.1863023420865858,1h_loose_engulf_v2p0_oi0,2.1434305102777316,1.7603605383489085
681551,114,681437,682873,206137.004997788,True,True,False,2192.46,0.045406304333944325,681437,2292.011506,0.15851489550911751,-22.259651126925792,-20.363763189572524,-0.006947621086972666,-0.0015167775943771833,1h_bullish_loose_engulf+oi_flush,short,2026-03-18 21:00:00,0.08359270787015922,1h_loose_engulf_v2p0_oi0,2.209832316609596,2.714100305535259
684047,382,683665,684789,175497.21646333812,True,True,False,1991.89,0.07444280557661309,683665,2140.17188,0.12432432432432639,-6.026060228891453,-13.775913249927836,-0.0249556375742519,-0.03770111628336792,1h_bullish_loose_engulf+oi_flush,short,2026-03-27 13:00:00,0.0,1h_loose_engulf_v2p0_oi0,2.584384898378073,5.266606227081445
684923,134,684789,685646,78668.204007864,False,True,False,2063.09,0.011785968413949854,684789,2039.05773,0.1265356265356321,9.399339436219828,11.339023351549976,-0.01466903757894622,-0.002553255518002562,1h_bearish_loose_engulf+oi_flush,long,2026-03-30 14:00:00,0.42014742014742784,1h_loose_engulf_v2p0_oi0,9.452767565359476,7.978226808305657
685847,201,685646,686759,-10664.777364131529,False,False,False,2057.49,0.011491521222460443,685646,2081.13369,0.0,-9.771515905258433,-6.537345689880457,-0.012233793584257247,-0.02448173793464392,1h_bullish_loose_engulf+oi_flush,short,2026-04-02 19:00:00,0.6242695084221349,1h_loose_engulf_v2p0_oi0,5.850803227447844,1.3753750887386877
686975,216,686759,687192,3790.1846076501533,False,True,False,2131.52,0.021465545026267074,686759,2086.727262,0.012710408794240605,8.362957906249687,12.613035463921953,-0.012855879312057672,0.004919893979086654,1h_bearish_loose_engulf+oi_flush,long,2026-04-06 17:00:00,0.13844039848848258,1h_loose_engulf_v2p0_oi0,2.4209999374256927,4.590322926407374
688487,75,688412,689818,51064.37563137896,False,True,False,2287.6,0.009700186513905251,688412,2265.623034,0.5602140945584257,5.242080910511916,3.7188198343958483,-0.00225020869144521,-0.016092165091227018,1h_bearish_loose_engulf+oi_flush,long,2026-04-11 23:00:00,0.09054415700268481,1h_loose_engulf_v2p0_oi0,5.891526575611413,1.8623065457021404
694835,824,694011,695708,72878.66758759832,False,True,False,2320.04,0.014443631139945845,694011,2287.00731,0.08243727598565807,0.8533705008139183,3.696209996799851,-0.00024417031345014273,4.910347090381073e-05,1h_bearish_loose_engulf+oi_flush,long,2026-05-04 00:00:00,0.4726062467997968,1h_loose_engulf_v2p0_oi0,2.0094925593070774,5.715791821259859
695939,231,695708,696325,21159.40111688059,False,True,False,2298.85,0.01607009939752513,695708,2335.7927480000003,0.6705959397511325,-5.934579015765706,-10.691729578598988,-0.008332072442635563,0.006444082353421532,1h_bullish_loose_engulf+oi_flush,short,2026-05-07 20:00:00,0.12508185985594705,1h_loose_engulf_v2p0_oi0,12.963269695490139,4.776589877236749
696791,466,696325,697026,-21440.91279254062,False,False,False,2353.17,0.013469912988105959,696325,2321.8942859999997,0.24963396778915745,3.645252910908539,4.268045653908618,-0.0031845947040686218,-0.01211385004373422,1h_bearish_loose_engulf+oi_flush,long,2026-05-10 19:00:00,0.05417276720351515,1h_loose_engulf_v2p0_oi0,7.047637632021854,12.77155673072383
701411,1166,700245,702222,88887.55997676263,False,True,False,2074.08,0.010294120766797699,700245,2095.43083,0.5413223140495962,-3.9352692231148465,-1.281173172503891,-0.01637472453375033,0.006285761396442213,1h_bullish_loose_engulf+oi_flush,short,2026-05-26 20:00:00,0.4421487603305528,1h_loose_engulf_v2p0_oi0,5.276972444841789,4.111921482358913
703103,320,702783,704704,687331.854913211,True,True,False,1982.58,0.01182233049864334,702783,2006.018716,0.5188732394366218,-3.8024703592036158,-2.9549033231012274,0.004558756857512503,-0.010705956855185161,1h_bullish_loose_engulf+oi_flush,short,2026-06-01 17:00:00,0.24563380281689579,1h_loose_engulf_v2p0_oi0,3.9644421849066203,4.636432532569861
704783,79,704704,705375,99040.20316329226,False,True,False,1615.41,0.0035211334539644312,704704,1609.741884,0.5850965961361599,16.485701558028346,12.361347884617288,0.004167355352939328,-0.004951987408774117,1h_bearish_loose_engulf+oi_flush,long,2026-06-07 13:00:00,0.31278748850046495,1h_loose_engulf_v2p0_oi0,2.6791603237408967,0.08182982459614864
113290,3443,109847,136783,37135.1622576107,False,True,False,395.0,0.08120521216897725,109847,365.333052,0.1281588447653388,2.3632413913845127,1.8126290449742055,0.13601601782434591,-0.051258517941109916,1h_bearish_loose_engulf+oi_flush,long,2020-10-21 23:00:00,0.05054151624549252,1h_loose_engulf_v2p0_oiN0p5,3.61189164748438,10.191240399672976
151444,455,150989,172818,71695.46912793306,False,True,False,1605.52,0.018126726927197856,150989,1576.9353239999998,0.07913802712242238,6.915002225938,13.785039894367316,-0.009402807337354768,-0.02175012962237044,1h_bearish_loose_engulf+oi_flush,long,2021-03-03 14:00:00,0.9000557310050137,1h_loose_engulf_v2p0_oiN0p5,4.223717790030381,2.212807687485675
189943,455,189488,192080,-3721.374003860561,False,False,False,1922.73,0.010210195919343912,189488,1942.36145,0.8096044002538607,-0.014651741880980396,4.044055586631288,-0.04529073794493621,-0.006037855616660481,1h_bullish_loose_engulf+oi_flush,short,2021-07-15 14:00:00,0.0,1h_loose_engulf_v2p0_oiN0p5,2.132880918087543,1.3669603216357626
192979,323,192656,209936,34274.426910554714,False,True,False,2295.79,0.05167874761206548,192656,2182.9765079999997,0.007191149354640897,4.321893517753303,-3.098281077144563,-0.04968191862288085,-0.06775193852691774,1h_bearish_loose_engulf+oi_flush,long,2021-07-26 03:00:00,0.19231714812538414,1h_loose_engulf_v2p0_oiN0p5,6.26971034832511,11.723181649779383
213571,1043,212528,231248,31590.289119135792,False,True,False,3425.06,0.03630768822630581,212528,3305.06088,0.23461538461539197,4.815607222637588,-10.977197671689368,-0.009279631249333398,-0.013110759866212573,1h_bearish_loose_engulf+oi_flush,long,2021-10-05 15:00:00,0.2754437869822454,1h_loose_engulf_v2p0_oiN0p5,2.4231201402736615,0.7847922874221007
240667,203,240464,246224,39124.28035168933,False,True,False,3203.79,0.06329645451168786,240464,3406.5785480000004,0.526869940965247,-10.803511944429601,-40.63622422766329,-0.029678057463631946,-0.015861964069060486,1h_bullish_loose_engulf+oi_flush,short,2022-01-07 17:00:00,0.35359990262309005,1h_loose_engulf_v2p0_oiN0p5,4.50666669995833,3.3553011110224817
248695,104,248591,249284,11417.843141022488,False,True,False,2770.81,0.006560551126458147,248591,2752.75044,0.08218884120171534,20.37573201182889,7.0457521167607915,-0.01849682954544174,0.028014276674103167,1h_bearish_loose_engulf+oi_flush,long,2022-02-04 14:00:00,0.22607296137338787,1h_loose_engulf_v2p0_oiN0p5,2.8779313826790314,1.1935495580044462
261841,42,261799,266378,9453.885492086352,False,True,False,2991.74,0.009334219109179198,261799,2964.072696,0.13926746166950507,9.984521855384946,-1.7483275702509218,-0.026692471639915283,-0.01734407696731899,1h_bearish_loose_engulf+oi_flush,long,2022-03-22 06:00:00,0.5748154457694457,1h_loose_engulf_v2p0_oiN0p5,3.5230440317688108,3.1414188114040087
274909,808,274101,277466,25933.17423582128,False,True,False,2697.24,0.024186721982471182,274101,2762.4773940000005,0.41075821963766485,-14.167199379495337,-20.012879141001008,-0.024285413928172184,-0.019130378531809433,1h_bullish_loose_engulf+oi_flush,short,2022-05-06 15:00:00,0.42059941847461524,1h_loose_engulf_v2p0_oiN0p5,2.8521514093013103,3.3715394362948454
277597,131,277466,278340,-5619.723724207841,False,False,False,2131.48,0.019906477866123984,277466,2089.877892,0.0825150227172747,14.560884428448155,25.253054385873497,0.01658412022382505,-0.012502887429591159,1h_bearish_loose_engulf+oi_flush,long,2022-05-15 23:00:00,0.07562655723289327,1h_loose_engulf_v2p0_oiN0p5,2.6094830774741387,3.302448887182748
278509,169,278340,278781,-3047.8929082214745,False,False,False,1948.02,0.02770480898553407,278340,2001.989522,0.0879494655004886,-14.383355000839114,-9.147911274337833,-0.010487361066287781,-0.011149511689165337,1h_bullish_loose_engulf+oi_flush,short,2022-05-19 03:00:00,0.8746355685131177,1h_loose_engulf_v2p0_oiN0p5,2.628636719067636,1.4301610574261636
281941,280,281661,282267,5789.827658736322,False,True,False,1992.82,0.08523828016147705,281661,1836.297186,0.2770795930580501,13.010401155616783,26.19927961056114,0.05149397140207723,-0.047199029819426364,1h_bearish_loose_engulf+oi_flush,long,2022-05-31 01:00:00,0.2896469180131622,1h_loose_engulf_v2p0_oiN0p5,5.1742165097878745,2.399250629444247
285265,1313,283952,286538,43704.53024715526,False,True,False,1568.02,0.13545990739914027,283952,1780.423844,0.5075560187597697,-12.578683350658103,-17.926941011391726,0.026828848211196243,-0.013621660523986057,1h_bullish_loose_engulf+oi_flush,short,2022-06-11 14:00:00,0.06253256904638052,1h_loose_engulf_v2p0_oiN0p5,2.6671994246052453,5.284161360372452
291349,1479,289870,291864,16756.747354300227,False,True,False,1062.1,0.1231629507579326,289870,1192.91137,0.44691780821918736,2.1389664999349662,3.1984557413984973,-0.01611254206436674,-0.03478188666665827,1h_bullish_loose_engulf+oi_flush,short,2022-07-02 17:00:00,0.4965753424657436,1h_loose_engulf_v2p0_oiN0p5,2.382300640898221,0.8868858874379598
295873,1410,294463,296666,87236.47471089859,False,True,False,1472.0,0.3383887549842457,294463,1099.829922,0.1823404898699723,7.421609375683595,11.311689020083847,-0.01765688844904645,-0.04424313980866179,1h_bearish_loose_engulf+oi_flush,long,2022-07-18 10:00:00,0.7411551254913831,1h_loose_engulf_v2p0_oiN0p5,3.289019657347593,3.7047755290798157
301093,584,300509,302229,4914.057706488122,False,True,False,1683.31,0.0012394655919996111,300509,1681.2261780000001,0.0026210299105742466,9.466663016047516,7.814666626179087,-0.021360652231918298,-0.01438408754776277,1h_bearish_loose_engulf+oi_flush,long,2022-08-05 13:00:00,0.0457909343200745,1h_loose_engulf_v2p0_oiN0p5,4.147538821588633,1.7065388141339473
303805,74,303731,304463,5268.834124774468,False,True,False,1937.41,0.01081766275594731,303731,1958.368248,0.0,-12.27214445870877,-8.161894606314931,-0.011954379829755113,-0.02865302641690959,1h_bullish_loose_engulf+oi_flush,short,2022-08-14 23:00:00,0.8504213483146071,1h_loose_engulf_v2p0_oiN0p5,3.568661299926322,1.0218116661287544
308161,142,308019,308891,1812.9776975369896,False,True,False,1527.12,0.011021697605293035,308019,1510.4720340000001,0.13473423980222432,12.143794851465163,12.118155236726494,-0.0057220131317395895,0.0019950559523462807,1h_bearish_loose_engulf+oi_flush,long,2022-08-30 02:00:00,0.1652245570663368,1h_loose_engulf_v2p0_oiN0p5,3.6196887903286803,2.895350011335808
310177,455,309722,310395,-2851.127027264738,False,False,False,1638.81,0.041046524219948255,309722,1574.194776,0.0,6.351659772960103,4.740481034349565,-0.05276578207371285,-0.03670873861702795,1h_bearish_loose_engulf+oi_flush,long,2022-09-06 02:00:00,0.62801024765158,1h_loose_engulf_v2p0_oiN0p5,3.179849980685649,5.7102988981784
314701,1470,313231,315107,12645.135390775773,False,True,False,1372.2,0.03701016324150985,313231,1422.985346,0.21488147497805038,1.9861152420429864,6.4172605873652415,-0.02012627453059579,-0.032685158785304314,1h_bullish_loose_engulf+oi_flush,short,2022-09-21 19:00:00,0.6736172080772628,1h_loose_engulf_v2p0_oiN0p5,29.27344034063126,13.59365452942772
317941,387,317554,318102,-1585.5335684196907,False,False,False,1283.21,0.019278495335915524,317554,1307.948358,0.0687551982256725,-2.4028814070662694,-4.563414642181215,-0.006257639925285163,-0.020410827081742022,1h_bullish_loose_engulf+oi_flush,short,2022-10-03 01:00:00,0.2387025228721954,1h_loose_engulf_v2p0_oiN0p5,3.645070662796767,5.345206577122574
321937,29,321908,322432,1821.3641402574722,False,True,False,1300.98,0.004734978664128642,321908,1294.848918,0.42012847965738687,2.5440260862228645,1.1110704125224995,-0.0538622851663495,-0.04696237982341134,1h_bearish_loose_engulf+oi_flush,long,2022-10-16 22:00:00,0.12633832976445641,1h_loose_engulf_v2p0_oiN0p5,7.413725971218029,5.525921791005489
324505,1508,322997,325224,33405.54589574665,False,True,False,1474.88,0.12668674871514196,322997,1309.0417559999999,0.05902319441825591,12.955512767550433,10.756350987147037,-0.09886515698613252,-0.09046878385592305,1h_bearish_loose_engulf+oi_flush,long,2022-10-25 20:00:00,0.8936451065434641,1h_loose_engulf_v2p0_oiN0p5,19.93403829287263,12.85076506393515
328489,745,327744,329053,46202.53407956901,False,True,False,1488.75,0.08706381998320745,327744,1618.366262,0.6982477903550933,-8.283758138362678,-14.975224123206253,-0.01023485737159302,-0.021605835354376213,1h_bullish_loose_engulf+oi_flush,short,2022-11-08 16:00:00,0.0,1h_loose_engulf_v2p0_oiN0p5,3.2718617332680395,3.9086179685122895
331753,23,331730,332258,-29656.570866496942,False,False,False,1219.5,0.001672786160468842,331730,1217.463444,0.0587889476778366,1.4841528398672161,2.929893608942635,-0.005979108983949932,-0.00033186963335551933,1h_bearish_loose_engulf+oi_flush,long,2022-11-20 00:00:00,0.8071722516166976,1h_loose_engulf_v2p0_oiN0p5,3.9625898240940565,5.577380259602165
335089,448,334641,335631,7269.439055136987,False,True,False,1274.29,0.03579254880969085,334641,1230.2560019999999,0.17061448678338512,-2.607155231312639,5.607059045752656,-0.009862144204331624,-0.003541248144493525,1h_bearish_loose_engulf+oi_flush,long,2022-12-01 14:00:00,0.4867833848266396,1h_loose_engulf_v2p0_oiN0p5,5.93347990463955,2.5361732631433593
335845,214,335631,336080,-4439.522216757934,False,False,False,1263.97,0.0019198794275181452,335631,1266.39667,0.0,-3.6959123087640973,-6.432041148105283,0.0047927544589905224,-0.007989682989901103,1h_bullish_loose_engulf+oi_flush,short,2022-12-04 05:00:00,0.477611940298511,1h_loose_engulf_v2p0_oiN0p5,2.3870541832350294,0.2533624270276017
340093,1119,338974,340449,17807.43321719661,False,True,False,1191.11,0.08663438977088611,338974,1294.301088,0.2521440823327694,3.534365502209365,0.28259825188813537,-0.0015674203271941467,-0.01606492641630819,1h_bullish_loose_engulf+oi_flush,short,2022-12-18 23:00:00,0.5128644939965774,1h_loose_engulf_v2p0_oiN0p5,3.412257183471326,0.6458330623173094
345541,63,345478,355572,49025.1805000442,False,True,False,1265.87,0.005511231309526687,345478,1258.931736,0.1662337662337732,1.199560450192278,0.16024471069905388,-0.008644470511817492,0.0188841224312144,1h_bearish_loose_engulf+oi_flush,long,2023-01-06 21:00:00,0.30822510822510474,1h_loose_engulf_v2p0_oiN0p5,7.474267351803831,6.222719348989915
360755,4696,356059,362196,2902.577303465514,False,True,False,1604.79,0.03661937742120336,356059,1548.099558,0.08061420345490784,-3.3671401232521787,-0.027598551696931484,-0.0012239816766850264,-0.01217010151118203,1h_bearish_loose_engulf+oi_flush,long,2023-03-01 00:00:00,0.8368522072936628,1h_loose_engulf_v2p0_oiN0p5,2.0841969980603245,1.3939745577419338
363371,311,363060,364212,-8797.535740603402,False,False,False,1429.97,0.07157036581187026,363060,1532.313476,0.7813565744600243,-11.79501533401848,-9.170702143145297,-0.010030448624451349,0.02268872463439231,1h_bullish_loose_engulf+oi_flush,short,2023-03-10 02:00:00,0.0299355816597181,1h_loose_engulf_v2p0_oiN0p5,6.438087286963676,3.922211290113962
368135,3922,364213,381204,46971.89962416631,False,True,False,1764.89,0.11924663667365487,364213,1576.855308,0.2795516304347827,6.0193241967675615,-0.639391759352141,-0.0018244867776722185,-0.017124133496807303,1h_bearish_loose_engulf+oi_flush,long,2023-03-26 15:00:00,0.32846467391304535,1h_loose_engulf_v2p0_oiN0p5,3.383129399521147,1.914615257562954
396707,3407,393300,405972,-9777.285888807732,False,False,False,1966.96,0.041189073663107534,393300,1889.1477539999998,0.27454780361757075,2.1570103972362986,3.9612199986198533,-0.0012802085235552596,-0.006266334229882431,1h_bearish_loose_engulf+oi_flush,long,2023-07-03 20:00:00,0.5187338501291966,1h_loose_engulf_v2p0_oiN0p5,2.2054837371798923,1.8677273945609174
410507,791,409716,415082,8149.520137668995,False,True,False,1674.8,0.00767399211846187,409716,1687.652402,0.4313880126182965,4.2280615547754135,5.13902650758294,-0.0050318708468976014,0.0024743433543168436,1h_bullish_loose_engulf+oi_flush,short,2023-08-20 18:00:00,0.35094637223974945,1h_loose_engulf_v2p0_oiN0p5,2.789289593743211,0.6196104634195045
417719,218,417501,417955,-1808.0503501347266,False,False,False,1631.08,0.004796052440990239,417501,1623.294594,0.47154471544715,2.916463162434697,5.890228741767334,-0.011064535745158754,-0.022984964726481483,1h_bearish_loose_engulf+oi_flush,long,2023-09-14 19:00:00,0.08581752484191793,1h_loose_engulf_v2p0_oiN0p5,3.7000245964903358,2.9702505814501285
422687,2204,420483,422900,10642.110482847143,False,True,False,1724.88,0.08153870317174072,420483,1594.838904,0.01270604395604411,1.746411710478382,1.4290376143004977,-0.06693960503639484,-0.06587154321991973,1h_bearish_loose_engulf+oi_flush,long,2023-10-02 01:00:00,0.01717032967032967,1h_loose_engulf_v2p0_oiN0p5,5.740343781597573,9.671467073480803
424043,1143,422900,424061,-54.019986028957646,False,False,False,1647.37,0.003313990178284376,422900,1652.8293680000002,0.5444915254237283,3.753952775598303,0.6372363736286673,0.0009018679558874254,-0.008283273405231939,1h_bullish_loose_engulf+oi_flush,short,2023-10-06 18:00:00,0.11440677966102464,1h_loose_engulf_v2p0_oiN0p5,7.544914195652357,4.920916937047896
424907,391,424516,426094,13005.089737643139,False,True,False,1583.43,0.026931863107305,424516,1626.07472,0.8591370558375616,-5.155707826703083,-4.138981555026959,-0.03422714015021311,-0.028978284344563177,1h_bullish_loose_engulf+oi_flush,short,2023-10-09 18:00:00,0.09454314720812246,1h_loose_engulf_v2p0_oiN0p5,3.2964077938867855,6.942638614522463
426899,805,426094,427152,3213.8175412995042,False,True,False,1579.59,0.015212132328132233,426094,1555.921122,0.3891591382904705,2.1022903947972598,4.848268301394462,-0.04169122612261733,-0.0416014863831925,1h_bearish_loose_engulf+oi_flush,long,2023-10-16 16:00:00,0.540653231410712,1h_loose_engulf_v2p0_oiN0p5,4.2173768009956,17.16540646530305
428807,919,427888,455796,131352.1926257087,True,True,False,1682.49,0.0665577608682224,427888,1577.495436,0.4831050228310449,5.062651740851981,5.389153348887984,-0.016159258754122385,-0.01831007481758007,1h_bearish_loose_engulf+oi_flush,long,2023-10-23 07:00:00,0.505936073059376,1h_loose_engulf_v2p0_oiN0p5,3.09807815951467,1.3335207444195507
459803,263,459540,476244,176532.66314368136,True,True,False,2427.7,0.020996322335667283,459540,2377.7754600000003,0.08624938393297206,4.832360656122901,7.475329714267115,-0.007610872610216757,-0.01399896429429004,1h_bearish_loose_engulf+oi_flush,long,2024-02-07 22:00:00,0.775751601774286,1h_loose_engulf_v2p0_oiN0p5,2.139036748285053,4.156596156951396
477839,1019,476820,479124,-40958.31834407768,False,False,True,3431.44,0.021443774649988034,476820,3359.401746,0.7594451003541893,-13.43919263521187,-15.219452142472562,-0.0010632810098100132,-0.011444077142536258,1h_bearish_loose_engulf+oi_flush,long,2024-04-10 13:00:00,0.04840613931522631,1h_loose_engulf_v2p0_oiN0p5,4.233060752976704,0.09209218056077244
511475,671,510804,514048,45422.7901226714,False,True,False,2354.87,0.2704487007775376,510804,2991.741532,0.5841380198274762,-52.45467124616438,-55.90733369284979,0.0030556898743812066,-0.025250790233664944,1h_bullish_loose_engulf+oi_flush,short,2024-08-05 08:00:00,0.09231363460795759,1h_loose_engulf_v2p0_oiN0p5,2.1998220343696118,5.69466729876255
516743,117,516626,517456,14924.732541245874,False,True,False,2660.09,0.0026344595551950345,516626,2653.100514,0.2470719464584522,4.873391306547221,5.129293743770184,-0.008577755923055985,-0.007753675812999017,1h_bearish_loose_engulf+oi_flush,long,2024-08-23 15:00:00,0.31818181818182567,1h_loose_engulf_v2p0_oiN0p5,8.886793146554892,1.0629331489620888
518207,751,517456,518370,33383.91070741514,False,True,False,2510.43,0.08884262775699803,517456,2733.4631980000004,0.22609368950832112,1.154168649166209,-23.779786889942898,-0.019584887455659783,-0.013619819599842153,1h_bullish_loose_engulf+oi_flush,short,2024-08-28 17:00:00,0.608594657375148,1h_loose_engulf_v2p0_oiN0p5,3.105003347467083,4.93499307184452
523967,32,523935,525467,43638.76789338497,False,True,False,2371.55,0.011266360514118112,523935,2345.1289319999996,0.0,11.417851736752006,0.5110638612209542,-0.005471954264677725,-0.0077108825701215356,1h_bearish_loose_engulf+oi_flush,long,2024-09-17 17:00:00,0.11095489162273303,1h_loose_engulf_v2p0_oiN0p5,5.906602506714413,5.733612412072114
527555,247,527308,528850,49598.604560681444,False,True,False,2626.09,0.006869935150737305,527308,2644.1310679999997,0.5036544850498306,-4.741071061812699,-6.625359311541763,-0.003053008589715356,-0.01463217671182615,1h_bullish_loose_engulf+oi_flush,short,2024-09-30 04:00:00,0.13322259136211878,1h_loose_engulf_v2p0_oiN0p5,3.00961705377912,4.161635102193887
529235,385,528850,529800,3812.8622120580403,False,True,False,2408.65,0.0051834984145819885,528850,2396.22915,0.0,0.7933355694842208,11.12307074689275,-0.014583035722513293,-0.013695327188021689,1h_bearish_loose_engulf+oi_flush,long,2024-10-06 00:00:00,0.8580715059588361,1h_loose_engulf_v2p0_oiN0p5,3.471476334761258,2.0379490825294484
530879,83,530796,531435,5166.151034196257,False,True,False,2439.75,0.008284549388020146,530796,2419.7038439999997,0.3436763550667709,7.454625128266225,3.407645000936636,-0.02822503740346105,-0.029903194500494834,1h_bearish_loose_engulf+oi_flush,long,2024-10-11 17:00:00,0.1425765907305618,1h_loose_engulf_v2p0_oiN0p5,2.9776425038605283,1.6026812844884168
534299,450,533849,535544,25782.971014758397,False,True,False,2579.99,0.02508573754161847,533849,2644.710952,0.6705969049373582,-4.682681364954675,-12.923746685468126,-0.006415408997898164,-0.01319328943218312,1h_bullish_loose_engulf+oi_flush,short,2024-10-23 14:00:00,0.23618275607959982,1h_loose_engulf_v2p0_oiN0p5,2.247710991073823,1.6869082727133713
536963,362,536601,538173,26850.177959806402,False,True,False,2512.93,0.038452318210216774,536601,2609.557984,0.7261904761904772,-0.17868468888735478,-16.601650287717977,0.005469386955203603,-0.008029117576727529,1h_bullish_loose_engulf+oi_flush,short,2024-11-01 20:00:00,0.23031135531136293,1h_loose_engulf_v2p0_oiN0p5,2.0852388970361924,0.9108998940598934
539351,1178,538173,551988,223327.4877437217,True,True,False,3118.49,0.2545534542799317,538173,2485.7370479999995,0.43516308671440374,0.7867960215733518,8.683987627008534,-5.5317207608762686e-05,-0.010123330304230738,1h_bearish_loose_engulf+oi_flush,long,2024-11-10 03:00:00,0.3655529037390472,1h_loose_engulf_v2p0_oiN0p5,2.1100942404058323,1.178575339374774
555983,1115,554868,556884,-54210.935336000985,False,False,True,3676.11,0.06384285243327326,554868,3455.500962,0.0,0.03258771138026262,-0.42712004248206625,-0.0023538927751546312,-0.00953449309607246,1h_bearish_loose_engulf+oi_flush,long,2025-01-06 21:00:00,0.1232876712328794,1h_loose_engulf_v2p0_oiN0p5,2.153914873342333,5.079285819878123
563747,239,563508,566964,95432.27353813092,False,True,False,2975.63,0.048502631039477384,563508,3119.955884,0.8374614910659268,-18.834818985719096,-30.157214749202513,-0.0067838466631220395,-0.01635759596880093,1h_bullish_loose_engulf+oi_flush,short,2025-02-02 20:00:00,0.03314849044978498,1h_loose_engulf_v2p0_oiN0p5,2.0330989620701203,5.583661732433802
570275,390,569885,571759,123009.06667361094,True,True,False,2430.0,0.12637961728395064,569885,2737.1024700000003,0.5680249967452113,-25.94560473207156,-41.03796717862584,-0.00637095448377345,-0.040927943547529155,1h_bullish_loose_engulf+oi_flush,short,2025-02-25 12:00:00,0.09634162218461263,1h_loose_engulf_v2p0_oiN0p5,5.279086180559584,1.5638153512448132
574115,1100,573015,575212,84737.91552441102,False,True,False,1877.18,0.1522535484077181,573015,2162.987316,0.5118091451292257,-14.985091518255913,-18.444604832196468,-0.013740647871321676,0.014751202425585586,1h_bullish_loose_engulf+oi_flush,short,2025-03-10 20:00:00,0.09789264413518843,1h_loose_engulf_v2p0_oiN0p5,3.0574103557255903,2.920109633907529
575759,23,575736,576594,-37415.57817728678,False,False,False,1887.68,0.005800876207831873,575736,1898.630198,0.07012727726478538,-5.953211871587824,4.587224259687554,-0.013031513549354612,-0.0235224420587945,1h_bullish_loose_engulf+oi_flush,short,2025-03-16 13:00:00,0.0,1h_loose_engulf_v2p0_oiN0p5,10.87388481363997,0.8693080475166556
578807,157,578650,580291,70873.5770020443,False,True,False,2029.44,0.00244552093188255,578650,2034.403038,0.11483516483517255,-6.554574832055246,-10.101064192882598,-0.013487230060151512,-0.019051608088379024,1h_bullish_loose_engulf+oi_flush,short,2025-03-27 03:00:00,0.29285714285713815,1h_loose_engulf_v2p0_oiN0p5,2.7556281396646893,11.479542373284495
580799,34,580765,582726,120301.05474534782,True,True,False,1818.45,0.014947235282795734,580765,1845.6308000000001,0.0871265009773806,-8.108455775452462,2.487161376568741,-0.0013459857260159636,-0.04405326406212606,1h_bullish_loose_engulf+oi_flush,short,2025-04-03 01:00:00,0.050404914828261954,1h_loose_engulf_v2p0_oiN0p5,56.96218105557497,10.963731770393052
582791,65,582726,583835,-13458.047728204983,False,False,False,1667.63,0.04455421111144209,582726,1596.499236,0.0,28.227957531848624,12.76906661708884,2.7008988644050547e-05,-0.012517794007618543,1h_bearish_loose_engulf+oi_flush,long,2025-04-09 23:00:00,0.30427179615288147,1h_loose_engulf_v2p0_oiN0p5,5.462976426415958,0.8649494130658225
584639,804,583835,585438,-14548.214225215022,False,False,False,1575.0,0.0005617523809524627,583835,1575.8847600000001,0.03473389355742933,-8.110092944794554,-8.362417749447939,-0.011495916479167811,0.019667063219172,1h_bullish_loose_engulf+oi_flush,short,2025-04-16 09:00:00,0.6151260504201644,1h_loose_engulf_v2p0_oiN0p5,9.272974268818922,2.4855058803056886
587747,477,587270,587989,-10197.503697509062,False,False,False,1807.58,0.005445862308263605,587270,1797.7894860000001,0.11338289962825542,-0.22033814818936648,-2.9903590560715294,-0.025369264606369124,0.0015328715540614546,1h_bearish_loose_engulf+oi_flush,long,2025-04-27 04:00:00,0.6570631970260169,1h_loose_engulf_v2p0_oiN0p5,4.400233986545773,1.8283300478738382
588023,34,587989,588975,-28136.77299991902,False,False,False,1773.7,0.003469559677510281,587989,1779.8539580000001,0.38715365239294963,-4.534869221180209,-5.65722439144891,-0.016417886981382024,0.0029351983548393523,1h_bullish_loose_engulf+oi_flush,short,2025-04-28 03:00:00,0.054408060453402504,1h_loose_engulf_v2p0_oiN0p5,7.3117203783870455,3.4024894102313454
592163,1579,590584,599220,289292.0533968997,True,True,False,2534.7,0.37763078686823603,590584,1839.897906,0.26294146105466504,-9.130021068249363,-12.677812346424332,-0.02145558369387457,-0.035645722966679005,1h_bearish_loose_engulf+oi_flush,long,2025-05-12 12:00:00,0.2914852443154364,1h_loose_engulf_v2p0_oiN0p5,2.6509562647418226,0.5740929037782297
600671,893,599778,603796,-107642.76290987968,False,False,True,2796.47,0.10196705732162736,599778,2537.7074399999997,0.10978584982379347,11.501475772031434,29.115188821178776,-0.008169949858266468,-0.0173439871314236,1h_bearish_loose_engulf+oi_flush,long,2025-06-11 01:00:00,0.2764976958525306,1h_loose_engulf_v2p0_oiN0p5,2.3823823353046993,2.5098484848484848
603827,31,603796,604284,460.46536167361774,False,True,False,2305.0,0.0024068537960955094,603796,2310.547798,0.7786021505376377,-11.972130621562634,-14.22337950998331,-0.040658444941510385,-0.04244644251012808,1h_bullish_loose_engulf+oi_flush,short,2025-06-22 00:00:00,0.06129032258064321,1h_loose_engulf_v2p0_oiN0p5,22.397576359054053,6.769457680962107
605027,743,604284,605281,39158.32696935907,False,True,False,2485.89,0.0763423662864553,604284,2309.571822,0.11919014084506972,-0.1498316485482576,12.732100025337257,-0.01200233949113605,-0.01723090014921791,1h_bearish_loose_engulf+oi_flush,long,2025-06-26 04:00:00,0.5125000000000006,1h_loose_engulf_v2p0_oiN0p5,4.78403767820774,6.969904561491791
608303,282,608021,631188,687933.1530731542,True,True,False,2549.35,0.005416030055346521,608021,2535.617022,0.48404993065187124,2.112184029607672,4.0121539792605585,-0.005230738446968752,0.009732195792213405,1h_bearish_loose_engulf+oi_flush,long,2025-07-07 13:00:00,0.15464632454923766,1h_loose_engulf_v2p0_oiN0p5,5.571608610172909,0.24750782585616043
633215,587,632628,636372,-32107.348223629175,False,False,False,4342.18,0.03145258715456656,632628,4209.771786,0.2519509476031315,13.620218241521975,22.180459049800646,-0.00855238974682404,-0.005421454604188192,1h_bearish_loose_engulf+oi_flush,long,2025-10-02 01:00:00,0.0004777830864746832,1h_loose_engulf_v2p0_oiN0p5,2.105731618766543,2.490456191165822
643187,479,642708,649044,291923.0081585888,True,True,False,3397.01,0.06049418576925003,642708,3602.5093540000003,0.5981793039870907,17.100527620709258,-17.646166107365218,-0.052052480171232096,-0.0839485264009493,1h_bullish_loose_engulf+oi_flush,short,2025-11-05 16:00:00,0.12410693708227653,1h_loose_engulf_v2p0_oiN0p5,8.177814462989131,4.157512046175086
651443,502,650941,651829,143916.03504271363,True,True,False,3187.83,0.11463683342229225,650941,2859.97188,0.1197786998616866,8.528504079664529,32.716777930117686,-0.017318593551806316,-0.028489800134231524,1h_bearish_loose_engulf+oi_flush,long,2025-12-04 08:00:00,0.8060857538036007,1h_loose_engulf_v2p0_oiN0p5,2.006341123039822,1.7177561016119918
651875,46,651829,652419,-10651.215894440655,False,False,False,3041.83,0.007570083140741035,651829,3064.856906,0.7510964912280708,-21.284582637274944,-12.302907750099266,-0.010637579136234865,-0.00555257228130368,1h_bullish_loose_engulf+oi_flush,short,2025-12-05 20:00:00,0.2057291666666646,1h_loose_engulf_v2p0_oiN0p5,3.793992755825318,2.2760505461002736
652727,308,652419,653371,140704.73586541507,True,True,False,3086.95,0.002277364305531382,652419,3079.935864,0.19278499278498756,4.259220057240642,5.635065182169509,-0.005152706010478125,0.00641833848797968,1h_bearish_loose_engulf+oi_flush,long,2025-12-08 19:00:00,0.1682539682539657,1h_loose_engulf_v2p0_oiN0p5,6.2900861205687955,0.8911708163360996
654383,1012,653371,654541,108124.89278371586,True,True,False,3094.55,0.06072074388844895,653371,3282.453378,0.5209225700164742,3.283501293640434,-6.619715670918048,-0.03852386771820393,-0.03933506945632448,1h_bullish_loose_engulf+oi_flush,short,2025-12-14 13:00:00,0.06144975288303178,1h_loose_engulf_v2p0_oiN0p5,6.465548815382855,10.919694243710426
658667,1083,657584,661320,153802.9006437799,True,True,False,2979.05,0.004114389932801554,657584,2966.84325,0.30382775119617605,7.137171762223039,10.511759890217768,-0.018369598690558542,0.008668404805941776,1h_bearish_loose_engulf+oi_flush,long,2025-12-29 10:00:00,0.15917065390749677,1h_loose_engulf_v2p0_oiN0p5,13.632241442767759,5.230799569738257
661883,563,661320,662399,50802.65100579942,False,True,False,3102.28,0.023674435576414687,661320,3175.724728,0.5175151798225129,1.106681450775298,-13.372297873325214,-0.0036271840982735615,-0.006320791805790704,1h_bullish_loose_engulf+oi_flush,short,2026-01-09 14:00:00,0.1929005137785933,1h_loose_engulf_v2p0_oiN0p5,2.8788002726653037,1.3059801555376775
662459,60,662399,663918,138377.42174652172,True,True,False,3111.83,0.001515454192277721,662399,3107.1213,0.1877358490565848,4.061277898644722,1.5318834045715448,-0.005016049217148377,0.0008683251605199338,1h_bearish_loose_engulf+oi_flush,long,2026-01-11 14:00:00,0.53490566037737,1h_loose_engulf_v2p0_oiN0p5,2.019530263490193,0.46868856040195156
667679,151,667528,670116,675483.4111797365,True,True,False,2837.45,0.036329019365979986,667528,2940.531776,0.1584626234132597,-18.77472285385863,-11.107940241032473,0.005133444877400306,-0.006050212025844659,1h_bullish_loose_engulf+oi_flush,short,2026-01-29 17:00:00,0.0401269393511992,1h_loose_engulf_v2p0_oiN0p5,4.08089780070739,2.523833962386144
671519,854,670665,671977,62265.046605071984,False,True,False,1963.64,0.046723859770630094,670665,2055.38884,0.3498379015620423,-1.7421040745376928,-7.916687530642868,-0.011203358065627111,-0.014810498777488856,1h_bullish_loose_engulf+oi_flush,short,2026-02-12 01:00:00,0.036840554081933326,1h_loose_engulf_v2p0_oiN0p5,2.862035825239584,1.1895199653217587
672239,262,671977,672526,19636.90608833218,False,True,False,2066.19,0.026830124580511816,671977,2012.20236,0.06129597197899447,9.482548936632178,19.36344164043599,0.009099558066721247,-0.00525118150676096,1h_bearish_loose_engulf+oi_flush,long,2026-02-14 13:00:00,0.2530647985989497,1h_loose_engulf_v2p0_oiN0p5,2.04533998229646,0.5967109722206864
672815,289,672526,673329,5801.291542028077,False,True,False,2016.44,0.004778076213524773,672526,2026.074704,0.6580502215657306,-4.241101311250466,-10.332722904356626,0.0013418102125439813,-0.005529891589080127,1h_bullish_loose_engulf+oi_flush,short,2026-02-16 13:00:00,0.03323485967503198,1h_loose_engulf_v2p0_oiN0p5,2.2650651600587044,1.1823621430043552
676307,344,675963,676425,-31531.253458942287,False,False,False,1895.46,0.03899636288816444,675963,1969.376046,0.49696816574027564,-6.893532606868028,-17.671568386508334,-0.02941882391174888,-0.029097747456106382,1h_bullish_loose_engulf+oi_flush,short,2026-02-28 16:00:00,0.46513390601313515,1h_loose_engulf_v2p0_oiN0p5,2.2415198363855184,2.493727485127457
679259,514,678745,680265,138375.05150027433,True,True,False,2027.08,0.0227259568170739,678745,1982.0363280000001,0.28246983676366283,-0.27390130807308566,10.601345798878251,-0.009354057755121659,-0.019553848638309557,1h_bearish_loose_engulf+oi_flush,long,2026-03-10 22:00:00,0.1863023420865858,1h_loose_engulf_v2p0_oiN0p5,2.1434305102777316,1.7603605383489085
681551,114,681437,682873,206137.004997788,True,True,False,2192.46,0.045406304333944325,681437,2292.011506,0.15851489550911751,-22.259651126925792,-20.363763189572524,-0.006947621086972666,-0.0015167775943771833,1h_bullish_loose_engulf+oi_flush,short,2026-03-18 21:00:00,0.08359270787015922,1h_loose_engulf_v2p0_oiN0p5,2.209832316609596,2.714100305535259
684047,382,683665,684789,175497.21646333812,True,True,False,1991.89,0.07444280557661309,683665,2140.17188,0.12432432432432639,-6.026060228891453,-13.775913249927836,-0.0249556375742519,-0.03770111628336792,1h_bullish_loose_engulf+oi_flush,short,2026-03-27 13:00:00,0.0,1h_loose_engulf_v2p0_oiN0p5,2.584384898378073,5.266606227081445
684923,134,684789,685646,78668.204007864,False,True,False,2063.09,0.011785968413949854,684789,2039.05773,0.1265356265356321,9.399339436219828,11.339023351549976,-0.01466903757894622,-0.002553255518002562,1h_bearish_loose_engulf+oi_flush,long,2026-03-30 14:00:00,0.42014742014742784,1h_loose_engulf_v2p0_oiN0p5,9.452767565359476,7.978226808305657
685847,201,685646,686759,-10664.777364131529,False,False,False,2057.49,0.011491521222460443,685646,2081.13369,0.0,-9.771515905258433,-6.537345689880457,-0.012233793584257247,-0.02448173793464392,1h_bullish_loose_engulf+oi_flush,short,2026-04-02 19:00:00,0.6242695084221349,1h_loose_engulf_v2p0_oiN0p5,5.850803227447844,1.3753750887386877
686975,216,686759,687192,3790.1846076501533,False,True,False,2131.52,0.021465545026267074,686759,2086.727262,0.012710408794240605,8.362957906249687,12.613035463921953,-0.012855879312057672,0.004919893979086654,1h_bearish_loose_engulf+oi_flush,long,2026-04-06 17:00:00,0.13844039848848258,1h_loose_engulf_v2p0_oiN0p5,2.4209999374256927,4.590322926407374
688487,75,688412,689818,51064.37563137896,False,True,False,2287.6,0.009700186513905251,688412,2265.623034,0.5602140945584257,5.242080910511916,3.7188198343958483,-0.00225020869144521,-0.016092165091227018,1h_bearish_loose_engulf+oi_flush,long,2026-04-11 23:00:00,0.09054415700268481,1h_loose_engulf_v2p0_oiN0p5,5.891526575611413,1.8623065457021404
695291,1280,694011,695708,72878.66758759832,False,True,False,2386.09,0.04332416847412701,694011,2287.00731,0.04367934224048856,0.7137287807610271,4.231710071065773,0.002131914004660951,-0.010077290550161044,1h_bearish_loose_engulf+oi_flush,long,2026-05-05 14:00:00,0.6634121274408957,1h_loose_engulf_v2p0_oiN0p5,2.543575894560719,1.1233876376706882
695939,231,695708,696325,21159.40111688059,False,True,False,2298.85,0.01607009939752513,695708,2335.7927480000003,0.6705959397511325,-5.934579015765706,-10.691729578598988,-0.008332072442635563,0.006444082353421532,1h_bullish_loose_engulf+oi_flush,short,2026-05-07 20:00:00,0.12508185985594705,1h_loose_engulf_v2p0_oiN0p5,12.963269695490139,4.776589877236749
696791,466,696325,697026,-21440.91279254062,False,False,False,2353.17,0.013469912988105959,696325,2321.8942859999997,0.24963396778915745,3.645252910908539,4.268045653908618,-0.0031845947040686218,-0.01211385004373422,1h_bearish_loose_engulf+oi_flush,long,2026-05-10 19:00:00,0.05417276720351515,1h_loose_engulf_v2p0_oiN0p5,7.047637632021854,12.77155673072383
701411,1166,700245,702222,88887.55997676263,False,True,False,2074.08,0.010294120766797699,700245,2095.43083,0.5413223140495962,-3.9352692231148465,-1.281173172503891,-0.01637472453375033,0.006285761396442213,1h_bullish_loose_engulf+oi_flush,short,2026-05-26 20:00:00,0.4421487603305528,1h_loose_engulf_v2p0_oiN0p5,5.276972444841789,4.111921482358913
703103,320,702783,704704,687331.854913211,True,True,False,1982.58,0.01182233049864334,702783,2006.018716,0.5188732394366218,-3.8024703592036158,-2.9549033231012274,0.004558756857512503,-0.010705956855185161,1h_bullish_loose_engulf+oi_flush,short,2026-06-01 17:00:00,0.24563380281689579,1h_loose_engulf_v2p0_oiN0p5,3.9644421849066203,4.636432532569861
705119,415,704704,705375,99040.20316329226,False,True,False,1677.63,0.04217329292029537,704704,1609.741884,0.0,7.305921601476864,23.225008035045825,-0.010137985456017407,-0.008911393428497894,1h_bearish_loose_engulf+oi_flush,long,2026-06-08 17:00:00,0.4631364562118183,1h_loose_engulf_v2p0_oiN0p5,2.3050429677433812,3.0985654630906025
2366,384,1982,2899,-52.4497206046708,False,False,False,175.37,0.013028270241491224,1982,173.114616,0.3014128728414466,-0.3488570256064829,1.5378636935024184,nan,nan,1h_bearish_loose_engulf+macd_bear_cross_2h,long,2019-10-01 18:00:00,0.20251177394034398,1h_loose_engulf_v2p0_macd2h,4.337886852371299,2.131218341191575
19046,3359,15687,30375,2119.0179211623945,False,True,False,153.7,0.18577450878334423,15687,182.253542,0.119047619047616,0.07437567530629541,1.2601714794694128,nan,nan,1h_bullish_loose_engulf+macd_bull_cross_2h,short,2019-11-28 16:00:00,0.18518518518518964,1h_loose_engulf_v2p0_macd2h,5.905972853287252,1.7541306067951514
50990,2183,48807,55344,3600.431091184704,False,True,False,116.6,0.7240976500857634,48807,201.029786,0.27895595432300313,0.16987692897988338,1.8117616285189726,nan,nan,1h_bullish_loose_engulf+macd_bull_cross_2h,short,2020-03-18 14:00:00,0.0,1h_loose_engulf_v2p0_macd2h,3.721724660033658,1.2835198608376155
84170,23178,60992,95701,15339.936809933251,False,True,False,237.06,0.3540482031564438,60992,175.075008,0.06491712707182297,-0.06469941636032295,-0.31898928627807543,nan,nan,1h_bearish_loose_engulf+macd_bear_cross_2h,long,2020-07-12 14:00:00,0.5207182320441996,1h_loose_engulf_v2p0_macd2h,41.46274041359872,15.656655573112976
132454,22607,109847,136783,37135.1622576107,False,True,False,634.64,0.7371546224073917,109847,365.333052,0.3591293833131797,-0.2095917021422391,3.092832349353536,-0.02360886553727759,-0.1074579487086692,1h_bearish_loose_engulf+macd_bear_cross_2h,long,2020-12-27 12:00:00,0.13099556630391,1h_loose_engulf_v2p0_macd2h,2.564774128651122,0.4049933079653338
163588,12599,150989,172818,71695.46912793306,False,True,False,2319.15,0.47066906594325264,150989,1576.9353239999998,0.09826746074716036,-0.1588297440424995,16.823288588415828,-0.025655817298523287,-0.01231674215824119,1h_bearish_loose_engulf+macd_bear_cross_2h,long,2021-04-14 18:00:00,0.4618299945858127,1h_loose_engulf_v2p0_macd2h,2.442719592637185,2.8106333131456767
193735,1079,192656,209936,34274.426910554714,False,True,False,2275.95,0.04259023936321715,192656,2182.9765079999997,0.3181879466091396,-1.4494935213800524,-4.940380601879788,0.01765003740702653,0.09825019700287241,1h_bearish_loose_engulf+macd_bear_cross_2h,long,2021-07-28 18:00:00,0.500606714304976,1h_loose_engulf_v2p0_macd2h,2.6621532036914117,1.3424969461010325
243247,2783,240464,246224,39124.28035168933,False,True,False,3355.67,0.015170904171149191,240464,3406.5785480000004,0.6015015015015043,0.4252488253475182,1.6118178218481845,0.0010158956929167129,-0.012592288261484064,1h_bullish_loose_engulf+macd_bull_cross_2h,short,2022-01-16 16:00:00,0.2039039039039017,1h_loose_engulf_v2p0_macd2h,2.2087909357229574,2.3054067193061147
263977,2178,261799,266378,9453.885492086352,False,True,False,3394.32,0.14515409982373795,261799,2964.072696,0.09090909090909091,-2.6337169280889654,9.42275573623057,0.045692194176874645,0.06693113159253694,1h_bearish_loose_engulf+macd_bear_cross_2h,long,2022-03-29 16:00:00,0.22429090909091015,1h_loose_engulf_v2p0_macd2h,2.2201738869153487,1.123857614487389
278641,301,278340,278781,-3047.8929082214745,False,False,False,1970.15,0.016160963378422988,278340,2001.989522,0.3181052631578926,0.38808828246316907,-6.5664576537805885,-0.009972168813016213,0.012594315651396348,1h_bullish_loose_engulf+macd_bull_cross_2h,short,2022-05-19 14:00:00,0.42610526315789493,1h_loose_engulf_v2p0_macd2h,2.4087285359530353,1.8982054232104888
378275,14062,364213,381204,46971.89962416631,False,True,False,1887.81,0.19719925501243263,364213,1576.855308,0.0942249240121587,-0.2154468164776815,-0.5418388851086817,-0.0016767428859674194,-0.001119411166542017,1h_bearish_loose_engulf+macd_bear_cross_2h,long,2023-04-30 20:00:00,0.14311043566362364,1h_loose_engulf_v2p0_macd2h,7.633129977559349,4.26257431646888
400499,7199,393300,405972,-9777.285888807732,False,False,False,1918.2,0.01537849325892382,393300,1889.1477539999998,0.03722854188211119,-0.6185936660402915,-4.83971532296003,0.0005921857907622563,-0.0018130514211411874,1h_bearish_loose_engulf+macd_bear_cross_2h,long,2023-07-17 00:00:00,0.29834539813857325,1h_loose_engulf_v2p0_macd2h,3.1254493265040098,1.8431807442167916
454955,27067,427888,455796,131352.1926257087,True,True,False,2442.9,0.5485940207816868,427888,1577.495436,0.03606965174128917,-1.2651418533050132,0.4019351426357822,-0.00749932010118437,-0.01132125446787069,1h_bearish_loose_engulf+macd_bear_cross_2h,long,2024-01-22 02:00:00,0.3826699834162546,1h_loose_engulf_v2p0_macd2h,23.467870745791867,6.228741742009625
465827,6287,459540,476244,176532.66314368136,True,True,False,3289.59,0.38347377847023445,459540,2377.7754600000003,0.6777023671577553,-1.696631996420038,5.7389748235899845,-0.06392380779349305,-0.07692326257679594,1h_bearish_loose_engulf+macd_bear_cross_2h,long,2024-02-28 20:00:00,0.12795894719417328,1h_loose_engulf_v2p0_macd2h,2.2701016458480785,3.9056169571793418
507107,1487,505620,508788,-35698.0686171815,False,False,False,3510.19,0.006374088074741824,505620,3487.957452,0.030882352941182026,-0.11723567674472335,-0.3114393566948195,0.001572324009979864,0.000514987533680511,1h_bearish_loose_engulf+macd_bear_cross_2h,long,2024-07-21 04:00:00,0.5632352941176402,1h_loose_engulf_v2p0_macd2h,2.2951062659877115,0.7756439222774515
521939,499,521440,522161,-592.6942429088522,False,False,False,2327.57,0.004981313060794079,521440,2316.0331140000003,0.2733606557377069,-0.9942412480536476,10.491813181987686,0.004467152773413918,0.001435280245900783,1h_bearish_loose_engulf+macd_bear_cross_2h,long,2024-09-10 16:00:00,0.5553278688524644,1h_loose_engulf_v2p0_macd2h,2.2221669052212336,1.89090654785238
539555,1382,538173,551988,223327.4877437217,True,True,False,3177.81,0.27841760356624845,538173,2485.7370479999995,0.2461744666592194,-1.8453748835711679,6.52566814542763,-0.00942851938944489,-0.007928459760189854,1h_bearish_loose_engulf+macd_bear_cross_2h,long,2024-11-10 20:00:00,0.3068245280911448,1h_loose_engulf_v2p0_macd2h,4.221130641736786,4.902665555258098
587747,477,587270,587989,-10197.503697509062,False,False,False,1807.58,0.005445862308263605,587270,1797.7894860000001,0.11338289962825542,-0.22033814818936648,-2.9903590560715294,-0.025369264606369124,0.0015328715540614546,1h_bearish_loose_engulf+macd_bear_cross_2h,long,2025-04-27 04:00:00,0.6570631970260169,1h_loose_engulf_v2p0_macd2h,4.400233986545773,1.8283300478738382
594827,4243,590584,599220,289292.0533968997,True,True,False,2494.59,0.3558306642259965,590584,1839.897906,0.07574441197377882,-1.5028231225234254,9.015053791500348,0.03224361273075793,0.013730658075412627,1h_bearish_loose_engulf+macd_bear_cross_2h,long,2025-05-21 18:00:00,0.42239949451070186,1h_loose_engulf_v2p0_macd2h,91.67495049420074,41.54896795491681
618011,9990,608021,631188,687933.1530731542,True,True,False,4225.02,0.6662689843703062,608021,2535.617022,0.20550718768982543,-5.074554586615335,24.217585571556796,-0.014453897539021265,-0.004930627782332664,1h_bearish_loose_engulf+macd_bear_cross_2h,long,2025-08-10 06:00:00,0.6936626847539986,1h_loose_engulf_v2p0_macd2h,2.684188152968298,2.2526059674346754
668747,1219,667528,670116,675483.4111797365,True,True,False,2294.99,0.2812830452420272,667528,2940.531776,0.10505604579060257,3.570850129224965,-24.464997850720096,0.02286550881737681,-0.00014636135063650357,1h_bullish_loose_engulf+macd_bull_cross_2h,short,2026-02-02 10:00:00,0.2786787502981196,1h_loose_engulf_v2p0_macd2h,2.2528533088021865,1.3664645748292024
679259,514,678745,680265,138375.05150027433,True,True,False,2027.08,0.0227259568170739,678745,1982.0363280000001,0.28246983676366283,-0.27390130807308566,10.601345798878251,-0.009354057755121659,-0.019553848638309557,1h_bearish_loose_engulf+macd_bear_cross_2h,long,2026-03-10 22:00:00,0.1863023420865858,1h_loose_engulf_v2p0_macd2h,2.1434305102777316,1.7603605383489085
686699,1053,685646,686759,-10664.777364131529,False,False,False,2061.13,0.009705205397039451,685646,2081.13369,0.5,0.5574602771370349,-1.21418074409315,-0.01648066627601208,-0.012981533793845812,1h_bullish_loose_engulf+macd_bull_cross_2h,short,2026-04-05 18:00:00,0.11257763975153771,1h_loose_engulf_v2p0_macd2h,2.4089960074722536,3.6969224859142904
9158,779,8379,9191,405.93351207319574,False,True,False,162.54,0.05392969115294699,8379,171.305732,0.1632653061224553,0.564250516732258,0.1100733503265805,nan,nan,1h_bullish_loose_engulf+macd_bull_cross_4h,short,2019-10-25 08:00:00,0.0,1h_loose_engulf_v2p0_macd4h,2.145745780187425,0.8797097488117842
76346,15354,60992,95701,15339.936809933251,False,True,False,230.79,0.3182349818884487,60992,175.075008,0.09014084507042032,-0.44220533502036496,-0.20540070863838,nan,nan,1h_bearish_loose_engulf+macd_bear_cross_4h,long,2020-06-15 00:00:00,0.4507042253521176,1h_loose_engulf_v2p0_macd4h,3.9157792950302546,10.80282890030273
112870,3023,109847,136783,37135.1622576107,False,True,False,368.44,0.008504426257058162,109847,365.333052,0.22425828970331568,-1.1107959983295908,-0.1977180306286208,nan,nan,1h_bearish_loose_engulf+macd_bear_cross_4h,long,2020-10-20 12:00:00,0.1378708551483409,1h_loose_engulf_v2p0_macd4h,15.206588264716355,8.443140076609355
154732,3743,150989,172818,71695.46912793306,False,True,False,1853.19,0.17518453153757885,150989,1576.9353239999998,0.23178935229675093,-7.142958528317806,-1.776467122788759,-0.011887361463389978,-0.009695440750445039,1h_bearish_loose_engulf+macd_bear_cross_4h,long,2021-03-15 00:00:00,0.45877378435518223,1h_loose_engulf_v2p0_macd4h,4.322412344626744,1.8408861192923582
359507,3448,356059,362196,2902.577303465514,False,True,False,1575.89,0.01795132739130989,356059,1548.099558,0.0119987849331742,-4.610389267791495,-4.348299035172708,0.010378263272518229,0.011534787232026611,1h_bearish_loose_engulf+macd_bear_cross_4h,long,2023-02-24 16:00:00,0.12029161603888298,1h_loose_engulf_v2p0_macd4h,5.126590158367528,3.4765207546828822
378275,14062,364213,381204,46971.89962416631,False,True,False,1887.81,0.19719925501243263,364213,1576.855308,0.0942249240121587,-0.2154468164776815,-0.5418388851086817,-0.0016767428859674194,-0.001119411166542017,1h_bearish_loose_engulf+macd_bear_cross_4h,long,2023-04-30 20:00:00,0.14311043566362364,1h_loose_engulf_v2p0_macd4h,7.633129977559349,4.26257431646888
448211,20323,427888,455796,131352.1926257087,True,True,False,2327.95,0.475725347201575,427888,1577.495436,0.16949152542372792,-5.53438406009753,-1.3922226917483655,0.016960716232840456,0.026961170206869722,1h_bearish_loose_engulf+macd_bear_cross_4h,long,2023-12-29 16:00:00,0.339425202652912,1h_loose_engulf_v2p0_macd4h,6.6814591325660695,1.6941438255440513
507107,1487,505620,508788,-35698.0686171815,False,False,False,3510.19,0.006374088074741824,505620,3487.957452,0.030882352941182026,-0.11723567674472335,-0.3114393566948195,0.001572324009979864,0.000514987533680511,1h_bearish_loose_engulf+macd_bear_cross_4h,long,2024-07-21 04:00:00,0.5632352941176402,1h_loose_engulf_v2p0_macd4h,2.2951062659877115,0.7756439222774515
566627,3119,563508,566964,95432.27353813092,False,True,False,2677.49,0.16525398190095952,563508,3119.955884,0.7316211878009597,4.84348559683564,3.3163098104105195,0.005107825672359123,0.020599552221117534,1h_bullish_loose_engulf+macd_bull_cross_4h,short,2025-02-12 20:00:00,0.05072231139648081,1h_loose_engulf_v2p0_macd4h,2.2655829364257607,0.5365122425456114
591923,1339,590584,599220,289292.0533968997,True,True,False,2455.16,0.33440012730793334,590584,1839.897906,0.21088107847857301,-18.53260935979941,-0.47421367014933935,0.009048207147539067,0.019056845482253504,1h_bearish_loose_engulf+macd_bear_cross_4h,long,2025-05-11 16:00:00,0.3689616433959204,1h_loose_engulf_v2p0_macd4h,2.7456901618148337,1.1207806017934292
608387,366,608021,631188,687933.1530731542,True,True,False,2538.11,0.0009831839660210395,608021,2535.617022,0.4220611082340697,-3.8822964655456307,-0.18068830060991914,0.0037572175315445655,-0.009869076675275812,1h_bearish_loose_engulf+macd_bear_cross_4h,long,2025-07-07 20:00:00,0.5214914552045554,1h_loose_engulf_v2p0_macd4h,3.2999356706336447,3.104986101145073
