bars_after_mfe_to_exit,bars_held,decision_bar,direction,entry_bar,entry_time,entry_type,exit_bar,exit_time,giveback_ratio,immediate_adverse_24,life_mae,life_mfe,mae_12,mae_24,mae_72,mae_atr_12,mae_atr_24,mae_atr_72,main_class,mfe_12,mfe_24,mfe_72,mfe_atr_12,mfe_atr_24,mfe_atr_72,pnl,profit_giveback_to_loss_6,realized_return
710,917,1981,long,1982,2019-09-30 10:00:00,fresh_entry,2899,2019-10-03 14:25:00,1.0727818337438342,False,0.008864739647402198,0.07206430218462878,0.008864739647402198,0.008864739647402198,0.008864739647402198,2.3818943233968595,2.3818943233968595,2.3818943233968595,profit_giveback_to_loss,0.009620123583325757,0.009620123583325757,0.03174419426260355,2.5848607703007764,2.5848607703007764,8.529445773070208,-52.4497206046708,True,-0.00524497206046708
209,1128,2898,short,2899,2019-10-03 14:25:00,reversal,4027,2019-10-07 12:25:00,1.8801829080109698,False,0.03868490023232418,0.02499216110414937,0.005540322271406772,0.0076880444860372155,0.011228883812860246,2.208671347869578,3.0648692883971025,4.476438866023509,clean_loss,0.013266758743194274,0.013266758743194274,0.013266758743194274,5.288845752965775,5.288845752965775,5.288845752965775,-218.8229585764857,False,-0.021997673038128846
17,1077,4026,long,4027,2019-10-07 12:25:00,reversal,5104,2019-10-11 06:10:00,0.5296751080598481,False,0.0016198884860872953,0.11560940666493758,0.00019996000799837876,0.0016198884860872953,0.0016198884860872953,0.11992309654615511,0.9715044785986744,0.9715044785986744,normal_winner,0.012068222042690202,0.012068222042690202,0.032969569240159924,7.2377400443878175,7.2377400443878175,19.773017988201424,528.8814636934749,False,0.05437398169695184
548,990,5103,short,5104,2019-10-11 06:10:00,reversal,6094,2019-10-14 16:40:00,0.952573249332934,False,0.009192417218302218,0.04153105183620842,0.009192417218302218,0.009192417218302218,0.009192417218302218,1.267909419818986,1.267909419818986,1.267909419818986,normal_winner,0.000984584534672761,0.0018999762267392084,0.014176994214455174,0.13580367127312046,0.2620635789374781,1.9554317523184483,20.200317302334952,False,0.0019696828403768523
429,517,6093,long,6094,2019-10-14 16:40:00,reversal,6611,2019-10-16 11:45:00,3.886722831667497,False,0.049297042539579006,0.01598589137603912,0.0037608473124866038,0.0037608473124866038,0.0037608473124866038,0.959571368377851,0.959571368377851,0.959571368377851,clean_loss,0.01145385298850865,0.01145385298850865,0.01145385298850865,2.922423717892199,2.922423717892199,2.922423717892199,-474.10192523146,False,-0.04614683761976866
683,1224,6610,short,6611,2019-10-16 11:45:00,reversal,7835,2019-10-20 17:45:00,0.8407801184487385,False,0.011338502861680366,0.04650234738864123,0.0008219846343491266,0.0008219846343491266,0.0008219846343491266,0.3914113586967,0.3914113586967,0.3914113586967,normal_winner,0.023377315372627994,0.023377315372627994,0.025865093878018164,11.131773503195653,11.131773503195653,12.316399984324773,72.55769383132247,False,0.0074040982430750735
337,544,7834,long,7835,2019-10-20 17:45:00,reversal,8379,2019-10-22 15:05:00,2.841398271211459,False,0.024864580411173898,0.013357036887973406,0.004927820270039018,0.005611366332020751,0.008288588408116082,2.1248122249833066,2.4195484266399636,3.5739318831286284,clean_loss,0.0003126995384881148,0.0013380186314604359,0.004755748941369431,0.13483198771795374,0.5769362902028194,2.050617298486248,-242.7653158399753,False,-0.024595624634021918
513,812,8378,short,8379,2019-10-22 15:05:00,reversal,9191,2019-10-25 10:45:00,0.5957104604886926,False,0.012750700017440275,0.1042915014659288,0.012750700017440275,0.012750700017440275,0.012750700017440275,8.06851757582706,8.06851757582706,8.06851757582706,normal_winner,0.0,0.0,0.0002085861318406046,0.0,0.0,0.13199125291378005,405.93351207319574,False,0.042163963102603196
1254,1437,9190,long,9191,2019-10-25 10:45:00,reversal,10628,2019-10-30 10:30:00,0.44075290596736955,False,0.00019996000799826774,0.20049138602636063,0.00019996000799826774,0.00019996000799826774,0.00019996000799826774,0.08850503248104905,0.08850503248104905,0.08850503248104905,normal_winner,0.015828531946765256,0.020460339507837544,0.09907917837340796,7.005924575117628,9.056025906590982,43.85379850659983,1124.774948054297,False,0.11212422501381651
420,702,10627,short,10628,2019-10-30 10:30:00,reversal,11330,2019-11-01 21:00:00,1.3554863081515427,False,0.01449722005302534,0.02609362444261687,0.008362031681214521,0.010224499579799762,0.010224499579799762,1.9149861508673736,2.3415093175085904,2.3415093175085904,clean_loss,0.00253888337227115,0.00253888337227115,0.014097140037022227,0.5814288538859672,0.5814288538859672,3.2283814468656256,-103.48484822953833,False,-0.009275926219398723
218,451,11329,long,11330,2019-11-01 21:00:00,reversal,11781,2019-11-03 10:35:00,3.5463651914314105,False,0.017622239625686542,0.006747241833322759,0.007635636978787441,0.009372437439117753,0.01018656265489759,3.7373488408824924,4.587445460888445,4.9859282515162375,clean_loss,0.0,0.0,0.0,0.0,0.0,0.0,-189.85912797185483,False,-0.017180941742542928
537,624,11780,short,11781,2019-11-03 10:35:00,reversal,12405,2019-11-05 14:35:00,4.671576800659963,False,0.05269687968169268,0.011447523789210545,0.0039537572507051255,0.0039537572507051255,0.0039537572507051255,4.266910837216686,4.266910837216686,4.266910837216686,clean_loss,0.0,0.0008487927509890358,0.004547308269535089,0.0,0.9160205743790092,4.907473500550379,-456.48052923888827,False,-0.04203046276946847
269,466,12404,long,12405,2019-11-05 14:35:00,reversal,12871,2019-11-07 05:25:00,1.149019653930101,False,0.006609953376250921,0.02845959711782542,0.00019996000799837876,0.00019996000799837876,0.00019996000799837876,0.08836862324700219,0.08836862324700219,0.08836862324700219,clean_loss,0.010236144897338484,0.015904486140339014,0.015904486140339014,4.523674713705565,7.028693175908363,7.028693175908363,-44.11552014380868,False,-0.004241039313488448
481,866,12870,short,12871,2019-11-07 05:25:00,reversal,13737,2019-11-10 05:35:00,0.8631902954491341,False,0.010516863049343073,0.033622122127530685,0.008815119042523634,0.010516863049343073,0.010516863049343073,6.592783018622658,7.865508768108418,7.865508768108418,normal_winner,0.0002785754939164109,0.0002785754939164109,0.015115656053371618,0.20834520519087016,0.20834520519087016,11.304922833518503,47.644783237674346,False,0.004599832594640605
370,499,13736,long,13737,2019-11-10 05:35:00,reversal,14236,2019-11-11 23:10:00,1.639262237247086,False,0.015960407362793694,0.022131792515067472,0.0012684649134082626,0.00185614261138356,0.0024438203093590793,0.6543308710988796,0.9574812822587312,1.2606316934186974,clean_loss,0.008722055952173902,0.008722055952173902,0.008722055952173902,4.4992261186196885,4.4992261186196885,4.4992261186196885,-147.18908353427287,False,-0.014148019197470343
9,11,14235,short,14236,2019-11-11 23:10:00,reversal,14247,2019-11-12 00:05:00,0.7626273007120404,False,0.0012292753178020366,0.001966771170525239,0.0012292753178020366,0.00664630326411908,0.009300646957814518,1.2125946400804786,6.556116109798974,9.174441629961123,normal_winner,0.001966771170525239,0.001966771170525239,0.001966771170525239,1.9400830270536507,1.9400830270536507,1.9400830270536507,4.788244033688898,False,0.0004668577816293158
5604,14688,15686,short,15687,2019-11-17 00:05:00,fresh_entry,30375,2020-01-07 00:05:00,0.4284450753596484,False,0.019513793592006,0.3613841535107175,0.004809003931457223,0.004809003931457223,0.004809003931457223,8.956337620324184,8.956337620324184,8.956337620324184,normal_winner,0.0,0.0,0.007262092058545555,0.0,0.0,13.524993789410384,2119.0179211623945,False,0.2065508926260354
221,864,30662,short,30663,2020-01-08 00:05:00,reentry,31527,2020-01-11 00:05:00,1.0171168756186928,True,0.028956226330542734,0.055919781241316135,0.028956226330542734,0.028956226330542734,0.028956226330542734,13.292822452743339,13.292822452743339,13.292822452743339,immediate_adverse,0.0,0.0,0.0,0.0,0.0,0.0,-11.845984554431197,False,-0.0009571719401321181
5931,6537,48806,short,48807,2020-03-11 00:05:00,fresh_entry,55344,2020-04-02 16:50:00,0.5714915588411446,False,0.24359680709205955,0.6796992063653692,0.002438514260767244,0.008258547317958165,0.008258547317958165,0.7924962438572473,2.6839571268859177,2.6839571268859177,normal_winner,0.0007450935653884327,0.0007450935653884327,0.011738489340082259,0.2421490254917557,0.2421490254917557,3.8149084712125334,3600.431091184704,False,0.29125684737653557
37,46,57446,long,57447,2020-04-10 00:05:00,fresh_entry,57493,2020-04-10 03:55:00,9.762570200738827,False,0.03636294017792174,0.0038181488997708346,0.0020908347881251066,0.0037453502207359657,0.054562609936641415,2.416446673914223,4.328624688542243,63.059806566403424,clean_loss,0.0038181488997708346,0.0038181488997708346,0.0038181488997708346,4.412760521185866,4.412760521185866,4.412760521185866,-533.9592270444609,False,-0.033456797771115654
561,700,57492,short,57493,2020-04-10 03:55:00,reversal,58193,2020-04-12 14:15:00,0.7121271125696963,False,0.00527223425989054,0.0695273532619397,0.00527223425989054,0.00527223425989054,0.00527223425989054,1.3963359532266584,1.3963359532266584,1.3963359532266584,normal_winner,0.022227614093723536,0.022227614093723536,0.04581637290371254,5.886919128316225,5.886919128316225,12.1343334871508,308.74608281948167,False,0.020015039938901334
936,970,58192,long,58193,2020-04-12 14:15:00,reversal,59163,2020-04-15 23:05:00,2.5569283638998335,False,0.06810878827166023,0.028173333710978632,0.00019996000799826774,0.00019996000799826774,0.00019996000799826774,0.2200598657664885,0.2200598657664885,0.2200598657664885,clean_loss,0.00703367091815843,0.013269559647604012,0.028173333710978632,7.740691219161219,14.603407671685273,31.005299993217406,-690.0384291273622,False,-0.043863862360237975
726,742,59162,short,59163,2020-04-15 23:05:00,reversal,59905,2020-04-18 12:55:00,6.551140808782513,False,0.17244150172753892,0.030636527514080414,0.0002000400080015563,0.0002000400080015563,0.0024166220286163664,0.08591572131534293,0.08591572131534293,1.0379214978511055,clean_loss,0.019879585355214502,0.030636527514080414,0.030636527514080414,8.538136607302544,13.15816464049077,13.15816464049077,-2558.0434859063516,False,-0.17006767812280008
1215,34709,60991,long,60992,2020-04-22 07:30:00,fresh_entry,95701,2020-08-21 21:15:00,0.2057183899192441,False,0.0036841808969101386,1.5474795351715764,0.0017421561391559592,0.002770286893261198,0.002770286893261198,1.1961175148741177,1.902004418422159,1.902004418422159,normal_winner,0.004769338636843035,0.0051691672634393004,0.02390399433824375,3.2744995409295594,3.549011114531427,16.41183913473872,15339.936809933251,False,1.2291345367630995
1775,3744,101494,long,101495,2020-09-11 00:05:00,fresh_entry,105239,2020-09-24 00:05:00,3.2424439756675616,True,0.1535357417474984,0.06382265472287552,0.005247274069833718,0.015125974319201263,0.03974175198975649,2.676234356796263,7.714606024828274,20.269237066481832,profit_giveback_to_loss,0.0034708138551544643,0.0034708138551544643,0.0034708138551544643,1.7701974704559729,1.7701974704559729,1.7701974704559729,-3981.593289927441,True,-0.14311872759442304
345,26936,109846,long,109847,2020-10-10 00:05:00,fresh_entry,136783,2021-01-11 16:15:00,0.42098522993865206,False,0.9260948335985763,2.6903860535454647,0.0009116393881603013,0.0009116393881603013,0.0009116393881603013,0.46120164843743966,0.46120164843743966,0.46120164843743966,normal_winner,0.0060682929941964225,0.008394937121648516,0.035028169310013624,3.069971272053721,4.247028912217367,17.72087695785621,37135.1622576107,False,1.5577732621698845
1208,21829,150988,long,150989,2021-03-02 00:05:00,fresh_entry,172818,2021-05-16 19:10:00,0.33732816650389885,False,0.08550466334787987,1.7743940625937813,0.016973000472909505,0.022788077261689743,0.022788077261689743,4.852552323747612,6.515073009421595,6.515073009421595,normal_winner,0.017422829954946373,0.017422829954946373,0.017422829954946373,4.981157817032797,4.981157817032797,4.981157817032797,71695.46912793306,False,1.1758409668036167
864,864,175756,long,175757,2021-05-27 00:05:00,fresh_entry,176621,2021-05-30 00:05:00,,True,0.2316375084086868,0.0,0.031846056708327186,0.07105280884349863,0.08246170207451853,5.0026230359118955,11.161520609670541,12.953717132288537,immediate_adverse,0.0,0.0,0.0,0.0,0.0,0.0,-28440.157623351362,False,-0.2143688735869039
864,864,178060,long,178061,2021-06-04 00:05:00,fresh_entry,178925,2021-06-07 00:05:00,,True,0.10473120673744107,0.0,0.018193245220584964,0.05552307047304106,0.07460291521869167,4.192516583365723,12.794935202336802,17.191762955401714,immediate_adverse,0.0,0.0,0.0,0.0,0.0,0.0,-5171.469001386897,False,-0.04961636810863708
478,576,184303,short,184304,2021-06-26 00:05:00,fresh_entry,184880,2021-06-28 00:05:00,3.097960549482142,False,0.1044087890231975,0.0478613476141746,0.01966955738769549,0.01966955738769549,0.02643650322333624,3.185082147730151,3.185082147730151,4.280850494263415,clean_loss,0.005331009905159334,0.005331009905159334,0.005331009905159334,0.8632479187822215,0.8632479187822215,0.8632479187822215,-9946.49670065318,False,-0.10041121913958957
746,2592,189487,short,189488,2021-07-14 00:05:00,fresh_entry,192080,2021-07-23 00:05:00,1.3629117947670097,False,0.053434210198107124,0.11509775896757024,0.0017033647367743487,0.0017033647367743487,0.0017033647367743487,0.641900257350968,0.641900257350968,0.641900257350968,profit_giveback_to_loss,0.024501850569573547,0.029712003396690112,0.04034339231763484,9.233339076848424,11.196746190052647,15.203105566304483,-3721.374003860561,True,-0.041770334280581606
5587,17280,192655,long,192656,2021-07-25 00:05:00,fresh_entry,209936,2021-09-23 00:05:00,0.5249549677351467,False,0.03486822131207268,0.8453199039190029,0.01977873231423688,0.021061384688066398,0.021061384688066398,5.980727901488939,6.3685785846468,6.3685785846468,normal_winner,0.005333768804808514,0.005333768804808514,0.005333768804808514,1.612834402336689,1.612834402336689,1.612834402336689,34274.426910554714,False,0.4015650210313254
7318,18720,212527,long,212528,2021-10-02 00:05:00,fresh_entry,231248,2021-12-06 00:05:00,0.4409365508859538,False,0.014323754302522973,0.4723510932724484,0.009201307057315034,0.009201307057315034,0.014323754302522973,3.474981859271805,3.474981859271805,5.409534324622159,normal_winner,0.0020027225640695256,0.01136412349535898,0.01136412349535898,0.7563517374157379,4.29179493162358,4.29179493162358,31590.289119135792,False,0.26407423139768554
864,1440,231535,long,231536,2021-12-07 00:05:00,reentry,232976,2021-12-12 00:05:00,3.101315305238087,False,0.11950380717093245,0.030347023570577836,0.0068912258989983766,0.008370009438395831,0.010937214402753304,1.7787898341064252,2.1604991504570092,2.8231560071028428,clean_loss,0.00042002687963704766,0.007366176268887026,0.007366176268887026,0.10841895977585328,1.901385857229947,1.901385857229947,-9642.895940220042,False,-0.06376866509727618
695,5760,240463,short,240464,2022-01-07 00:05:00,fresh_entry,246224,2022-01-27 00:05:00,0.2447639755405247,False,0.0013184642410892788,0.3659151052694295,0.000564041595673137,0.000564041595673137,0.000564041595673137,0.2725175293295546,0.2725175293295546,0.2725175293295546,normal_winner,0.012217110926279529,0.012217110926279529,0.07765226730359842,5.902715173340128,5.902715173340128,37.51780754247419,39124.28035168933,False,0.27635226939335433
78,251,246223,long,246224,2022-01-27 00:05:00,reversal,246475,2022-01-27 21:00:00,3.3248588101731995,False,0.05392866011671105,0.022378669271359453,0.0008530608549219831,0.03418554321002143,0.045130053054740604,0.20216369246905255,8.10150366708637,10.69520200608081,clean_loss,0.011839812126592575,0.011839812126592575,0.011839812126592575,2.805872668803594,2.805872668803594,2.805872668803594,-9399.757836988516,False,-0.05202724641547228
484,487,246474,short,246475,2022-01-27 21:00:00,reversal,246962,2022-01-29 13:35:00,12.433935997931968,False,0.11367219152483332,0.009492658097288609,0.014721977372282646,0.027130855220229178,0.04627671431964653,2.4438173331868223,4.503665001972353,7.681837413376767,clean_loss,0.009492658097288609,0.009492658097288609,0.009492658097288609,1.5757613131403176,1.5757613131403176,1.5757613131403176,-18589.395825067797,False,-0.10853844513464861
282,693,248590,long,248591,2022-02-04 05:20:00,fresh_entry,249284,2022-02-06 15:05:00,0.3295214840818515,False,0.0028046276508812973,0.11156098843453455,0.0028046276508812973,0.0028046276508812973,0.0028046276508812973,0.7272169103269557,0.7272169103269557,0.7272169103269557,normal_winner,0.01793462977341309,0.02057199198921955,0.04191428264743102,4.650302170265275,5.334148527334868,10.86802917166475,11417.843141022488,False,0.07479924595994845
466,466,249283,short,249284,2022-02-06 15:05:00,reversal,249750,2022-02-08 05:55:00,,True,0.07951181545679731,0.0,0.011893247881410884,0.015258297012273658,0.01681581473248217,2.6591936666989735,3.4115800144944624,3.7598230931427628,immediate_adverse,0.0,0.0,0.0,0.0,0.0,0.0,-13035.561191439338,False,-0.07945395627486547
144,787,249749,long,249750,2022-02-08 05:55:00,reversal,250537,2022-02-10 23:30:00,2.3745647468007944,False,0.05301045495625123,0.027177115752824887,0.00816237920721341,0.009573955881287954,0.037667774565310896,3.032177580765565,3.556553015427792,13.99290312968191,clean_loss,0.01134617380721581,0.01134617380721581,0.01134617380721581,4.2149002113630605,4.2149002113630605,4.2149002113630605,-5640.711929682526,False,-0.03735670523355762
201,599,251579,long,251580,2022-02-14 14:25:00,fresh_entry,252179,2022-02-16 16:20:00,0.6202355907865266,False,0.034055057712029324,0.08014929164013918,0.01030782557325649,0.014042092189642363,0.034055057712029324,3.5102820281124196,4.78196914568345,11.597291417408156,normal_winner,0.0017465898300454974,0.0017465898300454974,0.0017465898300454974,0.5947930382911686,0.5947930382911686,0.5947930382911686,4424.30129698629,False,0.03043784838859584
290,1887,252178,short,252179,2022-02-16 16:20:00,reversal,254066,2022-02-23 06:05:00,0.3016389855564751,False,0.04475201525434458,0.18042723976558217,0.012247759583447593,0.012247759583447593,0.04475201525434458,4.947915523449442,4.947915523449442,18.079158843211736,normal_winner,0.0002687556108523781,0.0002687556108523781,0.0002687556108523781,0.10857333130116051,0.10857333130116051,0.10857333130116051,18872.726227091713,False,0.12600335019593706
515,1314,254065,long,254066,2022-02-23 06:05:00,reversal,255380,2022-02-27 19:35:00,1.0800264422310595,False,0.13696222893572774,0.07852433445060614,0.004067157815641931,0.004067157815641931,0.004067157815641931,1.3708117633401862,1.3708117633401862,1.3708117633401862,profit_giveback_to_loss,0.0020918516898387196,0.012545663804196083,0.027114234400595016,0.7050463821604552,4.228442637647886,9.138694182790735,-1059.6266151731543,True,-0.006284023114643825
484,504,255379,short,255380,2022-02-27 19:35:00,reversal,255884,2022-03-01 13:35:00,4.769135887842288,False,0.13415745751711783,0.0345995335966679,0.003448704528615343,0.003448704528615343,0.009383837270688922,0.7038613747080885,0.7038613747080885,1.9151888909532013,clean_loss,0.023936669560367663,0.0345995335966679,0.0345995335966679,4.885340858544979,7.0615719843611,7.0615719843611,-21851.909666429943,False,-0.13041034378180594
497,572,258055,long,258056,2022-03-09 02:35:00,fresh_entry,258628,2022-03-11 02:15:00,1.680264257711887,False,0.038147288154742554,0.05544092714850901,0.005996518842025678,0.005996518842025678,0.005996518842025678,1.8191641366168974,1.8191641366168974,1.8191641366168974,clean_loss,0.020175362132055286,0.03700665452627172,0.04689423161996298,6.120600335092957,11.226710113633729,14.226304731900893,-5494.143050322426,False,-0.03771448115353928
502,1327,258627,short,258628,2022-03-11 02:15:00,reversal,259955,2022-03-15 16:50:00,2.760701314879308,False,0.056128190483865525,0.016139629183514748,0.005641335302640771,0.008190339479824837,0.03302931981322166,1.5397947372907994,2.2355419330873305,9.01530756395318,clean_loss,0.004452089906704426,0.004452089906704426,0.004452089906704426,1.2151918367766439,1.2151918367766439,1.2151918367766439,-3983.593514871289,False,-0.028417066325078868
391,462,261336,short,261337,2022-03-20 12:00:00,fresh_entry,261799,2022-03-22 02:30:00,2.1553008431487783,False,0.027379690227719022,0.023421030306610136,0.0042991636961613455,0.0042991636961613455,0.0042991636961613455,1.983349267352193,1.983349267352193,1.983349267352193,clean_loss,0.005995423351617957,0.005995423351617957,0.023421030306610136,2.7658910784241604,2.7658910784241604,10.804911508888354,-3684.5744068966887,False,-0.02705833606063978
881,4579,261798,long,261799,2022-03-22 02:30:00,reversal,266378,2022-04-07 00:05:00,0.6565433992415375,False,0.014730642760186985,0.207804385105405,0.0037322620376109006,0.0037322620376109006,0.0037322620376109006,0.8692686742314357,0.8692686742314357,0.8692686742314357,normal_winner,0.021840660010586932,0.02978918301131972,0.02978918301131972,5.086835109759708,6.938099029955385,6.938099029955385,9453.885492086352,False,0.07137178773100487
278,288,266377,short,266378,2022-04-07 00:05:00,reversal,266666,2022-04-08 00:05:00,2.575111174425244,False,0.028624024553457472,0.010347996781790547,0.009032564995216319,0.009032564995216319,0.013716384375464186,2.424053040131046,2.424053040131046,3.681041128689233,clean_loss,0.010347996781790547,0.010347996781790547,0.010347996781790547,2.7770730763022784,2.7770730763022784,2.7770730763022784,-2313.084327748016,False,-0.016299245363914756
1048,1120,266697,long,266698,2022-04-08 02:45:00,fresh_entry,267818,2022-04-12 00:05:00,8.04643328061882,False,0.09848077763325536,0.012537825615374976,0.004747422821717251,0.00569786699850916,0.008381114545851331,2.2059197494208727,2.647549589239721,3.894337368535555,clean_loss,0.0015756286309602796,0.0015756286309602796,0.008980536156256491,0.7321257122682426,0.7321257122682426,4.17286237426574,-12330.77108191885,False,-0.08834695168277334
430,459,267817,short,267818,2022-04-12 00:05:00,reversal,268277,2022-04-13 14:20:00,4.385924520294058,False,0.038370267944089376,0.011146144856505003,0.004020078621568501,0.004020078621568501,0.012256618018188892,1.4237348710148552,1.4237348710148552,4.340754526436608,clean_loss,0.008874227154752057,0.008874227154752057,0.011146144856505003,3.1428605862931764,3.1428605862931764,3.9474738191556624,-4802.0890557596285,False,-0.03774000517638978
364,464,269537,short,269538,2022-04-17 23:25:00,fresh_entry,270002,2022-04-19 14:05:00,1.810190030431536,False,0.03675333681493398,0.043197871584246705,0.0010730437366814893,0.0010730437366814893,0.0010730437366814893,0.3419239971929119,0.3419239971929119,0.3419239971929119,clean_loss,0.01180293140989419,0.01180293140989419,0.0369905827149255,3.7609888099674986,3.7609888099674986,11.787001282443203,-4284.297832795855,False,-0.034998484893418426
85,645,270001,long,270002,2022-04-19 14:05:00,reversal,270647,2022-04-21 19:50:00,2.5078687413005305,False,0.031040010000181306,0.019931382941349884,0.004135145255544925,0.004135145255544925,0.011617449397783086,1.3634629992125338,1.3634629992125338,3.830569767255684,clean_loss,0.0024363254634631737,0.004373450067797435,0.004373450067797435,0.8033187271999751,1.4420381819355332,1.4420381819355332,-3549.517802027156,False,-0.030053909308152115
997,1066,271786,long,271787,2022-04-25 18:50:00,fresh_entry,272853,2022-04-29 11:40:00,3.0400328700750334,False,0.06885483233433864,0.0223181650280575,0.006116394593768226,0.006116394593768226,0.006116394593768226,2.226245428408317,2.226245428408317,2.226245428408317,clean_loss,0.01474593646265232,0.018283008561426284,0.0223181650280575,5.367226253032559,6.654649827350194,8.123366159992091,-5215.688354639569,False,-0.04552979025699638
291,717,272852,short,272853,2022-04-29 11:40:00,reversal,273570,2022-05-01 23:25:00,0.9871541821514124,False,0.01731531026763533,0.042679774238024826,0.011217819009569752,0.015507210258740578,0.01731531026763533,3.5606879005803997,4.922198859952154,5.496114325981568,normal_winner,0.0017525670191477216,0.0017525670191477216,0.010141023200763932,0.5562885418914325,0.5562885418914325,3.218898306316156,59.94627962015511,False,0.0005482566056805063
257,531,273569,long,273570,2022-05-01 23:25:00,reversal,274101,2022-05-03 19:40:00,2.5694937580501085,False,0.026514663488358292,0.01669547611829536,0.0047667706495242435,0.0047667706495242435,0.0047667706495242435,1.3029353187433235,1.3029353187433235,1.3029353187433235,clean_loss,0.004723026598619562,0.0048676128814786335,0.010636958217028036,1.2909784462400693,1.33049924310528,2.9074754302152312,-2866.07785322587,False,-0.02620344555533923
922,3365,274100,short,274101,2022-05-03 19:40:00,reversal,277466,2022-05-15 12:05:00,0.34091004097643385,False,0.07398887912854324,0.3694138443328019,0.005785606077614691,0.012359415528306661,0.013669833491495087,2.114104405673409,4.516224310714573,4.995060987820733,normal_winner,0.002706771109237338,0.002706771109237338,0.002706771109237338,0.9890747227553046,0.9890747227553046,0.9890747227553046,25933.17423582128,False,0.24347695552404444
755,874,277465,long,277466,2022-05-15 12:05:00,reversal,278340,2022-05-18 12:55:00,2.1834346283563177,True,0.05264800035503703,0.03585956303326454,0.006382139382907104,0.013837120393826341,0.019550372850204778,1.8136223831995972,3.9321158250605315,5.555659579606081,immediate_adverse,0.004297910435046681,0.004297910435046681,0.004297910435046681,1.2213438313277964,1.2213438313277964,1.2213438313277964,-5619.723724207841,False,-0.042437448651291364
282,441,278339,short,278340,2022-05-18 12:55:00,reversal,278781,2022-05-20 01:40:00,1.4875931610612327,False,0.02522514600853132,0.04929572353675893,0.0012639816403594573,0.0012639816403594573,0.0012639816403594573,0.3728339830945963,0.3728339830945963,0.3728339830945963,clean_loss,0.0102195949455125,0.01781204227501454,0.0327971356885054,3.014452241620585,5.2539803240768785,9.674101539451142,-3047.8929082214745,False,-0.024036257666088894
600,1799,279861,short,279862,2022-05-23 19:45:00,fresh_entry,281661,2022-05-30 01:40:00,0.46344561003880247,False,0.01610687459083371,0.14315754157526728,0.005634707575650655,0.008052908408249237,0.008052908408249237,1.0835601986952965,1.5485827645474528,1.5485827645474528,normal_winner,0.005878140463124848,0.005878140463124848,0.01607882547215367,1.1303725992287967,1.1303725992287967,3.091975065162457,9503.979987315004,False,0.07681180738826231
336,606,281660,long,281661,2022-05-30 01:40:00,reversal,282267,2022-06-01 04:10:00,0.5547230805254934,False,0.00077176287738423,0.09761100510666476,0.00077176287738423,0.00077176287738423,0.00077176287738423,0.38038031886240237,0.38038031886240237,0.38038031886240237,normal_winner,0.023712291415557418,0.025879696577610467,0.044171942656345164,11.687124677697335,12.755378011467496,21.77111406205563,5789.827658736322,False,0.04346392766070602
398,1079,282266,short,282267,2022-06-01 04:10:00,reversal,283346,2022-06-04 22:05:00,0.3307442093718392,False,0.028506505573879126,0.09397399545001894,0.010821485620262195,0.010821485620262195,0.014713233374066936,4.334436800809658,4.334436800809658,5.8932370686744395,normal_winner,0.0013702228256381455,0.0013702228256381455,0.0013702228256381455,0.5488289176889811,0.5488289176889811,0.5488289176889811,8742.063103900015,False,0.06289264062338962
143,606,283345,long,283346,2022-06-04 22:05:00,reversal,283952,2022-06-07 00:35:00,1.1349312422505873,False,0.024750162553515698,0.06851833936203922,0.00021666082605653614,0.0004504722788709614,0.006947090503501174,0.0986896550445436,0.205191471933666,3.1644205269246575,profit_giveback_to_loss,0.010544232942760967,0.010544232942760967,0.010544232942760967,4.80292967940062,4.80292967940062,4.80292967940062,-1365.6554053572763,True,-0.009245264647067259
177,2586,283951,short,283952,2022-06-07 00:35:00,reversal,286538,2022-06-16 00:05:00,0.30603068506429343,False,0.0525695925245091,0.4303266587795709,0.0014076176346693448,0.0014076176346693448,0.0014076176346693448,0.20904531236985882,0.20904531236985882,0.20904531236985882,normal_winner,0.019885065075549435,0.03053983139084493,0.03053983139084493,2.9531312608126496,4.5354707383455555,4.5354707383455555,43704.53024715526,False,0.29863349659183036
307,1074,288795,long,288796,2022-06-23 20:15:00,fresh_entry,289870,2022-06-27 13:45:00,0.6343793938906818,False,0.01733488402643646,0.12196959539135732,0.008408254386974012,0.01733488402643646,0.01733488402643646,1.4207605526317162,2.9291120696064037,2.9291120696064037,normal_winner,0.0,0.0,0.018906005883726484,0.0,0.0,3.1945878575027864,8474.028016407072,False,0.044594597393896374
1131,1994,289869,short,289870,2022-06-27 13:45:00,reversal,291864,2022-07-04 11:55:00,0.48246321994579494,False,0.037009145113605424,0.16311469141248947,0.0002000400080015563,0.0002754856800468719,0.014870031794566696,0.04165619997703363,0.05736695720764178,3.096525661479175,normal_winner,0.014503483188361366,0.014503483188361366,0.015526191187196003,3.020195820294239,3.020195820294239,3.233163862753206,16756.747354300227,False,0.08441785217315509
589,1615,291863,long,291864,2022-07-04 11:55:00,reversal,293479,2022-07-10 02:30:00,0.4783161926181158,False,0.013201141857545062,0.16816534494363045,0.00019996000799837876,0.00019996000799837876,0.007167494787931328,0.04797688741158462,0.04797688741158462,1.7197143264091537,normal_winner,0.02009836404865295,0.02009836404865295,0.037677426831138394,4.822249002545953,4.822249002545953,9.040035970844732,18880.601961238688,False,0.08772913741988102
202,984,293478,short,293479,2022-07-10 02:30:00,reversal,294463,2022-07-13 12:30:00,0.4291438329678187,False,0.005038061972473251,0.13069579947249432,0.003944248310940646,0.003944248310940646,0.005038061972473251,1.1824975816935621,1.1824975816935621,1.5104262280716148,normal_winner,0.004781019127593544,0.004781019127593544,0.004781019127593544,1.4333640051839793,1.4333640051839793,1.4333640051839793,17465.501745553338,False,0.07460850313407469
623,2203,294462,long,294463,2022-07-13 12:30:00,reversal,296666,2022-07-21 04:05:00,0.28104395904112145,False,0.08441298071903147,0.48242920781346066,0.08441298071903147,0.08441298071903147,0.08441298071903147,10.190177859276723,10.190177859276723,10.190177859276723,normal_winner,0.0003092096270500555,0.0003092096270500555,0.0003092096270500555,0.03732721044324285,0.03732721044324285,0.03732721044324285,87236.47471089859,False,0.34684539329249375
884,884,296665,short,296666,2022-07-21 04:05:00,reversal,297550,2022-07-24 05:45:00,8.020375233043092,False,0.1103496514144382,0.0120140625862305,0.005733500851797357,0.009721641533118497,0.024749711410110065,1.060824545753828,1.7987188333841508,4.579244347009699,clean_loss,0.0120140625862305,0.0120140625862305,0.0120140625862305,2.2228674618057735,2.2228674618057735,2.2228674618057735,-28571.30892885907,False,-0.08434322742860224
245,449,297549,long,297550,2022-07-24 05:45:00,reversal,297999,2022-07-25 19:10:00,3.231722812589422,False,0.08232799212490938,0.035776561448988886,0.004774037723079827,0.004774037723079827,0.016318138623047207,0.9518604401388282,0.9518604401388282,3.2535542266221857,clean_loss,0.007709771659849984,0.007709771659849984,0.013410254907488817,1.537194942980127,1.537194942980127,2.6737725755508754,-24760.34055638779,False,-0.07984336834171576
317,740,299768,short,299769,2022-07-31 22:40:00,fresh_entry,300509,2022-08-03 12:20:00,1.0979689010951075,True,0.02053042855359921,0.06611917209686602,0.009018256241118516,0.014112826515648491,0.02053042855359921,2.2081168431996008,3.4555205686296087,5.026868152249997,profit_giveback_to_loss,0.0011708843079412112,0.0011708843079412112,0.0011708843079412112,0.2866906076603595,0.2866906076603595,0.2866906076603595,-1848.3966282086913,True,-0.0064776226316482595
283,1720,300508,long,300509,2022-08-03 12:20:00,reversal,302229,2022-08-09 11:40:00,0.7860031610984543,False,0.05940079883766847,0.08101457363817,0.01887085653028664,0.01887085653028664,0.02082776158152355,9.203660271844821,9.203660271844821,10.158078490590512,normal_winner,0.0,0.0,0.0,0.0,0.0,0.0,4914.057706488122,False,0.017336862663524875
298,454,302228,short,302229,2022-08-09 11:40:00,reversal,302683,2022-08-11 01:30:00,4.341554770272544,False,0.10725662720483786,0.03161653716743118,0.0021345159530912206,0.002479331907049742,0.00383521837007339,0.6102404242386976,0.7088204483060685,1.0964571531134453,clean_loss,0.010384056477066195,0.010384056477066195,0.02509425573323154,2.9687157037671774,2.9687157037671774,7.174239781353908,-30464.735373436066,False,-0.10564839059132886
108,1048,302682,long,302683,2022-08-11 01:30:00,reversal,303731,2022-08-14 16:50:00,0.5253311387296821,False,0.019942766581633076,0.07322636559156215,0.014329149290816412,0.014329149290816412,0.014329149290816412,3.6061962023801346,3.6061962023801346,3.6061962023801346,normal_winner,0.014098377818422492,0.014098377818422492,0.014098377818422492,3.548118280901712,3.548118280901712,3.548118280901712,8961.978736356134,False,0.0347582755703108
133,732,303730,short,303731,2022-08-14 16:50:00,reversal,304463,2022-08-17 05:50:00,0.6303277532639003,False,0.02759018997330065,0.05342113165225293,0.00021535888382118173,0.00021535888382118173,0.0005370552760310954,0.0858843462407026,0.0858843462407026,0.21417570735251965,normal_winner,0.015358831532689354,0.026225020780667796,0.026225020780667796,6.125046628219821,10.458443714663076,10.458443714663076,5268.834124774468,False,0.01974830976107331
501,511,304462,long,304463,2022-08-17 05:50:00,reversal,304974,2022-08-19 00:25:00,3.6755514203735777,False,0.05589113145791769,0.019188548095696367,0.00019996000799837876,0.015994145008106475,0.026084295517740164,0.08140118736286976,6.511013914964132,10.618586425967967,clean_loss,0.019188548095696367,0.019188548095696367,0.019188548095696367,7.8114149643956905,7.8114149643956905,7.8114149643956905,-13965.221276690223,False,-0.051339947112347135
293,828,304973,short,304974,2022-08-19 00:25:00,reversal,305802,2022-08-21 21:25:00,0.4003434323596097,False,0.007231294302191937,0.1634948052813342,0.007231294302191937,0.007231294302191937,0.007231294302191937,1.882262966594832,1.882262966594832,1.882262966594832,normal_winner,0.004295352081726711,0.008472389176089501,0.008472389176089501,1.1180546405737493,2.205312592504811,2.205312592504811,25299.36208357266,False,0.09804073376203883
198,1268,305801,long,305802,2022-08-21 21:25:00,reversal,307070,2022-08-26 07:05:00,0.8772178463944224,False,0.06891749982484696,0.047924225687329125,0.03784490344645264,0.03784490344645264,0.03784490344645264,8.073455394825283,8.073455394825283,8.073455394825283,normal_winner,0.0006154978679719925,0.0006154978679719925,0.0006154978679719925,0.13130419502094742,0.13130419502094742,0.13130419502094742,1666.9889065336902,False,0.005884239639770015
167,949,307069,short,307070,2022-08-26 07:05:00,reversal,308019,2022-08-29 14:10:00,0.3805664683551789,False,0.03141112408441016,0.1397146356734148,0.004481661307381035,0.008436718270367072,0.03141112408441016,1.8431453680327459,3.469717396050032,12.91826041506802,normal_winner,0.007202084950247656,0.007202084950247656,0.01964781465946086,2.961957320238592,2.961957320238592,8.080436270788509,24661.925174954784,False,0.08654393019765284
411,872,308018,long,308019,2022-08-29 14:10:00,reversal,308891,2022-09-01 14:50:00,0.918415785689109,False,0.023901160158785295,0.07178415989130449,0.0036756946669824764,0.0036756946669824764,0.0036756946669824764,0.6904283242440867,0.6904283242440867,0.6904283242440867,normal_winner,0.012974729461293633,0.016596113953606606,0.022700166059479665,2.437123191963989,3.1173501022486154,4.263911731649761,1812.9776975369896,False,0.005856454284699452
829,831,308890,short,308891,2022-09-01 14:50:00,reversal,309722,2022-09-04 12:05:00,8.962019554739967,True,0.08438177245573897,0.004484398718281324,0.01728639867676085,0.01728639867676085,0.04032041550360943,2.559752688938451,2.559752688938451,5.97060694563476,immediate_adverse,0.004484398718281324,0.004484398718281324,0.004484398718281324,0.6640452931832823,0.6640452931832823,0.6640452931832823,-11117.859226388566,False,-0.035704870286206745
93,673,309721,long,309722,2022-09-04 12:05:00,reversal,310395,2022-09-06 20:10:00,1.1328771010657315,True,0.018647486605558483,0.07147477917942213,0.011310402163347,0.018647486605558483,0.018647486605558483,5.485618918111971,9.04415279150608,9.04415279150608,profit_giveback_to_loss,0.0,0.0,0.000924424361067766,0.0,0.0,0.4483518525866701,-2851.127027264738,True,-0.009497361456674918
268,657,312071,short,312072,2022-09-12 15:55:00,fresh_entry,312729,2022-09-14 22:40:00,0.5090804878361663,False,0.030760666493979016,0.09011695043876888,0.005952490690238399,0.012331735896914608,0.014926782385948245,1.4729906851376413,3.0515851351974477,3.693749819657054,normal_winner,0.008241183447297185,0.008241183447297185,0.008241183447297185,2.0393457267033694,2.0393457267033694,2.0393457267033694,13154.85354992788,False,0.044240169347092795
482,502,312728,long,312729,2022-09-14 22:40:00,reversal,313231,2022-09-16 16:30:00,10.212576830655232,False,0.13384372933842348,0.013915224617911504,0.002651576964300628,0.002651576964300628,0.030385493782469575,0.6538648108698568,0.6538648108698568,7.492901549814907,clean_loss,0.008895538899882816,0.013915224617911504,0.013915224617911504,2.19359269546659,3.431420560482249,3.431420560482249,-39797.68306126399,False,-0.12819507590833482
367,1876,313230,short,313231,2022-09-16 16:30:00,reversal,315107,2022-09-23 04:50:00,0.6718053031979031,False,0.03716458089231778,0.14235940417056114,0.008590850239156289,0.008590850239156289,0.017614133603312654,1.5816008616557482,1.5816008616557482,3.2428139367791795,normal_winner,0.012013718938184925,0.012013718938184925,0.012013718938184925,2.211761082473409,2.211761082473409,2.211761082473409,12645.135390775773,False,0.046721601488684476
681,682,315106,long,315107,2022-09-23 04:50:00,reversal,315789,2022-09-25 13:40:00,48.79725976687514,False,0.06939267197694865,0.0008247349593661912,0.008736627433956645,0.010660694962605355,0.03989767511057629,2.7433393303663456,3.347504972717917,12.52804496339308,clean_loss,0.0008247349593661912,0.0008247349593661912,0.0008247349593661912,0.2589703942694862,0.2589703942694862,0.2589703942694862,-11165.324850039964,False,-0.03942007109164906
354,454,315788,short,315789,2022-09-25 13:40:00,reversal,316243,2022-09-27 03:30:00,3.4719810309057686,False,0.06625047944679174,0.025874924411562694,0.0040894212850592915,0.008208943466084806,0.013333414261103682,1.4438141342326314,2.8982557132843816,4.707505200819954,clean_loss,0.0036049562709346006,0.0036049562709346006,0.016308734169963257,1.2727685543873895,1.2727685543873895,5.757973870792878,-17402.501966663054,False,-0.06396232232150359
172,548,317553,short,317554,2022-10-01 16:45:00,fresh_entry,318102,2022-10-03 14:25:00,1.1822975534658882,False,0.01076620641317394,0.03415911471330435,0.0037475806823863422,0.005054971749886006,0.007241602424183702,1.9862118202457317,2.679127013281145,3.8380378039719596,clean_loss,0.0008015285875683231,0.0008015285875683231,0.003836816621470951,0.4248088806668013,0.4248088806668013,2.0335067264858067,-1585.5335684196907,False,-0.006227123040796003
198,562,318101,long,318102,2022-10-03 14:25:00,reversal,318664,2022-10-05 13:15:00,0.8465673720644259,False,0.004888077961495818,0.04081537340039665,0.0011193478076307883,0.0011193478076307883,0.004888077961495818,0.25945692880055365,0.25945692880055365,1.1330220035109058,normal_winner,0.008302477577031953,0.008302477577031953,0.010376798810913357,1.9244557579753654,1.9244557579753654,2.4052687930478083,1584.2700758004212,False,0.0062624100009945885
325,1291,318663,short,318664,2022-10-05 13:15:00,reversal,319955,2022-10-10 00:50:00,1.2930475289544245,False,0.04441586663910102,0.01599783707467839,0.002283271170545831,0.002283271170545831,0.029863440257271057,1.1520732797441586,1.1520732797441586,15.06823718770701,clean_loss,0.006419502490372375,0.006419502490372375,0.006419502490372375,3.2390972144763235,3.2390972144763235,3.2390972144763235,-1193.4337194536347,False,-0.004688126623349979
943,945,319954,long,319955,2022-10-10 00:50:00,reversal,320900,2022-10-13 07:35:00,9.116158653188396,False,0.04749252056697861,0.004931226467265182,0.0002750871891880058,0.005834498597233506,0.012768737421052223,0.1871582805053661,3.9695586271845382,8.687336356893695,clean_loss,0.004931226467265182,0.004931226467265182,0.004931226467265182,3.355008530641321,3.355008530641321,3.355008530641321,-10138.56185757069,False,-0.04002261636312595
179,524,321907,long,321908,2022-10-16 19:35:00,fresh_entry,322432,2022-10-18 15:15:00,0.7930470186506265,False,0.002841194790263457,0.03619038588098822,0.0017368188432930198,0.0017368188432930198,0.002841194790263457,1.3156899601779837,1.3156899601779837,2.152286333658208,normal_winner,0.01558566541583195,0.01558566541583195,0.01558566541583195,11.806587422453335,11.806587422453335,11.806587422453335,1821.3641402574722,False,0.007489708254254784
163,565,322431,short,322432,2022-10-18 15:15:00,reversal,322997,2022-10-20 14:20:00,1.1169530265015013,False,0.011663036030861607,0.026028459581737273,0.004851135319416056,0.005349193301692701,0.011663036030861607,1.5345411668909201,1.6920899522738315,3.689323785435772,clean_loss,0.004581316621854348,0.004581316621854348,0.013906494536172764,1.4491904455148008,1.4491904455148008,4.39898847337648,-745.8172613118368,False,-0.0030441071232561777
495,2227,322996,long,322997,2022-10-20 14:20:00,reversal,325224,2022-10-28 07:55:00,0.37273225154918416,False,0.04335366365501936,0.21807420786354204,0.00440150665445993,0.012880991704591449,0.02364459029525401,1.9371891138203974,5.669176230839335,10.406446364064328,normal_winner,0.0012362050275196435,0.0012362050275196435,0.0012362050275196435,0.5440779964139207,0.5440779964139207,0.5440779964139207,33405.54589574665,False,0.13679091736175922
1510,1565,325223,short,325224,2022-10-28 07:55:00,reversal,326789,2022-11-02 18:20:00,16.50701425711692,True,0.11726173307193344,0.0053752859369724515,0.009946784521444263,0.013876381723624709,0.04118876159382312,3.4379537177511375,4.796158802155552,14.236264568289707,immediate_adverse,0.0014591232551413036,0.0014591232551413036,0.0053752859369724515,0.5043236041612581,0.5043236041612581,1.8578852523796878,-23140.442726971058,False,-0.0833546356607119
427,955,326788,long,326789,2022-11-02 18:20:00,reversal,327744,2022-11-06 01:55:00,0.9222307784326906,False,0.06822483016838743,0.039278150311133686,0.04201563080935322,0.06359311218371777,0.06822483016838743,5.634473466901117,8.52810481181824,9.149237747063385,normal_winner,0.004103135415509884,0.004103135415509884,0.004103135415509884,0.5502477812292216,0.5502477812292216,0.5502477812292216,777.154318366549,False,0.00305463117430064
185,1309,327743,short,327744,2022-11-06 01:55:00,reversal,329053,2022-11-10 15:00:00,0.4622509862528413,False,0.012335735407217774,0.3366767305978354,0.0012072285772848357,0.002214417146568115,0.0029250103089457635,0.8686141575461461,1.5932973427021317,2.1045768905114794,normal_winner,0.0032478815972747377,0.0035506560751574767,0.0035506560751574767,2.33688631176331,2.55473585822127,2.55473585822127,46202.53407956901,False,0.18104757983060385
1679,1908,329821,short,329822,2022-11-13 07:05:00,fresh_entry,331730,2022-11-19 22:05:00,0.6511535529168231,False,0.039518142967814196,0.05645410138565887,0.01102197946693817,0.01102197946693817,0.01102197946693817,2.708282178760719,2.708282178760719,2.708282178760719,normal_winner,0.0005246434379094778,0.014655970633172921,0.02162903579049391,0.1289135474581596,3.601213756324387,5.314610896425926,5934.671972629847,False,0.019693812691660557
523,528,331729,long,331730,2022-11-19 22:05:00,reversal,332258,2022-11-21 18:05:00,8.453985000706842,False,0.10225641239048155,0.012950332166195233,0.001021339906448926,0.001021339906448926,0.0017277266191165763,1.2063963101957256,1.2063963101957256,2.04077311105576,clean_loss,0.012950332166195233,0.012950332166195233,0.012950332166195233,15.296800646346053,15.296800646346053,15.296800646346053,-29656.570866496942,False,-0.0965315817209906
320,490,332257,short,332258,2022-11-21 18:05:00,reversal,332748,2022-11-23 10:55:00,3.937380373519685,False,0.07336568167713131,0.022710229852621278,0.0060525643198783285,0.0060525643198783285,0.019202568480259696,1.3602059168134173,1.3602059168134173,4.315434894112638,clean_loss,0.006733929013678419,0.01861164528017345,0.01861164528017345,1.5133304833662724,4.182635440747096,4.182635440747096,-18515.958767934877,False,-0.06670858344721059
389,587,334053,short,334054,2022-11-27 23:45:00,fresh_entry,334641,2022-11-30 00:40:00,1.87102313729483,False,0.07150046672371224,0.03531611849351379,0.004171415127067091,0.004171415127067091,0.004171415127067091,1.2282366823980586,1.2282366823980586,1.2282366823980586,clean_loss,0.0036959292543726763,0.02708012325713982,0.034076111072371185,1.0882340278993805,7.973505329752565,10.03341272389354,-7966.9361697529675,False,-0.030761156327296358
723,990,334640,long,334641,2022-11-30 00:40:00,reversal,335631,2022-12-03 11:10:00,0.5502667934556715,False,0.00019996000799826774,0.06440447993847731,0.00019996000799826774,0.00019996000799826774,0.00019996000799826774,0.043217785658333896,0.043217785658333896,0.043217785658333896,normal_winner,0.04063706896672392,0.04134423885541838,0.04134423885541838,8.782976926076241,8.935819071761141,8.935819071761141,7269.439055136987,False,0.02896483327855127
310,449,335630,short,335631,2022-12-03 11:10:00,reversal,336080,2022-12-05 00:35:00,1.7245681625716411,False,0.02148089192306535,0.02372611260893487,0.0035797077703938474,0.005095820411467056,0.00671458651261303,3.795801866666284,5.403436780515375,7.119921974989773,clean_loss,0.0005501198925293993,0.0005501198925293993,0.0005501198925293993,0.5833286538704268,0.5833286538704268,0.5833286538704268,-4439.522216757934,False,-0.017191185818023782
562,656,336079,long,336080,2022-12-05 00:35:00,reversal,336736,2022-12-07 07:15:00,4.1593381957802835,False,0.04842349929591694,0.01455743667363918,0.0007821823915453718,0.0013721677402063204,0.0013721677402063204,0.29277761467614216,0.513614218698319,0.513614218698319,clean_loss,0.004217167141844724,0.006491715920234897,0.012608932430035358,1.5785220299328127,2.4299052533340766,4.719632147669316,-11670.57038575114,False,-0.04599186571568093
85,477,338496,long,338497,2022-12-13 10:00:00,fresh_entry,338974,2022-12-15 01:45:00,0.800786342795584,False,0.004530501294407241,0.05688657972962785,0.004530501294407241,0.004530501294407241,0.004530501294407241,2.0129228086706137,2.0129228086706137,2.0129228086706137,normal_winner,0.006749229890228525,0.008242250442040744,0.05264202392002493,2.99871424907737,3.6620702283079223,23.38909620752383,2743.4185040315497,False,0.011332583593789757
73,1475,338973,short,338974,2022-12-15 01:45:00,reversal,340449,2022-12-20 04:40:00,0.345201087951709,False,0.00020776618554463333,0.11108009514398243,0.00020776618554463333,0.00020776618554463333,0.00020776618554463333,0.08080704526268201,0.08080704526268201,0.08080704526268201,normal_winner,0.00992125257334242,0.00992125257334242,0.00992125257334242,3.8586986792629676,3.8586986792629676,3.8586986792629676,17807.43321719661,False,0.07273512545050034
565,695,340448,long,340449,2022-12-20 04:40:00,reversal,341144,2022-12-22 14:35:00,1.046681332379635,False,0.005257619054227836,0.02408846852537594,0.00019996000799848979,0.00019996000799848979,0.00019996000799848979,0.08131075601344787,0.08131075601344787,0.08131075601344787,clean_loss,0.011956752592410913,0.011956752592410913,0.011956752592410913,4.8620351763639995,4.8620351763639995,4.8620351763639995,-295.2712000756874,False,-0.0011244818057494505
1227,1264,341143,short,341144,2022-12-22 14:35:00,reversal,342408,2022-12-26 23:55:00,2.8709385740179445,False,0.029975988445044344,0.013724864469696896,0.0016175452542344093,0.0016175452542344093,0.029975988445044344,0.6039325897679132,0.6039325897679132,11.19194426559467,clean_loss,0.012365727086544154,0.012365727086544154,0.013724864469696896,4.616912920482406,4.616912920482406,5.124365405974888,-6735.155373960268,False,-0.025678378359524256
823,873,344604,short,344605,2023-01-03 15:00:00,fresh_entry,345478,2023-01-06 15:45:00,11.424684780279758,False,0.05092134717160701,0.0038999874289522563,0.0019028739838331532,0.0022996508325705545,0.0023161832012679184,1.1371916900360437,1.3743126654744382,1.3841927061176882,clean_loss,0.0020152973974493227,0.0021062254252849355,0.0038999874289522563,1.2043779424184835,1.258718165956424,2.3307025757510234,-10387.698770856136,False,-0.04065613959388097
2288,10094,345477,long,345478,2023-01-06 15:45:00,reversal,355572,2023-02-11 00:05:00,0.44481880966128856,False,0.0006050653726628052,0.36033587130096767,0.00019996000799837876,0.00019996000799837876,0.00019996000799837876,0.09154065728172005,0.09154065728172005,0.09154065728172005,normal_winner,0.0071713689804067116,0.008116614831290558,0.013629225087705477,3.2830156222112743,3.715744283051434,6.239388742068781,49025.1805000442,False,0.20005169795060795
67,288,355571,short,355572,2023-02-11 00:05:00,reversal,355860,2023-02-12 00:05:00,5.779361796566,False,0.021055046828879043,0.0036242601006492015,0.004183134584831549,0.004738915223458928,0.008053749746701255,1.9971198700673907,2.2624616931170975,3.8450361377352125,clean_loss,0.002413452280782269,0.002413452280782269,0.002413452280782269,1.152234863034852,1.152234863034852,1.152234863034852,-5094.084925031464,False,-0.017321650265861237
4993,6137,356058,long,356059,2023-02-12 16:40:00,fresh_entry,362196,2023-03-06 00:05:00,0.9199720044979691,False,0.05574548326303441,0.12552838801340194,0.004172572730622659,0.006523842699785787,0.03508143757250526,1.794681613407477,2.8059955566840338,15.089014631479442,normal_winner,3.9042708647407665e-05,3.9042708647407665e-05,3.9042708647407665e-05,0.016792812461455035,0.016792812461455035,0.016792812461455035,2902.577303465514,False,0.01004578527131373
737,1152,363059,short,363060,2023-03-09 00:05:00,fresh_entry,364212,2023-03-13 00:05:00,1.2841131214329229,False,0.03782288996850136,0.10610327360979233,0.0045986177830885655,0.0045986177830885655,0.008331535420106118,1.3997096415428119,1.3997096415428119,2.5359207932574943,profit_giveback_to_loss,0.00047214620985303046,0.0007005590023277941,0.0007005590023277941,0.14371005230735323,0.21323346194021828,0.21323346194021828,-8797.535740603402,True,-0.03014533225952956
6973,16991,364212,long,364213,2023-03-13 00:10:00,fresh_entry,381204,2023-05-11 00:05:00,0.536490963245529,False,0.0075627154498565385,0.3581144630931479,0.001728318372759552,0.001728318372759552,0.001728318372759552,0.48597944898793644,0.48597944898793644,0.48597944898793644,normal_winner,0.028642255107911296,0.028642255107911296,0.028642255107911296,8.05380974622733,8.05380974622733,8.05380974622733,46971.89962416631,False,0.16598928983614952
864,864,384947,long,384948,2023-05-24 00:05:00,fresh_entry,385812,2023-05-27 00:05:00,36.4421660048089,False,0.04919352390067233,0.000409828814545099,0.0031949405081012072,0.004749092551397882,0.022028241310550034,4.617708421793854,6.863953996909222,31.837837092462056,clean_loss,0.000409828814545099,0.000409828814545099,0.000409828814545099,0.5923333982651883,0.5923333982651883,0.5923333982651883,-4792.646131925867,False,-0.014525220878661437
3453,3456,386387,long,386388,2023-05-29 00:05:00,fresh_entry,389844,2023-06-10 00:05:00,5.062065686083339,False,0.06902442240157503,0.00922302868207825,0.0006187595053350758,0.0006187595053350758,0.008958104496052943,0.3274779917612488,0.3274779917612488,4.741069906903836,clean_loss,0.00922302868207825,0.00922302868207825,0.00922302868207825,4.881280828369308,4.881280828369308,4.881280828369308,-12182.001081157709,False,-0.0374645483312325
91,288,392435,short,392436,2023-06-19 00:05:00,fresh_entry,392724,2023-06-20 00:05:00,1.701822258526429,False,0.013139569035627963,0.010973951845298924,0.001849423420858587,0.0024534229804964447,0.0032142301181175004,0.98112013920255,1.3015422368934422,1.7051508407157787,clean_loss,0.0036156110562491905,0.0036156110562491905,0.0036156110562491905,1.918083648558232,1.918083648558232,1.918083648558232,-2410.4884495674632,False,-0.007701763669027964
6324,12672,393299,long,393300,2023-06-22 00:05:00,fresh_entry,405972,2023-08-05 00:05:00,1.439782659852078,False,0.0402550588427929,0.07159961189568254,0.002354370636485359,0.002354370636485359,0.002354370636485359,1.1254040677053134,1.1254040677053134,1.1254040677053134,profit_giveback_to_loss,0.016156621913438807,0.018612755897758237,0.022678081113183257,7.722967548093574,8.897015140238496,10.840266327236874,-9777.285888807732,True,-0.031488267763859754
3958,5366,409715,short,409716,2023-08-18 00:05:00,fresh_entry,415082,2023-09-05 15:15:00,0.5268182814873749,False,0.034395470258691496,0.057270325266896904,0.00667649214177457,0.00667649214177457,0.00667649214177457,1.124029308881012,1.124029308881012,1.124029308881012,normal_winner,0.0005880369671051877,0.0016901596540968011,0.014139405704469254,0.09899970998184213,0.2845489738550108,2.3804575942717316,8149.520137668995,False,0.027099270929567296
483,803,415081,long,415082,2023-09-05 15:15:00,reversal,415885,2023-09-08 10:10:00,1.9521107376413167,False,0.019025500633947923,0.01516012199091632,0.005827523753833774,0.005827523753833774,0.008945827474469814,3.7168661171821826,3.7168661171821826,5.705758472136595,clean_loss,0.003448211727667738,0.003448211727667738,0.003448211727667738,2.1993117277311462,2.1993117277311462,2.1993117277311462,-4457.51111620228,False,-0.014434114931503685
241,454,417500,long,417501,2023-09-14 00:50:00,fresh_entry,417955,2023-09-15 14:40:00,1.489118624212806,False,0.007007103973636353,0.012145303799366847,0.0023191070887038645,0.00354500903364674,0.007007103973636353,1.2132719888270553,1.8546190392037027,3.665860457855438,clean_loss,0.008369032984040237,0.008369032984040237,0.008369032984040237,4.378371892597976,4.378371892597976,4.378371892597976,-1808.0503501347266,False,-0.005940494284992878
121,815,417954,short,417955,2023-09-15 14:40:00,reversal,418770,2023-09-18 10:35:00,5.087333581094619,False,0.02377067057265747,0.0052078865315368095,0.0027832076677813955,0.004920360767598941,0.0055460200808790105,2.1016064707235866,3.715375660675496,4.187812438023849,clean_loss,0.0014601252985232405,0.0014601252985232405,0.0014601252985232405,1.102543949905743,1.102543949905743,1.102543949905743,-6440.238004408369,False,-0.02128636950688078
122,2417,420482,long,420483,2023-09-24 09:20:00,fresh_entry,422900,2023-10-02 18:45:00,0.6123015253368059,False,0.018866422134884098,0.0927185157253978,0.0009711977781048375,0.0015543287750147128,0.0018490293863560048,3.0498351130598764,4.881031013610391,5.806474103135111,normal_winner,3.8308571384204626e-05,3.8308571384204626e-05,0.0009286806311816775,0.12029972552727167,0.12029972552727167,2.9163192726031433,10642.110482847143,False,0.035946827119772096
78,1161,422899,short,422900,2023-10-02 18:45:00,reversal,424061,2023-10-06 19:30:00,1.0069647913139999,True,0.012881324843448505,0.025289584520499786,0.009112030734439225,0.012881324843448505,0.012881324843448505,3.152638184054233,4.456762465602176,4.456762465602176,immediate_adverse,0.001530326147980321,0.001530326147980321,0.004972907766000123,0.5294719463516276,0.5294719463516276,1.7205581681827662,-54.019986028957646,False,-0.000176136678603042
430,455,424060,long,424061,2023-10-06 19:30:00,reversal,424516,2023-10-08 09:25:00,4.934431570713952,False,0.016284691318925404,0.004258275033804493,0.005148177462807824,0.005148177462807824,0.006224928938304286,4.810209532679395,4.810209532679395,5.816274348660862,clean_loss,0.0,0.0,0.004258275033804493,0.0,0.0,3.978727483338439,-5136.378088480211,False,-0.016753891729783418
334,1578,424515,short,424516,2023-10-08 09:25:00,reversal,426094,2023-10-13 20:55:00,0.32385090300619895,False,0.007715069821637499,0.06380685876476833,0.0007289209932492824,0.0007289209932492824,0.0066450082933458,1.854054150509331,1.854054150509331,16.901976099669476,normal_winner,0.0014849994101131525,0.0049965231610020755,0.0049965231610020755,3.77718483254414,12.70895555288772,12.70895555288772,13005.089737643139,False,0.043142949935809104
283,1058,426093,long,426094,2023-10-13 20:55:00,reversal,427152,2023-10-17 13:05:00,0.7744518181384314,False,0.006890530534233497,0.04532291322670279,0.0017810170199616948,0.004891714555694593,0.006755562252724445,1.0897790217775787,2.993170667978597,4.133632604751818,normal_winner,0.011760800558114681,0.011760800558114681,0.011760800558114681,7.1962668429856285,7.1962668429856285,7.1962668429856285,3213.8175412995042,False,0.010222500674952452
208,736,427151,short,427152,2023-10-17 13:05:00,reversal,427888,2023-10-20 02:25:00,1.1656484148229989,False,0.007875933166503257,0.019349003545630516,0.004136558537506607,0.004136558537506607,0.004403656725292082,2.8663313195683817,2.8663313195683817,3.0514107507205734,clean_loss,0.0037619164441495823,0.0037619164441495823,0.012614313525039611,2.606731858789281,2.606731858789281,8.740793005547628,-1017.9512844590354,False,-0.003205131765738278
3562,27908,427887,long,427888,2023-10-20 02:25:00,reversal,455796,2024-01-25 00:05:00,0.42114198874211367,False,0.00019996000799826774,0.7169114649660389,0.00019996000799826774,0.00019996000799826774,0.00019996000799826774,0.20979190098193254,0.20979190098193254,0.20979190098193254,normal_winner,0.009936360918891607,0.011470438257420001,0.011470438257420001,10.42492479813719,12.03443164065524,12.03443164065524,131352.1926257087,False,0.4149899448582191
1759,2016,457235,long,457236,2024-01-30 00:05:00,fresh_entry,459252,2024-02-06 00:05:00,1.171869560564573,False,0.028983387037574304,0.033814850557169374,0.0030255129019119975,0.003133688740116991,0.003133688740116991,2.6478503180195787,2.7425230022484617,2.7425230022484617,clean_loss,0.0021928895330951548,0.005849232864423071,0.007160324023467002,1.919159969180228,5.119096696115722,6.26652962896927,-2602.9123589087976,False,-0.005811743505817408
6909,16704,459539,long,459540,2024-02-07 00:05:00,reentry,476244,2024-04-05 00:05:00,0.4503469451891744,False,0.00968781972373478,0.7212979395455614,0.0013691200261610748,0.0013691200261610748,0.008312584738341955,1.0491768952103542,1.0491768952103542,6.37005644523421,normal_winner,0.005191634032592596,0.005191634032592596,0.005191634032592596,3.9784258292217,3.9784258292217,3.9784258292217,176532.66314368136,False,0.39646361589997203
1741,2304,476819,long,476820,2024-04-07 00:05:00,fresh_entry,479124,2024-04-15 00:05:00,1.6022382449735908,False,0.1455591748090972,0.10937609782381785,0.004164951696134622,0.004164951696134622,0.004164951696134622,1.598929294736794,1.598929294736794,1.598929294736794,profit_giveback_to_loss,0.0020563941208358028,0.009004059736533732,0.012415381414164539,0.7894518451151329,3.456667912299,4.766277857882931,-40958.31834407768,True,-0.06587046919547583
1619,1728,502451,short,502452,2024-07-05 00:05:00,fresh_entry,504180,2024-07-11 00:05:00,1.2241910161377947,True,0.03344164487922985,0.07244606816100052,0.021030571092083727,0.021030571092083727,0.021030571092083727,4.843145052012915,4.843145052012915,4.843145052012915,profit_giveback_to_loss,0.0,0.0,0.05987756003405964,0.0,0.0,13.789245538592226,-9433.904760260251,True,-0.01624175763620265
1432,3168,505619,long,505620,2024-07-16 00:05:00,fresh_entry,508788,2024-07-27 00:05:00,4.035410963267988,False,0.11122769051484405,0.02058584400415442,0.007536632072425831,0.007536632072425831,0.023912978626552284,4.389100089352662,4.389100089352662,13.926174930376611,clean_loss,0.0005798660183884419,0.0005798660183884419,0.0005798660183884419,0.33769593217014904,0.33769593217014904,0.33769593217014904,-35698.0686171815,False,-0.062486496578334896
2508,3244,510803,short,510804,2024-08-03 00:05:00,fresh_entry,514048,2024-08-14 06:25:00,0.6856159272854212,False,0.008415990395790773,0.26975977816522156,0.00396039158906869,0.00396039158906869,0.00396039158906869,1.4926481941607788,1.4926481941607788,1.4926481941607788,normal_winner,0.012635293388707058,0.020714199852208348,0.020714199852208348,4.762167436018687,7.807059556490739,7.807059556490739,45422.7901226714,False,0.08480817771416366
368,441,514047,long,514048,2024-08-14 06:25:00,reversal,514489,2024-08-15 19:10:00,5.751823055157009,False,0.07472468472109761,0.014964296645213482,0.006489182059258081,0.007212333026824558,0.007212333026824558,2.5938039890937623,2.882856114194009,2.882856114194009,clean_loss,0.0005706705685497582,0.0005706705685497582,0.008591072208832262,0.22810387867773932,0.22810387867773932,3.4339547206985586,-41307.177395039704,False,-0.0711076898029341
649,670,514488,short,514489,2024-08-15 19:10:00,reversal,515159,2024-08-18 03:00:00,4.433272683815792,False,0.03643732066844829,0.010470699362184255,0.004668780584023979,0.004668780584023979,0.01758764625982545,1.1632183681177712,1.1632183681177712,4.381930744698648,clean_loss,0.007762729039510807,0.010470699362184255,0.010470699362184255,1.9340701159482498,2.608756099356928,2.608756099356928,-19398.06036459189,False,-0.03594876610063464
474,474,516151,short,516152,2024-08-21 13:45:00,fresh_entry,516626,2024-08-23 05:15:00,22.844511788997618,True,0.044875542550953496,0.001801817392861893,0.02483738089651677,0.02483738089651677,0.037451824792369415,11.688299522181651,11.688299522181651,17.624569500678422,immediate_adverse,0.001801817392861893,0.001801817392861893,0.001801817392861893,0.8479227926564415,0.8479227926564415,0.8479227926564415,-20470.92388982384,False,-0.039359821279992574
406,830,516625,long,516626,2024-08-23 05:15:00,reversal,517456,2024-08-26 02:25:00,0.523333415117543,False,0.006927937295631792,0.06268118570045256,0.0005731083281529381,0.0005731083281529381,0.0005731083281529381,0.47922369810655746,0.47922369810655746,0.47922369810655746,normal_winner,0.011672941087824906,0.013580143613058704,0.013580143613058704,9.760720131072055,11.355491315302352,11.355491315302352,14924.732541245874,False,0.029878026724217813
388,914,517455,short,517456,2024-08-26 02:25:00,reversal,518370,2024-08-29 06:35:00,0.46102986048209194,False,0.006485107248917821,0.12040154710727535,0.0036791430034097683,0.006485107248917821,0.006485107248917821,1.9763375624079214,3.4836267686256894,3.4836267686256894,normal_winner,0.0,0.0,0.0010620951480614371,0.0,0.0,0.5705292058557248,33383.91070741514,False,0.06489283864258018
704,811,518369,long,518370,2024-08-29 06:35:00,reversal,519181,2024-09-01 02:10:00,2.948484045592526,False,0.04745198160405484,0.014627425473791034,0.0041317601159663875,0.005904004343737057,0.006580821675755244,2.519706602050358,3.600489453867722,4.013238754892779,clean_loss,0.0006646447918632337,0.0006646447918632337,0.006658194807193318,0.4053260167754134,0.4053260167754134,4.060423873252494,-15610.956696018344,False,-0.028501305163775525
259,509,519180,short,519181,2024-09-01 02:10:00,reversal,519690,2024-09-02 20:35:00,1.695536847423747,False,0.023917716992640337,0.03346038343828972,0.002027573163301488,0.0045192978838530795,0.0045192978838530795,1.323029538540572,2.948926678466032,2.948926678466032,clean_loss,0.0028190125613261063,0.0028190125613261063,0.00985541774957266,1.8394585979222586,1.8394585979222586,6.430845028600753,-12383.91744795232,False,-0.023272929610257793
134,721,521439,long,521440,2024-09-08 22:25:00,fresh_entry,522161,2024-09-11 10:30:00,1.0334533166841346,False,0.01782492389700796,0.034095749979850876,0.011486499842851772,0.011486499842851772,0.011754198951405948,3.8752252921054895,3.8752252921054895,3.965539519270941,clean_loss,0.006691133173495789,0.006691133173495789,0.006691133173495789,2.2574020686478637,2.2574020686478637,2.2574020686478637,-592.6942429088522,False,-0.0011406159216590308
584,635,522160,short,522161,2024-09-11 10:30:00,reversal,522796,2024-09-13 15:25:00,2.939333821591035,False,0.03491438487630116,0.015346663108272152,0.0045123273092915195,0.0076233963042100505,0.016213403473512855,2.6786703682875728,4.525506326580437,9.624825611422388,clean_loss,0.001930178067685917,0.001930178067685917,0.015346663108272152,1.1458190953440877,1.1458190953440877,9.11029916548211,-15447.640872367192,False,-0.029762302814435586
263,1532,523934,long,523935,2024-09-17 14:20:00,fresh_entry,525467,2024-09-22 22:00:00,0.2899686881036775,False,0.028936119918203107,0.1220705028596698,0.003645399569868757,0.003645399569868757,0.003645399569868757,1.2849963082045017,1.2849963082045017,1.2849963082045017,normal_winner,0.01756025753555468,0.023167625139341563,0.023167625139341563,6.1899568680534065,8.166543119165265,8.166543119165265,43638.76789338497,False,0.08667387928929514
1059,1060,525466,short,525467,2024-09-22 22:00:00,reversal,526527,2024-09-26 14:20:00,4.8495136413855295,False,0.05946080977505641,0.009025623911254055,0.01669797472075185,0.016894098528559276,0.053126010782880595,7.467477077735248,7.555185321620657,23.75840629700113,clean_loss,0.009025623911254055,0.009025623911254055,0.009025623911254055,4.036336190267875,4.036336190267875,4.036336190267875,-19009.319452990196,False,-0.0347442623683879
466,781,526526,long,526527,2024-09-26 14:20:00,reversal,527308,2024-09-29 07:25:00,0.9420081653988451,False,0.010776204241380927,0.03324599084187008,0.010776204241380927,0.010776204241380927,0.010776204241380927,4.364327276881597,4.364327276881597,4.364327276881597,normal_winner,0.00503509134909863,0.007059361750756832,0.010122302733041044,2.0391954369311147,2.8590182921639364,4.099499316561122,1017.9864546706667,False,0.0019279960020532438
295,1542,527307,short,527308,2024-09-29 07:25:00,reversal,528850,2024-10-04 15:55:00,0.2433039110596664,False,0.010006664314115676,0.12390122107214685,0.0019699976536868835,0.002820938829496855,0.005090115298324038,1.6729544045716582,2.3955876449912155,4.322609619443871,normal_winner,0.003559229008688436,0.003559229008688436,0.003559229008688436,3.0225558065111016,3.0225558065111016,3.0225558065111016,49598.604560681444,False,0.09375556940022517
105,950,528849,long,528850,2024-10-04 15:55:00,reversal,529800,2024-10-07 23:05:00,0.8706026414638486,False,0.002407595283614672,0.05093454855934798,0.00019996000799848979,0.00019996000799848979,0.00019996000799848979,0.07297745589003046,0.07297745589003046,0.07297745589003046,normal_winner,0.018279074019277308,0.018279074019277308,0.018279074019277308,6.671135550077025,6.671135550077025,6.671135550077025,3812.8622120580403,False,0.00659079604181097
187,996,529799,short,529800,2024-10-07 23:05:00,reversal,530796,2024-10-11 10:05:00,1.0831476257928887,False,0.024356818560072435,0.03347605923957564,0.009010695558130832,0.0107429881357195,0.01414955392227002,2.801619232516557,3.3402262879218156,4.399400927977306,clean_loss,0.0,0.0,0.0,0.0,0.0,0.0,-1620.878174930811,False,-0.0027834548466728077
277,639,530795,long,530796,2024-10-11 10:05:00,reversal,531435,2024-10-13 15:20:00,0.669499623209404,False,0.0039152907177014695,0.026923193993983796,0.0039152907177014695,0.0039152907177014695,0.0039152907177014695,3.985358246780868,3.985358246780868,3.985358246780868,normal_winner,0.0022218239696281117,0.0022218239696281117,0.012946276908092802,2.261585439931552,2.261585439931552,13.177961781358169,5166.151034196257,False,0.008898125759417955
556,560,531434,short,531435,2024-10-13 15:20:00,reversal,531995,2024-10-15 14:00:00,44.07526023887855,False,0.09472911899283276,0.002052017231955916,0.0008797518295160511,0.007070861914635351,0.007140470956597644,0.8499477736160244,6.831316673926856,6.898567514737202,clean_loss,0.002052017231955916,0.002052017231955916,0.002052017231955916,1.9824994040445205,1.9824994040445205,1.9824994040445205,-51775.55798174837,False,-0.08839117628116429
577,578,531994,long,531995,2024-10-15 14:00:00,reversal,532573,2024-10-17 14:10:00,5.468030912448789,False,0.044893849022711096,0.005988714018028807,0.035146217167734695,0.044893849022711096,0.044893849022711096,10.100422461660305,12.901725351986267,12.901725351986267,clean_loss,0.005988714018028807,0.005988714018028807,0.005988714018028807,1.7210541121816214,1.7210541121816214,1.7210541121816214,-14284.954028158449,False,-0.026757759358368105
555,1695,533848,short,533849,2024-10-22 00:30:00,fresh_entry,535544,2024-10-27 21:45:00,0.4966131743521697,False,0.00492645443546369,0.09857824039441565,0.0016784624409118543,0.003935797971467592,0.004586152596686599,0.600047542464926,1.4070412556473728,1.639541956932864,normal_winner,0.010353098125635896,0.010353098125635896,0.010353098125635896,3.701215431315271,3.701215431315271,3.701215431315271,25782.971014758397,False,0.049622987510093614
285,1057,535543,long,535544,2024-10-27 21:45:00,reversal,536601,2024-10-31 13:50:00,0.5418075507885398,False,0.016034626395452833,0.08252622546796706,0.002718388104294589,0.002718388104294589,0.013846418728844845,2.5617593274894634,2.5617593274894634,13.048612254778726,normal_winner,0.0035916070943242673,0.0035916070943242673,0.0035916070943242673,3.3846649637801076,3.3846649637801076,3.3846649637801076,20617.715211163973,False,0.03781289337134501
324,1572,536600,short,536601,2024-10-31 13:50:00,reversal,538173,2024-11-06 00:50:00,0.5018023666375173,False,0.0010660870603593775,0.09524141081511217,0.0010660870603593775,0.0010660870603593775,0.0010660870603593775,0.6018005833907748,0.6018005833907748,0.6018005833907748,normal_winner,0.0261109292906212,0.0261109292906212,0.038722260482256354,14.739483353896132,14.739483353896132,21.858514013457736,26850.177959806402,False,0.04744904546619285
2079,13815,538172,long,538173,2024-11-06 00:50:00,reversal,551988,2024-12-24 00:05:00,0.41969885900063425,False,0.0052809479629236655,0.6494101833091401,0.0052809479629236655,0.0052809479629236655,0.0052809479629236655,1.479449932119853,1.479449932119853,1.479449932119853,normal_winner,0.008956277985200822,0.029944016829893005,0.0537679365995436,2.5090883209377726,8.388772996326777,15.063009654876458,223327.4877437217,False,0.3768534703509013
1029,1152,552275,long,552276,2024-12-25 00:05:00,reentry,553428,2024-12-29 00:05:00,2.620391885012111,False,0.05200171944350751,0.01612620729929204,0.0025072922907175554,0.006276412727706182,0.008706993815589259,2.3546795472154507,5.894382850586175,8.177020418082959,clean_loss,0.001906734684919309,0.001906734684919309,0.002700686290277421,1.7906764126255434,1.7906764126255434,2.5363021274801096,-21321.103722944623,False,-0.02613077544379589
955,2016,554867,long,554868,2025-01-03 00:05:00,fresh_entry,556884,2025-01-10 00:05:00,1.8231298228835977,False,0.08136040623101981,0.0828820599819009,0.002306745704213742,0.0023704123049236303,0.0027842452095372394,2.6748526167241664,2.748679035126374,3.2285507547399486,profit_giveback_to_loss,0.00254349169531487,0.0025463856317109457,0.006149336444606579,2.949378167000051,2.952733913291259,7.130638045592335,-54210.935336000985,True,-0.06822269535312979
903,1440,558611,long,558612,2025-01-16 00:05:00,fresh_entry,560052,2025-01-21 00:05:00,3.286037993046487,True,0.09102731652850637,0.022676582103810183,0.016842455835470616,0.016842455835470616,0.028617231949068178,8.2328815839089,8.2328815839089,13.988594311748098,immediate_adverse,0.0013027091289425918,0.0013027091289425918,0.0013027091289425918,0.636786588703665,0.636786588703665,0.636786588703665,-38382.31768156483,False,-0.05183952824174811
344,576,562355,short,562356,2025-01-29 00:05:00,fresh_entry,562932,2025-01-31 00:05:00,6.6785012846904195,False,0.06321221799675714,0.009855853239226775,0.010246211154120832,0.010583243992571267,0.017142421540876196,3.458126203575519,3.5718757713503493,5.785617359583679,clean_loss,0.0029564021521016892,0.0029564021521016892,0.0029564021521016892,0.9977943648348655,0.9977943648348655,0.9977943648348655,-39289.81258408725,False,-0.05596647528066947
3144,3456,563507,short,563508,2025-02-02 00:05:00,fresh_entry,566964,2025-02-14 00:05:00,0.5214849124761883,False,0.013081632406825472,0.300990116179476,0.011693792270301318,0.013081632406825472,0.013081632406825472,3.717446147915766,4.158639291268198,4.158639291268198,normal_winner,0.0,0.0,0.015290563640546595,0.0,0.0,4.8608565631332326,95432.27353813092,False,0.1440283117874242
308,1351,566963,long,566964,2025-02-14 00:05:00,reversal,568315,2025-02-18 16:40:00,1.2104208556386908,False,0.013777463678369073,0.06545958959485598,0.0023979728746579276,0.0023979728746579276,0.0023979728746579276,3.022806357353716,3.022806357353716,3.022806357353716,profit_giveback_to_loss,0.00424848851941495,0.005929762415718187,0.018380176013065963,5.3555059948139565,7.474865006714061,23.169450117112646,-10439.274139970425,True,-0.013774062852307152
533,546,568314,short,568315,2025-02-18 16:40:00,reversal,568861,2025-02-20 14:10:00,5.882467016678248,False,0.0486541735927164,0.009770118128369143,0.0037258401255075846,0.0037258401255075846,0.011783185281013964,1.2116624736870927,1.2116624736870927,3.8319527796597765,clean_loss,0.0074360308600524005,0.009770118128369143,0.009770118128369143,2.418235684516171,3.177292932831389,3.177292932831389,-35655.27537533059,False,-0.04770227951081256
665,1874,569884,short,569885,2025-02-24 03:30:00,fresh_entry,571759,2025-03-02 15:40:00,0.27936990098799064,False,0.0002000400080015563,0.23986039148910643,0.0002000400080015563,0.0002000400080015563,0.0002000400080015563,0.062386738996103294,0.062386738996103294,0.062386738996103294,normal_winner,0.011472887969737,0.015550192390130113,0.020968330791064638,3.578064580431066,4.849658844118279,6.5394207554517205,123009.06667361094,False,0.1728506176678541
1168,1256,571758,long,571759,2025-03-02 15:40:00,reversal,573015,2025-03-07 00:20:00,1.3607474673715365,False,0.1386898053560338,0.12472977099359128,0.02204190314909782,0.02204190314909782,0.02204190314909782,3.2512987164072236,3.2512987164072236,3.2512987164072236,profit_giveback_to_loss,0.08261391096317983,0.10347528557499253,0.11287460913500436,12.185994142840666,15.263158580007383,16.64960912463803,-37549.85289484623,True,-0.04499594899176977
1039,2197,573014,short,573015,2025-03-07 00:20:00,reversal,575212,2025-03-14 15:25:00,0.43139813719766373,False,0.04345040921173826,0.18699477015333554,0.0009443809424538596,0.012030899953737961,0.012030899953737961,0.19877389904659812,2.532271444010923,2.532271444010923,normal_winner,0.025366452957970242,0.025366452957970242,0.025366452957970242,5.339147088606362,5.339147088606362,5.339147088606362,84737.91552441102,False,0.1063255746434813
162,524,575211,long,575212,2025-03-14 15:25:00,reversal,575736,2025-03-16 11:05:00,2.673648619885129,False,0.021777745432999818,0.01086053033931722,0.00828063630477427,0.00828063630477427,0.00828063630477427,2.6014814025204416,2.6014814025204416,2.6014814025204416,clean_loss,0.0028264136370810267,0.003085078051190404,0.004843996067133816,0.8879586353112862,0.96922179408707,1.5218112737622886,-16023.58869313635,False,-0.018176711613618838
796,858,575735,short,575736,2025-03-16 11:05:00,reversal,576594,2025-03-19 10:35:00,1.832156747487797,False,0.04771850889943541,0.05194808241430915,0.0002000400080015563,0.0002000400080015563,0.011355450904926512,0.21774031888093714,0.21774031888093714,12.360224965879269,clean_loss,0.015079396730421135,0.015079396730421135,0.05194808241430915,16.413679870421294,16.413679870421294,56.54464895870669,-37415.57817728678,False,-0.04322894730011952
391,1641,578649,short,578650,2025-03-26 13:55:00,fresh_entry,580291,2025-04-01 06:40:00,0.3414417799493033,False,0.0005146286062516214,0.129985569752182,0.0005146286062516214,0.0005146286062516214,0.0005146286062516214,0.3466799107079615,0.3466799107079615,0.3466799107079615,normal_winner,0.013110990055452243,0.013110990055452243,0.024544319423101424,8.832227370382084,8.832227370382084,16.534297477097695,70873.5770020443,False,0.08560306544827266
23,474,580290,long,580291,2025-04-01 06:40:00,reversal,580765,2025-04-02 22:10:00,1.1660326729578387,False,0.015251684377192043,0.049728759970955716,0.0018610253044558656,0.0018610253044558656,0.0018610253044558656,1.3832177222270696,1.3832177222270696,1.3832177222270696,clean_loss,0.0021169304216881457,0.015991394920577218,0.015991394920577218,1.5734206670858883,11.885695914135765,11.885695914135765,-7419.7157631642185,False,-0.008256598940856558
194,1961,580764,short,580765,2025-04-02 22:10:00,reversal,582726,2025-04-09 17:35:00,0.4573487394054431,False,0.0002000400080015563,0.24875007504209412,0.0002000400080015563,0.0002000400080015563,0.0002000400080015563,0.047695752324351054,0.047695752324351054,0.047695752324351054,normal_winner,0.033772084861176,0.033772084861176,0.03510496248762218,8.052314190084838,8.052314190084838,8.370113623231989,120301.05474534782,False,0.134984541794583
1063,1109,582725,long,582726,2025-04-09 17:35:00,reversal,583835,2025-04-13 14:00:00,1.2398079202546415,False,0.07661089541542387,0.05549063977127999,0.011906824363804525,0.011906824363804525,0.011906824363804525,1.1959797966632135,1.1959797966632135,1.1959797966632135,clean_loss,0.04610134620822315,0.04610134620822315,0.05549063977127999,4.6306451644335604,4.6306451644335604,5.573751828582578,-13458.047728204983,False,-0.013307094917150155
692,1603,583834,short,583835,2025-04-13 14:00:00,reversal,585438,2025-04-19 03:35:00,1.658593725329097,False,0.07247055298637428,0.022136618670009933,0.007909994636917439,0.007909994636917439,0.045571377947712266,2.6901965054442316,2.6901965054442316,15.498867866614644,clean_loss,0.00021242670054133495,0.00021242670054133495,0.008182552637922669,0.07224651768942941,0.07224651768942941,2.7828937341393045,-14548.214225215022,False,-0.014579038156071483
276,719,587269,long,587270,2025-04-25 12:15:00,fresh_entry,587989,2025-04-28 00:10:00,1.3220592893016712,True,0.021476088441202523,0.03220650384869361,0.014973658601094009,0.021476088441202523,0.021476088441202523,8.29386632953148,11.895543471220588,11.895543471220588,immediate_adverse,0.002397674496133817,0.002397674496133817,0.015691778275312318,1.3280649908237998,1.3280649908237998,8.691630746715282,-10197.503697509062,False,-0.010372403740401806
244,986,587988,short,587989,2025-04-28 00:10:00,reversal,588975,2025-05-01 10:20:00,2.1164369173456232,False,0.03441633046614245,0.025903225257765894,0.004222841973195113,0.004222841973195113,0.012554986267024892,3.195420529202125,3.195420529202125,9.500346239844589,clean_loss,0.004850936202486,0.01532370556438667,0.01532370556438667,3.670698838759828,11.595433514847178,11.595433514847178,-28136.77299991902,False,-0.02891931695608944
2275,8636,590583,long,590584,2025-05-07 00:25:00,fresh_entry,599220,2025-06-06 00:05:00,0.3999805834112405,False,0.02757647901796123,0.5104098933628549,0.004629553613938353,0.0093254663446527,0.012102794360156044,1.7297763809753441,3.484347038555652,4.5220618603420935,normal_winner,0.004778577100027492,0.004778577100027492,0.004778577100027492,1.7854571934129628,1.7854571934129628,1.7854571934129628,289292.0533968997,False,0.30625584643671117
285,288,599219,short,599220,2025-06-06 00:05:00,reversal,599508,2025-06-07 00:05:00,5.891937158160787,False,0.05218938016693242,0.00596381616124142,0.009009113804530733,0.010315086029323073,0.024917851893163645,4.575978092212886,5.239317508203265,12.65646620101293,clean_loss,0.00596381616124142,0.00596381616124142,0.00596381616124142,3.029187186657744,3.029187186657744,3.029187186657744,-35998.58914214582,False,-0.029174613883616723
2950,4018,599777,long,599778,2025-06-07 22:35:00,fresh_entry,603796,2025-06-21 21:25:00,1.6719164783947666,False,0.08941828219568126,0.1337634727508228,0.004869529010798734,0.007899823156919838,0.011288708677939518,4.422438517713233,7.174509513098622,10.252248207547803,profit_giveback_to_loss,0.0020422212262576345,0.0020422212262576345,0.0020422212262576345,1.8547169125935419,1.8547169125935419,1.8547169125935419,-107642.76290987968,True,-0.08987788154858717
214,488,603795,short,603796,2025-06-21 21:25:00,reversal,604284,2025-06-23 14:05:00,0.995008543216258,False,0.014590566803760252,0.0846326564502432,0.014590566803760252,0.014590566803760252,0.014590566803760252,2.693132643518257,2.693132643518257,2.693132643518257,normal_winner,0.0266334234908564,0.0266334234908564,0.04018432255777993,4.916007936949093,4.916007936949093,7.417238294685955,460.46536167361774,False,0.00042244024716467675
266,997,604283,long,604284,2025-06-23 14:05:00,reversal,605281,2025-06-27 01:10:00,0.5961990703337274,False,0.05170301302714808,0.08894643415856507,0.015479848541380292,0.028664110537455323,0.05170301302714808,3.383078867823695,6.264463529149028,11.299553113028148,normal_winner,0.0,0.0,0.005571672583386755,0.0,0.0,1.2176739148901028,39158.32696935907,False,0.03591665280372848
465,677,605280,short,605281,2025-06-27 01:10:00,reversal,605958,2025-06-29 09:35:00,18.669037242348555,True,0.02737384851028235,0.0014544538675985708,0.015637804832098645,0.019435620319271818,0.02397712244749739,5.803553797409193,7.213011629188858,8.89846890437524,immediate_adverse,0.0,0.0,0.0,0.0,0.0,0.0,-29024.578628581483,False,-0.025698799553877043
588,750,605957,long,605958,2025-06-29 09:35:00,reversal,606708,2025-07-02 00:05:00,1.7871154784604313,False,0.027434276843958938,0.027527230345334663,0.0026195209114623363,0.0026195209114623363,0.007527889410913757,3.270341597864416,3.270341597864416,9.398195592525731,clean_loss,0.0007124669993685551,0.0008876203981043052,0.0025373210141024227,0.8894796200882045,1.1081499286115624,3.167719113539127,-23837.35887314356,False,-0.021667109083958597
8993,23167,608020,long,608021,2025-07-06 13:30:00,fresh_entry,631188,2025-09-25 00:05:00,0.3300747657300836,False,0.008454361133406252,0.9540608684240013,0.00019996000799826774,0.00019996000799826774,0.004506604073428511,0.18868383781444747,0.18868383781444747,4.2524670837784715,normal_winner,0.01296448860958943,0.01296448860958943,0.01296448860958943,12.233393520269392,12.233393520269392,12.233393520269392,687933.1530731542,False,0.6391494507867089
1568,3744,632627,long,632628,2025-09-30 00:05:00,fresh_entry,636372,2025-10-13 00:05:00,1.1426073161456953,False,0.13171065183246966,0.12761456946112948,0.005079084351105934,0.005079084351105934,0.008818004368657872,5.0394863051393175,5.0394863051393175,8.749256594810031,profit_giveback_to_loss,0.006646016796692855,0.006646016796692855,0.006646016796692855,6.594202481273376,6.594202481273376,6.594202481273376,-32107.348223629175,True,-0.018198771251940082
800,864,640403,long,640404,2025-10-27 00:05:00,fresh_entry,641268,2025-10-30 00:05:00,3.6459165652419476,False,0.07513927711046609,0.0232677837284756,0.00019996000799848979,0.00019996000799848979,0.00019996000799848979,0.06919234209239121,0.06919234209239121,0.06919234209239121,clean_loss,0.00852309688717412,0.012657098733437122,0.0232677837284756,2.9492549105539165,4.379747301609266,8.05137220981016,-106639.25615344523,False,-0.06156461440364063
1293,6336,642707,short,642708,2025-11-04 00:05:00,fresh_entry,649044,2025-11-26 00:05:00,0.33796313096326686,False,0.015025816918392332,0.27126629190148666,0.008549775440777285,0.014437338224327023,0.014437338224327023,3.4904256923336896,5.894009335819581,5.894009335819581,normal_winner,0.010564678744759304,0.010564678744759304,0.031230829109458624,4.313005221878328,4.313005221878328,12.749912447598383,291923.0081585888,False,0.17958828656566475
239,988,649043,long,649044,2025-11-26 00:05:00,reversal,650032,2025-11-29 10:25:00,0.7737958988462671,False,0.022013225402771286,0.04790290863128921,0.001560117087058277,0.0024567380471348654,0.011480466728360228,0.6146814645619751,0.9679474402177205,4.523269542383962,normal_winner,0.003589532351571334,0.00904031109377379,0.00904031109377379,1.4142650069404945,3.561855523097139,3.561855523097139,20773.49107296276,False,0.01083583438959017
270,909,650031,short,650032,2025-11-29 10:25:00,reversal,650941,2025-12-02 14:10:00,0.5189401662051804,False,0.02096783528300894,0.08957625817453485,0.006159028792404264,0.006159028792404264,0.007641247788187755,7.929604428879182,7.929604428879182,9.837926456538597,normal_winner,0.0,0.0,0.0002416144106066609,0.0,0.0,0.31107285986232747,83506.40203613206,False,0.04309153986940359
467,888,650940,long,650941,2025-12-02 14:10:00,reversal,651829,2025-12-05 16:10:00,0.4610452549306732,False,0.0035811121331724705,0.13212651587329582,0.0035811121331724705,0.0035811121331724705,0.0035811121331724705,1.5708357852168175,1.5708357852168175,1.5708357852168175,normal_winner,0.025705889108252222,0.05642996741632311,0.06017825601837723,11.275751498539597,24.752704992136653,26.396871846027054,143916.03504271363,False,0.07121021267939051
35,590,651828,short,651829,2025-12-05 16:10:00,reversal,652419,2025-12-07 17:20:00,1.10752401227795,False,0.01039953739360655,0.045756428538461735,0.0050583418657002,0.0050583418657002,0.0050583418657002,0.991427880341253,0.991427880341253,0.991427880341253,clean_loss,0.020378408492001565,0.020378408492001565,0.025393324513010684,3.994139358779105,3.994139358779105,4.977055834731887,-10651.215894440655,False,-0.004919914783964701
53,952,652418,long,652419,2025-12-07 17:20:00,reversal,653371,2025-12-11 00:40:00,0.4495899673066884,False,0.02094714528120445,0.11868887929544236,0.00019996000799837876,0.00019996000799837876,0.02094714528120445,0.056283695397035365,0.056283695397035365,5.89609270496887,normal_winner,0.018495234483882683,0.02233622355715381,0.02233622355715381,5.205941700082536,6.287083180258343,6.287083180258343,140704.73586541507,False,0.06532754993333695
32,1170,653370,short,653371,2025-12-11 00:40:00,reversal,654541,2025-12-15 02:10:00,0.3873004420205595,False,0.0004224346366328291,0.0769099660918322,0.0004224346366328291,0.0004224346366328291,0.0004224346366328291,0.1667322654595273,0.1667322654595273,0.1667322654595273,normal_winner,0.01109943502752786,0.021536750064390375,0.03439908050386331,4.380876440937017,8.500418330972547,13.577098383433228,108124.89278371586,False,0.04712270222867935
647,747,654540,long,654541,2025-12-15 02:10:00,reversal,655288,2025-12-17 16:25:00,6.4707563358463895,False,0.08780855152379019,0.015546055363699907,0.003150939132481101,0.005986820479627619,0.006977940228912294,1.1907792918930142,2.2624943077869286,2.6370508522369236,clean_loss,0.006910524902997928,0.006910524902997928,0.006910524902997928,2.611573757732774,2.611573757732774,2.611573757732774,-204304.39176057372,False,-0.08504868087838001
297,3736,657583,long,657584,2025-12-25 15:45:00,fresh_entry,661320,2026-01-07 15:05:00,0.38890533585845566,False,0.024970395722793803,0.1145111896289095,0.0029840639541708347,0.007295043309079485,0.008323072005910648,2.0929506142584366,5.116567744280228,5.837602321806881,normal_winner,0.0009089627502227859,0.0009089627502227859,0.0009089627502227859,0.6375245891623094,0.6375245891623094,0.6375245891623094,153802.9006437799,False,0.06997717696672714
795,1079,661319,short,661320,2026-01-07 15:05:00,reversal,662399,2026-01-11 09:00:00,0.4154670363582114,False,0.0031725898378935913,0.03695683286564755,0.0002000400080015563,0.0002000400080015563,0.0002000400080015563,0.06305907517832018,0.06305907517832018,0.06305907517832018,normal_winner,0.008431060716292738,0.008431060716292738,0.014593433615761486,2.657742802817472,2.657742802817472,4.600321889004168,50802.65100579942,False,0.021602487041771215
565,1519,662398,long,662399,2026-01-11 09:00:00,reversal,663918,2026-01-16 15:35:00,0.38883831243277345,False,0.011673602829731733,0.09426046546686173,0.0014165201725468979,0.0014165201725468979,0.0014165201725468979,4.717976264864194,4.717976264864194,4.717976264864194,normal_winner,0.00012509971850804824,0.0011356814424980932,0.006632731074902143,0.41666720608782765,3.7825921536428653,22.09150874734856,138377.42174652172,False,0.057608385145599496
559,561,663917,short,663918,2026-01-16 15:35:00,reversal,664479,2026-01-18 14:20:00,2.4597444203498453,False,0.018290145929456214,0.011356091217087916,0.0002000400080015563,0.0005133544371103138,0.003613037963924093,0.07773874930389235,0.19949775192095065,1.4040843894625097,clean_loss,0.011356091217087916,0.011356091217087916,0.011356091217087916,4.41315883265943,4.41315883265943,4.41315883265943,-42112.411833068356,False,-0.01657699079112797
412,465,664478,long,664479,2026-01-18 14:20:00,reversal,664944,2026-01-20 05:05:00,7.6116584114831065,False,0.05635017804086595,0.00801685313979017,0.005876323642869163,0.005876323642869163,0.005876323642869163,5.166021876644114,5.166021876644114,5.166021876644114,clean_loss,0.00029077464467364145,0.00029077464467364145,0.00801685313979017,0.25562720279715817,0.25562720279715817,7.047814453217853,-132394.75720662205,False,-0.05300469449531843
198,435,667092,long,667093,2026-01-27 16:10:00,fresh_entry,667528,2026-01-29 04:25:00,1.3421296847858615,False,0.01583648012063532,0.02638684413349668,0.00019996000799837876,0.01583648012063532,0.01583648012063532,0.0635262373306767,5.031166005125283,5.031166005125283,clean_loss,0.010339014091204524,0.010339014091204524,0.021360097370249242,3.284650113278623,3.284650113278623,6.785990001359763,-21354.159727001563,False,-0.009027722665886877
333,2588,667527,short,667528,2026-01-29 04:25:00,reversal,670116,2026-02-07 04:05:00,0.28867581517503305,False,0.009443266087664437,0.4051178041070078,0.007229380812513231,0.007229380812513231,0.009443266087664437,4.509270397164316,4.509270397164316,5.890164223739044,normal_winner,0.0,0.0,0.0,0.0,0.0,0.0,675483.4111797365,False,0.288170091764498
33,549,670115,long,670116,2026-02-07 04:05:00,reversal,670665,2026-02-09 01:50:00,1.6724308233296818,False,0.04642674970458083,0.027418588073434558,0.004647783613570766,0.007089070254223118,0.04642674970458083,1.2929519495124808,1.9720856148866326,12.915307925436794,clean_loss,0.011896591409090052,0.011896591409090052,0.011896591409090052,3.3094744363795923,3.3094744363795923,3.3094744363795923,-55662.69902890781,False,-0.01843710375275699
272,1312,670664,short,670665,2026-02-09 01:50:00,reversal,671977,2026-02-13 15:10:00,0.7242040972517939,False,0.04407981508744574,0.0761845335308915,0.01854206817625803,0.02010868172272451,0.02298405006422044,4.320643432430661,4.685693245987289,5.355707034223214,normal_winner,0.0,0.0,0.0,0.0,0.0,0.0,62265.046605071984,False,0.021011382200603196
307,549,671976,long,671977,2026-02-13 15:10:00,reversal,672526,2026-02-15 12:55:00,0.862095432684048,False,0.0007317156709825134,0.04707162752756133,0.0007118369546093017,0.0007118369546093017,0.0007118369546093017,0.13346481781215808,0.13346481781215808,0.13346481781215808,normal_winner,0.024539102518496225,0.029623084230951724,0.029623084230951724,4.600922761452503,5.554136399237907,5.554136399237907,19636.90608833218,False,0.0064913924270460005
722,803,672525,short,672526,2026-02-15 12:55:00,reversal,673329,2026-02-18 07:50:00,0.9597808533266424,False,0.0006936052245385405,0.04737471121400472,0.0006936052245385405,0.0006936052245385405,0.0006936052245385405,0.26239153901155776,0.26239153901155776,0.26239153901155776,normal_winner,0.015579239964687908,0.01653675648476982,0.035376140799988964,5.893641809985651,6.2558712518132245,13.382828877874008,5801.291542028077,False,0.0019053704589240114
1215,1222,673328,long,673329,2026-02-18 07:50:00,reversal,674551,2026-02-22 13:40:00,5.405497182052502,False,0.05697435650988614,0.007979192662859624,0.0020939234136444496,0.0020939234136444496,0.027694572371947168,1.7898809857584603,1.7898809857584603,23.673257662745083,clean_loss,0.007979192662859624,0.007979192662859624,0.007979192662859624,6.820595794427141,6.820595794427141,6.820595794427141,-107210.95022560377,False,-0.03515231079128208
141,715,674550,short,674551,2026-02-22 13:40:00,reversal,675266,2026-02-25 01:15:00,0.6855360029941779,False,0.004580365952819632,0.07749823283306456,0.0013425109854219297,0.002198083421427466,0.0027770036924967823,0.7691026394138222,1.2592461286566796,1.5909001064076638,normal_winner,0.003959988842515694,0.003959988842515694,0.008499133622760113,2.2686129975099694,2.2686129975099694,4.86901498235501,71714.46399317496,False,0.024370404057573312
453,697,675265,long,675266,2026-02-25 01:15:00,reversal,675963,2026-02-27 11:20:00,0.7324792045589952,False,0.013800466865176553,0.12611146545245044,0.002862298608998115,0.002862298608998115,0.013800466865176553,0.6652525306689221,0.6652525306689221,3.207490468538097,normal_winner,0.02074692101643527,0.02074692101643527,0.02074692101643527,4.821978275216671,4.821978275216671,4.821978275216671,101678.32145045605,False,0.033737439552070335
226,462,675962,short,675963,2026-02-27 11:20:00,reversal,676425,2026-03-01 01:50:00,1.1497089407904493,False,0.02726952737598176,0.0676031610470802,0.004196229570672783,0.004196229570672783,0.004196229570672783,1.4725095710163536,1.4725095710163536,1.4725095710163536,profit_giveback_to_loss,0.007797416867738272,0.01016364855287788,0.02659524883852482,2.73621134725193,3.5665517147003176,9.332606283504777,-31531.253458942287,True,-0.010120797634444534
459,1533,676424,long,676425,2026-03-01 01:50:00,reversal,677958,2026-03-06 09:35:00,0.706284337754506,False,0.04115390425793852,0.1051381892196308,0.00019996000799837876,0.00019996000799837876,0.00019996000799837876,0.04224017025018388,0.04224017025018388,0.04224017025018388,normal_winner,0.03219824432376339,0.03219824432376339,0.03219824432376339,6.801656669286638,6.801656669286638,6.801656669286638,95215.69392137183,False,0.030880732873935914
61,787,677957,short,677958,2026-03-06 09:35:00,reversal,678745,2026-03-09 03:10:00,0.49827845161476036,False,0.00826219913397952,0.06754354374824822,0.00826219913397952,0.00826219913397952,0.00826219913397952,3.7841758480026835,3.7841758480026835,3.7841758480026835,normal_winner,0.0026270774605998692,0.0026270774605998692,0.038229260203127446,1.2032296627115993,1.2032296627115993,17.50941133247729,107714.94338189252,False,0.03388805135279727
233,1520,678744,long,678745,2026-03-09 03:10:00,reversal,680265,2026-03-14 09:50:00,0.6303581938324604,False,0.009342072967292281,0.11393518312949902,0.004069717535469919,0.00418071449192936,0.009342072967292281,1.0639599236156965,1.0929782307308429,2.442329511584853,normal_winner,0.011252907772132392,0.011252907772132392,0.015823964251779232,2.941885472233397,2.941885472233397,4.136912119793231,138375.05150027433,False,0.04211520687801741
427,435,680264,short,680265,2026-03-14 09:50:00,reversal,680700,2026-03-15 22:05:00,22.866822091220808,False,0.03963214319409181,0.001793826770676521,0.0013760342488235988,0.0033553825800842763,0.006796254618045783,1.5135816100050214,3.6907841298925548,7.475603180356962,clean_loss,0.001793826770676521,0.001793826770676521,0.001793826770676521,1.973136361941483,1.973136361941483,1.973136361941483,-134307.65395210357,False,-0.03922529085685263
449,737,680699,long,680700,2026-03-15 22:05:00,reversal,681437,2026-03-18 11:30:00,0.3952062902929821,False,0.01001653080718945,0.11065091821967976,0.01001653080718945,0.01001653080718945,0.01001653080718945,5.083225803831023,5.083225803831023,5.083225803831023,normal_winner,0.020429740485558012,0.025338025885153437,0.04855225996198831,10.367759656589016,12.858634339256843,24.6394790196169,220104.04612457892,False,0.06692097931256798
49,1436,681436,short,681437,2026-03-18 11:30:00,reversal,682873,2026-03-23 11:10:00,0.4974077143944409,False,0.00219828477597539,0.11688052407185423,0.00219828477597539,0.00219828477597539,0.00219828477597539,0.8570918987130972,0.8570918987130972,0.8570918987130972,normal_winner,0.016134956523206734,0.029236984990946957,0.05422813353014644,6.290877630261745,11.399243288403499,21.14307228934788,206137.004997788,False,0.05874324973604878
49,1124,683664,short,683665,2026-03-26 05:10:00,fresh_entry,684789,2026-03-30 02:50:00,0.49486295696324006,False,0.0018120600668767306,0.0935307495022315,0.0018120600668767306,0.0018120600668767306,0.0018120600668767306,1.601138359404759,1.601138359404759,1.601138359404759,normal_winner,0.011943844435522544,0.011943844435522544,0.031180617138096278,10.553594681571427,10.553594681571427,27.551229168561342,175497.21646333812,False,0.047245846236569126
111,857,684788,long,684789,2026-03-30 02:50:00,reversal,685646,2026-04-02 02:15:00,0.6774121431762777,False,0.012847958944252169,0.06270164307706971,0.00522188746465746,0.00522188746465746,0.00522188746465746,1.7018893614146318,1.7018893614146318,1.7018893614146318,normal_winner,0.00010410200597910091,0.005954843662028031,0.016940309973469958,0.033928363580576715,1.9407704868947506,5.521094339555229,78668.204007864,False,0.020226788659557907
977,1113,685645,short,685646,2026-04-02 02:15:00,reversal,686759,2026-04-05 23:00:00,1.0884574114037844,False,0.005591332289661688,0.030384251768083237,0.0034530746556700187,0.0034530746556700187,0.0034530746556700187,0.6215383882513192,0.6215383882513192,0.6215383882513192,clean_loss,0.007271849027632671,0.015920981030296044,0.01999568321821754,1.308901131581456,2.8657071959627105,3.599135830737895,-10664.777364131529,False,-0.002687712258845502
309,433,686758,long,686759,2026-04-05 23:00:00,reversal,687192,2026-04-07 11:05:00,0.9771393162359543,False,0.0017765915400207444,0.04190424862528119,0.0017765915400207444,0.0017765915400207444,0.0017765915400207444,0.6373782358740268,0.6373782358740268,0.6373782358740268,normal_winner,0.016778780168157814,0.023109267261779864,0.02830879678227949,6.019633136142064,8.290788100613527,10.156195471129475,3790.1846076501533,False,0.0009579597761924984
1184,1220,687191,short,687192,2026-04-07 11:05:00,reversal,688412,2026-04-11 16:45:00,7.341795043869319,False,0.0884242705630669,0.013286039824066287,0.0017793183417782465,0.0017793183417782465,0.0017793183417782465,0.793721683989128,0.793721683989128,0.793721683989128,clean_loss,0.0010777397347812023,0.007174711241542897,0.013286039824066287,0.4807601748980016,3.2005087313840996,5.926661719321932,-333684.9960815287,False,-0.08425734150891398
569,1406,688411,long,688412,2026-04-11 16:45:00,reversal,689818,2026-04-16 13:55:00,0.7863791659876865,False,0.03953571827960145,0.06592754565012049,0.005200791933685833,0.005200791933685833,0.005200791933685833,3.4641340842356954,3.4641340842356954,3.4641340842356954,normal_winner,0.0,0.020129988667832333,0.02807923694511638,0.0,13.408146441670103,18.702967355968,51064.37563137896,False,0.014083497286163607
628,1589,689817,short,689818,2026-04-16 13:55:00,reversal,691407,2026-04-22 02:20:00,2.052516337623627,False,0.07208760959990479,0.019539347708421806,0.007483208409432729,0.021914671723379575,0.026604788531469525,2.474030266166028,7.245229338847708,8.795833077271206,clean_loss,0.005429840464789337,0.005429840464789337,0.005429840464789337,1.7951644422208706,1.7951644422208706,1.7951644422208706,-75617.12028860021,False,-0.02056548268962273
330,472,691406,long,691407,2026-04-22 02:20:00,reversal,691879,2026-04-23 17:40:00,1.6694847935457415,False,0.02406044747771474,0.0330648932573574,0.001662198207411092,0.001662198207411092,0.001662198207411092,0.7723083616880243,0.7723083616880243,0.7723083616880243,clean_loss,0.013927904111108225,0.013927904111108225,0.028541759934975985,6.471332214075466,6.471332214075466,13.261378671203529,-79703.20448626624,False,-0.022136443236013898
394,746,693264,short,693265,2026-04-28 13:10:00,fresh_entry,694011,2026-05-01 03:20:00,1.5702308843852093,False,0.036276522433523306,0.018410387913161408,0.009589204142016694,0.009589204142016694,0.015408276690015876,6.500642273276521,6.500642273276521,10.445464850474352,clean_loss,0.0021063805463303886,0.0021063805463303886,0.0021063805463303886,1.4279419042801706,1.4279419042801706,1.4279419042801706,-36962.37565251393,False,-0.010498171781596798
161,1697,694010,long,694011,2026-05-01 03:20:00,reversal,695708,2026-05-07 00:45:00,0.6476675755961354,False,0.006277771801262766,0.05938445819834315,0.0026835550429439303,0.0038903723486567454,0.006277771801262766,2.4176208655511195,3.5048453317945145,5.655658949797965,normal_winner,0.002786475570994096,0.002786475570994096,0.002786475570994096,2.510342204270021,2.510342204270021,2.510342204270021,72878.66758759832,False,0.020923070128932193
301,617,695707,short,695708,2026-05-07 00:45:00,reversal,696325,2026-05-09 04:10:00,0.7991908242716791,False,0.004819456696078417,0.029631373784880122,0.0012146848227134743,0.0012146848227134743,0.0012146848227134743,1.184663924481171,1.184663924481171,1.184663924481171,normal_winner,0.008966012938404933,0.009004543754153382,0.009043074569901943,8.744418202931017,8.781996730747025,8.819575258563141,21159.40111688059,False,0.005950251745439556
187,701,696324,long,696325,2026-05-09 04:10:00,reversal,697026,2026-05-11 14:35:00,1.2310092101020351,False,0.010290858694158356,0.025951101375853325,0.00445941318794385,0.00445941318794385,0.004691981915665777,5.278864852847384,5.278864852847384,5.554169883106036,clean_loss,0.00015319991187578985,0.00015319991187578985,0.00015319991187578985,0.18135158061756318,0.18135158061756318,0.18135158061756318,-21440.91279254062,False,-0.005994943430113709
196,510,697025,short,697026,2026-05-11 14:35:00,reversal,697536,2026-05-13 09:05:00,1.2139232533494368,True,0.016038763924191457,0.02258572059442554,0.011608079055101417,0.01404647160768957,0.016038763924191457,4.9429987025541395,5.981324782739128,6.8296906741869075,immediate_adverse,0.0,0.0,0.0,0.0,0.0,0.0,-17176.660060382914,False,-0.004831610828800888
499,618,699626,long,699627,2026-05-20 15:20:00,fresh_entry,700245,2026-05-22 18:50:00,5.122164138756257,False,0.027720685753266694,0.005693009218161071,0.005370294558481703,0.00950096760783059,0.00950096760783059,2.1132877220255555,3.738766649453109,3.738766649453109,clean_loss,0.0005086881900842055,0.0005086881900842055,0.0015949712831972995,0.20017607874907334,0.20017607874907334,0.6276440133885596,-83008.62608184759,False,-0.023467518440712362
427,1977,700244,short,700245,2026-05-22 18:50:00,reversal,702222,2026-05-29 15:35:00,0.5769469596241554,False,0.025564752237610344,0.06082798256814792,0.0030538684018504014,0.0030538684018504014,0.0030538684018504014,1.4793192506417534,1.4793192506417534,1.4793192506417534,normal_winner,0.016942019508226824,0.016942019508226824,0.019762441884087267,8.206855144145077,8.206855144145077,9.573091198397782,88887.55997676263,False,0.025733462965383855
560,561,702221,long,702222,2026-05-29 15:35:00,reversal,702783,2026-05-31 14:20:00,9.82630667147801,False,0.019083058112790763,0.002014089367712746,0.009168819315358956,0.009168819315358956,0.01697677220226923,2.4443137279338334,2.4443137279338334,4.525834343850586,clean_loss,0.002014089367712746,0.002014089367712746,0.002014089367712746,0.5369356862054275,0.5369356862054275,0.5369356862054275,-62972.413285859395,False,-0.017776970423195936
305,1921,702782,short,702783,2026-05-31 14:20:00,reversal,704704,2026-06-07 06:25:00,0.2077135500220383,False,0.008564867248227692,0.24933402266422333,0.003136204039284607,0.004387438626469953,0.004387438626469953,2.6120514565672677,3.6541676853029297,3.6541676853029297,normal_winner,0.0,0.0,0.005492828113773163,0.0,0.0,4.5748138499711954,687331.854913211,False,0.19754396767536214
481,671,704703,long,704704,2026-06-07 06:25:00,reversal,705375,2026-06-09 14:20:00,0.6530410921360794,False,0.00297059053226445,0.06851913160507661,0.0005975392760545484,0.0005975392760545484,0.0005975392760545484,0.20406656309334611,0.20406656309334611,0.20406656309334611,normal_winner,0.009453761594489185,0.009453761594489185,0.02451828854817828,3.228568755562716,3.228568755562716,8.373278673820497,99040.20316329226,False,0.023773323069481628
168,547,705374,short,705375,2026-06-09 14:20:00,reversal,705922,2026-06-11 11:55:00,1.421205365761057,False,0.014460017534131397,0.026573052633571015,0.0025291898889177045,0.0025291898889177045,0.008491570964283879,0.6044457753099818,0.6044457753099818,2.0293826958570875,clean_loss,0.008315914244098055,0.01525483993099408,0.021083780127766016,1.9874028655223381,3.6457221301264706,5.038768295585016,-47737.62205877807,False,-0.011192712353911099
110,180,705921,long,705922,2026-06-11 11:55:00,reversal,706102,2026-06-12 02:55:00,0.6646703139156475,False,0.020318447244741855,0.015581715579321864,0.01390620429421141,0.01390620429421141,0.020318447244741855,8.59771812773163,8.59771812773163,12.56218292983033,normal_winner,0.00020792822458925997,0.00020792822458925997,0.015581715579321864,0.1285547247829722,0.1285547247829722,9.633627959374872,22031.117243972607,False,0.005225011793869666
