bar,current_return_after_cost,entry_atr,entry_bar,entry_price,gross_return,open_profit_atr,side,signal_variant,time,variant
1982,0.005321966306992732,0.5399987101554871,1982,173.114616,0.0059231509371802105,1.8988637948870755,long,1h_strict_engulf_v2p0_macd4h,2019-09-30 10:00:00,1h_strict_engulf_v2p0_macd4h_armATR1p5
2902,0.012842483569878117,0.3664289116859436,2899,172.275538,0.013445132066592258,6.237329880669667,short,1h_strict_engulf_v2p0_macd4h,2019-10-03 14:40:00,1h_strict_engulf_v2p0_macd4h_armATR1p5
4028,0.004992229512968249,0.3057141900062561,4027,176.065206,0.005593348182604707,3.2212897935155365,long,1h_strict_engulf_v2p0_macd4h,2019-10-07 12:30:00,1h_strict_engulf_v2p0_macd4h_armATR1p5
5210,0.011511901776819445,1.3600006103515625,5104,185.71285,0.012114284157174637,1.6344477958913441,short,1h_strict_engulf_v2p0_macd4h,2019-10-11 15:00:00,1h_strict_engulf_v2p0_macd4h_armATR1p5
6098,0.008693880322742943,0.6542870402336121,6094,185.347062,0.009295739470636999,2.633306017164618,long,1h_strict_engulf_v2p0_macd4h,2019-10-14 17:00:00,1h_strict_engulf_v2p0_macd4h_armATR1p5
6615,0.00237449330367574,0.3221392035484314,6611,176.86462,0.0029750482023362945,1.628550621039596,short,1h_strict_engulf_v2p0_macd4h,2019-10-16 12:05:00,1h_strict_engulf_v2p0_macd4h_armATR1p5
8039,0.008596958584581938,0.4000004231929779,7835,175.555104,0.009198798344250969,4.037235728675443,long,1h_strict_engulf_v2p0_macd4h,2019-10-21 10:45:00,1h_strict_engulf_v2p0_macd4h_armATR1p5
8476,0.0018322997510628717,0.26428550481796265,8379,171.305732,0.0024327462110129705,1.5730412467621788,short,1h_strict_engulf_v2p0_macd4h,2019-10-22 23:10:00,1h_strict_engulf_v2p0_macd4h_armATR1p5
9191,0.0025513755889480906,0.3271419107913971,9191,164.08281,0.0031520059901459785,1.5809347042965307,long,1h_strict_engulf_v2p0_macd4h,2019-10-25 10:45:00,1h_strict_engulf_v2p0_macd4h_armATR1p5
10667,0.009543440705395768,0.7121440172195435,10628,182.553482,0.01014542939353702,2.5745944017876488,short,1h_strict_engulf_v2p0_macd4h,2019-10-30 13:45:00,1h_strict_engulf_v2p0_macd4h_armATR1p5
11563,0.002672986184479598,0.3764277994632721,11330,184.24684200000002,0.0032736409126621346,1.6023205535297589,long,1h_strict_engulf_v2p0_macd4h,2019-11-02 16:25:00,1h_strict_engulf_v2p0_macd4h_armATR1p5
11816,0.0008578832014016328,0.16785867512226105,11781,181.153762,0.0014581347780420195,1.5713337413624953,short,1h_strict_engulf_v2p0_macd4h,2019-11-03 13:30:00,1h_strict_engulf_v2p0_macd4h_armATR1p5
12405,0.009634097668359055,0.2892870306968689,12405,188.767746,0.010236144897338484,6.679366148372977,long,1h_strict_engulf_v2p0_macd4h,2019-11-05 14:35:00,1h_strict_engulf_v2p0_macd4h_armATR1p5
12915,0.0027736996072320165,0.22571346163749695,12871,188.04238400000003,0.003374334347153507,2.801711494796262,short,1h_strict_engulf_v2p0_macd4h,2019-11-07 09:05:00,1h_strict_engulf_v2p0_macd4h_armATR1p5
13737,0.005716656331018877,0.27285656332969666,13737,187.177428,0.006317919915001857,4.334042713024654,long,1h_strict_engulf_v2p0_macd4h,2019-11-10 05:35:00,1h_strict_engulf_v2p0_macd4h_armATR1p5
14238,0.0012072001315805551,0.15928541123867035,14236,184.603072,0.001807521571606907,2.091038955858413,short,1h_strict_engulf_v2p0_macd4h,2019-11-11 23:20:00,1h_strict_engulf_v2p0_macd4h_armATR1p5
15723,0.0015084982695549702,0.08071572333574295,15687,182.253542,0.0021088799692088323,4.751763152820109,short,1h_strict_engulf_v2p0_macd4h,2019-11-17 03:05:00,1h_strict_engulf_v2p0_macd4h_armATR1p5
30753,0.005290933532021658,0.25499942898750305,30663,143.62127,0.005892071718728076,3.299105426786024,short,1h_strict_engulf_v2p0_macd4h,2020-01-08 07:35:00,1h_strict_engulf_v2p0_macd4h_armATR1p5
48867,0.004748970205958836,0.5749980211257935,48807,201.029786,0.005349999999999966,1.8605037942660227,short,1h_strict_engulf_v2p0_macd4h,2020-03-11 05:05:00,1h_strict_engulf_v2p0_macd4h_armATR1p5
57453,0.0015632007404666308,0.0678580179810524,57447,169.23384,0.0021636334671599755,5.395972515764439,long,1h_strict_engulf_v2p0_macd4h,2020-04-10 00:35:00,1h_strict_engulf_v2p0_macd4h_armATR1p5
57494,0.022128406818636214,0.5842841267585754,57493,163.63726599999998,0.02273291249999998,6.2251665472727975,short,1h_strict_engulf_v2p0_macd4h,2020-04-10 04:00:00,1h_strict_engulf_v2p0_macd4h_armATR1p5
58193,0.0015692437736491542,0.1135711669921875,58193,160.362066,0.0021696777091908537,3.0635768673922623,long,1h_strict_engulf_v2p0_macd4h,2020-04-12 14:15:00,1h_strict_engulf_v2p0_macd4h_armATR1p5
59164,0.005230454237021354,0.31428417563438416,59163,153.38931599999998,0.0058315803278687905,2.829655671351861,short,1h_strict_engulf_v2p0_macd4h,2020-04-15 23:10:00,1h_strict_engulf_v2p0_macd4h_armATR1p5
60992,0.003140459641161231,0.16499873995780945,60992,175.075008,0.003741207882737907,3.9696787997743246,long,1h_strict_engulf_v2p0_macd4h,2020-04-22 07:30:00,1h_strict_engulf_v2p0_macd4h_armATR1p5
101758,0.0030860043811120176,0.7314257025718689,101495,370.494084,0.00368674172945771,1.8674706059646762,long,1h_strict_engulf_v2p0_macd4h,2020-09-11 22:00:00,1h_strict_engulf_v2p0_macd4h_armATR1p5
109851,0.004235572912795149,0.7292851209640503,109847,365.333052,0.004836540220839458,2.42284937565196,long,1h_strict_engulf_v2p0_macd4h,2020-10-10 00:25:00,1h_strict_engulf_v2p0_macd4h_armATR1p5
150990,0.005939655056138538,5.375,150989,1576.9353239999998,0.0065409632487882785,1.9190094883721285,long,1h_strict_engulf_v2p0_macd4h,2021-03-02 00:10:00,1h_strict_engulf_v2p0_macd4h_armATR1p5
184388,0.011410973083070887,10.523576736450195,184304,1804.359056,0.012013335277687442,2.03533993588049,short,1h_strict_engulf_v2p0_macd4h,2021-06-26 07:05:00,1h_strict_engulf_v2p0_macd4h_armATR1p5
189490,0.004408377687419707,5.4350152015686035,189488,1942.36145,0.00500933936295711,1.781310565093888,short,1h_strict_engulf_v2p0_macd4h,2021-07-14 00:15:00,1h_strict_engulf_v2p0_macd4h_armATR1p5
192945,0.01635670437402643,6.963553428649902,192656,2182.9765079999997,0.01696009639330498,5.316752772754756,long,1h_strict_engulf_v2p0_macd4h,2021-07-26 00:10:00,1h_strict_engulf_v2p0_macd4h_armATR1p5
212540,0.003099379412339243,7.374215126037598,212528,3305.06088,0.003700119436226501,1.658362251573079,long,1h_strict_engulf_v2p0_macd4h,2021-10-02 01:05:00,1h_strict_engulf_v2p0_macd4h_armATR1p5
231635,0.005414779405960202,16.516462326049805,231536,4354.9308120000005,0.006015982602480818,1.5862469506365278,long,1h_strict_engulf_v2p0_macd4h,2021-12-07 08:20:00,1h_strict_engulf_v2p0_macd4h_armATR1p5
240464,0.002245748202423803,6.412178993225098,240464,3406.5785480000004,0.0028462773520643303,1.507841251814092,short,1h_strict_engulf_v2p0_macd4h,2022-01-07 00:05:00,1h_strict_engulf_v2p0_macd4h_armATR1p5
246226,0.011237444164167344,9.597847938537598,246224,2465.162934,0.011839812126592575,3.0410010855461755,long,1h_strict_engulf_v2p0_macd4h,2022-01-27 00:15:00,1h_strict_engulf_v2p0_macd4h_armATR1p5
248591,0.005519766559005612,8.381417274475098,248591,2752.75044,0.006120990757157108,2.0103473491665937,long,1h_strict_engulf_v2p0_macd4h,2022-02-04 05:20:00,1h_strict_engulf_v2p0_macd4h_armATR1p5
249753,0.0063222661491739275,8.390694618225098,249750,3195.0088739999997,0.006923650879349763,2.6363879281164673,long,1h_strict_engulf_v2p0_macd4h,2022-02-08 06:10:00,1h_strict_engulf_v2p0_macd4h_armATR1p5
251713,0.004778397747638286,8.489954948425293,251580,2959.0816979999995,0.005379473642366683,1.8749571813632535,long,1h_strict_engulf_v2p0_macd4h,2022-02-15 01:30:00,1h_strict_engulf_v2p0_macd4h_armATR1p5
252431,0.007985085315961494,7.269984722137451,252179,3050.369804,0.008586762333024689,3.572195127304813,short,1h_strict_engulf_v2p0_macd4h,2022-02-17 13:20:00,1h_strict_engulf_v2p0_macd4h_armATR1p5
254084,0.007232942250183294,8.419276237487793,254066,2666.013096,0.007834509152013558,2.4808431759251017,long,1h_strict_engulf_v2p0_macd4h,2022-02-23 07:35:00,1h_strict_engulf_v2p0_macd4h_armATR1p5
255383,0.009593967008920857,12.058610916137695,255380,2650.31983,0.010195965802322737,2.218317697289761,short,1h_strict_engulf_v2p0_macd4h,2022-02-27 19:50:00,1h_strict_engulf_v2p0_macd4h_armATR1p5
258066,0.011858052859293934,9.232840538024902,258056,2632.596414,0.012460544968287746,3.5529245701688863,long,1h_strict_engulf_v2p0_macd4h,2022-03-09 03:25:00,1h_strict_engulf_v2p0_macd4h_armATR1p5
259451,0.01059497687624207,10.048566818237305,258628,2534.323034,0.011197175871617393,2.7927399506432837,short,1h_strict_engulf_v2p0_macd4h,2022-03-13 22:50:00,1h_strict_engulf_v2p0_macd4h_armATR1p5
261338,0.0036838394382878283,5.132864952087402,261337,2885.982688,0.004284656206175352,2.3987944578578344,short,1h_strict_engulf_v2p0_macd4h,2022-03-20 12:05:00,1h_strict_engulf_v2p0_macd4h_armATR1p5
261808,0.016433052059530117,12.202863693237305,261799,2964.072696,0.017036459351400524,4.1381519346139255,long,1h_strict_engulf_v2p0_macd4h,2022-03-22 03:15:00,1h_strict_engulf_v2p0_macd4h_armATR1p5
266387,0.008045115393906023,12.254255294799805,266378,3176.894494,0.008646804416984732,2.222451984622636,short,1h_strict_engulf_v2p0_macd4h,2022-04-07 00:50:00,1h_strict_engulf_v2p0_macd4h_armATR1p5
266760,0.00378024357836666,6.5513739585876465,266698,3272.1543,0.004381119802327138,2.1881974820271353,long,1h_strict_engulf_v2p0_macd4h,2022-04-08 07:55:00,1h_strict_engulf_v2p0_macd4h_armATR1p5
267818,0.003613236265976161,7.342825889587402,267818,2984.2630280000003,0.0042140389132294676,1.705477998294768,short,1h_strict_engulf_v2p0_macd4h,2022-04-12 00:05:00,1h_strict_engulf_v2p0_macd4h_armATR1p5
269538,0.005073033695198026,8.192818641662598,269538,3012.587362,0.0056741283019372535,2.0746659658208584,short,1h_strict_engulf_v2p0_macd4h,2022-04-17 23:25:00,1h_strict_engulf_v2p0_macd4h_armATR1p5
270260,0.0038783904885796973,9.051408767700195,270002,3118.02348,0.00447928634584871,1.5430216840763225,long,1h_strict_engulf_v2p0_macd4h,2022-04-20 11:35:00,1h_strict_engulf_v2p0_macd4h_armATR1p5
271794,0.004021783687789338,7.473580360412598,271787,2971.384158,0.004622708229435224,1.8379198908141166,long,1h_strict_engulf_v2p0_macd4h,2022-04-25 19:25:00,1h_strict_engulf_v2p0_macd4h_armATR1p5
272913,0.005809334333136418,8.485037803649902,272853,2837.23244,0.006410576200003071,2.1299186188924666,short,1h_strict_engulf_v2p0_macd4h,2022-04-29 16:40:00,1h_strict_engulf_v2p0_macd4h_armATR1p5
273635,0.008324822963988466,9.637137413024902,273570,2835.677022,0.00892660828564562,2.6266075614724165,long,1h_strict_engulf_v2p0_macd4h,2022-05-02 04:50:00,1h_strict_engulf_v2p0_macd4h_armATR1p5
274622,0.003921758591947944,7.962855815887451,274101,2762.4773940000005,0.004522622943666343,1.5619263098027554,short,1h_strict_engulf_v2p0_macd4h,2022-05-05 15:05:00,1h_strict_engulf_v2p0_macd4h_armATR1p5
277560,0.005888128148685068,7.621425151824951,277466,2089.877892,0.00648942603389191,1.779471388858635,long,1h_strict_engulf_v2p0_macd4h,2022-05-15 19:55:00,1h_strict_engulf_v2p0_macd4h_armATR1p5
278349,0.007383581215312196,6.490714073181152,278340,2001.989522,0.00798513793155542,2.443417137342346,short,1h_strict_engulf_v2p0_macd4h,2022-05-18 13:40:00,1h_strict_engulf_v2p0_macd4h_armATR1p5
279893,0.007677235902458346,10.33001708984375,279862,1989.082104,0.008278851349638794,1.581033589582097,short,1h_strict_engulf_v2p0_macd4h,2022-05-23 22:20:00,1h_strict_engulf_v2p0_macd4h_armATR1p5
281664,0.004818961327755345,3.2178518772125244,281661,1836.297186,0.005420045336822721,3.0929994231498465,long,1h_strict_engulf_v2p0_macd4h,2022-05-30 01:55:00,1h_strict_engulf_v2p0_macd4h_armATR1p5
282392,0.003477894363351064,4.3500189781188965,282267,1916.876548,0.004078669942223723,1.790003225081841,short,1h_strict_engulf_v2p0_macd4h,2022-06-01 14:35:00,1h_strict_engulf_v2p0_macd4h_armATR1p5
283346,0.006903183119361733,3.097874164581299,283346,1796.319192,0.007504684056172994,4.3516318881280505,long,1h_strict_engulf_v2p0_macd4h,2022-06-04 22:05:00,1h_strict_engulf_v2p0_macd4h_armATR1p5
283952,0.01334069184249649,9.680009841918945,283952,1780.423844,0.013943439980864891,2.529320155644205,short,1h_strict_engulf_v2p0_macd4h,2022-06-07 00:35:00,1h_strict_engulf_v2p0_macd4h_armATR1p5
288844,0.011856017209771209,7.140006065368652,288796,1141.5282599999998,0.012458508911553423,1.9918386440846652,long,1h_strict_engulf_v2p0_macd4h,2022-06-24 00:15:00,1h_strict_engulf_v2p0_macd4h_armATR1p5
289872,0.00846730173061312,5.250706195831299,289870,1192.91137,0.00906907519095923,2.0418910523906315,short,1h_strict_engulf_v2p0_macd4h,2022-06-27 13:55:00,1h_strict_engulf_v2p0_macd4h_armATR1p5
291864,0.007548464794719445,3.721435546875,291864,1092.208398,0.008150094813682118,2.391980698812546,long,1h_strict_engulf_v2p0_macd4h,2022-07-04 11:55:00,1h_strict_engulf_v2p0_macd4h_armATR1p5
293578,0.005700112678597114,3.5906982421875,293479,1188.502252,0.006301332701132978,2.0726475738228944,short,1h_strict_engulf_v2p0_macd4h,2022-07-10 10:45:00,1h_strict_engulf_v2p0_macd4h_armATR1p5
294592,0.0097268748714769,4.95001220703125,294463,1099.829922,0.010328940659608765,2.294959593001351,long,1h_strict_engulf_v2p0_macd4h,2022-07-13 23:15:00,1h_strict_engulf_v2p0_macd4h_armATR1p5
296666,0.008257781814368493,7.339992046356201,296666,1481.893562,0.008859513370731431,1.7729667713277972,short,1h_strict_engulf_v2p0_macd4h,2022-07-21 04:05:00,1h_strict_engulf_v2p0_macd4h_armATR1p5
297616,0.008290407870024509,7.85357666015625,297550,1606.881312,0.008892186307285943,1.8193860731622138,long,1h_strict_engulf_v2p0_macd4h,2022-07-24 11:15:00,1h_strict_engulf_v2p0_macd4h_armATR1p5
299914,0.007902645402140652,6.627162456512451,299769,1670.405852,0.00850430593122109,2.12547256724605,short,1h_strict_engulf_v2p0_macd4h,2022-08-01 10:45:00,1h_strict_engulf_v2p0_macd4h_armATR1p5
301072,0.009601120741530479,3.8128488063812256,300509,1681.2261780000001,0.010203161373805392,4.498951537572423,long,1h_strict_engulf_v2p0_macd4h,2022-08-05 11:15:00,1h_strict_engulf_v2p0_macd4h_armATR1p5
302230,0.008110137998811063,5.8042778968811035,302229,1711.05772,0.008711840026410789,2.5460049057852263,short,1h_strict_engulf_v2p0_macd4h,2022-08-09 11:45:00,1h_strict_engulf_v2p0_macd4h_armATR1p5
302686,0.007581827991376589,7.3214287757873535,302683,1891.82829,0.008183464684313302,2.1145749653673445,long,1h_strict_engulf_v2p0_macd4h,2022-08-11 01:45:00,1h_strict_engulf_v2p0_macd4h_armATR1p5
303732,0.008122920048348982,4.76141357421875,303731,1958.368248,0.00872462463235868,3.5573990236248587,short,1h_strict_engulf_v2p0_macd4h,2022-08-14 16:55:00,1h_strict_engulf_v2p0_macd4h_armATR1p5
304465,0.009788192183739232,4.6656928062438965,304463,1919.6938619999999,0.010390270237786714,4.275064567754479,long,1h_strict_engulf_v2p0_macd4h,2022-08-17 06:00:00,1h_strict_engulf_v2p0_macd4h_armATR1p5
304986,0.007558106683148003,7.469979286193848,304974,1821.865554,0.008159698304484486,1.9739752193494147,short,1h_strict_engulf_v2p0_macd4h,2022-08-19 01:25:00,1h_strict_engulf_v2p0_macd4h_armATR1p5
306341,0.009695479260732621,7.6235527992248535,305802,1643.248584,0.01029753876848627,2.2196233758255954,long,1h_strict_engulf_v2p0_macd4h,2022-08-23 18:20:00,1h_strict_engulf_v2p0_macd4h_armATR1p5
307070,0.004608217753291966,3.3350131511688232,307070,1653.579218,0.0052092193968427125,2.5694705272741833,short,1h_strict_engulf_v2p0_macd4h,2022-08-26 07:05:00,1h_strict_engulf_v2p0_macd4h_armATR1p5
308021,0.009638436765920312,7.596435546875,308019,1510.4720340000001,0.010240484862892751,2.0362136826610873,long,1h_strict_engulf_v2p0_macd4h,2022-08-29 14:20:00,1h_strict_engulf_v2p0_macd4h_armATR1p5
309834,0.0021978386298493026,2.6028616428375244,309722,1574.194776,0.0027983983095112297,1.6924541541122724,long,1h_strict_engulf_v2p0_macd4h,2022-09-04 21:25:00,1h_strict_engulf_v2p0_macd4h_armATR1p5
312173,0.013812379410928345,6.3071112632751465,312072,1707.098512,0.014415221886810548,3.8462159596346157,short,1h_strict_engulf_v2p0_macd4h,2022-09-13 00:20:00,1h_strict_engulf_v2p0_macd4h_armATR1p5
312729,0.006970151410331038,5.7278618812561035,312729,1631.57625,0.007571665743479672,2.1567821040564006,long,1h_strict_engulf_v2p0_macd4h,2022-09-14 22:40:00,1h_strict_engulf_v2p0_macd4h_armATR1p5
313468,0.007292660527278017,7.116428852081299,313231,1422.985346,0.007894199059383489,1.5661431079635406,short,1h_strict_engulf_v2p0_macd4h,2022-09-17 12:15:00,1h_strict_engulf_v2p0_macd4h_armATR1p5
315829,0.011446447896356028,3.527858257293701,315789,1303.549238,0.012048817185935201,4.399053722726729,short,1h_strict_engulf_v2p0_macd4h,2022-09-25 17:00:00,1h_strict_engulf_v2p0_macd4h_armATR1p5
317595,0.00230428523791022,2.3335483074188232,317554,1307.948358,0.002904826094957791,1.6234324303276937,short,1h_strict_engulf_v2p0_macd4h,2022-10-01 20:10:00,1h_strict_engulf_v2p0_macd4h_armATR1p5
318112,0.005756055064570065,5.2778754234313965,318102,1316.0931659999999,0.006357326529875973,1.5852655337136545,long,1h_strict_engulf_v2p0_macd4h,2022-10-03 15:15:00,1h_strict_engulf_v2p0_macd4h_armATR1p5
318669,0.0033510354936551858,2.602146625518799,318664,1324.864974,0.003951785700754051,2.004104591515959,short,1h_strict_engulf_v2p0_macd4h,2022-10-05 13:40:00,1h_strict_engulf_v2p0_macd4h_armATR1p5
319957,0.003218580316819164,1.980712890625,319955,1331.0761619999998,0.003819344185656215,2.566670830519042,long,1h_strict_engulf_v2p0_macd4h,2022-10-10 01:00:00,1h_strict_engulf_v2p0_macd4h_armATR1p5
321909,0.004357951228407275,1.3914445638656616,321908,1294.848918,0.00495894301701072,4.6146876179969745,long,1h_strict_engulf_v2p0_macd4h,2022-10-16 19:40:00,1h_strict_engulf_v2p0_macd4h_armATR1p5
322473,0.006971471677901642,3.933558940887451,322432,1305.068934,0.007572945972237122,2.493653749036467,short,1h_strict_engulf_v2p0_macd4h,2022-10-18 18:40:00,1h_strict_engulf_v2p0_macd4h_armATR1p5
323561,0.0029119768564513484,2.8721401691436768,322997,1309.0417559999999,0.0035126793923296873,1.600981752005233,long,1h_strict_engulf_v2p0_macd4h,2022-10-22 13:20:00,1h_strict_engulf_v2p0_macd4h_armATR1p5
327315,0.014040930303585731,11.787833213806152,326789,1612.792494,0.014643859075400778,2.0035493861873395,long,1h_strict_engulf_v2p0_macd4h,2022-11-04 14:10:00,1h_strict_engulf_v2p0_macd4h_armATR1p5
327747,0.002030211799188564,2.0114047527313232,327744,1618.366262,0.002630697841548457,2.111092754570674,short,1h_strict_engulf_v2p0_macd4h,2022-11-06 02:10:00,1h_strict_engulf_v2p0_macd4h_armATR1p5
329844,0.006577082690949876,4.194998741149902,329822,1241.9215660000002,0.007178478107487951,2.1100282851512726,short,1h_strict_engulf_v2p0_macd4h,2022-11-13 08:55:00,1h_strict_engulf_v2p0_macd4h_armATR1p5
331731,0.0027641557855266454,1.0542863607406616,331730,1217.463444,0.0033648287512770825,3.8856198396819197,long,1h_strict_engulf_v2p0_macd4h,2022-11-19 22:10:00,1h_strict_engulf_v2p0_macd4h_armATR1p5
332275,0.016045404514573657,4.319266319274902,332258,1100.37988,0.016648693595476605,4.171977059989472,short,1h_strict_engulf_v2p0_macd4h,2022-11-21 19:30:00,1h_strict_engulf_v2p0_macd4h_armATR1p5
334071,0.005062145467133528,3.79571533203125,334054,1193.541244,0.005663237896226914,1.770745014327311,short,1h_strict_engulf_v2p0_macd4h,2022-11-28 01:10:00,1h_strict_engulf_v2p0_macd4h_armATR1p5
334641,0.03245479764723021,2.3435757160186768,334641,1230.2560019999999,0.03306140992921591,17.355529724082558,long,1h_strict_engulf_v2p0_macd4h,2022-11-30 00:40:00,1h_strict_engulf_v2p0_macd4h_armATR1p5
335732,0.0013274607675383802,0.9650093913078308,335631,1266.39667,0.001927806259691911,2.525022058798565,short,1h_strict_engulf_v2p0_macd4h,2022-12-03 19:35:00,1h_strict_engulf_v2p0_macd4h_armATR1p5
336102,0.0033291514451416317,3.0143258571624756,336080,1288.167582,0.003929937432628261,1.6794527996934836,long,1h_strict_engulf_v2p0_macd4h,2022-12-05 02:25:00,1h_strict_engulf_v2p0_macd4h_armATR1p5
338502,0.0024981358056279214,2.43572998046875,338497,1279.2858059999999,0.003098755556739219,1.6275178413812663,long,1h_strict_engulf_v2p0_macd4h,2022-12-13 10:25:00,1h_strict_engulf_v2p0_macd4h_armATR1p5
338974,0.002624694640962222,2.7221243381500244,338974,1294.301088,0.0032252995798904838,1.5286179039226921,short,1h_strict_engulf_v2p0_macd4h,2022-12-15 01:45:00,1h_strict_engulf_v2p0_macd4h_armATR1p5
340449,0.006072788714475319,2.0635898113250732,340449,1200.1599840000001,0.006674123539182952,3.881593113147111,long,1h_strict_engulf_v2p0_macd4h,2022-12-20 04:40:00,1h_strict_engulf_v2p0_macd4h_armATR1p5
341147,0.005160359557212457,2.9471261501312256,341144,1199.290094,0.005761471629123882,2.331116365580068,short,1h_strict_engulf_v2p0_macd4h,2022-12-22 14:50:00,1h_strict_engulf_v2p0_macd4h_armATR1p5
345491,0.003750647609061586,2.6999948024749756,345478,1258.931736,0.004351517912644098,2.028990572492354,long,1h_strict_engulf_v2p0_macd4h,2023-01-06 16:50:00,1h_strict_engulf_v2p0_macd4h_armATR1p5
356614,0.0031396069792044125,3.5378506183624268,356059,1548.099558,0.0037403550502146388,1.6367118413497197,long,1h_strict_engulf_v2p0_macd4h,2023-02-14 14:55:00,1h_strict_engulf_v2p0_macd4h_armATR1p5
363281,0.017058142672663656,5.3571343421936035,363060,1532.313476,0.01766163430119816,4.964123410261668,short,1h_strict_engulf_v2p0_macd4h,2023-03-09 18:30:00,1h_strict_engulf_v2p0_macd4h_armATR1p5
364216,0.005407397770449141,5.87286376953125,364213,1576.855308,0.006008599490347155,1.613300149946478,long,1h_strict_engulf_v2p0_macd4h,2023-03-13 00:25:00,1h_strict_engulf_v2p0_macd4h_armATR1p5
386390,0.0052452884432540705,3.5685861110687256,386388,1910.2219679999998,0.005846457734800969,3.129539725932422,long,1h_strict_engulf_v2p0_macd4h,2023-05-29 00:15:00,1h_strict_engulf_v2p0_macd4h_armATR1p5
392617,0.002455195850222536,3.1628592014312744,392436,1721.8555600000002,0.003055766889392686,1.6584867254370812,short,1h_strict_engulf_v2p0_macd4h,2023-06-19 15:10:00,1h_strict_engulf_v2p0_macd4h_armATR1p5
393304,0.005826081562490826,3.845703125,393300,1889.1477539999998,0.006427367035897857,3.1573539624175004,long,1h_strict_engulf_v2p0_macd4h,2023-06-22 00:25:00,1h_strict_engulf_v2p0_macd4h_armATR1p5
409888,0.01266771877890034,14.259294509887695,409716,1687.652402,0.013270332322656175,1.5500347499431835,short,1h_strict_engulf_v2p0_macd4h,2023-08-18 14:25:00,1h_strict_engulf_v2p0_macd4h_armATR1p5
415402,0.003468622409753941,2.1414358615875244,415082,1641.9183179999998,0.004069436297013285,3.1201877767409587,long,1h_strict_engulf_v2p0_macd4h,2023-09-06 17:55:00,1h_strict_engulf_v2p0_macd4h_armATR1p5
417501,0.00511279603411281,2.1871249675750732,417501,1623.294594,0.005713938821877207,4.240912676463969,long,1h_strict_engulf_v2p0_macd4h,2023-09-14 00:50:00,1h_strict_engulf_v2p0_macd4h_armATR1p5
418649,0.0026915358258365442,1.9957101345062256,417955,1614.2970759999998,0.003292154133001768,2.6542311473055804,short,1h_strict_engulf_v2p0_macd4h,2023-09-18 00:30:00,1h_strict_engulf_v2p0_macd4h_armATR1p5
420526,0.00032849489505566465,0.40142822265625,420483,1594.838904,0.0009286806311816775,3.689566194921646,long,1h_strict_engulf_v2p0_macd4h,2023-09-24 12:55:00,1h_strict_engulf_v2p0_macd4h_armATR1p5
423141,0.004109730971353987,4.150015830993652,422900,1652.8293680000002,0.004710632917548141,1.8673104671373686,short,1h_strict_engulf_v2p0_macd4h,2023-10-03 14:50:00,1h_strict_engulf_v2p0_macd4h_armATR1p5
424086,0.0016978857127007533,1.6599818468093872,424061,1653.1205579999998,0.0022983453817770894,2.288845511957282,long,1h_strict_engulf_v2p0_macd4h,2023-10-06 21:35:00,1h_strict_engulf_v2p0_macd4h_armATR1p5
424521,0.00028296366332409873,0.6300048828125,424516,1626.07472,0.0008831002560567569,2.2773156830071217,short,1h_strict_engulf_v2p0_macd4h,2023-10-08 09:50:00,1h_strict_engulf_v2p0_macd4h_armATR1p5
426094,0.0016547262678012324,2.1064016819000244,426094,1555.921122,0.002255177303261746,1.6658161784389593,long,1h_strict_engulf_v2p0_macd4h,2023-10-13 20:55:00,1h_strict_engulf_v2p0_macd4h_armATR1p5
427160,0.003175406817853732,1.9585832357406616,427152,1572.455446,0.0037761218992173884,3.020267860999524,short,1h_strict_engulf_v2p0_macd4h,2023-10-17 13:45:00,1h_strict_engulf_v2p0_macd4h_armATR1p5
427889,0.0010634210326804898,1.5607038736343384,427888,1577.495436,0.001663753783437194,1.6816540564407418,long,1h_strict_engulf_v2p0_macd4h,2023-10-20 02:30:00,1h_strict_engulf_v2p0_macd4h_armATR1p5
457239,0.001328554699777618,2.622105121612549,457236,2311.052118,0.0019289404878752858,1.7001156678488294,long,1h_strict_engulf_v2p0_macd4h,2024-01-30 00:20:00,1h_strict_engulf_v2p0_macd4h_armATR1p5
459544,0.0027447014765642043,2.9450161457061768,459540,2377.7754600000003,0.003345370550674076,2.701017449971341,long,1h_strict_engulf_v2p0_macd4h,2024-02-07 00:25:00,1h_strict_engulf_v2p0_macd4h_armATR1p5
476834,0.003920214459994531,8.854265213012695,476820,3359.401746,0.0045211186837312844,1.7153601834377723,long,1h_strict_engulf_v2p0_macd4h,2024-04-07 01:15:00,1h_strict_engulf_v2p0_macd4h_armATR1p5
502486,0.01569348130373922,12.714320182800293,502452,3048.8901,0.016296700000000053,3.8452783394693597,short,1h_strict_engulf_v2p0_macd4h,2024-07-05 02:55:00,1h_strict_engulf_v2p0_macd4h_armATR1p5
505922,0.004907150174491237,6.034981727600098,505620,3487.957452,0.005508251824856147,3.1835304342570283,long,1h_strict_engulf_v2p0_macd4h,2024-07-17 01:15:00,1h_strict_engulf_v2p0_macd4h_armATR1p5
510810,0.003777427515134946,8.375017166137695,510804,2991.741532,0.0043782630006379275,1.5571946589829557,short,1h_strict_engulf_v2p0_macd4h,2024-08-03 00:35:00,1h_strict_engulf_v2p0_macd4h_armATR1p5
514098,0.007295560034285176,6.4999823570251465,514048,2738.0174939999997,0.007897139462177627,3.326548413878488,long,1h_strict_engulf_v2p0_macd4h,2024-08-14 10:35:00,1h_strict_engulf_v2p0_macd4h_armATR1p5
516626,0.0037334905866290404,2.1085903644561768,516626,2653.100514,0.004334357458120719,5.453636796336931,long,1h_strict_engulf_v2p0_macd4h,2024-08-23 05:15:00,1h_strict_engulf_v2p0_macd4h_armATR1p5
517579,0.002288083929374807,4.560756206512451,517456,2733.4631980000004,0.0028886215461607634,1.7262922295118155,short,1h_strict_engulf_v2p0_macd4h,2024-08-26 12:40:00,1h_strict_engulf_v2p0_macd4h_armATR1p5
518432,0.0056539831522734564,3.9771206378936768,518370,2556.081114,0.006255234199113113,4.0202164972466035,long,1h_strict_engulf_v2p0_macd4h,2024-08-29 11:45:00,1h_strict_engulf_v2p0_macd4h_armATR1p5
519220,0.0031338914810836284,3.44140625,519181,2484.223056,0.003734598259379718,2.6858369307604404,short,1h_strict_engulf_v2p0_macd4h,2024-09-01 05:25:00,1h_strict_engulf_v2p0_macd4h_armATR1p5
521440,0.0043716830701582944,5.931344032287598,521440,2316.0331140000003,0.004972677605679543,1.941699206336217,long,1h_strict_engulf_v2p0_macd4h,2024-09-08 22:25:00,1h_strict_engulf_v2p0_macd4h_armATR1p5
522201,0.005317509082179939,3.9657156467437744,522161,2314.3170440000004,0.0059186525839964865,3.4336914728572148,short,1h_strict_engulf_v2p0_macd4h,2024-09-11 13:50:00,1h_strict_engulf_v2p0_macd4h_armATR1p5
523936,0.004051721121830676,6.368599891662598,523935,2345.1289319999996,0.0046526516521609995,1.7132600863000484,long,1h_strict_engulf_v2p0_macd4h,2024-09-17 14:25:00,1h_strict_engulf_v2p0_macd4h_armATR1p5
525467,0.004556072732179795,4.33642578125,525467,2549.4100160000003,0.005157063946726215,3.0163126638892805,short,1h_strict_engulf_v2p0_macd4h,2024-09-22 22:00:00,1h_strict_engulf_v2p0_macd4h_armATR1p5
526527,0.004434084330828991,5.5864434242248535,526527,2637.987492,0.00503509134909863,2.3776322413652284,long,1h_strict_engulf_v2p0_macd4h,2024-09-26 14:20:00,1h_strict_engulf_v2p0_macd4h_armATR1p5
527314,0.0012908339574610576,2.9778878688812256,527308,2644.1310679999997,0.0018911721242524937,1.6760429605681988,short,1h_strict_engulf_v2p0_macd4h,2024-09-29 07:55:00,1h_strict_engulf_v2p0_macd4h_armATR1p5
528850,0.007127618967493099,5.205723285675049,528850,2396.22915,0.007729164800453159,3.557786110330719,long,1h_strict_engulf_v2p0_macd4h,2024-10-04 15:55:00,1h_strict_engulf_v2p0_macd4h_armATR1p5
530348,0.00799096861308053,6.307181358337402,529800,2412.987306,0.008592646806803161,3.2593491184181107,short,1h_strict_engulf_v2p0_macd4h,2024-10-09 20:45:00,1h_strict_engulf_v2p0_macd4h_armATR1p5
530825,0.0012619033812637074,2.003574848175049,530796,2419.7038439999997,0.0018622758364310599,2.249057979593223,long,1h_strict_engulf_v2p0_macd4h,2024-10-11 12:30:00,1h_strict_engulf_v2p0_macd4h_armATR1p5
531995,0.0052220164595328635,8.320695877075195,531995,2658.08151,0.0058231810957520835,1.860239843958917,long,1h_strict_engulf_v2p0_macd4h,2024-10-15 14:00:00,1h_strict_engulf_v2p0_macd4h_armATR1p5
533849,0.005845643864145167,5.127127647399902,533849,2644.710952,0.0064468929929180074,3.304179877126936,short,1h_strict_engulf_v2p0_macd4h,2024-10-22 00:30:00,1h_strict_engulf_v2p0_macd4h_armATR1p5
535559,0.0026766454420312337,2.253574848175049,535544,2513.472594,0.0032773009022115662,3.655261775161746,long,1h_strict_engulf_v2p0_macd4h,2024-10-27 23:00:00,1h_strict_engulf_v2p0_macd4h_armATR1p5
536603,0.013581864692097058,4.424961566925049,536601,2609.557984,0.014184661065035353,8.248203616684272,short,1h_strict_engulf_v2p0_macd4h,2024-10-31 14:00:00,1h_strict_engulf_v2p0_macd4h_armATR1p5
538175,0.004806953008329851,8.712193489074707,538173,2485.7370479999995,0.005408034615252744,1.543004298155006,long,1h_strict_engulf_v2p0_macd4h,2024-11-06 01:00:00,1h_strict_engulf_v2p0_macd4h_armATR1p5
552338,0.0010255168907850724,3.4300014972686768,552276,3488.8776359999997,0.0016258420591970246,1.653749715420648,long,1h_strict_engulf_v2p0_macd4h,2024-12-25 05:15:00,1h_strict_engulf_v2p0_macd4h_armATR1p5
554872,0.0013353778991655578,2.785679340362549,554868,3455.500962,0.001935765052175853,2.401223250314741,long,1h_strict_engulf_v2p0_macd4h,2025-01-03 00:25:00,1h_strict_engulf_v2p0_macd4h_armATR1p5
559142,0.004359759028287291,6.6042656898498535,558612,3447.199302,0.004960751178523015,2.5893413140967945,long,1h_strict_engulf_v2p0_macd4h,2025-01-17 20:15:00,1h_strict_engulf_v2p0_macd4h_armATR1p5
562587,0.005359045356671377,9.642891883850098,562356,3085.752726,0.005960197165742587,1.8959795692224084,short,1h_strict_engulf_v2p0_macd4h,2025-01-29 19:20:00,1h_strict_engulf_v2p0_macd4h_armATR1p5
563545,0.006596254461910212,8.849295616149902,563508,3119.955884,0.007197653712802676,2.5195094578273873,short,1h_strict_engulf_v2p0_macd4h,2025-02-02 03:10:00,1h_strict_engulf_v2p0_macd4h_armATR1p5
566967,0.0007350119061077635,1.9214390516281128,566964,2670.594012,0.0013352789619001104,1.8558944125644934,long,1h_strict_engulf_v2p0_macd4h,2025-02-14 00:20:00,1h_strict_engulf_v2p0_macd4h_armATR1p5
568325,0.004488787722024723,8.128592491149902,568315,2634.862922,0.005089765479568964,1.6414799997080767,short,1h_strict_engulf_v2p0_macd4h,2025-02-18 17:30:00,1h_strict_engulf_v2p0_macd4h_armATR1p5
569890,0.00638972773930564,7.674961566925049,569885,2737.1024700000003,0.006991085684853626,2.475904254933441,short,1h_strict_engulf_v2p0_macd4h,2025-02-24 03:55:00,1h_strict_engulf_v2p0_macd4h_armATR1p5
571769,0.01662597886635959,12.414986610412598,571759,2263.9927079999998,0.01722942475130984,3.1419519991495077,long,1h_strict_engulf_v2p0_macd4h,2025-03-02 16:30:00,1h_strict_engulf_v2p0_macd4h_armATR1p5
573015,0.010475012288652953,7.246425151824951,573015,2162.987316,0.011077187291110624,3.2702077926013295,short,1h_strict_engulf_v2p0_macd4h,2025-03-07 00:20:00,1h_strict_engulf_v2p0_macd4h_armATR1p5
575250,0.003989586840318538,5.868565082550049,575212,1933.006524,0.004590504941306861,1.5120350332971764,long,1h_strict_engulf_v2p0_macd4h,2025-03-14 18:35:00,1h_strict_engulf_v2p0_macd4h_armATR1p5
575736,0.0023471793615709837,1.1657191514968872,575736,1898.630198,0.0029477287974433164,4.786914577867781,short,1h_strict_engulf_v2p0_macd4h,2025-03-16 11:05:00,1h_strict_engulf_v2p0_macd4h_armATR1p5
578650,0.0025567252230027206,2.4171142578125,578650,2034.403038,0.003157316568047408,2.649042336043603,short,1h_strict_engulf_v2p0_macd4h,2025-03-26 13:55:00,1h_strict_engulf_v2p0_macd4h_armATR1p5
580310,0.006117113894467297,2.0564138889312744,580291,1860.251976,0.006718457585984661,6.077581982533319,long,1h_strict_engulf_v2p0_macd4h,2025-04-01 08:15:00,1h_strict_engulf_v2p0_macd4h_armATR1p5
580765,0.005257998152723831,6.523594379425049,580765,1845.6308000000001,0.005859129752354475,1.6479871945912643,short,1h_strict_engulf_v2p0_macd4h,2025-04-02 22:10:00,1h_strict_engulf_v2p0_macd4h_armATR1p5
582730,0.024137164263321863,14.996424674987793,582726,1596.499236,0.02474211268585913,2.6340120966220932,long,1h_strict_engulf_v2p0_macd4h,2025-04-09 17:55:00,1h_strict_engulf_v2p0_macd4h_armATR1p5
584595,0.005505336119558013,4.230721473693848,583835,1575.8847600000001,0.00610651718678179,2.2607869743902578,short,1h_strict_engulf_v2p0_macd4h,2025-04-16 05:20:00,1h_strict_engulf_v2p0_macd4h_armATR1p5
587300,0.0032264423898182406,2.8992831707000732,587270,1797.7894860000001,0.0038272078313845714,2.3731776425062163,long,1h_strict_engulf_v2p0_macd4h,2025-04-25 14:45:00,1h_strict_engulf_v2p0_macd4h_armATR1p5
587996,0.0016599031378516486,2.301417827606201,587989,1779.8539580000001,0.002260315118479239,1.7441239708198975,short,1h_strict_engulf_v2p0_macd4h,2025-04-28 00:45:00,1h_strict_engulf_v2p0_macd4h_armATR1p5
590596,0.004172187387445359,4.708565711975098,590584,1839.897906,0.004773142015848331,1.8651314513175448,long,1h_strict_engulf_v2p0_macd4h,2025-05-07 01:25:00,1h_strict_engulf_v2p0_macd4h_armATR1p5
600057,0.001169968207209893,2.201416015625,599778,2537.7074399999997,0.001770322271664293,2.040759205944391,long,1h_strict_engulf_v2p0_macd4h,2025-06-08 21:50:00,1h_strict_engulf_v2p0_macd4h_armATR1p5
603797,0.012369088823929798,10.4564208984375,603796,2310.547798,0.012971642641694814,2.8296295919401366,short,1h_strict_engulf_v2p0_macd4h,2025-06-21 21:30:00,1h_strict_engulf_v2p0_macd4h_armATR1p5
604357,0.010048405964315733,10.114240646362305,604284,2309.571822,0.010650536071529881,2.4320340854107707,long,1h_strict_engulf_v2p0_macd4h,2025-06-23 20:10:00,1h_strict_engulf_v2p0_macd4h_armATR1p5
605984,0.0019368135498995635,1.7849992513656616,605958,2454.9909,0.0025373210141024227,3.4896933403385333,long,1h_strict_engulf_v2p0_macd4h,2025-06-29 11:45:00,1h_strict_engulf_v2p0_macd4h_armATR1p5
608021,0.0019838552697648117,2.1328647136688232,608021,2535.617022,0.002584372144193603,3.07238333402222,long,1h_strict_engulf_v2p0_macd4h,2025-07-06 13:30:00,1h_strict_engulf_v2p0_macd4h_armATR1p5
632628,0.0018149005870124583,3.232142925262451,632628,4209.771786,0.002415383663745052,3.1459666961273656,long,1h_strict_engulf_v2p0_macd4h,2025-09-30 00:05:00,1h_strict_engulf_v2p0_macd4h_armATR1p5
640405,0.004811280352074521,11.617117881774902,640404,4153.360506,0.005412362824639416,1.9350319269176313,long,1h_strict_engulf_v2p0_macd4h,2025-10-27 00:10:00,1h_strict_engulf_v2p0_macd4h_armATR1p5
642711,0.005973043772460285,9.234322547912598,642708,3602.5093540000003,0.006574318381214805,2.5480325035125624,short,1h_strict_engulf_v2p0_macd4h,2025-11-04 00:20:00,1h_strict_engulf_v2p0_macd4h_armATR1p5
649061,0.003993505637017014,8.667149543762207,649044,2955.54099,0.004594424521921381,1.5667215537745982,long,1h_strict_engulf_v2p0_macd4h,2025-11-26 01:30:00,1h_strict_engulf_v2p0_macd4h_armATR1p5
650117,0.0010191000127281584,2.3214111328125,650032,2988.7621280000003,0.0016193838327307475,2.081547698165001,short,1h_strict_engulf_v2p0_macd4h,2025-11-29 17:30:00,1h_strict_engulf_v2p0_macd4h_armATR1p5
650947,0.00421311248976326,5.8271484375,650941,2859.97188,0.00481407530482425,2.362754295290719,long,1h_strict_engulf_v2p0_macd4h,2025-12-02 14:40:00,1h_strict_engulf_v2p0_macd4h_armATR1p5
651834,0.013196478227459575,17.577131271362305,651829,3064.856906,0.0137991975231051,2.3733626014370013,short,1h_strict_engulf_v2p0_macd4h,2025-12-05 16:35:00,1h_strict_engulf_v2p0_macd4h_armATR1p5
652421,0.014093514790929974,9.698573112487793,652419,3079.935864,0.014696454081746246,4.667092310900673,long,1h_strict_engulf_v2p0_macd4h,2025-12-07 17:30:00,1h_strict_engulf_v2p0_macd4h_armATR1p5
653372,0.006221358316268422,8.445748329162598,653371,3282.453378,0.006822682587931395,2.633677577532738,short,1h_strict_engulf_v2p0_macd4h,2025-12-11 00:45:00,1h_strict_engulf_v2p0_macd4h_armATR1p5
654542,0.004602200557602032,8.235734939575195,654541,3127.77543,0.005203241205843145,1.976092008716285,long,1h_strict_engulf_v2p0_macd4h,2025-12-15 02:15:00,1h_strict_engulf_v2p0_macd4h_armATR1p5
657710,0.002148752786315944,4.0871758460998535,657584,2966.84325,0.002749302646845253,1.9956934340820198,long,1h_strict_engulf_v2p0_macd4h,2025-12-26 02:15:00,1h_strict_engulf_v2p0_macd4h_armATR1p5
661322,0.00790108768255733,10.308524131774902,661320,3175.724728,0.008502747900093865,2.5973386352630383,short,1h_strict_engulf_v2p0_macd4h,2026-01-07 15:15:00,1h_strict_engulf_v2p0_macd4h_armATR1p5
662413,-6.948635059704744e-05,0.7907366156578064,662399,3107.1213,0.0005306197733574436,2.085017902742055,long,1h_strict_engulf_v2p0_macd4h,2026-01-11 10:10:00,1h_strict_engulf_v2p0_macd4h_armATR1p5
663919,0.0045271483414972115,7.815743446350098,663918,3287.4323820000004,0.0051281337711657216,2.145973971015279,short,1h_strict_engulf_v2p0_macd4h,2026-01-16 15:40:00,1h_strict_engulf_v2p0_macd4h_armATR1p5
664528,0.005473645548270634,3.5407192707061768,664479,3341.928252,0.0060748605203748696,5.733792048402298,long,1h_strict_engulf_v2p0_macd4h,2026-01-18 18:25:00,1h_strict_engulf_v2p0_macd4h_armATR1p5
667095,0.0040235782826507195,8.605730056762695,667093,2966.133108,0.004624503183287221,1.5939254321858125,long,1h_strict_engulf_v2p0_macd4h,2026-01-27 16:20:00,1h_strict_engulf_v2p0_macd4h_armATR1p5
667610,0.003367199143214217,5.119315147399902,667528,2940.531776,0.003967952583042722,2.270181785136367,short,1h_strict_engulf_v2p0_macd4h,2026-01-29 11:15:00,1h_strict_engulf_v2p0_macd4h_armATR1p5
670117,0.005380888414574026,7.299996376037598,670116,2093.158548,0.005982084831540391,1.7152682487763833,long,1h_strict_engulf_v2p0_macd4h,2026-02-07 04:10:00,1h_strict_engulf_v2p0_macd4h_armATR1p5
670745,0.007609145479171975,7.252144813537598,670665,2055.38884,0.008210747308267763,2.308122690649192,short,1h_strict_engulf_v2p0_macd4h,2026-02-09 08:30:00,1h_strict_engulf_v2p0_macd4h_armATR1p5
671980,0.013047805517930123,9.585693359375,671977,2012.20236,0.013650535625055138,2.86548285765225,long,1h_strict_engulf_v2p0_macd4h,2026-02-13 15:25:00,1h_strict_engulf_v2p0_macd4h_armATR1p5
672526,0.0068195361290718905,4.192147254943848,672526,2026.074704,0.007420980036297653,3.5601573829256936,short,1h_strict_engulf_v2p0_macd4h,2026-02-15 12:55:00,1h_strict_engulf_v2p0_macd4h_armATR1p5
673334,0.0016572903042215263,2.36572265625,673329,2022.214362,0.002257741852591977,1.9299126158926878,long,1h_strict_engulf_v2p0_macd4h,2026-02-18 08:15:00,1h_strict_engulf_v2p0_macd4h_armATR1p5
674555,0.0021579932355717093,2.961452007293701,674551,1951.90954,0.002758504834218689,1.8131443585023865,short,1h_strict_engulf_v2p0_macd4h,2026-02-22 14:00:00,1h_strict_engulf_v2p0_macd4h_armATR1p5
675269,0.005242957418726668,7.2735772132873535,675266,1904.340792,0.005844126243975456,1.5300872835541295,long,1h_strict_engulf_v2p0_macd4h,2026-02-25 01:30:00,1h_strict_engulf_v2p0_macd4h_armATR1p5
675967,0.005059992927549173,6.615016460418701,675963,1969.376046,0.005661084926134707,1.6758909167247071,short,1h_strict_engulf_v2p0_macd4h,2026-02-27 11:40:00,1h_strict_engulf_v2p0_macd4h_armATR1p5
676425,0.007708875934613957,7.266427040100098,676425,1989.307782,0.00831053804222237,2.275150897238224,long,1h_strict_engulf_v2p0_macd4h,2026-03-01 01:50:00,1h_strict_engulf_v2p0_macd4h_armATR1p5
677988,0.005770686375633449,4.354282855987549,677958,2051.559606,0.006371920512908469,2.9831791892292747,short,1h_strict_engulf_v2p0_macd4h,2026-03-06 12:05:00,1h_strict_engulf_v2p0_macd4h_armATR1p5
678745,0.007084332042979602,6.7407050132751465,678745,1982.0363280000001,0.007685869216822905,2.2599523299118776,long,1h_strict_engulf_v2p0_macd4h,2026-03-09 03:10:00,1h_strict_engulf_v2p0_macd4h_armATR1p5
680706,0.00741771860406022,3.6635916233062744,680700,2147.389392,0.00801932246855408,4.700471496454355,long,1h_strict_engulf_v2p0_macd4h,2026-03-15 22:35:00,1h_strict_engulf_v2p0_macd4h_armATR1p5
681437,0.006278760015343732,4.3600029945373535,681437,2292.011506,0.006880095767346717,3.5920860649917477,short,1h_strict_engulf_v2p0_macd4h,2026-03-18 11:30:00,1h_strict_engulf_v2p0_macd4h_armATR1p5
683671,0.00427366792677093,2.4456787109375,683665,2140.17188,0.004874602660356109,4.2449893166957455,short,1h_strict_engulf_v2p0_macd4h,2026-03-26 05:40:00,1h_strict_engulf_v2p0_macd4h_armATR1p5
684806,0.0037012590653821677,5.618556499481201,684789,2039.05773,0.004302119489280054,1.5613031569247255,long,1h_strict_engulf_v2p0_macd4h,2026-03-30 04:15:00,1h_strict_engulf_v2p0_macd4h_armATR1p5
685663,0.014727772460836964,12.677839279174805,685646,2081.13369,0.015330798015328995,2.4786313588639715,short,1h_strict_engulf_v2p0_macd4h,2026-04-02 03:40:00,1h_strict_engulf_v2p0_macd4h_armATR1p5
686761,0.004187755273214089,5.220005512237549,686759,2086.727262,0.00478871301581707,1.9143156030340174,long,1h_strict_engulf_v2p0_macd4h,2026-04-05 23:10:00,1h_strict_engulf_v2p0_macd4h_armATR1p5
687204,0.006455288476166121,4.485682964324951,687192,2089.562004,0.007056659533861476,3.2641638110515205,short,1h_strict_engulf_v2p0_macd4h,2026-04-07 12:05:00,1h_strict_engulf_v2p0_macd4h_armATR1p5
688433,0.003498258389616993,3.0850131511688232,688412,2265.623034,0.0040990782052579,3.0103489174693143,long,1h_strict_engulf_v2p0_macd4h,2026-04-11 18:30:00,1h_strict_engulf_v2p0_macd4h_armATR1p5
689823,0.003869965246359586,6.1207098960876465,689818,2298.450218,0.004470819239408952,1.6714103712935813,short,1h_strict_engulf_v2p0_macd4h,2026-04-16 14:20:00,1h_strict_engulf_v2p0_macd4h_armATR1p5
691408,0.0034239524038481408,4.9671454429626465,691407,2345.71905,0.004024757355319153,1.900679194601691,long,1h_strict_engulf_v2p0_macd4h,2026-04-22 02:25:00,1h_strict_engulf_v2p0_macd4h_armATR1p5
693612,0.012430363971562787,2.627842426300049,693265,2263.2472599999996,0.013032930044357016,11.08029146214679,short,1h_strict_engulf_v2p0_macd4h,2026-04-29 18:05:00,1h_strict_engulf_v2p0_macd4h_armATR1p5
694011,0.0008919092943346478,2.1257150173187256,694011,2287.00731,0.0014922077358816566,1.6054315711165807,long,1h_strict_engulf_v2p0_macd4h,2026-05-01 03:20:00,1h_strict_engulf_v2p0_macd4h_armATR1p5
695710,0.0021137404059412114,1.9971400499343872,695708,2335.7927480000003,0.0027142431540223555,3.1659011596148328,short,1h_strict_engulf_v2p0_macd4h,2026-05-07 00:55:00,1h_strict_engulf_v2p0_macd4h_armATR1p5
696480,0.003170181489305213,1.8193185329437256,696325,2321.8942859999997,0.003770935676440379,4.812633874417406,long,1h_strict_engulf_v2p0_macd4h,2026-05-09 17:05:00,1h_strict_engulf_v2p0_macd4h_armATR1p5
697223,0.004495738146108108,5.3850274085998535,697026,2308.8981280000003,0.005096717293737285,2.1742002615070093,short,1h_strict_engulf_v2p0_macd4h,2026-05-12 07:00:00,1h_strict_engulf_v2p0_macd4h_armATR1p5
700248,0.0027755847281016434,4.098598003387451,700245,2095.43083,0.0033762198450471015,1.720302892396921,short,1h_strict_engulf_v2p0_macd4h,2026-05-22 19:05:00,1h_strict_engulf_v2p0_macd4h_armATR1p5
702809,0.0025542246033193996,2.3514230251312256,702783,2006.018716,0.0031548154482399227,2.682935368317206,short,1h_strict_engulf_v2p0_macd4h,2026-05-31 16:30:00,1h_strict_engulf_v2p0_macd4h_armATR1p5
704704,0.0057960914971135315,4.2978692054748535,704704,1609.741884,0.006397370971307881,2.3960980447896483,long,1h_strict_engulf_v2p0_macd4h,2026-06-07 06:25:00,1h_strict_engulf_v2p0_macd4h_armATR1p5
705379,0.00666912510225699,6.459987163543701,705375,1648.6702,0.007270538927277581,1.8421398833665867,short,1h_strict_engulf_v2p0_macd4h,2026-06-09 14:40:00,1h_strict_engulf_v2p0_macd4h_armATR1p5
705990,0.002936308602065907,2.530735492706299,705922,1667.1233579999998,0.003537016005266791,2.3300111833079993,long,1h_strict_engulf_v2p0_macd4h,2026-06-11 17:35:00,1h_strict_engulf_v2p0_macd4h_armATR1p5
2024,0.007516604800140225,0.5399987101554871,1982,173.114616,0.008118228445829212,2.6025691794621735,long,1h_strict_engulf_v2p0_macd4h,2019-09-30 13:30:00,1h_strict_engulf_v2p0_macd4h_armATR2p0
2902,0.012842483569878117,0.3664289116859436,2899,172.275538,0.013445132066592258,6.237329880669667,short,1h_strict_engulf_v2p0_macd4h,2019-10-03 14:40:00,1h_strict_engulf_v2p0_macd4h_armATR2p0
4028,0.004992229512968249,0.3057141900062561,4027,176.065206,0.005593348182604707,3.2212897935155365,long,1h_strict_engulf_v2p0_macd4h,2019-10-07 12:30:00,1h_strict_engulf_v2p0_macd4h_armATR2p0
5223,0.021368186534385946,1.3600006103515625,5104,185.71285,0.02197254017169281,2.935917800042638,short,1h_strict_engulf_v2p0_macd4h,2019-10-11 16:05:00,1h_strict_engulf_v2p0_macd4h_armATR2p0
6098,0.008693880322742943,0.6542870402336121,6094,185.347062,0.009295739470636999,2.633306017164618,long,1h_strict_engulf_v2p0_macd4h,2019-10-14 17:00:00,1h_strict_engulf_v2p0_macd4h_armATR2p0
6617,0.004197512493865308,0.3221392035484314,6611,176.86462,0.004798431996364094,2.6219100025589066,short,1h_strict_engulf_v2p0_macd4h,2019-10-16 12:15:00,1h_strict_engulf_v2p0_macd4h_armATR2p0
8039,0.008596958584581938,0.4000004231929779,7835,175.555104,0.009198798344250969,4.037235728675443,long,1h_strict_engulf_v2p0_macd4h,2019-10-21 10:45:00,1h_strict_engulf_v2p0_macd4h_armATR2p0
8513,0.003771421813198295,0.26428550481796265,8379,171.305732,0.004372256097560978,2.821690885066349,short,1h_strict_engulf_v2p0_macd4h,2019-10-23 02:15:00,1h_strict_engulf_v2p0_macd4h_armATR2p0
9194,0.004013759125651451,0.3271419107913971,9191,164.08281,0.004614682062063613,2.314561280663402,long,1h_strict_engulf_v2p0_macd4h,2019-10-25 11:00:00,1h_strict_engulf_v2p0_macd4h_armATR2p0
10667,0.009543440705395768,0.7121440172195435,10628,182.553482,0.01014542939353702,2.5745944017876488,short,1h_strict_engulf_v2p0_macd4h,2019-10-30 13:45:00,1h_strict_engulf_v2p0_macd4h_armATR2p0
11828,0.002188090187110703,0.16785867512226105,11781,181.153762,0.0027886078051480023,3.0011079238715315,short,1h_strict_engulf_v2p0_macd4h,2019-11-03 14:30:00,1h_strict_engulf_v2p0_macd4h_armATR2p0
12405,0.009634097668359055,0.2892870306968689,12405,188.767746,0.010236144897338484,6.679366148372977,long,1h_strict_engulf_v2p0_macd4h,2019-11-05 14:35:00,1h_strict_engulf_v2p0_macd4h_armATR2p0
12915,0.0027736996072320165,0.22571346163749695,12871,188.04238400000003,0.003374334347153507,2.801711494796262,short,1h_strict_engulf_v2p0_macd4h,2019-11-07 09:05:00,1h_strict_engulf_v2p0_macd4h_armATR2p0
13737,0.005716656331018877,0.27285656332969666,13737,187.177428,0.006317919915001857,4.334042713024654,long,1h_strict_engulf_v2p0_macd4h,2019-11-10 05:35:00,1h_strict_engulf_v2p0_macd4h_armATR2p0
14238,0.0012072001315805551,0.15928541123867035,14236,184.603072,0.001807521571606907,2.091038955858413,short,1h_strict_engulf_v2p0_macd4h,2019-11-11 23:20:00,1h_strict_engulf_v2p0_macd4h_armATR2p0
15723,0.0015084982695549702,0.08071572333574295,15687,182.253542,0.0021088799692088323,4.751763152820109,short,1h_strict_engulf_v2p0_macd4h,2019-11-17 03:05:00,1h_strict_engulf_v2p0_macd4h_armATR2p0
30753,0.005290933532021658,0.25499942898750305,30663,143.62127,0.005892071718728076,3.299105426786024,short,1h_strict_engulf_v2p0_macd4h,2020-01-08 07:35:00,1h_strict_engulf_v2p0_macd4h_armATR2p0
48869,0.008533226657213523,0.5749980211257935,48807,201.029786,0.009135013302544959,3.164856109308027,short,1h_strict_engulf_v2p0_macd4h,2020-03-11 05:15:00,1h_strict_engulf_v2p0_macd4h_armATR2p0
57453,0.0015632007404666308,0.0678580179810524,57447,169.23384,0.0021636334671599755,5.395972515764439,long,1h_strict_engulf_v2p0_macd4h,2020-04-10 00:35:00,1h_strict_engulf_v2p0_macd4h_armATR2p0
57494,0.022128406818636214,0.5842841267585754,57493,163.63726599999998,0.02273291249999998,6.2251665472727975,short,1h_strict_engulf_v2p0_macd4h,2020-04-10 04:00:00,1h_strict_engulf_v2p0_macd4h_armATR2p0
58193,0.0015692437736491542,0.1135711669921875,58193,160.362066,0.0021696777091908537,3.0635768673922623,long,1h_strict_engulf_v2p0_macd4h,2020-04-12 14:15:00,1h_strict_engulf_v2p0_macd4h_armATR2p0
59164,0.005230454237021354,0.31428417563438416,59163,153.38931599999998,0.0058315803278687905,2.829655671351861,short,1h_strict_engulf_v2p0_macd4h,2020-04-15 23:10:00,1h_strict_engulf_v2p0_macd4h_armATR2p0
60992,0.003140459641161231,0.16499873995780945,60992,175.075008,0.003741207882737907,3.9696787997743246,long,1h_strict_engulf_v2p0_macd4h,2020-04-22 07:30:00,1h_strict_engulf_v2p0_macd4h_armATR2p0
101759,0.003517773758568277,0.7314257025718689,101495,370.494084,0.004118597478063979,2.0862214639634717,long,1h_strict_engulf_v2p0_macd4h,2020-09-11 22:05:00,1h_strict_engulf_v2p0_macd4h_armATR2p0
109851,0.004235572912795149,0.7292851209640503,109847,365.333052,0.004836540220839458,2.42284937565196,long,1h_strict_engulf_v2p0_macd4h,2020-10-10 00:25:00,1h_strict_engulf_v2p0_macd4h_armATR2p0
150991,0.010821567384966714,5.375,150989,1576.9353239999998,0.011423852155397762,3.351567627907021,long,1h_strict_engulf_v2p0_macd4h,2021-03-02 00:15:00,1h_strict_engulf_v2p0_macd4h_armATR2p0
184388,0.011410973083070887,10.523576736450195,184304,1804.359056,0.012013335277687442,2.03533993588049,short,1h_strict_engulf_v2p0_macd4h,2021-06-26 07:05:00,1h_strict_engulf_v2p0_macd4h_armATR2p0
189491,0.006012238489283961,5.4350152015686035,189488,1942.36145,0.006613520936981754,2.348006312165807,short,1h_strict_engulf_v2p0_macd4h,2021-07-14 00:20:00,1h_strict_engulf_v2p0_macd4h_armATR2p0
192945,0.01635670437402643,6.963553428649902,192656,2182.9765079999997,0.01696009639330498,5.316752772754756,long,1h_strict_engulf_v2p0_macd4h,2021-07-26 00:10:00,1h_strict_engulf_v2p0_macd4h_armATR2p0
212541,0.006862551242323889,7.374215126037598,212528,3305.06088,0.007464044051133989,3.345321444840399,long,1h_strict_engulf_v2p0_macd4h,2021-10-02 01:10:00,1h_strict_engulf_v2p0_macd4h_armATR2p0
231636,0.007453439578364485,16.516462326049805,231536,4354.9308120000005,0.008055050588482215,2.1238923510074383,long,1h_strict_engulf_v2p0_macd4h,2021-12-07 08:25:00,1h_strict_engulf_v2p0_macd4h_armATR2p0
240465,0.003788875907378042,6.412178993225098,240464,3406.5785480000004,0.004389713682559471,2.3219170917922156,short,1h_strict_engulf_v2p0_macd4h,2022-01-07 00:10:00,1h_strict_engulf_v2p0_macd4h_armATR2p0
246226,0.011237444164167344,9.597847938537598,246224,2465.162934,0.011839812126592575,3.0410010855461755,long,1h_strict_engulf_v2p0_macd4h,2022-01-27 00:15:00,1h_strict_engulf_v2p0_macd4h_armATR2p0
248591,0.005519766559005612,8.381417274475098,248591,2752.75044,0.006120990757157108,2.0103473491665937,long,1h_strict_engulf_v2p0_macd4h,2022-02-04 05:20:00,1h_strict_engulf_v2p0_macd4h_armATR2p0
249753,0.0063222661491739275,8.390694618225098,249750,3195.0088739999997,0.006923650879349763,2.6363879281164673,long,1h_strict_engulf_v2p0_macd4h,2022-02-08 06:10:00,1h_strict_engulf_v2p0_macd4h_armATR2p0
251714,0.017891330055734133,8.489954948425293,251580,2959.0816979999995,0.01849502906154643,6.4462417447988205,long,1h_strict_engulf_v2p0_macd4h,2022-02-15 01:35:00,1h_strict_engulf_v2p0_macd4h_armATR2p0
252431,0.007985085315961494,7.269984722137451,252179,3050.369804,0.008586762333024689,3.572195127304813,short,1h_strict_engulf_v2p0_macd4h,2022-02-17 13:20:00,1h_strict_engulf_v2p0_macd4h_armATR2p0
254084,0.007232942250183294,8.419276237487793,254066,2666.013096,0.007834509152013558,2.4808431759251017,long,1h_strict_engulf_v2p0_macd4h,2022-02-23 07:35:00,1h_strict_engulf_v2p0_macd4h_armATR2p0
255383,0.009593967008920857,12.058610916137695,255380,2650.31983,0.010195965802322737,2.218317697289761,short,1h_strict_engulf_v2p0_macd4h,2022-02-27 19:50:00,1h_strict_engulf_v2p0_macd4h_armATR2p0
258066,0.011858052859293934,9.232840538024902,258056,2632.596414,0.012460544968287746,3.5529245701688863,long,1h_strict_engulf_v2p0_macd4h,2022-03-09 03:25:00,1h_strict_engulf_v2p0_macd4h_armATR2p0
259451,0.01059497687624207,10.048566818237305,258628,2534.323034,0.011197175871617393,2.7927399506432837,short,1h_strict_engulf_v2p0_macd4h,2022-03-13 22:50:00,1h_strict_engulf_v2p0_macd4h_armATR2p0
261338,0.0036838394382878283,5.132864952087402,261337,2885.982688,0.004284656206175352,2.3987944578578344,short,1h_strict_engulf_v2p0_macd4h,2022-03-20 12:05:00,1h_strict_engulf_v2p0_macd4h_armATR2p0
261808,0.016433052059530117,12.202863693237305,261799,2964.072696,0.017036459351400524,4.1381519346139255,long,1h_strict_engulf_v2p0_macd4h,2022-03-22 03:15:00,1h_strict_engulf_v2p0_macd4h_armATR2p0
266387,0.008045115393906023,12.254255294799805,266378,3176.894494,0.008646804416984732,2.222451984622636,short,1h_strict_engulf_v2p0_macd4h,2022-04-07 00:50:00,1h_strict_engulf_v2p0_macd4h_armATR2p0
266760,0.00378024357836666,6.5513739585876465,266698,3272.1543,0.004381119802327138,2.1881974820271353,long,1h_strict_engulf_v2p0_macd4h,2022-04-08 07:55:00,1h_strict_engulf_v2p0_macd4h_armATR2p0
267829,0.007288977925985885,7.342825889587402,267818,2984.2630280000003,0.007890515721571179,3.1817488731593766,short,1h_strict_engulf_v2p0_macd4h,2022-04-12 01:00:00,1h_strict_engulf_v2p0_macd4h_armATR2p0
269538,0.005073033695198026,8.192818641662598,269538,3012.587362,0.0056741283019372535,2.0746659658208584,short,1h_strict_engulf_v2p0_macd4h,2022-04-17 23:25:00,1h_strict_engulf_v2p0_macd4h_armATR2p0
270262,0.0060107252970397875,9.051408767700195,270002,3118.02348,0.006612047706581192,2.2777139480839437,long,1h_strict_engulf_v2p0_macd4h,2022-04-20 11:45:00,1h_strict_engulf_v2p0_macd4h_armATR2p0
271795,0.0076994683690442935,7.473580360412598,271787,2971.384158,0.008301128594763174,3.3004050014173663,long,1h_strict_engulf_v2p0_macd4h,2022-04-25 19:30:00,1h_strict_engulf_v2p0_macd4h_armATR2p0
272913,0.005809334333136418,8.485037803649902,272853,2837.23244,0.006410576200003071,2.1299186188924666,short,1h_strict_engulf_v2p0_macd4h,2022-04-29 16:40:00,1h_strict_engulf_v2p0_macd4h_armATR2p0
273635,0.008324822963988466,9.637137413024902,273570,2835.677022,0.00892660828564562,2.6266075614724165,long,1h_strict_engulf_v2p0_macd4h,2022-05-02 04:50:00,1h_strict_engulf_v2p0_macd4h_armATR2p0
274631,0.010923694250531258,7.962855815887451,274101,2762.4773940000005,0.011525958989381246,3.9530282511453887,short,1h_strict_engulf_v2p0_macd4h,2022-05-05 15:50:00,1h_strict_engulf_v2p0_macd4h_armATR2p0
277563,0.016331625390101977,7.621425151824951,277466,2089.877892,0.01693501239258044,4.643765082640137,long,1h_strict_engulf_v2p0_macd4h,2022-05-15 20:10:00,1h_strict_engulf_v2p0_macd4h_armATR2p0
278349,0.007383581215312196,6.490714073181152,278340,2001.989522,0.00798513793155542,2.443417137342346,short,1h_strict_engulf_v2p0_macd4h,2022-05-18 13:40:00,1h_strict_engulf_v2p0_macd4h_armATR2p0
279895,0.012771984902704104,10.33001708984375,279862,1989.082104,0.013374619299684642,2.5413417782058314,short,1h_strict_engulf_v2p0_macd4h,2022-05-23 22:30:00,1h_strict_engulf_v2p0_macd4h_armATR2p0
281664,0.004818961327755345,3.2178518772125244,281661,1836.297186,0.005420045336822721,3.0929994231498465,long,1h_strict_engulf_v2p0_macd4h,2022-05-30 01:55:00,1h_strict_engulf_v2p0_macd4h_armATR2p0
282393,0.004493794621389835,4.3500189781188965,282267,1916.876548,0.005094773380314166,2.23367945033694,short,1h_strict_engulf_v2p0_macd4h,2022-06-01 14:40:00,1h_strict_engulf_v2p0_macd4h_armATR2p0
283346,0.006903183119361733,3.097874164581299,283346,1796.319192,0.007504684056172994,4.3516318881280505,long,1h_strict_engulf_v2p0_macd4h,2022-06-04 22:05:00,1h_strict_engulf_v2p0_macd4h_armATR2p0
283952,0.01334069184249649,9.680009841918945,283952,1780.423844,0.013943439980864891,2.529320155644205,short,1h_strict_engulf_v2p0_macd4h,2022-06-07 00:35:00,1h_strict_engulf_v2p0_macd4h_armATR2p0
288857,0.012836961825193961,7.140006065368652,288796,1141.5282599999998,0.013439649755145,2.148701255929248,long,1h_strict_engulf_v2p0_macd4h,2022-06-24 01:20:00,1h_strict_engulf_v2p0_macd4h_armATR2p0
289872,0.00846730173061312,5.250706195831299,289870,1192.91137,0.00906907519095923,2.0418910523906315,short,1h_strict_engulf_v2p0_macd4h,2022-06-27 13:55:00,1h_strict_engulf_v2p0_macd4h_armATR2p0
291864,0.007548464794719445,3.721435546875,291864,1092.208398,0.008150094813682118,2.391980698812546,long,1h_strict_engulf_v2p0_macd4h,2022-07-04 11:55:00,1h_strict_engulf_v2p0_macd4h_armATR2p0
293578,0.005700112678597114,3.5906982421875,293479,1188.502252,0.006301332701132978,2.0726475738228944,short,1h_strict_engulf_v2p0_macd4h,2022-07-10 10:45:00,1h_strict_engulf_v2p0_macd4h_armATR2p0
294592,0.0097268748714769,4.95001220703125,294463,1099.829922,0.010328940659608765,2.294959593001351,long,1h_strict_engulf_v2p0_macd4h,2022-07-13 23:15:00,1h_strict_engulf_v2p0_macd4h_armATR2p0
297739,0.011849386344223013,7.85357666015625,297550,1606.881312,0.012451876719566934,2.547716647563995,long,1h_strict_engulf_v2p0_macd4h,2022-07-24 21:30:00,1h_strict_engulf_v2p0_macd4h_armATR2p0
299914,0.007902645402140652,6.627162456512451,299769,1670.405852,0.00850430593122109,2.12547256724605,short,1h_strict_engulf_v2p0_macd4h,2022-08-01 10:45:00,1h_strict_engulf_v2p0_macd4h_armATR2p0
301072,0.009601120741530479,3.8128488063812256,300509,1681.2261780000001,0.010203161373805392,4.498951537572423,long,1h_strict_engulf_v2p0_macd4h,2022-08-05 11:15:00,1h_strict_engulf_v2p0_macd4h_armATR2p0
302230,0.008110137998811063,5.8042778968811035,302229,1711.05772,0.008711840026410789,2.5460049057852263,short,1h_strict_engulf_v2p0_macd4h,2022-08-09 11:45:00,1h_strict_engulf_v2p0_macd4h_armATR2p0
302686,0.007581827991376589,7.3214287757873535,302683,1891.82829,0.008183464684313302,2.1145749653673445,long,1h_strict_engulf_v2p0_macd4h,2022-08-11 01:45:00,1h_strict_engulf_v2p0_macd4h_armATR2p0
303732,0.008122920048348982,4.76141357421875,303731,1958.368248,0.00872462463235868,3.5573990236248587,short,1h_strict_engulf_v2p0_macd4h,2022-08-14 16:55:00,1h_strict_engulf_v2p0_macd4h_armATR2p0
304465,0.009788192183739232,4.6656928062438965,304463,1919.6938619999999,0.010390270237786714,4.275064567754479,long,1h_strict_engulf_v2p0_macd4h,2022-08-17 06:00:00,1h_strict_engulf_v2p0_macd4h_armATR2p0
305047,0.01464667247102276,7.469979286193848,304974,1821.865554,0.01524968180551678,3.6634042681453605,short,1h_strict_engulf_v2p0_macd4h,2022-08-19 06:30:00,1h_strict_engulf_v2p0_macd4h_armATR2p0
306341,0.009695479260732621,7.6235527992248535,305802,1643.248584,0.01029753876848627,2.2196233758255954,long,1h_strict_engulf_v2p0_macd4h,2022-08-23 18:20:00,1h_strict_engulf_v2p0_macd4h_armATR2p0
307070,0.004608217753291966,3.3350131511688232,307070,1653.579218,0.0052092193968427125,2.5694705272741833,short,1h_strict_engulf_v2p0_macd4h,2022-08-26 07:05:00,1h_strict_engulf_v2p0_macd4h_armATR2p0
308021,0.009638436765920312,7.596435546875,308019,1510.4720340000001,0.010240484862892751,2.0362136826610873,long,1h_strict_engulf_v2p0_macd4h,2022-08-29 14:20:00,1h_strict_engulf_v2p0_macd4h_armATR2p0
309865,0.00692947039077203,2.6028616428375244,309722,1574.194776,0.007530976586089144,4.5546885031798565,long,1h_strict_engulf_v2p0_macd4h,2022-09-05 00:00:00,1h_strict_engulf_v2p0_macd4h_armATR2p0
312173,0.013812379410928345,6.3071112632751465,312072,1707.098512,0.014415221886810548,3.8462159596346157,short,1h_strict_engulf_v2p0_macd4h,2022-09-13 00:20:00,1h_strict_engulf_v2p0_macd4h_armATR2p0
312729,0.006970151410331038,5.7278618812561035,312729,1631.57625,0.007571665743479672,2.1567821040564006,long,1h_strict_engulf_v2p0_macd4h,2022-09-14 22:40:00,1h_strict_engulf_v2p0_macd4h_armATR2p0
313803,0.0170939966234926,7.116428852081299,313231,1422.985346,0.01769749542281729,3.4772139951575296,short,1h_strict_engulf_v2p0_macd4h,2022-09-18 16:10:00,1h_strict_engulf_v2p0_macd4h_armATR2p0
315829,0.011446447896356028,3.527858257293701,315789,1303.549238,0.012048817185935201,4.399053722726729,short,1h_strict_engulf_v2p0_macd4h,2022-09-25 17:00:00,1h_strict_engulf_v2p0_macd4h_armATR2p0
317764,0.01375096525303472,2.3335483074188232,317554,1307.948358,0.01435379544608506,7.931422692711448,short,1h_strict_engulf_v2p0_macd4h,2022-10-02 10:15:00,1h_strict_engulf_v2p0_macd4h_armATR2p0
318139,0.009121404961083225,5.2778754234313965,318102,1316.0931659999999,0.009723349631009404,2.4246184256619663,long,1h_strict_engulf_v2p0_macd4h,2022-10-03 17:30:00,1h_strict_engulf_v2p0_macd4h_armATR2p0
318669,0.0033510354936551858,2.602146625518799,318664,1324.864974,0.003951785700754051,2.004104591515959,short,1h_strict_engulf_v2p0_macd4h,2022-10-05 13:40:00,1h_strict_engulf_v2p0_macd4h_armATR2p0
319957,0.003218580316819164,1.980712890625,319955,1331.0761619999998,0.003819344185656215,2.566670830519042,long,1h_strict_engulf_v2p0_macd4h,2022-10-10 01:00:00,1h_strict_engulf_v2p0_macd4h_armATR2p0
321909,0.004357951228407275,1.3914445638656616,321908,1294.848918,0.00495894301701072,4.6146876179969745,long,1h_strict_engulf_v2p0_macd4h,2022-10-16 19:40:00,1h_strict_engulf_v2p0_macd4h_armATR2p0
322473,0.006971471677901642,3.933558940887451,322432,1305.068934,0.007572945972237122,2.493653749036467,short,1h_strict_engulf_v2p0_macd4h,2022-10-18 18:40:00,1h_strict_engulf_v2p0_macd4h_armATR2p0
323563,0.004195101701247772,2.8721401691436768,322997,1309.0417559999999,0.004796060913430544,2.1859114215417743,long,1h_strict_engulf_v2p0_macd4h,2022-10-22 13:30:00,1h_strict_engulf_v2p0_macd4h_armATR2p0
327315,0.014040930303585731,11.787833213806152,326789,1612.792494,0.014643859075400778,2.0035493861873395,long,1h_strict_engulf_v2p0_macd4h,2022-11-04 14:10:00,1h_strict_engulf_v2p0_macd4h_armATR2p0
327747,0.002030211799188564,2.0114047527313232,327744,1618.366262,0.002630697841548457,2.111092754570674,short,1h_strict_engulf_v2p0_macd4h,2022-11-06 02:10:00,1h_strict_engulf_v2p0_macd4h_armATR2p0
329844,0.006577082690949876,4.194998741149902,329822,1241.9215660000002,0.007178478107487951,2.1100282851512726,short,1h_strict_engulf_v2p0_macd4h,2022-11-13 08:55:00,1h_strict_engulf_v2p0_macd4h_armATR2p0
331731,0.0027641557855266454,1.0542863607406616,331730,1217.463444,0.0033648287512770825,3.8856198396819197,long,1h_strict_engulf_v2p0_macd4h,2022-11-19 22:10:00,1h_strict_engulf_v2p0_macd4h_armATR2p0
332275,0.016045404514573657,4.319266319274902,332258,1100.37988,0.016648693595476605,4.171977059989472,short,1h_strict_engulf_v2p0_macd4h,2022-11-21 19:30:00,1h_strict_engulf_v2p0_macd4h_armATR2p0
334072,0.008803653087145992,3.79571533203125,334054,1193.541244,0.009405493817763455,2.9299468024248485,short,1h_strict_engulf_v2p0_macd4h,2022-11-28 01:15:00,1h_strict_engulf_v2p0_macd4h_armATR2p0
334641,0.03245479764723021,2.3435757160186768,334641,1230.2560019999999,0.03306140992921591,17.355529724082558,long,1h_strict_engulf_v2p0_macd4h,2022-11-30 00:40:00,1h_strict_engulf_v2p0_macd4h_armATR2p0
335732,0.0013274607675383802,0.9650093913078308,335631,1266.39667,0.001927806259691911,2.525022058798565,short,1h_strict_engulf_v2p0_macd4h,2022-12-03 19:35:00,1h_strict_engulf_v2p0_macd4h_armATR2p0
336106,0.004834865474203598,3.0143258571624756,336080,1288.167582,0.00543595266473651,2.3230461243469325,long,1h_strict_engulf_v2p0_macd4h,2022-12-05 02:45:00,1h_strict_engulf_v2p0_macd4h_armATR2p0
338511,0.003850182386530854,2.43572998046875,338497,1279.2858059999999,0.004451072601051154,2.3377771943769887,long,1h_strict_engulf_v2p0_macd4h,2022-12-13 11:10:00,1h_strict_engulf_v2p0_macd4h_armATR2p0
338975,0.007711589433162924,2.7221243381500244,338974,1294.301088,0.008313211751049598,3.920132468031191,short,1h_strict_engulf_v2p0_macd4h,2022-12-15 01:50:00,1h_strict_engulf_v2p0_macd4h_armATR2p0
340449,0.006072788714475319,2.0635898113250732,340449,1200.1599840000001,0.006674123539182952,3.881593113147111,long,1h_strict_engulf_v2p0_macd4h,2022-12-20 04:40:00,1h_strict_engulf_v2p0_macd4h_armATR2p0
341147,0.005160359557212457,2.9471261501312256,341144,1199.290094,0.005761471629123882,2.331116365580068,short,1h_strict_engulf_v2p0_macd4h,2022-12-22 14:50:00,1h_strict_engulf_v2p0_macd4h_armATR2p0
345491,0.003750647609061586,2.6999948024749756,345478,1258.931736,0.004351517912644098,2.028990572492354,long,1h_strict_engulf_v2p0_macd4h,2023-01-06 16:50:00,1h_strict_engulf_v2p0_macd4h_armATR2p0
356615,0.004579794716794217,3.5378506183624268,356059,1548.099558,0.005180830882970833,2.26703805931536,long,1h_strict_engulf_v2p0_macd4h,2023-02-14 15:00:00,1h_strict_engulf_v2p0_macd4h_armATR2p0
363281,0.017058142672663656,5.3571343421936035,363060,1532.313476,0.01766163430119816,4.964123410261668,short,1h_strict_engulf_v2p0_macd4h,2023-03-09 18:30:00,1h_strict_engulf_v2p0_macd4h_armATR2p0
364219,0.022437893760636828,5.87286376953125,364213,1576.855308,0.02304250226108895,6.186878059134723,long,1h_strict_engulf_v2p0_macd4h,2023-03-13 00:40:00,1h_strict_engulf_v2p0_macd4h_armATR2p0
386390,0.0052452884432540705,3.5685861110687256,386388,1910.2219679999998,0.005846457734800969,3.129539725932422,long,1h_strict_engulf_v2p0_macd4h,2023-05-29 00:15:00,1h_strict_engulf_v2p0_macd4h_armATR2p0
392633,0.0075105724522543495,3.1628592014312744,392436,1721.8555600000002,0.008112154566744856,4.38070717587751,short,1h_strict_engulf_v2p0_macd4h,2023-06-19 16:30:00,1h_strict_engulf_v2p0_macd4h_armATR2p0
393304,0.005826081562490826,3.845703125,393300,1889.1477539999998,0.006427367035897857,3.1573539624175004,long,1h_strict_engulf_v2p0_macd4h,2023-06-22 00:25:00,1h_strict_engulf_v2p0_macd4h_armATR2p0
409920,0.02051976899705794,14.259294509887695,409716,1687.652402,0.02112395295085734,2.448396165447802,short,1h_strict_engulf_v2p0_macd4h,2023-08-18 17:05:00,1h_strict_engulf_v2p0_macd4h_armATR2p0
415402,0.003468622409753941,2.1414358615875244,415082,1641.9183179999998,0.004069436297013285,3.1201877767409587,long,1h_strict_engulf_v2p0_macd4h,2023-09-06 17:55:00,1h_strict_engulf_v2p0_macd4h_armATR2p0
417501,0.00511279603411281,2.1871249675750732,417501,1623.294594,0.005713938821877207,4.240912676463969,long,1h_strict_engulf_v2p0_macd4h,2023-09-14 00:50:00,1h_strict_engulf_v2p0_macd4h_armATR2p0
418649,0.0026915358258365442,1.9957101345062256,417955,1614.2970759999998,0.003292154133001768,2.6542311473055804,short,1h_strict_engulf_v2p0_macd4h,2023-09-18 00:30:00,1h_strict_engulf_v2p0_macd4h_armATR2p0
420526,0.00032849489505566465,0.40142822265625,420483,1594.838904,0.0009286806311816775,3.689566194921646,long,1h_strict_engulf_v2p0_macd4h,2023-09-24 12:55:00,1h_strict_engulf_v2p0_macd4h_armATR2p0
423257,0.007264271173986048,4.150015830993652,422900,1652.8293680000002,0.00786580402822068,3.108269588675655,short,1h_strict_engulf_v2p0_macd4h,2023-10-04 00:30:00,1h_strict_engulf_v2p0_macd4h_armATR2p0
424086,0.0016978857127007533,1.6599818468093872,424061,1653.1205579999998,0.0022983453817770894,2.288845511957282,long,1h_strict_engulf_v2p0_macd4h,2023-10-06 21:35:00,1h_strict_engulf_v2p0_macd4h_armATR2p0
424521,0.00028296366332409873,0.6300048828125,424516,1626.07472,0.0008831002560567569,2.2773156830071217,short,1h_strict_engulf_v2p0_macd4h,2023-10-08 09:50:00,1h_strict_engulf_v2p0_macd4h_armATR2p0
426095,0.008446771089723538,2.1064016819000244,426094,1555.921122,0.009048580805884887,6.6838524299413535,long,1h_strict_engulf_v2p0_macd4h,2023-10-13 21:00:00,1h_strict_engulf_v2p0_macd4h_armATR2p0
427160,0.003175406817853732,1.9585832357406616,427152,1572.455446,0.0037761218992173884,3.020267860999524,short,1h_strict_engulf_v2p0_macd4h,2023-10-17 13:45:00,1h_strict_engulf_v2p0_macd4h_armATR2p0
427892,0.0022739589248485627,1.5607038736343384,427888,1577.495436,0.002874533831614956,2.9054608478933406,long,1h_strict_engulf_v2p0_macd4h,2023-10-20 02:45:00,1h_strict_engulf_v2p0_macd4h_armATR2p0
457253,0.001817411697506444,2.622105121612549,457236,2311.052118,0.0024178952765616657,2.1310671162426007,long,1h_strict_engulf_v2p0_macd4h,2024-01-30 01:30:00,1h_strict_engulf_v2p0_macd4h_armATR2p0
459544,0.0027447014765642043,2.9450161457061768,459540,2377.7754600000003,0.003345370550674076,2.701017449971341,long,1h_strict_engulf_v2p0_macd4h,2024-02-07 00:25:00,1h_strict_engulf_v2p0_macd4h_armATR2p0
476835,0.007649299263536147,8.854265213012695,476820,3359.401746,0.008250949453426859,3.1304973742218247,long,1h_strict_engulf_v2p0_macd4h,2024-04-07 01:20:00,1h_strict_engulf_v2p0_macd4h_armATR2p0
502486,0.01569348130373922,12.714320182800293,502452,3048.8901,0.016296700000000053,3.8452783394693597,short,1h_strict_engulf_v2p0_macd4h,2024-07-05 02:55:00,1h_strict_engulf_v2p0_macd4h_armATR2p0
505922,0.004907150174491237,6.034981727600098,505620,3487.957452,0.005508251824856147,3.1835304342570283,long,1h_strict_engulf_v2p0_macd4h,2024-07-17 01:15:00,1h_strict_engulf_v2p0_macd4h_armATR2p0
510812,0.005327193459331259,8.375017166137695,510804,2991.741532,0.005928338898023133,2.1052532371263197,short,1h_strict_engulf_v2p0_macd4h,2024-08-03 00:45:00,1h_strict_engulf_v2p0_macd4h_armATR2p0
514098,0.007295560034285176,6.4999823570251465,514048,2738.0174939999997,0.007897139462177627,3.326548413878488,long,1h_strict_engulf_v2p0_macd4h,2024-08-14 10:35:00,1h_strict_engulf_v2p0_macd4h_armATR2p0
516626,0.0037334905866290404,2.1085903644561768,516626,2653.100514,0.004334357458120719,5.453636796336931,long,1h_strict_engulf_v2p0_macd4h,2024-08-23 05:15:00,1h_strict_engulf_v2p0_macd4h_armATR2p0
517581,0.0039905719934673735,4.560756206512451,517456,2733.4631980000004,0.004591450107866102,2.7392821353093013,short,1h_strict_engulf_v2p0_macd4h,2024-08-26 12:50:00,1h_strict_engulf_v2p0_macd4h_armATR2p0
518432,0.0056539831522734564,3.9771206378936768,518370,2556.081114,0.006255234199113113,4.0202164972466035,long,1h_strict_engulf_v2p0_macd4h,2024-08-29 11:45:00,1h_strict_engulf_v2p0_macd4h_armATR2p0
519220,0.0031338914810836284,3.44140625,519181,2484.223056,0.003734598259379718,2.6858369307604404,short,1h_strict_engulf_v2p0_macd4h,2024-09-01 05:25:00,1h_strict_engulf_v2p0_macd4h_armATR2p0
521568,0.006521481348042713,5.931344032287598,521440,2316.0331140000003,0.007122905929228374,2.781306548768407,long,1h_strict_engulf_v2p0_macd4h,2024-09-09 09:05:00,1h_strict_engulf_v2p0_macd4h_armATR2p0
522201,0.005317509082179939,3.9657156467437744,522161,2314.3170440000004,0.0059186525839964865,3.4336914728572148,short,1h_strict_engulf_v2p0_macd4h,2024-09-11 13:50:00,1h_strict_engulf_v2p0_macd4h_armATR2p0
523943,0.006584124316794737,6.368599891662598,523935,2345.1289319999996,0.007185561429080778,2.645961166764588,long,1h_strict_engulf_v2p0_macd4h,2024-09-17 15:00:00,1h_strict_engulf_v2p0_macd4h_armATR2p0
525467,0.004556072732179795,4.33642578125,525467,2549.4100160000003,0.005157063946726215,3.0163126638892805,short,1h_strict_engulf_v2p0_macd4h,2024-09-22 22:00:00,1h_strict_engulf_v2p0_macd4h_armATR2p0
526527,0.004434084330828991,5.5864434242248535,526527,2637.987492,0.00503509134909863,2.3776322413652284,long,1h_strict_engulf_v2p0_macd4h,2024-09-26 14:20:00,1h_strict_engulf_v2p0_macd4h_armATR2p0
527319,0.002461219976212137,2.9778878688812256,527308,2644.1310679999997,0.0030617922202074155,2.7103330801478407,short,1h_strict_engulf_v2p0_macd4h,2024-09-29 08:20:00,1h_strict_engulf_v2p0_macd4h_armATR2p0
528850,0.007127618967493099,5.205723285675049,528850,2396.22915,0.007729164800453159,3.557786110330719,long,1h_strict_engulf_v2p0_macd4h,2024-10-04 15:55:00,1h_strict_engulf_v2p0_macd4h_armATR2p0
530348,0.00799096861308053,6.307181358337402,529800,2412.987306,0.008592646806803161,3.2593491184181107,short,1h_strict_engulf_v2p0_macd4h,2024-10-09 20:45:00,1h_strict_engulf_v2p0_macd4h_armATR2p0
530825,0.0012619033812637074,2.003574848175049,530796,2419.7038439999997,0.0018622758364310599,2.249057979593223,long,1h_strict_engulf_v2p0_macd4h,2024-10-11 12:30:00,1h_strict_engulf_v2p0_macd4h_armATR2p0
533849,0.005845643864145167,5.127127647399902,533849,2644.710952,0.0064468929929180074,3.304179877126936,short,1h_strict_engulf_v2p0_macd4h,2024-10-22 00:30:00,1h_strict_engulf_v2p0_macd4h_armATR2p0
535559,0.0026766454420312337,2.253574848175049,535544,2513.472594,0.0032773009022115662,3.655261775161746,long,1h_strict_engulf_v2p0_macd4h,2024-10-27 23:00:00,1h_strict_engulf_v2p0_macd4h_armATR2p0
536603,0.013581864692097058,4.424961566925049,536601,2609.557984,0.014184661065035353,8.248203616684272,short,1h_strict_engulf_v2p0_macd4h,2024-10-31 14:00:00,1h_strict_engulf_v2p0_macd4h_armATR2p0
538177,0.007775297550620408,8.712193489074707,538173,2485.7370479999995,0.008376972945209227,2.3900929227654215,long,1h_strict_engulf_v2p0_macd4h,2024-11-06 01:10:00,1h_strict_engulf_v2p0_macd4h_armATR2p0
552342,0.001696085550419291,3.4300014972686768,552276,3488.8776359999997,0.0022965448593910143,2.335965161059095,long,1h_strict_engulf_v2p0_macd4h,2024-12-25 05:35:00,1h_strict_engulf_v2p0_macd4h_armATR2p0
554872,0.0013353778991655578,2.785679340362549,554868,3455.500962,0.001935765052175853,2.401223250314741,long,1h_strict_engulf_v2p0_macd4h,2025-01-03 00:25:00,1h_strict_engulf_v2p0_macd4h_armATR2p0
559142,0.004359759028287291,6.6042656898498535,558612,3447.199302,0.004960751178523015,2.5893413140967945,long,1h_strict_engulf_v2p0_macd4h,2025-01-17 20:15:00,1h_strict_engulf_v2p0_macd4h_armATR2p0
562588,0.007873590884505744,9.642891883850098,562356,3085.752726,0.008475245602682424,2.689310044368754,short,1h_strict_engulf_v2p0_macd4h,2025-01-29 19:25:00,1h_strict_engulf_v2p0_macd4h_armATR2p0
563545,0.006596254461910212,8.849295616149902,563508,3119.955884,0.007197653712802676,2.5195094578273873,short,1h_strict_engulf_v2p0_macd4h,2025-02-02 03:10:00,1h_strict_engulf_v2p0_macd4h_armATR2p0
566968,0.0016522273229752752,1.9214390516281128,566964,2670.594012,0.00225267785854677,3.130980394565478,long,1h_strict_engulf_v2p0_macd4h,2025-02-14 00:25:00,1h_strict_engulf_v2p0_macd4h_armATR2p0
568328,0.007472205094975104,8.128592491149902,568315,2634.862922,0.008073779535993975,2.5961348195244907,short,1h_strict_engulf_v2p0_macd4h,2025-02-18 17:45:00,1h_strict_engulf_v2p0_macd4h_armATR2p0
569890,0.00638972773930564,7.674961566925049,569885,2737.1024700000003,0.006991085684853626,2.475904254933441,short,1h_strict_engulf_v2p0_macd4h,2025-02-24 03:55:00,1h_strict_engulf_v2p0_macd4h_armATR2p0
571769,0.01662597886635959,12.414986610412598,571759,2263.9927079999998,0.01722942475130984,3.1419519991495077,long,1h_strict_engulf_v2p0_macd4h,2025-03-02 16:30:00,1h_strict_engulf_v2p0_macd4h_armATR2p0
573015,0.010475012288652953,7.246425151824951,573015,2162.987316,0.011077187291110624,3.2702077926013295,short,1h_strict_engulf_v2p0_macd4h,2025-03-07 00:20:00,1h_strict_engulf_v2p0_macd4h_armATR2p0
575556,0.006896393377304477,5.868565082550049,575212,1933.006524,0.0074978929558957574,2.469679691053592,long,1h_strict_engulf_v2p0_macd4h,2025-03-15 20:05:00,1h_strict_engulf_v2p0_macd4h_armATR2p0
575736,0.0023471793615709837,1.1657191514968872,575736,1898.630198,0.0029477287974433164,4.786914577867781,short,1h_strict_engulf_v2p0_macd4h,2025-03-16 11:05:00,1h_strict_engulf_v2p0_macd4h_armATR2p0
578650,0.0025567252230027206,2.4171142578125,578650,2034.403038,0.003157316568047408,2.649042336043603,short,1h_strict_engulf_v2p0_macd4h,2025-03-26 13:55:00,1h_strict_engulf_v2p0_macd4h_armATR2p0
580310,0.006117113894467297,2.0564138889312744,580291,1860.251976,0.006718457585984661,6.077581982533319,long,1h_strict_engulf_v2p0_macd4h,2025-04-01 08:15:00,1h_strict_engulf_v2p0_macd4h_armATR2p0
580766,0.010076662477737043,6.523594379425049,580765,1845.6308000000001,0.010678757810232531,2.9892723038550892,short,1h_strict_engulf_v2p0_macd4h,2025-04-02 22:15:00,1h_strict_engulf_v2p0_macd4h_armATR2p0
582730,0.024137164263321863,14.996424674987793,582726,1596.499236,0.02474211268585913,2.6340120966220932,long,1h_strict_engulf_v2p0_macd4h,2025-04-09 17:55:00,1h_strict_engulf_v2p0_macd4h_armATR2p0
584595,0.005505336119558013,4.230721473693848,583835,1575.8847600000001,0.00610651718678179,2.2607869743902578,short,1h_strict_engulf_v2p0_macd4h,2025-04-16 05:20:00,1h_strict_engulf_v2p0_macd4h_armATR2p0
587300,0.0032264423898182406,2.8992831707000732,587270,1797.7894860000001,0.0038272078313845714,2.3731776425062163,long,1h_strict_engulf_v2p0_macd4h,2025-04-25 14:45:00,1h_strict_engulf_v2p0_macd4h_armATR2p0
587997,0.0020945824042559293,2.301417827606201,587989,1779.8539580000001,0.002695081320736703,2.0787003309938736,short,1h_strict_engulf_v2p0_macd4h,2025-04-28 00:50:00,1h_strict_engulf_v2p0_macd4h_armATR2p0
590904,0.008888896924262158,4.708565711975098,590584,1839.897906,0.009490795083278991,3.7085802913590795,long,1h_strict_engulf_v2p0_macd4h,2025-05-08 03:05:00,1h_strict_engulf_v2p0_macd4h_armATR2p0
600057,0.001169968207209893,2.201416015625,599778,2537.7074399999997,0.001770322271664293,2.040759205944391,long,1h_strict_engulf_v2p0_macd4h,2025-06-08 21:50:00,1h_strict_engulf_v2p0_macd4h_armATR2p0
603797,0.012369088823929798,10.4564208984375,603796,2310.547798,0.012971642641694814,2.8296295919401366,short,1h_strict_engulf_v2p0_macd4h,2025-06-21 21:30:00,1h_strict_engulf_v2p0_macd4h_armATR2p0
604357,0.010048405964315733,10.114240646362305,604284,2309.571822,0.010650536071529881,2.4320340854107707,long,1h_strict_engulf_v2p0_macd4h,2025-06-23 20:10:00,1h_strict_engulf_v2p0_macd4h_armATR2p0
605984,0.0019368135498995635,1.7849992513656616,605958,2454.9909,0.0025373210141024227,3.4896933403385333,long,1h_strict_engulf_v2p0_macd4h,2025-06-29 11:45:00,1h_strict_engulf_v2p0_macd4h_armATR2p0
608021,0.0019838552697648117,2.1328647136688232,608021,2535.617022,0.002584372144193603,3.07238333402222,long,1h_strict_engulf_v2p0_macd4h,2025-07-06 13:30:00,1h_strict_engulf_v2p0_macd4h_armATR2p0
632628,0.0018149005870124583,3.232142925262451,632628,4209.771786,0.002415383663745052,3.1459666961273656,long,1h_strict_engulf_v2p0_macd4h,2025-09-30 00:05:00,1h_strict_engulf_v2p0_macd4h_armATR2p0
640409,0.007001839054324455,11.617117881774902,640404,4153.360506,0.007603359726269687,2.7183587462379086,long,1h_strict_engulf_v2p0_macd4h,2025-10-27 00:30:00,1h_strict_engulf_v2p0_macd4h_armATR2p0
642711,0.005973043772460285,9.234322547912598,642708,3602.5093540000003,0.006574318381214805,2.5480325035125624,short,1h_strict_engulf_v2p0_macd4h,2025-11-04 00:20:00,1h_strict_engulf_v2p0_macd4h_armATR2p0
649063,0.008438503031555201,8.667149543762207,649044,2955.54099,0.00904031109377379,3.082790929715764,long,1h_strict_engulf_v2p0_macd4h,2025-11-26 01:40:00,1h_strict_engulf_v2p0_macd4h_armATR2p0
650117,0.0010191000127281584,2.3214111328125,650032,2988.7621280000003,0.0016193838327307475,2.081547698165001,short,1h_strict_engulf_v2p0_macd4h,2025-11-29 17:30:00,1h_strict_engulf_v2p0_macd4h_armATR2p0
650947,0.00421311248976326,5.8271484375,650941,2859.97188,0.00481407530482425,2.362754295290719,long,1h_strict_engulf_v2p0_macd4h,2025-12-02 14:40:00,1h_strict_engulf_v2p0_macd4h_armATR2p0
651834,0.013196478227459575,17.577131271362305,651829,3064.856906,0.0137991975231051,2.3733626014370013,short,1h_strict_engulf_v2p0_macd4h,2025-12-05 16:35:00,1h_strict_engulf_v2p0_macd4h_armATR2p0
652421,0.014093514790929974,9.698573112487793,652419,3079.935864,0.014696454081746246,4.667092310900673,long,1h_strict_engulf_v2p0_macd4h,2025-12-07 17:30:00,1h_strict_engulf_v2p0_macd4h_armATR2p0
653372,0.006221358316268422,8.445748329162598,653371,3282.453378,0.006822682587931395,2.633677577532738,short,1h_strict_engulf_v2p0_macd4h,2025-12-11 00:45:00,1h_strict_engulf_v2p0_macd4h_armATR2p0
654623,0.005046516983477867,8.235734939575195,654541,3127.77543,0.00564764651278038,2.144868688660233,long,1h_strict_engulf_v2p0_macd4h,2025-12-15 09:00:00,1h_strict_engulf_v2p0_macd4h_armATR2p0
657711,0.0043728945572032,4.0871758460998535,657584,2966.84325,0.004973889335070147,3.6105003933416495,long,1h_strict_engulf_v2p0_macd4h,2025-12-26 02:20:00,1h_strict_engulf_v2p0_macd4h_armATR2p0
661322,0.00790108768255733,10.308524131774902,661320,3175.724728,0.008502747900093865,2.5973386352630383,short,1h_strict_engulf_v2p0_macd4h,2026-01-07 15:15:00,1h_strict_engulf_v2p0_macd4h_armATR2p0
662413,-6.948635059704744e-05,0.7907366156578064,662399,3107.1213,0.0005306197733574436,2.085017902742055,long,1h_strict_engulf_v2p0_macd4h,2026-01-11 10:10:00,1h_strict_engulf_v2p0_macd4h_armATR2p0
663919,0.0045271483414972115,7.815743446350098,663918,3287.4323820000004,0.0051281337711657216,2.145973971015279,short,1h_strict_engulf_v2p0_macd4h,2026-01-16 15:40:00,1h_strict_engulf_v2p0_macd4h_armATR2p0
664528,0.005473645548270634,3.5407192707061768,664479,3341.928252,0.0060748605203748696,5.733792048402298,long,1h_strict_engulf_v2p0_macd4h,2026-01-18 18:25:00,1h_strict_engulf_v2p0_macd4h_armATR2p0
667097,0.0054999530239558505,8.605730056762695,667093,2966.133108,0.006101173258607595,2.1028886428733413,long,1h_strict_engulf_v2p0_macd4h,2026-01-27 16:30:00,1h_strict_engulf_v2p0_macd4h_armATR2p0
667610,0.003367199143214217,5.119315147399902,667528,2940.531776,0.003967952583042722,2.270181785136367,short,1h_strict_engulf_v2p0_macd4h,2026-01-29 11:15:00,1h_strict_engulf_v2p0_macd4h_armATR2p0
670119,0.009407489270038828,7.299996376037598,670116,2093.158548,0.010009491168272655,2.870063342602999,long,1h_strict_engulf_v2p0_macd4h,2026-02-07 04:20:00,1h_strict_engulf_v2p0_macd4h_armATR2p0
670745,0.007609145479171975,7.252144813537598,670665,2055.38884,0.008210747308267763,2.308122690649192,short,1h_strict_engulf_v2p0_macd4h,2026-02-09 08:30:00,1h_strict_engulf_v2p0_macd4h_armATR2p0
671980,0.013047805517930123,9.585693359375,671977,2012.20236,0.013650535625055138,2.86548285765225,long,1h_strict_engulf_v2p0_macd4h,2026-02-13 15:25:00,1h_strict_engulf_v2p0_macd4h_armATR2p0
672526,0.0068195361290718905,4.192147254943848,672526,2026.074704,0.007420980036297653,3.5601573829256936,short,1h_strict_engulf_v2p0_macd4h,2026-02-15 12:55:00,1h_strict_engulf_v2p0_macd4h_armATR2p0
673335,0.004524859692001293,2.36572265625,673329,2022.214362,0.005125884868975028,4.381594762435496,long,1h_strict_engulf_v2p0_macd4h,2026-02-18 08:20:00,1h_strict_engulf_v2p0_macd4h_armATR2p0
674597,0.006814940673621939,2.961452007293701,674551,1951.90954,0.007416383661756676,4.852194114444431,short,1h_strict_engulf_v2p0_macd4h,2026-02-22 17:30:00,1h_strict_engulf_v2p0_macd4h_armATR2p0
675270,0.008303771966462216,7.2735772132873535,675266,1904.340792,0.008905553077077633,2.3316186111311157,long,1h_strict_engulf_v2p0_macd4h,2026-02-25 01:35:00,1h_strict_engulf_v2p0_macd4h_armATR2p0
675980,0.006916926325582784,6.615016460418701,675963,1969.376046,0.007518389710847728,2.2216189616359365,short,1h_strict_engulf_v2p0_macd4h,2026-02-27 12:45:00,1h_strict_engulf_v2p0_macd4h_armATR2p0
676425,0.007708875934613957,7.266427040100098,676425,1989.307782,0.00831053804222237,2.275150897238224,long,1h_strict_engulf_v2p0_macd4h,2026-03-01 01:50:00,1h_strict_engulf_v2p0_macd4h_armATR2p0
677988,0.005770686375633449,4.354282855987549,677958,2051.559606,0.006371920512908469,2.9831791892292747,short,1h_strict_engulf_v2p0_macd4h,2026-03-06 12:05:00,1h_strict_engulf_v2p0_macd4h_armATR2p0
678745,0.007084332042979602,6.7407050132751465,678745,1982.0363280000001,0.007685869216822905,2.2599523299118776,long,1h_strict_engulf_v2p0_macd4h,2026-03-09 03:10:00,1h_strict_engulf_v2p0_macd4h_armATR2p0
680706,0.00741771860406022,3.6635916233062744,680700,2147.389392,0.00801932246855408,4.700471496454355,long,1h_strict_engulf_v2p0_macd4h,2026-03-15 22:35:00,1h_strict_engulf_v2p0_macd4h_armATR2p0
681437,0.006278760015343732,4.3600029945373535,681437,2292.011506,0.006880095767346717,3.5920860649917477,short,1h_strict_engulf_v2p0_macd4h,2026-03-18 11:30:00,1h_strict_engulf_v2p0_macd4h_armATR2p0
683671,0.00427366792677093,2.4456787109375,683665,2140.17188,0.004874602660356109,4.2449893166957455,short,1h_strict_engulf_v2p0_macd4h,2026-03-26 05:40:00,1h_strict_engulf_v2p0_macd4h_armATR2p0
684815,0.005775331779350701,5.618556499481201,684789,2039.05773,0.006376607100770926,2.3141655692526255,long,1h_strict_engulf_v2p0_macd4h,2026-03-30 05:00:00,1h_strict_engulf_v2p0_macd4h_armATR2p0
685663,0.014727772460836964,12.677839279174805,685646,2081.13369,0.015330798015328995,2.4786313588639715,short,1h_strict_engulf_v2p0_macd4h,2026-04-02 03:40:00,1h_strict_engulf_v2p0_macd4h_armATR2p0
686762,0.01113025430689958,5.220005512237549,686759,2086.727262,0.011732600827064843,4.690174740736175,long,1h_strict_engulf_v2p0_macd4h,2026-04-05 23:15:00,1h_strict_engulf_v2p0_macd4h_armATR2p0
687204,0.006455288476166121,4.485682964324951,687192,2089.562004,0.007056659533861476,3.2641638110515205,short,1h_strict_engulf_v2p0_macd4h,2026-04-07 12:05:00,1h_strict_engulf_v2p0_macd4h_armATR2p0
688433,0.003498258389616993,3.0850131511688232,688412,2265.623034,0.0040990782052579,3.0103489174693143,long,1h_strict_engulf_v2p0_macd4h,2026-04-11 18:30:00,1h_strict_engulf_v2p0_macd4h_armATR2p0
690763,0.008867298761040266,6.1207098960876465,689818,2298.450218,0.009469152220792365,3.5225028413422033,short,1h_strict_engulf_v2p0_macd4h,2026-04-19 20:40:00,1h_strict_engulf_v2p0_macd4h_armATR2p0
691411,0.007004227714312261,4.9671454429626465,691407,2345.71905,0.007605748864084827,3.5917913427070065,long,1h_strict_engulf_v2p0_macd4h,2026-04-22 02:40:00,1h_strict_engulf_v2p0_macd4h_armATR2p0
693612,0.012430363971562787,2.627842426300049,693265,2263.2472599999996,0.013032930044357016,11.08029146214679,short,1h_strict_engulf_v2p0_macd4h,2026-04-29 18:05:00,1h_strict_engulf_v2p0_macd4h_armATR2p0
694107,0.001508312221354569,2.1257150173187256,694011,2287.00731,0.0021087339681480355,2.2687377944401383,long,1h_strict_engulf_v2p0_macd4h,2026-05-01 11:20:00,1h_strict_engulf_v2p0_macd4h_armATR2p0
695710,0.0021137404059412114,1.9971400499343872,695708,2335.7927480000003,0.0027142431540223555,3.1659011596148328,short,1h_strict_engulf_v2p0_macd4h,2026-05-07 00:55:00,1h_strict_engulf_v2p0_macd4h_armATR2p0
696480,0.003170181489305213,1.8193185329437256,696325,2321.8942859999997,0.003770935676440379,4.812633874417406,long,1h_strict_engulf_v2p0_macd4h,2026-05-09 17:05:00,1h_strict_engulf_v2p0_macd4h_armATR2p0
697223,0.004495738146108108,5.3850274085998535,697026,2308.8981280000003,0.005096717293737285,2.1742002615070093,short,1h_strict_engulf_v2p0_macd4h,2026-05-12 07:00:00,1h_strict_engulf_v2p0_macd4h_armATR2p0
700252,0.004883986388902484,4.098598003387451,700245,2095.43083,0.005485043186180372,2.7889610033851375,short,1h_strict_engulf_v2p0_macd4h,2026-05-22 19:25:00,1h_strict_engulf_v2p0_macd4h_armATR2p0
702809,0.0025542246033193996,2.3514230251312256,702783,2006.018716,0.0031548154482399227,2.682935368317206,short,1h_strict_engulf_v2p0_macd4h,2026-05-31 16:30:00,1h_strict_engulf_v2p0_macd4h_armATR2p0
704704,0.0057960914971135315,4.2978692054748535,704704,1609.741884,0.006397370971307881,2.3960980447896483,long,1h_strict_engulf_v2p0_macd4h,2026-06-07 06:25:00,1h_strict_engulf_v2p0_macd4h_armATR2p0
705380,0.007297100347621166,6.459987163543701,705375,1648.6702,0.007898639767690785,2.000034933956819,short,1h_strict_engulf_v2p0_macd4h,2026-06-09 14:45:00,1h_strict_engulf_v2p0_macd4h_armATR2p0
705990,0.002936308602065907,2.530735492706299,705922,1667.1233579999998,0.003537016005266791,2.3300111833079993,long,1h_strict_engulf_v2p0_macd4h,2026-06-11 17:35:00,1h_strict_engulf_v2p0_macd4h_armATR2p0
2024,0.007516604800140225,0.5399987101554871,1982,173.114616,0.008118228445829212,2.6025691794621735,long,1h_strict_engulf_v2p0_macd4h,2019-09-30 13:30:00,1h_strict_engulf_v2p0_macd4h_armATR2p5
2902,0.012842483569878117,0.3664289116859436,2899,172.275538,0.013445132066592258,6.237329880669667,short,1h_strict_engulf_v2p0_macd4h,2019-10-03 14:40:00,1h_strict_engulf_v2p0_macd4h_armATR2p5
4028,0.004992229512968249,0.3057141900062561,4027,176.065206,0.005593348182604707,3.2212897935155365,long,1h_strict_engulf_v2p0_macd4h,2019-10-07 12:30:00,1h_strict_engulf_v2p0_macd4h_armATR2p5
5223,0.021368186534385946,1.3600006103515625,5104,185.71285,0.02197254017169281,2.935917800042638,short,1h_strict_engulf_v2p0_macd4h,2019-10-11 16:05:00,1h_strict_engulf_v2p0_macd4h_armATR2p5
6098,0.008693880322742943,0.6542870402336121,6094,185.347062,0.009295739470636999,2.633306017164618,long,1h_strict_engulf_v2p0_macd4h,2019-10-14 17:00:00,1h_strict_engulf_v2p0_macd4h_armATR2p5
6617,0.004197512493865308,0.3221392035484314,6611,176.86462,0.004798431996364094,2.6219100025589066,short,1h_strict_engulf_v2p0_macd4h,2019-10-16 12:15:00,1h_strict_engulf_v2p0_macd4h_armATR2p5
8039,0.008596958584581938,0.4000004231929779,7835,175.555104,0.009198798344250969,4.037235728675443,long,1h_strict_engulf_v2p0_macd4h,2019-10-21 10:45:00,1h_strict_engulf_v2p0_macd4h_armATR2p5
8513,0.003771421813198295,0.26428550481796265,8379,171.305732,0.004372256097560978,2.821690885066349,short,1h_strict_engulf_v2p0_macd4h,2019-10-23 02:15:00,1h_strict_engulf_v2p0_macd4h_armATR2p5
9195,0.005780805899167474,0.3271419107913971,9191,164.08281,0.006382082315630644,3.201026727106647,long,1h_strict_engulf_v2p0_macd4h,2019-10-25 11:05:00,1h_strict_engulf_v2p0_macd4h_armATR2p5
10667,0.009543440705395768,0.7121440172195435,10628,182.553482,0.01014542939353702,2.5745944017876488,short,1h_strict_engulf_v2p0_macd4h,2019-10-30 13:45:00,1h_strict_engulf_v2p0_macd4h_armATR2p5
11828,0.002188090187110703,0.16785867512226105,11781,181.153762,0.0027886078051480023,3.0011079238715315,short,1h_strict_engulf_v2p0_macd4h,2019-11-03 14:30:00,1h_strict_engulf_v2p0_macd4h_armATR2p5
12405,0.009634097668359055,0.2892870306968689,12405,188.767746,0.010236144897338484,6.679366148372977,long,1h_strict_engulf_v2p0_macd4h,2019-11-05 14:35:00,1h_strict_engulf_v2p0_macd4h_armATR2p5
12915,0.0027736996072320165,0.22571346163749695,12871,188.04238400000003,0.003374334347153507,2.801711494796262,short,1h_strict_engulf_v2p0_macd4h,2019-11-07 09:05:00,1h_strict_engulf_v2p0_macd4h_armATR2p5
13737,0.005716656331018877,0.27285656332969666,13737,187.177428,0.006317919915001857,4.334042713024654,long,1h_strict_engulf_v2p0_macd4h,2019-11-10 05:35:00,1h_strict_engulf_v2p0_macd4h_armATR2p5
15723,0.0015084982695549702,0.08071572333574295,15687,182.253542,0.0021088799692088323,4.751763152820109,short,1h_strict_engulf_v2p0_macd4h,2019-11-17 03:05:00,1h_strict_engulf_v2p0_macd4h_armATR2p5
30753,0.005290933532021658,0.25499942898750305,30663,143.62127,0.005892071718728076,3.299105426786024,short,1h_strict_engulf_v2p0_macd4h,2020-01-08 07:35:00,1h_strict_engulf_v2p0_macd4h_armATR2p5
48869,0.008533226657213523,0.5749980211257935,48807,201.029786,0.009135013302544959,3.164856109308027,short,1h_strict_engulf_v2p0_macd4h,2020-03-11 05:15:00,1h_strict_engulf_v2p0_macd4h_armATR2p5
57453,0.0015632007404666308,0.0678580179810524,57447,169.23384,0.0021636334671599755,5.395972515764439,long,1h_strict_engulf_v2p0_macd4h,2020-04-10 00:35:00,1h_strict_engulf_v2p0_macd4h_armATR2p5
57494,0.022128406818636214,0.5842841267585754,57493,163.63726599999998,0.02273291249999998,6.2251665472727975,short,1h_strict_engulf_v2p0_macd4h,2020-04-10 04:00:00,1h_strict_engulf_v2p0_macd4h_armATR2p5
58193,0.0015692437736491542,0.1135711669921875,58193,160.362066,0.0021696777091908537,3.0635768673922623,long,1h_strict_engulf_v2p0_macd4h,2020-04-12 14:15:00,1h_strict_engulf_v2p0_macd4h_armATR2p5
59164,0.005230454237021354,0.31428417563438416,59163,153.38931599999998,0.0058315803278687905,2.829655671351861,short,1h_strict_engulf_v2p0_macd4h,2020-04-15 23:10:00,1h_strict_engulf_v2p0_macd4h_armATR2p5
60992,0.003140459641161231,0.16499873995780945,60992,175.075008,0.003741207882737907,3.9696787997743246,long,1h_strict_engulf_v2p0_macd4h,2020-04-22 07:30:00,1h_strict_engulf_v2p0_macd4h_armATR2p5
101760,0.006971928778220571,0.7314257025718689,101495,370.494084,0.0075734434669139095,3.836228327954225,long,1h_strict_engulf_v2p0_macd4h,2020-09-11 22:10:00,1h_strict_engulf_v2p0_macd4h_armATR2p5
109853,0.005467079335597491,0.7292851209640503,109847,365.333052,0.0060682929941964225,3.03989199322947,long,1h_strict_engulf_v2p0_macd4h,2020-10-10 00:35:00,1h_strict_engulf_v2p0_macd4h_armATR2p5
150991,0.010821567384966714,5.375,150989,1576.9353239999998,0.011423852155397762,3.351567627907021,long,1h_strict_engulf_v2p0_macd4h,2021-03-02 00:15:00,1h_strict_engulf_v2p0_macd4h_armATR2p5
184389,0.014245018081807405,10.523576736450195,184304,1804.359056,0.014847947085423696,2.508563073290696,short,1h_strict_engulf_v2p0_macd4h,2021-06-26 07:10:00,1h_strict_engulf_v2p0_macd4h_armATR2p5
189493,0.013314598000168277,5.4350152015686035,189488,1942.36145,0.01391734091976815,4.905496859016195,short,1h_strict_engulf_v2p0_macd4h,2021-07-14 00:30:00,1h_strict_engulf_v2p0_macd4h_armATR2p5
192945,0.01635670437402643,6.963553428649902,192656,2182.9765079999997,0.01696009639330498,5.316752772754756,long,1h_strict_engulf_v2p0_macd4h,2021-07-26 00:10:00,1h_strict_engulf_v2p0_macd4h_armATR2p5
212541,0.006862551242323889,7.374215126037598,212528,3305.06088,0.007464044051133989,3.345321444840399,long,1h_strict_engulf_v2p0_macd4h,2021-10-02 01:10:00,1h_strict_engulf_v2p0_macd4h_armATR2p5
231639,0.011197870593219373,16.516462326049805,231536,4354.9308120000005,0.011800230639347209,3.1113919546165794,long,1h_strict_engulf_v2p0_macd4h,2021-12-07 08:40:00,1h_strict_engulf_v2p0_macd4h_armATR2p5
240466,0.0051467252395982046,6.412178993225098,240464,3406.5785480000004,0.0057478345846460055,3.0361828670987077,short,1h_strict_engulf_v2p0_macd4h,2022-01-07 00:15:00,1h_strict_engulf_v2p0_macd4h_armATR2p5
246226,0.011237444164167344,9.597847938537598,246224,2465.162934,0.011839812126592575,3.0410010855461755,long,1h_strict_engulf_v2p0_macd4h,2022-01-27 00:15:00,1h_strict_engulf_v2p0_macd4h_armATR2p5
248599,0.009798267010357976,8.381417274475098,248591,2752.75044,0.010400347079773997,3.4158375680911663,long,1h_strict_engulf_v2p0_macd4h,2022-02-04 06:00:00,1h_strict_engulf_v2p0_macd4h_armATR2p5
249753,0.0063222661491739275,8.390694618225098,249750,3195.0088739999997,0.006923650879349763,2.6363879281164673,long,1h_strict_engulf_v2p0_macd4h,2022-02-08 06:10:00,1h_strict_engulf_v2p0_macd4h_armATR2p5
251714,0.017891330055734133,8.489954948425293,251580,2959.0816979999995,0.01849502906154643,6.4462417447988205,long,1h_strict_engulf_v2p0_macd4h,2022-02-15 01:35:00,1h_strict_engulf_v2p0_macd4h_armATR2p5
252431,0.007985085315961494,7.269984722137451,252179,3050.369804,0.008586762333024689,3.572195127304813,short,1h_strict_engulf_v2p0_macd4h,2022-02-17 13:20:00,1h_strict_engulf_v2p0_macd4h_armATR2p5
254085,0.007769216435086834,8.419276237487793,254066,2666.013096,0.008370890613209392,2.6506915048862774,long,1h_strict_engulf_v2p0_macd4h,2022-02-23 07:40:00,1h_strict_engulf_v2p0_macd4h_armATR2p5
255384,0.0161967289943314,12.058610916137695,255380,2650.31983,0.01680004834013027,3.6314157828408766,short,1h_strict_engulf_v2p0_macd4h,2022-02-27 19:55:00,1h_strict_engulf_v2p0_macd4h_armATR2p5
258066,0.011858052859293934,9.232840538024902,258056,2632.596414,0.012460544968287746,3.5529245701688863,long,1h_strict_engulf_v2p0_macd4h,2022-03-09 03:25:00,1h_strict_engulf_v2p0_macd4h_armATR2p5
259451,0.01059497687624207,10.048566818237305,258628,2534.323034,0.011197175871617393,2.7927399506432837,short,1h_strict_engulf_v2p0_macd4h,2022-03-13 22:50:00,1h_strict_engulf_v2p0_macd4h_armATR2p5
261360,0.004257196087305637,5.132864952087402,261337,2885.982688,0.004858127526522926,2.718304130391285,short,1h_strict_engulf_v2p0_macd4h,2022-03-20 13:55:00,1h_strict_engulf_v2p0_macd4h_armATR2p5
261808,0.016433052059530117,12.202863693237305,261799,2964.072696,0.017036459351400524,4.1381519346139255,long,1h_strict_engulf_v2p0_macd4h,2022-03-22 03:15:00,1h_strict_engulf_v2p0_macd4h_armATR2p5
266761,0.005815192847109918,6.5513739585876465,266698,3272.1543,0.006416476142338423,3.204778132452421,long,1h_strict_engulf_v2p0_macd4h,2022-04-08 08:00:00,1h_strict_engulf_v2p0_macd4h_armATR2p5
267829,0.007288977925985885,7.342825889587402,267818,2984.2630280000003,0.007890515721571179,3.1817488731593766,short,1h_strict_engulf_v2p0_macd4h,2022-04-12 01:00:00,1h_strict_engulf_v2p0_macd4h_armATR2p5
269539,0.006417433206755874,8.192818641662598,269538,3012.587362,0.007018796693397222,2.562898425851033,short,1h_strict_engulf_v2p0_macd4h,2022-04-17 23:30:00,1h_strict_engulf_v2p0_macd4h_armATR2p5
270263,0.009252515509601001,9.051408767700195,270002,3118.02348,0.009854486406882357,3.394667149454928,long,1h_strict_engulf_v2p0_macd4h,2022-04-20 11:50:00,1h_strict_engulf_v2p0_macd4h_armATR2p5
271795,0.0076994683690442935,7.473580360412598,271787,2971.384158,0.008301128594763174,3.3004050014173663,long,1h_strict_engulf_v2p0_macd4h,2022-04-25 19:30:00,1h_strict_engulf_v2p0_macd4h_armATR2p5
272916,0.007106617574170482,8.485037803649902,272853,2837.23244,0.007708118897685301,2.5577305018799747,short,1h_strict_engulf_v2p0_macd4h,2022-04-29 16:55:00,1h_strict_engulf_v2p0_macd4h_armATR2p5
273635,0.008324822963988466,9.637137413024902,273570,2835.677022,0.00892660828564562,2.6266075614724165,long,1h_strict_engulf_v2p0_macd4h,2022-05-02 04:50:00,1h_strict_engulf_v2p0_macd4h_armATR2p5
274631,0.010923694250531258,7.962855815887451,274101,2762.4773940000005,0.011525958989381246,3.9530282511453887,short,1h_strict_engulf_v2p0_macd4h,2022-05-05 15:50:00,1h_strict_engulf_v2p0_macd4h_armATR2p5
277563,0.016331625390101977,7.621425151824951,277466,2089.877892,0.01693501239258044,4.643765082640137,long,1h_strict_engulf_v2p0_macd4h,2022-05-15 20:10:00,1h_strict_engulf_v2p0_macd4h_armATR2p5
278360,0.008791071796934792,6.490714073181152,278340,2001.989522,0.009392910011294164,2.8701806596249737,short,1h_strict_engulf_v2p0_macd4h,2022-05-18 14:35:00,1h_strict_engulf_v2p0_macd4h_armATR2p5
279895,0.012771984902704104,10.33001708984375,279862,1989.082104,0.013374619299684642,2.5413417782058314,short,1h_strict_engulf_v2p0_macd4h,2022-05-23 22:30:00,1h_strict_engulf_v2p0_macd4h_armATR2p5
281664,0.004818961327755345,3.2178518772125244,281661,1836.297186,0.005420045336822721,3.0929994231498465,long,1h_strict_engulf_v2p0_macd4h,2022-05-30 01:55:00,1h_strict_engulf_v2p0_macd4h_armATR2p5
282394,0.006235597864407039,4.3500189781188965,282267,1916.876548,0.0068369249839799195,2.992296830306905,short,1h_strict_engulf_v2p0_macd4h,2022-06-01 14:45:00,1h_strict_engulf_v2p0_macd4h_armATR2p5
283346,0.006903183119361733,3.097874164581299,283346,1796.319192,0.007504684056172994,4.3516318881280505,long,1h_strict_engulf_v2p0_macd4h,2022-06-04 22:05:00,1h_strict_engulf_v2p0_macd4h_armATR2p5
283952,0.01334069184249649,9.680009841918945,283952,1780.423844,0.013943439980864891,2.529320155644205,short,1h_strict_engulf_v2p0_macd4h,2022-06-07 00:35:00,1h_strict_engulf_v2p0_macd4h_armATR2p5
288859,0.015954964352788047,7.140006065368652,288796,1141.5282599999998,0.016558276007989647,2.6473002721496024,long,1h_strict_engulf_v2p0_macd4h,2022-06-24 01:30:00,1h_strict_engulf_v2p0_macd4h_armATR2p5
290001,0.010939638287894083,5.250706195831299,289870,1192.91137,0.011541906215551734,2.5922932063512856,short,1h_strict_engulf_v2p0_macd4h,2022-06-28 00:40:00,1h_strict_engulf_v2p0_macd4h_armATR2p5
291865,0.012793667093557738,3.721435546875,291864,1092.208398,0.013396346362830158,3.931709098733826,long,1h_strict_engulf_v2p0_macd4h,2022-07-04 12:00:00,1h_strict_engulf_v2p0_macd4h_armATR2p5
293583,0.007124736584322289,3.5906982421875,293479,1188.502252,0.007726241531639255,2.5377381738568476,short,1h_strict_engulf_v2p0_macd4h,2022-07-10 11:10:00,1h_strict_engulf_v2p0_macd4h_armATR2p5
294599,0.011099539835214679,4.95001220703125,294463,1099.829922,0.011701880211256954,2.6000093457787505,long,1h_strict_engulf_v2p0_macd4h,2022-07-13 23:50:00,1h_strict_engulf_v2p0_macd4h_armATR2p5
297739,0.011849386344223013,7.85357666015625,297550,1606.881312,0.012451876719566934,2.547716647563995,long,1h_strict_engulf_v2p0_macd4h,2022-07-24 21:30:00,1h_strict_engulf_v2p0_macd4h_armATR2p5
299918,0.014070364545162485,6.627162456512451,299769,1670.405852,0.014673258618071339,3.6449765881719656,short,1h_strict_engulf_v2p0_macd4h,2022-08-01 11:05:00,1h_strict_engulf_v2p0_macd4h_armATR2p5
301072,0.009601120741530479,3.8128488063812256,300509,1681.2261780000001,0.010203161373805392,4.498951537572423,long,1h_strict_engulf_v2p0_macd4h,2022-08-05 11:15:00,1h_strict_engulf_v2p0_macd4h_armATR2p5
302230,0.008110137998811063,5.8042778968811035,302229,1711.05772,0.008711840026410789,2.5460049057852263,short,1h_strict_engulf_v2p0_macd4h,2022-08-09 11:45:00,1h_strict_engulf_v2p0_macd4h_armATR2p5
302810,0.010425069118720166,7.3214287757873535,302683,1891.82829,0.011027274573634838,2.8494042131491804,long,1h_strict_engulf_v2p0_macd4h,2022-08-11 12:05:00,1h_strict_engulf_v2p0_macd4h_armATR2p5
303732,0.008122920048348982,4.76141357421875,303731,1958.368248,0.00872462463235868,3.5573990236248587,short,1h_strict_engulf_v2p0_macd4h,2022-08-14 16:55:00,1h_strict_engulf_v2p0_macd4h_armATR2p5
304465,0.009788192183739232,4.6656928062438965,304463,1919.6938619999999,0.010390270237786714,4.275064567754479,long,1h_strict_engulf_v2p0_macd4h,2022-08-17 06:00:00,1h_strict_engulf_v2p0_macd4h_armATR2p5
305047,0.01464667247102276,7.469979286193848,304974,1821.865554,0.01524968180551678,3.6634042681453605,short,1h_strict_engulf_v2p0_macd4h,2022-08-19 06:30:00,1h_strict_engulf_v2p0_macd4h_armATR2p5
306345,0.011100950120398868,7.6235527992248535,305802,1643.248584,0.011703290778554587,2.522631705516028,long,1h_strict_engulf_v2p0_macd4h,2022-08-23 18:40:00,1h_strict_engulf_v2p0_macd4h_armATR2p5
307070,0.004608217753291966,3.3350131511688232,307070,1653.579218,0.0052092193968427125,2.5694705272741833,short,1h_strict_engulf_v2p0_macd4h,2022-08-26 07:05:00,1h_strict_engulf_v2p0_macd4h_armATR2p5
308041,0.014417443485352078,7.596435546875,308019,1510.4720340000001,0.015020447574867202,2.9866594483689486,long,1h_strict_engulf_v2p0_macd4h,2022-08-29 16:00:00,1h_strict_engulf_v2p0_macd4h_armATR2p5
309865,0.00692947039077203,2.6028616428375244,309722,1574.194776,0.007530976586089144,4.5546885031798565,long,1h_strict_engulf_v2p0_macd4h,2022-09-05 00:00:00,1h_strict_engulf_v2p0_macd4h_armATR2p5
312173,0.013812379410928345,6.3071112632751465,312072,1707.098512,0.014415221886810548,3.8462159596346157,short,1h_strict_engulf_v2p0_macd4h,2022-09-13 00:20:00,1h_strict_engulf_v2p0_macd4h_armATR2p5
312730,0.008293759792102852,5.7278618812561035,312729,1631.57625,0.008895538899882816,2.5338861691994956,long,1h_strict_engulf_v2p0_macd4h,2022-09-14 22:45:00,1h_strict_engulf_v2p0_macd4h_armATR2p5
313803,0.0170939966234926,7.116428852081299,313231,1422.985346,0.01769749542281729,3.4772139951575296,short,1h_strict_engulf_v2p0_macd4h,2022-09-18 16:10:00,1h_strict_engulf_v2p0_macd4h_armATR2p5
315829,0.011446447896356028,3.527858257293701,315789,1303.549238,0.012048817185935201,4.399053722726729,short,1h_strict_engulf_v2p0_macd4h,2022-09-25 17:00:00,1h_strict_engulf_v2p0_macd4h_armATR2p5
317764,0.01375096525303472,2.3335483074188232,317554,1307.948358,0.01435379544608506,7.931422692711448,short,1h_strict_engulf_v2p0_macd4h,2022-10-02 10:15:00,1h_strict_engulf_v2p0_macd4h_armATR2p5
318261,0.009516434745775638,5.2778754234313965,318102,1316.0931659999999,0.010118458437463174,2.5231429186220344,long,1h_strict_engulf_v2p0_macd4h,2022-10-04 03:40:00,1h_strict_engulf_v2p0_macd4h_armATR2p5
319629,0.007107285898399107,2.602146625518799,318664,1324.864974,0.007708787355578783,3.894851235748259,short,1h_strict_engulf_v2p0_macd4h,2022-10-08 21:40:00,1h_strict_engulf_v2p0_macd4h_armATR2p5
319957,0.003218580316819164,1.980712890625,319955,1331.0761619999998,0.003819344185656215,2.566670830519042,long,1h_strict_engulf_v2p0_macd4h,2022-10-10 01:00:00,1h_strict_engulf_v2p0_macd4h_armATR2p5
321909,0.004357951228407275,1.3914445638656616,321908,1294.848918,0.00495894301701072,4.6146876179969745,long,1h_strict_engulf_v2p0_macd4h,2022-10-16 19:40:00,1h_strict_engulf_v2p0_macd4h_armATR2p5
322474,0.007851081734847788,3.933558940887451,322432,1305.068934,0.008452731951194892,2.7809254073441836,short,1h_strict_engulf_v2p0_macd4h,2022-10-18 18:45:00,1h_strict_engulf_v2p0_macd4h_armATR2p5
323581,0.006432932531756652,2.8721401691436768,322997,1309.0417559999999,0.007034339399636602,3.206056619007411,long,1h_strict_engulf_v2p0_macd4h,2022-10-22 15:00:00,1h_strict_engulf_v2p0_macd4h_armATR2p5
327316,0.017822433517848468,11.787833213806152,326789,1612.792494,0.01842611874159683,2.521032106663522,long,1h_strict_engulf_v2p0_macd4h,2022-11-04 14:15:00,1h_strict_engulf_v2p0_macd4h_armATR2p5
327859,0.002925305373233389,2.0114047527313232,327744,1618.366262,0.0035259704343080234,2.827010323147772,short,1h_strict_engulf_v2p0_macd4h,2022-11-06 11:30:00,1h_strict_engulf_v2p0_macd4h_armATR2p5
329845,0.013326655580008851,4.194998741149902,329822,1241.9215660000002,0.013929400911124823,4.06712064836604,short,1h_strict_engulf_v2p0_macd4h,2022-11-13 09:00:00,1h_strict_engulf_v2p0_macd4h_armATR2p5
331731,0.0027641557855266454,1.0542863607406616,331730,1217.463444,0.0033648287512770825,3.8856198396819197,long,1h_strict_engulf_v2p0_macd4h,2022-11-19 22:10:00,1h_strict_engulf_v2p0_macd4h_armATR2p5
332275,0.016045404514573657,4.319266319274902,332258,1100.37988,0.016648693595476605,4.171977059989472,short,1h_strict_engulf_v2p0_macd4h,2022-11-21 19:30:00,1h_strict_engulf_v2p0_macd4h_armATR2p5
334072,0.008803653087145992,3.79571533203125,334054,1193.541244,0.009405493817763455,2.9299468024248485,short,1h_strict_engulf_v2p0_macd4h,2022-11-28 01:15:00,1h_strict_engulf_v2p0_macd4h_armATR2p5
334641,0.03245479764723021,2.3435757160186768,334641,1230.2560019999999,0.03306140992921591,17.355529724082558,long,1h_strict_engulf_v2p0_macd4h,2022-11-30 00:40:00,1h_strict_engulf_v2p0_macd4h_armATR2p5
335732,0.0013274607675383802,0.9650093913078308,335631,1266.39667,0.001927806259691911,2.525022058798565,short,1h_strict_engulf_v2p0_macd4h,2022-12-03 19:35:00,1h_strict_engulf_v2p0_macd4h_armATR2p5
336114,0.006014600177385932,3.0143258571624756,336080,1288.167582,0.006615923362058407,2.827304811704254,long,1h_strict_engulf_v2p0_macd4h,2022-12-05 03:25:00,1h_strict_engulf_v2p0_macd4h_armATR2p5
338512,0.00535071963238849,2.43572998046875,338497,1279.2858059999999,0.005951910014391437,3.1260419098404713,long,1h_strict_engulf_v2p0_macd4h,2022-12-13 11:15:00,1h_strict_engulf_v2p0_macd4h_armATR2p5
338975,0.007711589433162924,2.7221243381500244,338974,1294.301088,0.008313211751049598,3.920132468031191,short,1h_strict_engulf_v2p0_macd4h,2022-12-15 01:50:00,1h_strict_engulf_v2p0_macd4h_armATR2p5
340449,0.006072788714475319,2.0635898113250732,340449,1200.1599840000001,0.006674123539182952,3.881593113147111,long,1h_strict_engulf_v2p0_macd4h,2022-12-20 04:40:00,1h_strict_engulf_v2p0_macd4h_armATR2p5
341149,0.008850613557574062,2.9471261501312256,341144,1199.290094,0.009452463680285517,3.8105236857607774,short,1h_strict_engulf_v2p0_macd4h,2022-12-22 15:00:00,1h_strict_engulf_v2p0_macd4h_armATR2p5
345493,0.005203970253713619,2.6999948024749756,345478,1258.931736,0.005805131279969622,2.7067696550011204,long,1h_strict_engulf_v2p0_macd4h,2023-01-06 17:00:00,1h_strict_engulf_v2p0_macd4h_armATR2p5
356616,0.006226646165608152,3.5378506183624268,356059,1548.099558,0.00682801176796155,2.9878146762717046,long,1h_strict_engulf_v2p0_macd4h,2023-02-14 15:05:00,1h_strict_engulf_v2p0_macd4h_armATR2p5
363281,0.017058142672663656,5.3571343421936035,363060,1532.313476,0.01766163430119816,4.964123410261668,short,1h_strict_engulf_v2p0_macd4h,2023-03-09 18:30:00,1h_strict_engulf_v2p0_macd4h_armATR2p5
364219,0.022437893760636828,5.87286376953125,364213,1576.855308,0.02304250226108895,6.186878059134723,long,1h_strict_engulf_v2p0_macd4h,2023-03-13 00:40:00,1h_strict_engulf_v2p0_macd4h_armATR2p5
386390,0.0052452884432540705,3.5685861110687256,386388,1910.2219679999998,0.005846457734800969,3.129539725932422,long,1h_strict_engulf_v2p0_macd4h,2023-05-29 00:15:00,1h_strict_engulf_v2p0_macd4h_armATR2p5
392633,0.0075105724522543495,3.1628592014312744,392436,1721.8555600000002,0.008112154566744856,4.38070717587751,short,1h_strict_engulf_v2p0_macd4h,2023-06-19 16:30:00,1h_strict_engulf_v2p0_macd4h_armATR2p5
393304,0.005826081562490826,3.845703125,393300,1889.1477539999998,0.006427367035897857,3.1573539624175004,long,1h_strict_engulf_v2p0_macd4h,2023-06-22 00:25:00,1h_strict_engulf_v2p0_macd4h_armATR2p5
409923,0.024295557047458293,14.259294509887695,409716,1687.652402,0.024900496158867913,2.8754860187204856,short,1h_strict_engulf_v2p0_macd4h,2023-08-18 17:20:00,1h_strict_engulf_v2p0_macd4h_armATR2p5
415402,0.003468622409753941,2.1414358615875244,415082,1641.9183179999998,0.004069436297013285,3.1201877767409587,long,1h_strict_engulf_v2p0_macd4h,2023-09-06 17:55:00,1h_strict_engulf_v2p0_macd4h_armATR2p5
417501,0.00511279603411281,2.1871249675750732,417501,1623.294594,0.005713938821877207,4.240912676463969,long,1h_strict_engulf_v2p0_macd4h,2023-09-14 00:50:00,1h_strict_engulf_v2p0_macd4h_armATR2p5
418649,0.0026915358258365442,1.9957101345062256,417955,1614.2970759999998,0.003292154133001768,2.6542311473055804,short,1h_strict_engulf_v2p0_macd4h,2023-09-18 00:30:00,1h_strict_engulf_v2p0_macd4h_armATR2p5
420526,0.00032849489505566465,0.40142822265625,420483,1594.838904,0.0009286806311816775,3.689566194921646,long,1h_strict_engulf_v2p0_macd4h,2023-09-24 12:55:00,1h_strict_engulf_v2p0_macd4h_armATR2p5
423257,0.007264271173986048,4.150015830993652,422900,1652.8293680000002,0.00786580402822068,3.108269588675655,short,1h_strict_engulf_v2p0_macd4h,2023-10-04 00:30:00,1h_strict_engulf_v2p0_macd4h_armATR2p5
424527,0.0007389679696920397,0.6300048828125,424516,1626.07472,0.0013391957632860052,3.4519097539236254,short,1h_strict_engulf_v2p0_macd4h,2023-10-08 10:20:00,1h_strict_engulf_v2p0_macd4h_armATR2p5
426095,0.008446771089723538,2.1064016819000244,426094,1555.921122,0.009048580805884887,6.6838524299413535,long,1h_strict_engulf_v2p0_macd4h,2023-10-13 21:00:00,1h_strict_engulf_v2p0_macd4h_armATR2p5
427160,0.003175406817853732,1.9585832357406616,427152,1572.455446,0.0037761218992173884,3.020267860999524,short,1h_strict_engulf_v2p0_macd4h,2023-10-17 13:45:00,1h_strict_engulf_v2p0_macd4h_armATR2p5
427892,0.0022739589248485627,1.5607038736343384,427888,1577.495436,0.002874533831614956,2.9054608478933406,long,1h_strict_engulf_v2p0_macd4h,2023-10-20 02:45:00,1h_strict_engulf_v2p0_macd4h_armATR2p5
457254,0.004006452766981594,2.622105121612549,457236,2311.052118,0.004607374241829998,4.060814309935634,long,1h_strict_engulf_v2p0_macd4h,2024-01-30 01:35:00,1h_strict_engulf_v2p0_macd4h_armATR2p5
459544,0.0027447014765642043,2.9450161457061768,459540,2377.7754600000003,0.003345370550674076,2.701017449971341,long,1h_strict_engulf_v2p0_macd4h,2024-02-07 00:25:00,1h_strict_engulf_v2p0_macd4h_armATR2p5
476835,0.007649299263536147,8.854265213012695,476820,3359.401746,0.008250949453426859,3.1304973742218247,long,1h_strict_engulf_v2p0_macd4h,2024-04-07 01:20:00,1h_strict_engulf_v2p0_macd4h_armATR2p5
502486,0.01569348130373922,12.714320182800293,502452,3048.8901,0.016296700000000053,3.8452783394693597,short,1h_strict_engulf_v2p0_macd4h,2024-07-05 02:55:00,1h_strict_engulf_v2p0_macd4h_armATR2p5
505922,0.004907150174491237,6.034981727600098,505620,3487.957452,0.005508251824856147,3.1835304342570283,long,1h_strict_engulf_v2p0_macd4h,2024-07-17 01:15:00,1h_strict_engulf_v2p0_macd4h_armATR2p5
510813,0.008417302981225073,8.375017166137695,510804,2991.741532,0.009019066441821266,3.1930122015895988,short,1h_strict_engulf_v2p0_macd4h,2024-08-03 00:50:00,1h_strict_engulf_v2p0_macd4h_armATR2p5
514098,0.007295560034285176,6.4999823570251465,514048,2738.0174939999997,0.007897139462177627,3.326548413878488,long,1h_strict_engulf_v2p0_macd4h,2024-08-14 10:35:00,1h_strict_engulf_v2p0_macd4h_armATR2p5
516626,0.0037334905866290404,2.1085903644561768,516626,2653.100514,0.004334357458120719,5.453636796336931,long,1h_strict_engulf_v2p0_macd4h,2024-08-23 05:15:00,1h_strict_engulf_v2p0_macd4h_armATR2p5
517581,0.0039905719934673735,4.560756206512451,517456,2733.4631980000004,0.004591450107866102,2.7392821353093013,short,1h_strict_engulf_v2p0_macd4h,2024-08-26 12:50:00,1h_strict_engulf_v2p0_macd4h_armATR2p5
518432,0.0056539831522734564,3.9771206378936768,518370,2556.081114,0.006255234199113113,4.0202164972466035,long,1h_strict_engulf_v2p0_macd4h,2024-08-29 11:45:00,1h_strict_engulf_v2p0_macd4h_armATR2p5
519220,0.0031338914810836284,3.44140625,519181,2484.223056,0.003734598259379718,2.6858369307604404,short,1h_strict_engulf_v2p0_macd4h,2024-09-01 05:25:00,1h_strict_engulf_v2p0_macd4h_armATR2p5
521568,0.006521481348042713,5.931344032287598,521440,2316.0331140000003,0.007122905929228374,2.781306548768407,long,1h_strict_engulf_v2p0_macd4h,2024-09-09 09:05:00,1h_strict_engulf_v2p0_macd4h_armATR2p5
522201,0.005317509082179939,3.9657156467437744,522161,2314.3170440000004,0.0059186525839964865,3.4336914728572148,short,1h_strict_engulf_v2p0_macd4h,2024-09-11 13:50:00,1h_strict_engulf_v2p0_macd4h_armATR2p5
523943,0.006584124316794737,6.368599891662598,523935,2345.1289319999996,0.007185561429080778,2.645961166764588,long,1h_strict_engulf_v2p0_macd4h,2024-09-17 15:00:00,1h_strict_engulf_v2p0_macd4h_armATR2p5
525467,0.004556072732179795,4.33642578125,525467,2549.4100160000003,0.005157063946726215,3.0163126638892805,short,1h_strict_engulf_v2p0_macd4h,2024-09-22 22:00:00,1h_strict_engulf_v2p0_macd4h_armATR2p5
526544,0.00521482647090572,5.5864434242248535,526527,2637.987492,0.00581598966883945,2.74638206009015,long,1h_strict_engulf_v2p0_macd4h,2024-09-26 15:45:00,1h_strict_engulf_v2p0_macd4h_armATR2p5
527319,0.002461219976212137,2.9778878688812256,527308,2644.1310679999997,0.0030617922202074155,2.7103330801478407,short,1h_strict_engulf_v2p0_macd4h,2024-09-29 08:20:00,1h_strict_engulf_v2p0_macd4h_armATR2p5
528850,0.007127618967493099,5.205723285675049,528850,2396.22915,0.007729164800453159,3.557786110330719,long,1h_strict_engulf_v2p0_macd4h,2024-10-04 15:55:00,1h_strict_engulf_v2p0_macd4h_armATR2p5
530348,0.00799096861308053,6.307181358337402,529800,2412.987306,0.008592646806803161,3.2593491184181107,short,1h_strict_engulf_v2p0_macd4h,2024-10-09 20:45:00,1h_strict_engulf_v2p0_macd4h_armATR2p5
530837,0.004302989594457474,2.003574848175049,530796,2419.7038439999997,0.004903970388535184,5.922491995149949,long,1h_strict_engulf_v2p0_macd4h,2024-10-11 13:30:00,1h_strict_engulf_v2p0_macd4h_armATR2p5
533849,0.005845643864145167,5.127127647399902,533849,2644.710952,0.0064468929929180074,3.304179877126936,short,1h_strict_engulf_v2p0_macd4h,2024-10-22 00:30:00,1h_strict_engulf_v2p0_macd4h_armATR2p5
535559,0.0026766454420312337,2.253574848175049,535544,2513.472594,0.0032773009022115662,3.655261775161746,long,1h_strict_engulf_v2p0_macd4h,2024-10-27 23:00:00,1h_strict_engulf_v2p0_macd4h_armATR2p5
536603,0.013581864692097058,4.424961566925049,536601,2609.557984,0.014184661065035353,8.248203616684272,short,1h_strict_engulf_v2p0_macd4h,2024-10-31 14:00:00,1h_strict_engulf_v2p0_macd4h_armATR2p5
538190,0.008784856466765368,8.712193489074707,538173,2485.7370479999995,0.009386733813527837,2.6781948804581446,long,1h_strict_engulf_v2p0_macd4h,2024-11-06 02:15:00,1h_strict_engulf_v2p0_macd4h_armATR2p5
552350,0.0044872559541954795,3.4300014972686768,552276,3488.8776359999997,0.005088273608917282,5.175614067264015,long,1h_strict_engulf_v2p0_macd4h,2024-12-25 06:15:00,1h_strict_engulf_v2p0_macd4h_armATR2p5
554890,0.0019458763545844974,2.785679340362549,554868,3455.500962,0.0025463856317109457,3.1586686495133134,long,1h_strict_engulf_v2p0_macd4h,2025-01-03 01:55:00,1h_strict_engulf_v2p0_macd4h_armATR2p5
559142,0.004359759028287291,6.6042656898498535,558612,3447.199302,0.004960751178523015,2.5893413140967945,long,1h_strict_engulf_v2p0_macd4h,2025-01-17 20:15:00,1h_strict_engulf_v2p0_macd4h_armATR2p5
562588,0.007873590884505744,9.642891883850098,562356,3085.752726,0.008475245602682424,2.689310044368754,short,1h_strict_engulf_v2p0_macd4h,2025-01-29 19:25:00,1h_strict_engulf_v2p0_macd4h_armATR2p5
563545,0.006596254461910212,8.849295616149902,563508,3119.955884,0.007197653712802676,2.5195094578273873,short,1h_strict_engulf_v2p0_macd4h,2025-02-02 03:10:00,1h_strict_engulf_v2p0_macd4h_armATR2p5
566968,0.0016522273229752752,1.9214390516281128,566964,2670.594012,0.00225267785854677,3.130980394565478,long,1h_strict_engulf_v2p0_macd4h,2025-02-14 00:25:00,1h_strict_engulf_v2p0_macd4h_armATR2p5
568328,0.007472205094975104,8.128592491149902,568315,2634.862922,0.008073779535993975,2.5961348195244907,short,1h_strict_engulf_v2p0_macd4h,2025-02-18 17:45:00,1h_strict_engulf_v2p0_macd4h_armATR2p5
569891,0.006960470215348469,7.674961566925049,569885,2737.1024700000003,0.007561942309391334,2.6765567255121256,short,1h_strict_engulf_v2p0_macd4h,2025-02-24 04:00:00,1h_strict_engulf_v2p0_macd4h_armATR2p5
571769,0.01662597886635959,12.414986610412598,571759,2263.9927079999998,0.01722942475130984,3.1419519991495077,long,1h_strict_engulf_v2p0_macd4h,2025-03-02 16:30:00,1h_strict_engulf_v2p0_macd4h_armATR2p5
573015,0.010475012288652953,7.246425151824951,573015,2162.987316,0.011077187291110624,3.2702077926013295,short,1h_strict_engulf_v2p0_macd4h,2025-03-07 00:20:00,1h_strict_engulf_v2p0_macd4h_armATR2p5
575574,0.008572203551652403,5.868565082550049,575212,1933.006524,0.009174038359324399,3.021773764208548,long,1h_strict_engulf_v2p0_macd4h,2025-03-15 21:35:00,1h_strict_engulf_v2p0_macd4h_armATR2p5
575736,0.0023471793615709837,1.1657191514968872,575736,1898.630198,0.0029477287974433164,4.786914577867781,short,1h_strict_engulf_v2p0_macd4h,2025-03-16 11:05:00,1h_strict_engulf_v2p0_macd4h_armATR2p5
578650,0.0025567252230027206,2.4171142578125,578650,2034.403038,0.003157316568047408,2.649042336043603,short,1h_strict_engulf_v2p0_macd4h,2025-03-26 13:55:00,1h_strict_engulf_v2p0_macd4h_armATR2p5
580310,0.006117113894467297,2.0564138889312744,580291,1860.251976,0.006718457585984661,6.077581982533319,long,1h_strict_engulf_v2p0_macd4h,2025-04-01 08:15:00,1h_strict_engulf_v2p0_macd4h_armATR2p5
580766,0.010076662477737043,6.523594379425049,580765,1845.6308000000001,0.010678757810232531,2.9892723038550892,short,1h_strict_engulf_v2p0_macd4h,2025-04-02 22:15:00,1h_strict_engulf_v2p0_macd4h_armATR2p5
582730,0.024137164263321863,14.996424674987793,582726,1596.499236,0.02474211268585913,2.6340120966220932,long,1h_strict_engulf_v2p0_macd4h,2025-04-09 17:55:00,1h_strict_engulf_v2p0_macd4h_armATR2p5
584597,0.006469573542507279,4.230721473693848,583835,1575.8847600000001,0.007070947457215704,2.6153364311027434,short,1h_strict_engulf_v2p0_macd4h,2025-04-16 05:30:00,1h_strict_engulf_v2p0_macd4h_armATR2p5
587302,0.004672373640525374,2.8992831707000732,587270,1797.7894860000001,0.005273428326190599,3.269951033348237,long,1h_strict_engulf_v2p0_macd4h,2025-04-25 14:55:00,1h_strict_engulf_v2p0_macd4h_armATR2p5
587999,0.003995786211243813,2.301417827606201,587989,1779.8539580000001,0.004596665368485908,3.5386699026621233,short,1h_strict_engulf_v2p0_macd4h,2025-04-28 01:00:00,1h_strict_engulf_v2p0_macd4h_armATR2p5
590904,0.008888896924262158,4.708565711975098,590584,1839.897906,0.009490795083278991,3.7085802913590795,long,1h_strict_engulf_v2p0_macd4h,2025-05-08 03:05:00,1h_strict_engulf_v2p0_macd4h_armATR2p5
600233,0.0019421643907068912,2.201416015625,599778,2537.7074399999997,0.0025426729252919777,2.931095237884077,long,1h_strict_engulf_v2p0_macd4h,2025-06-09 12:30:00,1h_strict_engulf_v2p0_macd4h_armATR2p5
603797,0.012369088823929798,10.4564208984375,603796,2310.547798,0.012971642641694814,2.8296295919401366,short,1h_strict_engulf_v2p0_macd4h,2025-06-21 21:30:00,1h_strict_engulf_v2p0_macd4h_armATR2p5
604358,0.014078649973761249,10.114240646362305,604284,2309.571822,0.014681586291019455,3.3525184129562486,long,1h_strict_engulf_v2p0_macd4h,2025-06-23 20:15:00,1h_strict_engulf_v2p0_macd4h_armATR2p5
605984,0.0019368135498995635,1.7849992513656616,605958,2454.9909,0.0025373210141024227,3.4896933403385333,long,1h_strict_engulf_v2p0_macd4h,2025-06-29 11:45:00,1h_strict_engulf_v2p0_macd4h_armATR2p5
608021,0.0019838552697648117,2.1328647136688232,608021,2535.617022,0.002584372144193603,3.07238333402222,long,1h_strict_engulf_v2p0_macd4h,2025-07-06 13:30:00,1h_strict_engulf_v2p0_macd4h_armATR2p5
632628,0.0018149005870124583,3.232142925262451,632628,4209.771786,0.002415383663745052,3.1459666961273656,long,1h_strict_engulf_v2p0_macd4h,2025-09-30 00:05:00,1h_strict_engulf_v2p0_macd4h_armATR2p5
640409,0.007001839054324455,11.617117881774902,640404,4153.360506,0.007603359726269687,2.7183587462379086,long,1h_strict_engulf_v2p0_macd4h,2025-10-27 00:30:00,1h_strict_engulf_v2p0_macd4h_armATR2p5
642711,0.005973043772460285,9.234322547912598,642708,3602.5093540000003,0.006574318381214805,2.5480325035125624,short,1h_strict_engulf_v2p0_macd4h,2025-11-04 00:20:00,1h_strict_engulf_v2p0_macd4h_armATR2p5
649063,0.008438503031555201,8.667149543762207,649044,2955.54099,0.00904031109377379,3.082790929715764,long,1h_strict_engulf_v2p0_macd4h,2025-11-26 01:40:00,1h_strict_engulf_v2p0_macd4h_armATR2p5
650120,0.0023734135712540462,2.3214111328125,650032,2988.7621280000003,0.002973968253968229,3.81756073912824,short,1h_strict_engulf_v2p0_macd4h,2025-11-29 17:45:00,1h_strict_engulf_v2p0_macd4h_armATR2p5
650948,0.015966121753616846,5.8271484375,650941,2859.97188,0.016569435640744867,8.132300130718967,long,1h_strict_engulf_v2p0_macd4h,2025-12-02 14:45:00,1h_strict_engulf_v2p0_macd4h_armATR2p5
651835,0.015848754560505007,17.577131271362305,651829,3064.856906,0.016452004311416912,2.82224131083452,short,1h_strict_engulf_v2p0_macd4h,2025-12-05 16:40:00,1h_strict_engulf_v2p0_macd4h_armATR2p5
652421,0.014093514790929974,9.698573112487793,652419,3079.935864,0.014696454081746246,4.667092310900673,long,1h_strict_engulf_v2p0_macd4h,2025-12-07 17:30:00,1h_strict_engulf_v2p0_macd4h_armATR2p5
653372,0.006221358316268422,8.445748329162598,653371,3282.453378,0.006822682587931395,2.633677577532738,short,1h_strict_engulf_v2p0_macd4h,2025-12-11 00:45:00,1h_strict_engulf_v2p0_macd4h_armATR2p5
654628,0.006005473298317865,8.235734939575195,654541,3127.77543,0.0066067946572494485,2.509134904366629,long,1h_strict_engulf_v2p0_macd4h,2025-12-15 09:25:00,1h_strict_engulf_v2p0_macd4h_armATR2p5
657711,0.0043728945572032,4.0871758460998535,657584,2966.84325,0.004973889335070147,3.6105003933416495,long,1h_strict_engulf_v2p0_macd4h,2025-12-26 02:20:00,1h_strict_engulf_v2p0_macd4h_armATR2p5
661322,0.00790108768255733,10.308524131774902,661320,3175.724728,0.008502747900093865,2.5973386352630383,short,1h_strict_engulf_v2p0_macd4h,2026-01-07 15:15:00,1h_strict_engulf_v2p0_macd4h_armATR2p5
662422,0.000535454306209671,0.7907366156578064,662399,3107.1213,0.0011356814424980932,4.462547870082893,long,1h_strict_engulf_v2p0_macd4h,2026-01-11 10:55:00,1h_strict_engulf_v2p0_macd4h_armATR2p5
663920,0.010884276482139478,7.815743446350098,663918,3287.4323820000004,0.011486533337435878,4.776561853170154,short,1h_strict_engulf_v2p0_macd4h,2026-01-16 15:45:00,1h_strict_engulf_v2p0_macd4h_armATR2p5
664528,0.005473645548270634,3.5407192707061768,664479,3341.928252,0.0060748605203748696,5.733792048402298,long,1h_strict_engulf_v2p0_macd4h,2026-01-18 18:25:00,1h_strict_engulf_v2p0_macd4h_armATR2p5
667098,0.009629083293587649,8.605730056762695,667093,2966.133108,0.010231129519491455,3.526358809750526,long,1h_strict_engulf_v2p0_macd4h,2026-01-27 16:35:00,1h_strict_engulf_v2p0_macd4h_armATR2p5
667611,0.003981025459342824,5.119315147399902,667528,2940.531776,0.004581901664434618,2.6198379302379444,short,1h_strict_engulf_v2p0_macd4h,2026-01-29 11:20:00,1h_strict_engulf_v2p0_macd4h_armATR2p5
670119,0.009407489270038828,7.299996376037598,670116,2093.158548,0.010009491168272655,2.870063342602999,long,1h_strict_engulf_v2p0_macd4h,2026-02-07 04:20:00,1h_strict_engulf_v2p0_macd4h_armATR2p5
670766,0.011465715567199287,7.252144813537598,670665,2055.38884,0.012068088710312841,3.3795298673916783,short,1h_strict_engulf_v2p0_macd4h,2026-02-09 10:15:00,1h_strict_engulf_v2p0_macd4h_armATR2p5
671980,0.013047805517930123,9.585693359375,671977,2012.20236,0.013650535625055138,2.86548285765225,long,1h_strict_engulf_v2p0_macd4h,2026-02-13 15:25:00,1h_strict_engulf_v2p0_macd4h_armATR2p5
672526,0.0068195361290718905,4.192147254943848,672526,2026.074704,0.007420980036297653,3.5601573829256936,short,1h_strict_engulf_v2p0_macd4h,2026-02-15 12:55:00,1h_strict_engulf_v2p0_macd4h_armATR2p5
673335,0.004524859692001293,2.36572265625,673329,2022.214362,0.005125884868975028,4.381594762435496,long,1h_strict_engulf_v2p0_macd4h,2026-02-18 08:20:00,1h_strict_engulf_v2p0_macd4h_armATR2p5
674597,0.006814940673621939,2.961452007293701,674551,1951.90954,0.007416383661756676,4.852194114444431,short,1h_strict_engulf_v2p0_macd4h,2026-02-22 17:30:00,1h_strict_engulf_v2p0_macd4h_armATR2p5
675276,0.014561903940563293,7.2735772132873535,675266,1904.340792,0.015164936927948736,3.9704270887842634,long,1h_strict_engulf_v2p0_macd4h,2026-02-25 02:05:00,1h_strict_engulf_v2p0_macd4h_armATR2p5
675990,0.009878483055024435,6.615016460418701,675963,1969.376046,0.01048053875163557,3.087829958129411,short,1h_strict_engulf_v2p0_macd4h,2026-02-27 13:35:00,1h_strict_engulf_v2p0_macd4h_armATR2p5
676426,0.009684042389776338,7.266427040100098,676425,1989.307782,0.010286099609698285,2.8159944202395817,long,1h_strict_engulf_v2p0_macd4h,2026-03-01 01:55:00,1h_strict_engulf_v2p0_macd4h_armATR2p5
677988,0.005770686375633449,4.354282855987549,677958,2051.559606,0.006371920512908469,2.9831791892292747,short,1h_strict_engulf_v2p0_macd4h,2026-03-06 12:05:00,1h_strict_engulf_v2p0_macd4h_armATR2p5
678746,0.01054472674064928,6.7407050132751465,678745,1982.0363280000001,0.011146956131875774,3.277650031634478,long,1h_strict_engulf_v2p0_macd4h,2026-03-09 03:15:00,1h_strict_engulf_v2p0_macd4h_armATR2p5
680706,0.00741771860406022,3.6635916233062744,680700,2147.389392,0.00801932246855408,4.700471496454355,long,1h_strict_engulf_v2p0_macd4h,2026-03-15 22:35:00,1h_strict_engulf_v2p0_macd4h_armATR2p5
681437,0.006278760015343732,4.3600029945373535,681437,2292.011506,0.006880095767346717,3.5920860649917477,short,1h_strict_engulf_v2p0_macd4h,2026-03-18 11:30:00,1h_strict_engulf_v2p0_macd4h_armATR2p5
683671,0.00427366792677093,2.4456787109375,683665,2140.17188,0.004874602660356109,4.2449893166957455,short,1h_strict_engulf_v2p0_macd4h,2026-03-26 05:40:00,1h_strict_engulf_v2p0_macd4h_armATR2p5
684816,0.008217147882321153,5.618556499481201,684789,2039.05773,0.008818911664653983,3.2005142249010747,long,1h_strict_engulf_v2p0_macd4h,2026-03-30 05:05:00,1h_strict_engulf_v2p0_macd4h_armATR2p5
685674,0.01745402084447951,12.677839279174805,685646,2081.13369,0.018057591648648508,2.9116704500771036,short,1h_strict_engulf_v2p0_macd4h,2026-04-02 04:35:00,1h_strict_engulf_v2p0_macd4h_armATR2p5
686762,0.01113025430689958,5.220005512237549,686759,2086.727262,0.011732600827064843,4.690174740736175,long,1h_strict_engulf_v2p0_macd4h,2026-04-05 23:15:00,1h_strict_engulf_v2p0_macd4h_armATR2p5
687204,0.006455288476166121,4.485682964324951,687192,2089.562004,0.007056659533861476,3.2641638110515205,short,1h_strict_engulf_v2p0_macd4h,2026-04-07 12:05:00,1h_strict_engulf_v2p0_macd4h_armATR2p5
688433,0.003498258389616993,3.0850131511688232,688412,2265.623034,0.0040990782052579,3.0103489174693143,long,1h_strict_engulf_v2p0_macd4h,2026-04-11 18:30:00,1h_strict_engulf_v2p0_macd4h_armATR2p5
690763,0.008867298761040266,6.1207098960876465,689818,2298.450218,0.009469152220792365,3.5225028413422033,short,1h_strict_engulf_v2p0_macd4h,2026-04-19 20:40:00,1h_strict_engulf_v2p0_macd4h_armATR2p5
691411,0.007004227714312261,4.9671454429626465,691407,2345.71905,0.007605748864084827,3.5917913427070065,long,1h_strict_engulf_v2p0_macd4h,2026-04-22 02:40:00,1h_strict_engulf_v2p0_macd4h_armATR2p5
693612,0.012430363971562787,2.627842426300049,693265,2263.2472599999996,0.013032930044357016,11.08029146214679,short,1h_strict_engulf_v2p0_macd4h,2026-04-29 18:05:00,1h_strict_engulf_v2p0_macd4h_armATR2p5
694118,0.0027848345950413746,2.1257150173187256,694011,2287.00731,0.003385511697380661,3.6423932356493838,long,1h_strict_engulf_v2p0_macd4h,2026-05-01 12:15:00,1h_strict_engulf_v2p0_macd4h_armATR2p5
695710,0.0021137404059412114,1.9971400499343872,695708,2335.7927480000003,0.0027142431540223555,3.1659011596148328,short,1h_strict_engulf_v2p0_macd4h,2026-05-07 00:55:00,1h_strict_engulf_v2p0_macd4h_armATR2p5
696480,0.003170181489305213,1.8193185329437256,696325,2321.8942859999997,0.003770935676440379,4.812633874417406,long,1h_strict_engulf_v2p0_macd4h,2026-05-09 17:05:00,1h_strict_engulf_v2p0_macd4h_armATR2p5
697235,0.007197648530075052,5.3850274085998535,697026,2308.8981280000003,0.007799168059781092,3.3181127307661957,short,1h_strict_engulf_v2p0_macd4h,2026-05-12 08:00:00,1h_strict_engulf_v2p0_macd4h_armATR2p5
700252,0.004883986388902484,4.098598003387451,700245,2095.43083,0.005485043186180372,2.7889610033851375,short,1h_strict_engulf_v2p0_macd4h,2026-05-22 19:25:00,1h_strict_engulf_v2p0_macd4h_armATR2p5
702809,0.0025542246033193996,2.3514230251312256,702783,2006.018716,0.0031548154482399227,2.682935368317206,short,1h_strict_engulf_v2p0_macd4h,2026-05-31 16:30:00,1h_strict_engulf_v2p0_macd4h_armATR2p5
704730,0.006733942474966348,4.2978692054748535,704704,1609.741884,0.0073354095568776145,2.747434934724892,long,1h_strict_engulf_v2p0_macd4h,2026-06-07 08:35:00,1h_strict_engulf_v2p0_macd4h_armATR2p5
705396,0.012710264776259096,6.459987163543701,705375,1648.6702,0.013312886829214277,3.352978798818244,short,1h_strict_engulf_v2p0_macd4h,2026-06-09 16:05:00,1h_strict_engulf_v2p0_macd4h_armATR2p5
705991,0.0053771513750215496,2.530735492706299,705922,1667.1233579999998,0.005978347044430343,3.9382393097676283,long,1h_strict_engulf_v2p0_macd4h,2026-06-11 17:40:00,1h_strict_engulf_v2p0_macd4h_armATR2p5
2033,0.008902692269496094,0.5399987101554871,1982,173.114616,0.009504593188133681,3.04701468550954,long,1h_strict_engulf_v2p0_macd4h,2019-09-30 14:15:00,1h_strict_engulf_v2p0_macd4h_armATR3p0
2902,0.012842483569878117,0.3664289116859436,2899,172.275538,0.013445132066592258,6.237329880669667,short,1h_strict_engulf_v2p0_macd4h,2019-10-03 14:40:00,1h_strict_engulf_v2p0_macd4h_armATR3p0
4028,0.004992229512968249,0.3057141900062561,4027,176.065206,0.005593348182604707,3.2212897935155365,long,1h_strict_engulf_v2p0_macd4h,2019-10-07 12:30:00,1h_strict_engulf_v2p0_macd4h_armATR3p0
5224,0.024243865443566114,1.3600006103515625,5104,185.71285,0.024848794216654646,3.3109176317472393,short,1h_strict_engulf_v2p0_macd4h,2019-10-11 16:10:00,1h_strict_engulf_v2p0_macd4h_armATR3p0
6182,0.011768577023357275,0.6542870402336121,6094,185.347062,0.012371051233604158,3.5044832909747115,long,1h_strict_engulf_v2p0_macd4h,2019-10-15 00:00:00,1h_strict_engulf_v2p0_macd4h_armATR3p0
6619,0.008381186315078849,0.3221392035484314,6611,176.86462,0.008982942552342,4.888011091649939,short,1h_strict_engulf_v2p0_macd4h,2019-10-16 12:25:00,1h_strict_engulf_v2p0_macd4h_armATR3p0
8039,0.008596958584581938,0.4000004231929779,7835,175.555104,0.009198798344250969,4.037235728675443,long,1h_strict_engulf_v2p0_macd4h,2019-10-21 10:45:00,1h_strict_engulf_v2p0_macd4h_armATR3p0
8526,0.005836282853293584,0.26428550481796265,8379,171.305732,0.0064375301098642534,4.14601625902536,short,1h_strict_engulf_v2p0_macd4h,2019-10-23 03:20:00,1h_strict_engulf_v2p0_macd4h_armATR3p0
9195,0.005780805899167474,0.3271419107913971,9191,164.08281,0.006382082315630644,3.201026727106647,long,1h_strict_engulf_v2p0_macd4h,2019-10-25 11:05:00,1h_strict_engulf_v2p0_macd4h_armATR3p0
10907,0.01771222515914057,0.7121440172195435,10628,182.553482,0.018315847604172486,4.6106994099590155,short,1h_strict_engulf_v2p0_macd4h,2019-10-31 09:45:00,1h_strict_engulf_v2p0_macd4h_armATR3p0
11828,0.002188090187110703,0.16785867512226105,11781,181.153762,0.0027886078051480023,3.0011079238715315,short,1h_strict_engulf_v2p0_macd4h,2019-11-03 14:30:00,1h_strict_engulf_v2p0_macd4h_armATR3p0
12405,0.009634097668359055,0.2892870306968689,12405,188.767746,0.010236144897338484,6.679366148372977,long,1h_strict_engulf_v2p0_macd4h,2019-11-05 14:35:00,1h_strict_engulf_v2p0_macd4h_armATR3p0
12922,0.004167368652905967,0.22571346163749695,12871,188.04238400000003,0.004768282126636603,3.9536144345401003,short,1h_strict_engulf_v2p0_macd4h,2019-11-07 09:40:00,1h_strict_engulf_v2p0_macd4h_armATR3p0
13737,0.005716656331018877,0.27285656332969666,13737,187.177428,0.006317919915001857,4.334042713024654,long,1h_strict_engulf_v2p0_macd4h,2019-11-10 05:35:00,1h_strict_engulf_v2p0_macd4h_armATR3p0
15723,0.0015084982695549702,0.08071572333574295,15687,182.253542,0.0021088799692088323,4.751763152820109,short,1h_strict_engulf_v2p0_macd4h,2019-11-17 03:05:00,1h_strict_engulf_v2p0_macd4h_armATR3p0
30753,0.005290933532021658,0.25499942898750305,30663,143.62127,0.005892071718728076,3.299105426786024,short,1h_strict_engulf_v2p0_macd4h,2020-01-08 07:35:00,1h_strict_engulf_v2p0_macd4h_armATR3p0
48869,0.008533226657213523,0.5749980211257935,48807,201.029786,0.009135013302544959,3.164856109308027,short,1h_strict_engulf_v2p0_macd4h,2020-03-11 05:15:00,1h_strict_engulf_v2p0_macd4h_armATR3p0
57453,0.0015632007404666308,0.0678580179810524,57447,169.23384,0.0021636334671599755,5.395972515764439,long,1h_strict_engulf_v2p0_macd4h,2020-04-10 00:35:00,1h_strict_engulf_v2p0_macd4h_armATR3p0
57494,0.022128406818636214,0.5842841267585754,57493,163.63726599999998,0.02273291249999998,6.2251665472727975,short,1h_strict_engulf_v2p0_macd4h,2020-04-10 04:00:00,1h_strict_engulf_v2p0_macd4h_armATR3p0
58193,0.0015692437736491542,0.1135711669921875,58193,160.362066,0.0021696777091908537,3.0635768673922623,long,1h_strict_engulf_v2p0_macd4h,2020-04-12 14:15:00,1h_strict_engulf_v2p0_macd4h_armATR3p0
59174,0.015220160736064426,0.31428417563438416,59163,153.38931599999998,0.01582328476821182,7.602406310076329,short,1h_strict_engulf_v2p0_macd4h,2020-04-16 00:00:00,1h_strict_engulf_v2p0_macd4h_armATR3p0
60992,0.003140459641161231,0.16499873995780945,60992,175.075008,0.003741207882737907,3.9696787997743246,long,1h_strict_engulf_v2p0_macd4h,2020-04-22 07:30:00,1h_strict_engulf_v2p0_macd4h_armATR3p0
101760,0.006971928778220571,0.7314257025718689,101495,370.494084,0.0075734434669139095,3.836228327954225,long,1h_strict_engulf_v2p0_macd4h,2020-09-11 22:10:00,1h_strict_engulf_v2p0_macd4h_armATR3p0
109853,0.005467079335597491,0.7292851209640503,109847,365.333052,0.0060682929941964225,3.03989199322947,long,1h_strict_engulf_v2p0_macd4h,2020-10-10 00:35:00,1h_strict_engulf_v2p0_macd4h_armATR3p0
150991,0.010821567384966714,5.375,150989,1576.9353239999998,0.011423852155397762,3.351567627907021,long,1h_strict_engulf_v2p0_macd4h,2021-03-02 00:15:00,1h_strict_engulf_v2p0_macd4h_armATR3p0
184390,0.020180360229421667,10.523576736450195,184304,1804.359056,0.020784476301467514,3.491118744138403,short,1h_strict_engulf_v2p0_macd4h,2021-06-26 07:15:00,1h_strict_engulf_v2p0_macd4h_armATR3p0
189493,0.013314598000168277,5.4350152015686035,189488,1942.36145,0.01391734091976815,4.905496859016195,short,1h_strict_engulf_v2p0_macd4h,2021-07-14 00:30:00,1h_strict_engulf_v2p0_macd4h_armATR3p0
192945,0.01635670437402643,6.963553428649902,192656,2182.9765079999997,0.01696009639330498,5.316752772754756,long,1h_strict_engulf_v2p0_macd4h,2021-07-26 00:10:00,1h_strict_engulf_v2p0_macd4h_armATR3p0
212541,0.006862551242323889,7.374215126037598,212528,3305.06088,0.007464044051133989,3.345321444840399,long,1h_strict_engulf_v2p0_macd4h,2021-10-02 01:10:00,1h_strict_engulf_v2p0_macd4h_armATR3p0
231639,0.011197870593219373,16.516462326049805,231536,4354.9308120000005,0.011800230639347209,3.1113919546165794,long,1h_strict_engulf_v2p0_macd4h,2021-12-07 08:40:00,1h_strict_engulf_v2p0_macd4h_armATR3p0
240466,0.0051467252395982046,6.412178993225098,240464,3406.5785480000004,0.0057478345846460055,3.0361828670987077,short,1h_strict_engulf_v2p0_macd4h,2022-01-07 00:15:00,1h_strict_engulf_v2p0_macd4h_armATR3p0
246226,0.011237444164167344,9.597847938537598,246224,2465.162934,0.011839812126592575,3.0410010855461755,long,1h_strict_engulf_v2p0_macd4h,2022-01-27 00:15:00,1h_strict_engulf_v2p0_macd4h_armATR3p0
248599,0.009798267010357976,8.381417274475098,248591,2752.75044,0.010400347079773997,3.4158375680911663,long,1h_strict_engulf_v2p0_macd4h,2022-02-04 06:00:00,1h_strict_engulf_v2p0_macd4h_armATR3p0
249754,0.007658458369089472,8.390694618225098,249750,3195.0088739999997,0.008260110391167697,3.145285009262203,long,1h_strict_engulf_v2p0_macd4h,2022-02-08 06:15:00,1h_strict_engulf_v2p0_macd4h_armATR3p0
251714,0.017891330055734133,8.489954948425293,251580,2959.0816979999995,0.01849502906154643,6.4462417447988205,long,1h_strict_engulf_v2p0_macd4h,2022-02-15 01:35:00,1h_strict_engulf_v2p0_macd4h_armATR3p0
252431,0.007985085315961494,7.269984722137451,252179,3050.369804,0.008586762333024689,3.572195127304813,short,1h_strict_engulf_v2p0_macd4h,2022-02-17 13:20:00,1h_strict_engulf_v2p0_macd4h_armATR3p0
254087,0.010109321969212283,8.419276237487793,254066,2666.013096,0.010711464262064485,3.391847849444248,long,1h_strict_engulf_v2p0_macd4h,2022-02-23 07:50:00,1h_strict_engulf_v2p0_macd4h_armATR3p0
255384,0.0161967289943314,12.058610916137695,255380,2650.31983,0.01680004834013027,3.6314157828408766,short,1h_strict_engulf_v2p0_macd4h,2022-02-27 19:55:00,1h_strict_engulf_v2p0_macd4h_armATR3p0
258066,0.011858052859293934,9.232840538024902,258056,2632.596414,0.012460544968287746,3.5529245701688863,long,1h_strict_engulf_v2p0_macd4h,2022-03-09 03:25:00,1h_strict_engulf_v2p0_macd4h_armATR3p0
259467,0.011539786712774848,10.048566818237305,258628,2534.323034,0.012142174670117134,3.025608979861783,short,1h_strict_engulf_v2p0_macd4h,2022-03-14 00:10:00,1h_strict_engulf_v2p0_macd4h_armATR3p0
261369,0.007380159084157523,5.132864952087402,261337,2885.982688,0.007981715115974453,4.452228572798579,short,1h_strict_engulf_v2p0_macd4h,2022-03-20 14:40:00,1h_strict_engulf_v2p0_macd4h_armATR3p0
261808,0.016433052059530117,12.202863693237305,261799,2964.072696,0.017036459351400524,4.1381519346139255,long,1h_strict_engulf_v2p0_macd4h,2022-03-22 03:15:00,1h_strict_engulf_v2p0_macd4h_armATR3p0
266761,0.005815192847109918,6.5513739585876465,266698,3272.1543,0.006416476142338423,3.204778132452421,long,1h_strict_engulf_v2p0_macd4h,2022-04-08 08:00:00,1h_strict_engulf_v2p0_macd4h_armATR3p0
267829,0.007288977925985885,7.342825889587402,267818,2984.2630280000003,0.007890515721571179,3.1817488731593766,short,1h_strict_engulf_v2p0_macd4h,2022-04-12 01:00:00,1h_strict_engulf_v2p0_macd4h_armATR3p0
269542,0.008366453661485097,8.192818641662598,269538,3012.587362,0.00896820695221745,3.2683943305946586,short,1h_strict_engulf_v2p0_macd4h,2022-04-17 23:45:00,1h_strict_engulf_v2p0_macd4h_armATR3p0
270263,0.009252515509601001,9.051408767700195,270002,3118.02348,0.009854486406882357,3.394667149454928,long,1h_strict_engulf_v2p0_macd4h,2022-04-20 11:50:00,1h_strict_engulf_v2p0_macd4h_armATR3p0
271795,0.0076994683690442935,7.473580360412598,271787,2971.384158,0.008301128594763174,3.3004050014173663,long,1h_strict_engulf_v2p0_macd4h,2022-04-25 19:30:00,1h_strict_engulf_v2p0_macd4h_armATR3p0
272933,0.008540010235922947,8.485037803649902,272853,2837.23244,0.009141798237970011,3.0291485547588164,short,1h_strict_engulf_v2p0_macd4h,2022-04-29 18:20:00,1h_strict_engulf_v2p0_macd4h_armATR3p0
273649,0.010806978705066595,9.637137413024902,273570,2835.677022,0.011409260557177836,3.357114941234962,long,1h_strict_engulf_v2p0_macd4h,2022-05-02 06:00:00,1h_strict_engulf_v2p0_macd4h_armATR3p0
274631,0.010923694250531258,7.962855815887451,274101,2762.4773940000005,0.011525958989381246,3.9530282511453887,short,1h_strict_engulf_v2p0_macd4h,2022-05-05 15:50:00,1h_strict_engulf_v2p0_macd4h_armATR3p0
277563,0.016331625390101977,7.621425151824951,277466,2089.877892,0.01693501239258044,4.643765082640137,long,1h_strict_engulf_v2p0_macd4h,2022-05-15 20:10:00,1h_strict_engulf_v2p0_macd4h_armATR3p0
278361,0.014975392719029436,6.490714073181152,278340,2001.989522,0.015578467797573214,4.731301002286966,short,1h_strict_engulf_v2p0_macd4h,2022-05-18 14:40:00,1h_strict_engulf_v2p0_macd4h_armATR3p0
280022,0.016413767832383196,10.33001708984375,279862,1989.082104,0.017017130585949447,3.2218827626841358,short,1h_strict_engulf_v2p0_macd4h,2022-05-24 09:05:00,1h_strict_engulf_v2p0_macd4h_armATR3p0
281664,0.004818961327755345,3.2178518772125244,281661,1836.297186,0.005420045336822721,3.0929994231498465,long,1h_strict_engulf_v2p0_macd4h,2022-05-30 01:55:00,1h_strict_engulf_v2p0_macd4h_armATR3p0
282398,0.006568810574722983,4.3500189781188965,282267,1916.876548,0.007170204336837793,3.1371237846647726,short,1h_strict_engulf_v2p0_macd4h,2022-06-01 15:05:00,1h_strict_engulf_v2p0_macd4h_armATR3p0
283346,0.006903183119361733,3.097874164581299,283346,1796.319192,0.007504684056172994,4.3516318881280505,long,1h_strict_engulf_v2p0_macd4h,2022-06-04 22:05:00,1h_strict_engulf_v2p0_macd4h_armATR3p0
283966,0.016810680553108925,9.680009841918945,283952,1780.423844,0.017414122689219713,3.148121179384958,short,1h_strict_engulf_v2p0_macd4h,2022-06-07 01:45:00,1h_strict_engulf_v2p0_macd4h_armATR3p0
288974,0.027209552127951796,7.140006065368652,288796,1141.5282599999998,0.027815115150982006,4.447018631259489,long,1h_strict_engulf_v2p0_macd4h,2022-06-24 11:05:00,1h_strict_engulf_v2p0_macd4h_armATR3p0
290016,0.017499492560308427,5.250706195831299,289870,1192.91137,0.01810307245882048,4.039717555867126,short,1h_strict_engulf_v2p0_macd4h,2022-06-28 01:55:00,1h_strict_engulf_v2p0_macd4h_armATR3p0
291865,0.012793667093557738,3.721435546875,291864,1092.208398,0.013396346362830158,3.931709098733826,long,1h_strict_engulf_v2p0_macd4h,2022-07-04 12:00:00,1h_strict_engulf_v2p0_macd4h_armATR3p0
293585,0.01038147915530403,3.5906982421875,293479,1188.502252,0.010983635451135232,3.596028161958207,short,1h_strict_engulf_v2p0_macd4h,2022-07-10 11:20:00,1h_strict_engulf_v2p0_macd4h_armATR3p0
294600,0.013472159408298002,4.95001220703125,294463,1099.829922,0.01407497440317873,3.1272807727648337,long,1h_strict_engulf_v2p0_macd4h,2022-07-13 23:55:00,1h_strict_engulf_v2p0_macd4h_armATR3p0
297752,0.02080905243311455,7.85357666015625,297550,1606.881312,0.021413335100134656,4.381276135568454,long,1h_strict_engulf_v2p0_macd4h,2022-07-24 22:35:00,1h_strict_engulf_v2p0_macd4h_armATR3p0
299918,0.014070364545162485,6.627162456512451,299769,1670.405852,0.014673258618071339,3.6449765881719656,short,1h_strict_engulf_v2p0_macd4h,2022-08-01 11:05:00,1h_strict_engulf_v2p0_macd4h_armATR3p0
301072,0.009601120741530479,3.8128488063812256,300509,1681.2261780000001,0.010203161373805392,4.498951537572423,long,1h_strict_engulf_v2p0_macd4h,2022-08-05 11:15:00,1h_strict_engulf_v2p0_macd4h_armATR3p0
302256,0.014018629556821162,5.8042778968811035,302229,1711.05772,0.014621513282732312,4.248197697985759,short,1h_strict_engulf_v2p0_macd4h,2022-08-09 13:55:00,1h_strict_engulf_v2p0_macd4h_armATR3p0
302811,0.013907775257975442,7.3214287757873535,302683,1891.82829,0.014510677393454241,3.749501749000879,long,1h_strict_engulf_v2p0_macd4h,2022-08-11 12:10:00,1h_strict_engulf_v2p0_macd4h_armATR3p0
303732,0.008122920048348982,4.76141357421875,303731,1958.368248,0.00872462463235868,3.5573990236248587,short,1h_strict_engulf_v2p0_macd4h,2022-08-14 16:55:00,1h_strict_engulf_v2p0_macd4h_armATR3p0
304465,0.009788192183739232,4.6656928062438965,304463,1919.6938619999999,0.010390270237786714,4.275064567754479,long,1h_strict_engulf_v2p0_macd4h,2022-08-17 06:00:00,1h_strict_engulf_v2p0_macd4h_armATR3p0
305047,0.01464667247102276,7.469979286193848,304974,1821.865554,0.01524968180551678,3.6634042681453605,short,1h_strict_engulf_v2p0_macd4h,2022-08-19 06:30:00,1h_strict_engulf_v2p0_macd4h_armATR3p0
306401,0.014708933755819454,7.6235527992248535,305802,1643.248584,0.015311996155050522,3.3004842574919273,long,1h_strict_engulf_v2p0_macd4h,2022-08-23 23:20:00,1h_strict_engulf_v2p0_macd4h_armATR3p0
307117,0.006064370117642337,3.3350131511688232,307070,1653.579218,0.006665662991665711,3.283110891530547,short,1h_strict_engulf_v2p0_macd4h,2022-08-26 11:00:00,1h_strict_engulf_v2p0_macd4h_armATR3p0
308043,0.014933735070000021,7.596435546875,308019,1510.4720340000001,0.01553684243848763,3.0893391848304588,long,1h_strict_engulf_v2p0_macd4h,2022-08-29 16:10:00,1h_strict_engulf_v2p0_macd4h_armATR3p0
309865,0.00692947039077203,2.6028616428375244,309722,1574.194776,0.007530976586089144,4.5546885031798565,long,1h_strict_engulf_v2p0_macd4h,2022-09-05 00:00:00,1h_strict_engulf_v2p0_macd4h_armATR3p0
312173,0.013812379410928345,6.3071112632751465,312072,1707.098512,0.014415221886810548,3.8462159596346157,short,1h_strict_engulf_v2p0_macd4h,2022-09-13 00:20:00,1h_strict_engulf_v2p0_macd4h_armATR3p0
312748,0.010898081839570707,5.7278618812561035,312729,1631.57625,0.011500381915953817,3.2758733344116546,long,1h_strict_engulf_v2p0_macd4h,2022-09-15 00:15:00,1h_strict_engulf_v2p0_macd4h_armATR3p0
313803,0.0170939966234926,7.116428852081299,313231,1422.985346,0.01769749542281729,3.4772139951575296,short,1h_strict_engulf_v2p0_macd4h,2022-09-18 16:10:00,1h_strict_engulf_v2p0_macd4h_armATR3p0
315829,0.011446447896356028,3.527858257293701,315789,1303.549238,0.012048817185935201,4.399053722726729,short,1h_strict_engulf_v2p0_macd4h,2022-09-25 17:00:00,1h_strict_engulf_v2p0_macd4h_armATR3p0
317764,0.01375096525303472,2.3335483074188232,317554,1307.948358,0.01435379544608506,7.931422692711448,short,1h_strict_engulf_v2p0_macd4h,2022-10-02 10:15:00,1h_strict_engulf_v2p0_macd4h_armATR3p0
318281,0.011689098561583134,5.2778754234313965,318102,1316.0931659999999,0.012291556872957798,3.0650276299024077,long,1h_strict_engulf_v2p0_macd4h,2022-10-04 05:20:00,1h_strict_engulf_v2p0_macd4h_armATR3p0
319629,0.007107285898399107,2.602146625518799,318664,1324.864974,0.007708787355578783,3.894851235748259,short,1h_strict_engulf_v2p0_macd4h,2022-10-08 21:40:00,1h_strict_engulf_v2p0_macd4h_armATR3p0
321909,0.004357951228407275,1.3914445638656616,321908,1294.848918,0.00495894301701072,4.6146876179969745,long,1h_strict_engulf_v2p0_macd4h,2022-10-16 19:40:00,1h_strict_engulf_v2p0_macd4h_armATR3p0
322475,0.00974002555180249,3.933558940887451,322432,1305.068934,0.010342053556912756,3.3961443569944194,short,1h_strict_engulf_v2p0_macd4h,2022-10-18 18:50:00,1h_strict_engulf_v2p0_macd4h_armATR3p0
323581,0.006432932531756652,2.8721401691436768,322997,1309.0417559999999,0.007034339399636602,3.206056619007411,long,1h_strict_engulf_v2p0_macd4h,2022-10-22 15:00:00,1h_strict_engulf_v2p0_macd4h_armATR3p0
327317,0.03074773548791083,11.787833213806152,326789,1612.792494,0.03135400628916862,4.289805011897705,long,1h_strict_engulf_v2p0_macd4h,2022-11-04 14:20:00,1h_strict_engulf_v2p0_macd4h_armATR3p0
327939,0.003373451865620725,2.0114047527313232,327744,1618.366262,0.003974206555994009,3.1849691074363773,short,1h_strict_engulf_v2p0_macd4h,2022-11-06 18:10:00,1h_strict_engulf_v2p0_macd4h_armATR3p0
329845,0.013326655580008851,4.194998741149902,329822,1241.9215660000002,0.013929400911124823,4.06712064836604,short,1h_strict_engulf_v2p0_macd4h,2022-11-13 09:00:00,1h_strict_engulf_v2p0_macd4h_armATR3p0
331731,0.0027641557855266454,1.0542863607406616,331730,1217.463444,0.0033648287512770825,3.8856198396819197,long,1h_strict_engulf_v2p0_macd4h,2022-11-19 22:10:00,1h_strict_engulf_v2p0_macd4h_armATR3p0
332275,0.016045404514573657,4.319266319274902,332258,1100.37988,0.016648693595476605,4.171977059989472,short,1h_strict_engulf_v2p0_macd4h,2022-11-21 19:30:00,1h_strict_engulf_v2p0_macd4h_armATR3p0
334073,0.010308064542970242,3.79571533203125,334054,1193.541244,0.010910206155878788,3.3936275176638757,short,1h_strict_engulf_v2p0_macd4h,2022-11-28 01:20:00,1h_strict_engulf_v2p0_macd4h_armATR3p0
334641,0.03245479764723021,2.3435757160186768,334641,1230.2560019999999,0.03306140992921591,17.355529724082558,long,1h_strict_engulf_v2p0_macd4h,2022-11-30 00:40:00,1h_strict_engulf_v2p0_macd4h_armATR3p0
335747,0.0019063427180622931,0.9650093913078308,335631,1266.39667,0.0025068039866058545,3.2814913808335398,short,1h_strict_engulf_v2p0_macd4h,2022-12-03 20:50:00,1h_strict_engulf_v2p0_macd4h_armATR3p0
336132,0.009181256485928114,3.0143258571624756,336080,1288.167582,0.009783213128554014,4.18084128829495,long,1h_strict_engulf_v2p0_macd4h,2022-12-05 04:55:00,1h_strict_engulf_v2p0_macd4h_armATR3p0
338512,0.00535071963238849,2.43572998046875,338497,1279.2858059999999,0.005951910014391437,3.1260419098404713,long,1h_strict_engulf_v2p0_macd4h,2022-12-13 11:15:00,1h_strict_engulf_v2p0_macd4h_armATR3p0
338975,0.007711589433162924,2.7221243381500244,338974,1294.301088,0.008313211751049598,3.920132468031191,short,1h_strict_engulf_v2p0_macd4h,2022-12-15 01:50:00,1h_strict_engulf_v2p0_macd4h_armATR3p0
340449,0.006072788714475319,2.0635898113250732,340449,1200.1599840000001,0.006674123539182952,3.881593113147111,long,1h_strict_engulf_v2p0_macd4h,2022-12-20 04:40:00,1h_strict_engulf_v2p0_macd4h_armATR3p0
341149,0.008850613557574062,2.9471261501312256,341144,1199.290094,0.009452463680285517,3.8105236857607774,short,1h_strict_engulf_v2p0_macd4h,2022-12-22 15:00:00,1h_strict_engulf_v2p0_macd4h_armATR3p0
345506,0.0062522685547740766,2.6999948024749756,345478,1258.931736,0.006853639282630608,3.19565948500744,long,1h_strict_engulf_v2p0_macd4h,2023-01-06 18:05:00,1h_strict_engulf_v2p0_macd4h_armATR3p0
356617,0.008177034940281392,3.5378506183624268,356059,1548.099558,0.008778790698421135,3.841440316745427,long,1h_strict_engulf_v2p0_macd4h,2023-02-14 15:10:00,1h_strict_engulf_v2p0_macd4h_armATR3p0
363281,0.017058142672663656,5.3571343421936035,363060,1532.313476,0.01766163430119816,4.964123410261668,short,1h_strict_engulf_v2p0_macd4h,2023-03-09 18:30:00,1h_strict_engulf_v2p0_macd4h_armATR3p0
364219,0.022437893760636828,5.87286376953125,364213,1576.855308,0.02304250226108895,6.186878059134723,long,1h_strict_engulf_v2p0_macd4h,2023-03-13 00:40:00,1h_strict_engulf_v2p0_macd4h_armATR3p0
386390,0.0052452884432540705,3.5685861110687256,386388,1910.2219679999998,0.005846457734800969,3.129539725932422,long,1h_strict_engulf_v2p0_macd4h,2023-05-29 00:15:00,1h_strict_engulf_v2p0_macd4h_armATR3p0
392633,0.0075105724522543495,3.1628592014312744,392436,1721.8555600000002,0.008112154566744856,4.38070717587751,short,1h_strict_engulf_v2p0_macd4h,2023-06-19 16:30:00,1h_strict_engulf_v2p0_macd4h_armATR3p0
393304,0.005826081562490826,3.845703125,393300,1889.1477539999998,0.006427367035897857,3.1573539624175004,long,1h_strict_engulf_v2p0_macd4h,2023-06-22 00:25:00,1h_strict_engulf_v2p0_macd4h_armATR3p0
411061,0.02644071969632451,14.259294509887695,409716,1687.652402,0.027046087840263855,3.1167321755773125,short,1h_strict_engulf_v2p0_macd4h,2023-08-22 16:10:00,1h_strict_engulf_v2p0_macd4h_armATR3p0
415402,0.003468622409753941,2.1414358615875244,415082,1641.9183179999998,0.004069436297013285,3.1201877767409587,long,1h_strict_engulf_v2p0_macd4h,2023-09-06 17:55:00,1h_strict_engulf_v2p0_macd4h_armATR3p0
417501,0.00511279603411281,2.1871249675750732,417501,1623.294594,0.005713938821877207,4.240912676463969,long,1h_strict_engulf_v2p0_macd4h,2023-09-14 00:50:00,1h_strict_engulf_v2p0_macd4h_armATR3p0
420526,0.00032849489505566465,0.40142822265625,420483,1594.838904,0.0009286806311816775,3.689566194921646,long,1h_strict_engulf_v2p0_macd4h,2023-09-24 12:55:00,1h_strict_engulf_v2p0_macd4h_armATR3p0
423257,0.007264271173986048,4.150015830993652,422900,1652.8293680000002,0.00786580402822068,3.108269588675655,short,1h_strict_engulf_v2p0_macd4h,2023-10-04 00:30:00,1h_strict_engulf_v2p0_macd4h_armATR3p0
424527,0.0007389679696920397,0.6300048828125,424516,1626.07472,0.0013391957632860052,3.4519097539236254,short,1h_strict_engulf_v2p0_macd4h,2023-10-08 10:20:00,1h_strict_engulf_v2p0_macd4h_armATR3p0
426095,0.008446771089723538,2.1064016819000244,426094,1555.921122,0.009048580805884887,6.6838524299413535,long,1h_strict_engulf_v2p0_macd4h,2023-10-13 21:00:00,1h_strict_engulf_v2p0_macd4h_armATR3p0
427160,0.003175406817853732,1.9585832357406616,427152,1572.455446,0.0037761218992173884,3.020267860999524,short,1h_strict_engulf_v2p0_macd4h,2023-10-17 13:45:00,1h_strict_engulf_v2p0_macd4h_armATR3p0
427893,0.005766138917437891,1.5607038736343384,427888,1577.495436,0.006367412399917782,6.435919183444922,long,1h_strict_engulf_v2p0_macd4h,2023-10-20 02:50:00,1h_strict_engulf_v2p0_macd4h_armATR3p0
457254,0.004006452766981594,2.622105121612549,457236,2311.052118,0.004607374241829998,4.060814309935634,long,1h_strict_engulf_v2p0_macd4h,2024-01-30 01:35:00,1h_strict_engulf_v2p0_macd4h_armATR3p0
459553,0.003291321635559186,2.9450161457061768,459540,2377.7754600000003,0.00389210005557028,3.142441175914432,long,1h_strict_engulf_v2p0_macd4h,2024-02-07 01:10:00,1h_strict_engulf_v2p0_macd4h_armATR3p0
476835,0.007649299263536147,8.854265213012695,476820,3359.401746,0.008250949453426859,3.1304973742218247,long,1h_strict_engulf_v2p0_macd4h,2024-04-07 01:20:00,1h_strict_engulf_v2p0_macd4h_armATR3p0
502486,0.01569348130373922,12.714320182800293,502452,3048.8901,0.016296700000000053,3.8452783394693597,short,1h_strict_engulf_v2p0_macd4h,2024-07-05 02:55:00,1h_strict_engulf_v2p0_macd4h_armATR3p0
505922,0.004907150174491237,6.034981727600098,505620,3487.957452,0.005508251824856147,3.1835304342570283,long,1h_strict_engulf_v2p0_macd4h,2024-07-17 01:15:00,1h_strict_engulf_v2p0_macd4h_armATR3p0
510813,0.008417302981225073,8.375017166137695,510804,2991.741532,0.009019066441821266,3.1930122015895988,short,1h_strict_engulf_v2p0_macd4h,2024-08-03 00:50:00,1h_strict_engulf_v2p0_macd4h_armATR3p0
514098,0.007295560034285176,6.4999823570251465,514048,2738.0174939999997,0.007897139462177627,3.326548413878488,long,1h_strict_engulf_v2p0_macd4h,2024-08-14 10:35:00,1h_strict_engulf_v2p0_macd4h_armATR3p0
516626,0.0037334905866290404,2.1085903644561768,516626,2653.100514,0.004334357458120719,5.453636796336931,long,1h_strict_engulf_v2p0_macd4h,2024-08-23 05:15:00,1h_strict_engulf_v2p0_macd4h_armATR3p0
517593,0.004607397005503344,4.560756206512451,517456,2733.4631980000004,0.005208398484904286,3.1054494822100125,short,1h_strict_engulf_v2p0_macd4h,2024-08-26 13:50:00,1h_strict_engulf_v2p0_macd4h_armATR3p0
518432,0.0056539831522734564,3.9771206378936768,518370,2556.081114,0.006255234199113113,4.0202164972466035,long,1h_strict_engulf_v2p0_macd4h,2024-08-29 11:45:00,1h_strict_engulf_v2p0_macd4h_armATR3p0
519221,0.005792700951958452,3.44140625,519181,2484.223056,0.006393939492148837,4.58622285584556,short,1h_strict_engulf_v2p0_macd4h,2024-09-01 05:30:00,1h_strict_engulf_v2p0_macd4h_armATR3p0
521653,0.009064114251002132,5.931344032287598,521440,2316.0331140000003,0.009666047460493932,3.774336116424124,long,1h_strict_engulf_v2p0_macd4h,2024-09-09 16:10:00,1h_strict_engulf_v2p0_macd4h_armATR3p0
522201,0.005317509082179939,3.9657156467437744,522161,2314.3170440000004,0.0059186525839964865,3.4336914728572148,short,1h_strict_engulf_v2p0_macd4h,2024-09-11 13:50:00,1h_strict_engulf_v2p0_macd4h_armATR3p0
523945,0.00794411862520157,6.368599891662598,523935,2345.1289319999996,0.008545827790759741,3.1468561914585114,long,1h_strict_engulf_v2p0_macd4h,2024-09-17 15:10:00,1h_strict_engulf_v2p0_macd4h_armATR3p0
525467,0.004556072732179795,4.33642578125,525467,2549.4100160000003,0.005157063946726215,3.0163126638892805,short,1h_strict_engulf_v2p0_macd4h,2024-09-22 22:00:00,1h_strict_engulf_v2p0_macd4h_armATR3p0
526553,0.005851548216211322,5.5864434242248535,526527,2637.987492,0.006452838783967962,3.04711006759403,long,1h_strict_engulf_v2p0_macd4h,2024-09-26 16:30:00,1h_strict_engulf_v2p0_macd4h_armATR3p0
527513,0.004626782263586771,2.9778878688812256,527308,2644.1310679999997,0.0052277876200395035,4.617725248723274,short,1h_strict_engulf_v2p0_macd4h,2024-09-30 00:30:00,1h_strict_engulf_v2p0_macd4h_armATR3p0
528850,0.007127618967493099,5.205723285675049,528850,2396.22915,0.007729164800453159,3.557786110330719,long,1h_strict_engulf_v2p0_macd4h,2024-10-04 15:55:00,1h_strict_engulf_v2p0_macd4h_armATR3p0
530348,0.00799096861308053,6.307181358337402,529800,2412.987306,0.008592646806803161,3.2593491184181107,short,1h_strict_engulf_v2p0_macd4h,2024-10-09 20:45:00,1h_strict_engulf_v2p0_macd4h_armATR3p0
530837,0.004302989594457474,2.003574848175049,530796,2419.7038439999997,0.004903970388535184,5.922491995149949,long,1h_strict_engulf_v2p0_macd4h,2024-10-11 13:30:00,1h_strict_engulf_v2p0_macd4h_armATR3p0
533849,0.005845643864145167,5.127127647399902,533849,2644.710952,0.0064468929929180074,3.304179877126936,short,1h_strict_engulf_v2p0_macd4h,2024-10-22 00:30:00,1h_strict_engulf_v2p0_macd4h_armATR3p0
535559,0.0026766454420312337,2.253574848175049,535544,2513.472594,0.0032773009022115662,3.655261775161746,long,1h_strict_engulf_v2p0_macd4h,2024-10-27 23:00:00,1h_strict_engulf_v2p0_macd4h_armATR3p0
536603,0.013581864692097058,4.424961566925049,536601,2609.557984,0.014184661065035353,8.248203616684272,short,1h_strict_engulf_v2p0_macd4h,2024-10-31 14:00:00,1h_strict_engulf_v2p0_macd4h_armATR3p0
538191,0.016394758735076297,8.712193489074707,538173,2485.7370479999995,0.01699815836674956,4.849863820516206,long,1h_strict_engulf_v2p0_macd4h,2024-11-06 02:20:00,1h_strict_engulf_v2p0_macd4h_armATR3p0
552350,0.0044872559541954795,3.4300014972686768,552276,3488.8776359999997,0.005088273608917282,5.175614067264015,long,1h_strict_engulf_v2p0_macd4h,2024-12-25 06:15:00,1h_strict_engulf_v2p0_macd4h_armATR3p0
554890,0.0019458763545844974,2.785679340362549,554868,3455.500962,0.0025463856317109457,3.1586686495133134,long,1h_strict_engulf_v2p0_macd4h,2025-01-03 01:55:00,1h_strict_engulf_v2p0_macd4h_armATR3p0
559144,0.011419151267628004,6.6042656898498535,558612,3447.199302,0.012021555578743737,6.2748381040590795,long,1h_strict_engulf_v2p0_macd4h,2025-01-17 20:25:00,1h_strict_engulf_v2p0_macd4h_armATR3p0
563547,0.011394476623671502,8.849295616149902,563508,3119.955884,0.01199683551899633,4.179528586716121,short,1h_strict_engulf_v2p0_macd4h,2025-02-02 03:20:00,1h_strict_engulf_v2p0_macd4h_armATR3p0
566968,0.0016522273229752752,1.9214390516281128,566964,2670.594012,0.00225267785854677,3.130980394565478,long,1h_strict_engulf_v2p0_macd4h,2025-02-14 00:25:00,1h_strict_engulf_v2p0_macd4h_armATR3p0
569895,0.009052534358395993,7.674961566925049,569885,2737.1024700000003,0.009654424865267908,3.410110887432933,short,1h_strict_engulf_v2p0_macd4h,2025-02-24 04:20:00,1h_strict_engulf_v2p0_macd4h_armATR3p0
571769,0.01662597886635959,12.414986610412598,571759,2263.9927079999998,0.01722942475130984,3.1419519991495077,long,1h_strict_engulf_v2p0_macd4h,2025-03-02 16:30:00,1h_strict_engulf_v2p0_macd4h_armATR3p0
573015,0.010475012288652953,7.246425151824951,573015,2162.987316,0.011077187291110624,3.2702077926013295,short,1h_strict_engulf_v2p0_macd4h,2025-03-07 00:20:00,1h_strict_engulf_v2p0_macd4h_armATR3p0
575574,0.008572203551652403,5.868565082550049,575212,1933.006524,0.009174038359324399,3.021773764208548,long,1h_strict_engulf_v2p0_macd4h,2025-03-15 21:35:00,1h_strict_engulf_v2p0_macd4h_armATR3p0
575736,0.0023471793615709837,1.1657191514968872,575736,1898.630198,0.0029477287974433164,4.786914577867781,short,1h_strict_engulf_v2p0_macd4h,2025-03-16 11:05:00,1h_strict_engulf_v2p0_macd4h_armATR3p0
578654,0.004394885491826495,2.4171142578125,578650,2034.403038,0.0049958444689248704,4.183930473006398,short,1h_strict_engulf_v2p0_macd4h,2025-03-26 14:15:00,1h_strict_engulf_v2p0_macd4h_armATR3p0
580310,0.006117113894467297,2.0564138889312744,580291,1860.251976,0.006718457585984661,6.077581982533319,long,1h_strict_engulf_v2p0_macd4h,2025-04-01 08:15:00,1h_strict_engulf_v2p0_macd4h_armATR3p0
580767,0.013842310523247426,6.523594379425049,580765,1845.6308000000001,0.014445158985352036,4.028576651376118,short,1h_strict_engulf_v2p0_macd4h,2025-04-02 22:20:00,1h_strict_engulf_v2p0_macd4h_armATR3p0
582733,0.03771416042544225,14.996424674987793,582726,1596.499236,0.03832182479040025,4.079690014516727,long,1h_strict_engulf_v2p0_macd4h,2025-04-09 18:10:00,1h_strict_engulf_v2p0_macd4h_armATR3p0
584627,0.008804231405832709,4.230721473693848,583835,1575.8847600000001,0.009406072252113873,3.4709824533021827,short,1h_strict_engulf_v2p0_macd4h,2025-04-16 08:00:00,1h_strict_engulf_v2p0_macd4h_armATR3p0
587302,0.004672373640525374,2.8992831707000732,587270,1797.7894860000001,0.005273428326190599,3.269951033348237,long,1h_strict_engulf_v2p0_macd4h,2025-04-25 14:55:00,1h_strict_engulf_v2p0_macd4h_armATR3p0
587999,0.003995786211243813,2.301417827606201,587989,1779.8539580000001,0.004596665368485908,3.5386699026621233,short,1h_strict_engulf_v2p0_macd4h,2025-04-28 01:00:00,1h_strict_engulf_v2p0_macd4h_armATR3p0
590904,0.008888896924262158,4.708565711975098,590584,1839.897906,0.009490795083278991,3.7085802913590795,long,1h_strict_engulf_v2p0_macd4h,2025-05-08 03:05:00,1h_strict_engulf_v2p0_macd4h_armATR3p0
600234,0.0025804081750259835,2.201416015625,599778,2537.7074399999997,0.0031810443839028757,3.6669852234670217,long,1h_strict_engulf_v2p0_macd4h,2025-06-09 12:35:00,1h_strict_engulf_v2p0_macd4h_armATR3p0
603802,0.013685066217660814,10.4564208984375,603796,2310.547798,0.014287883230904352,3.1127092449830194,short,1h_strict_engulf_v2p0_macd4h,2025-06-21 21:55:00,1h_strict_engulf_v2p0_macd4h_armATR3p0
604358,0.014078649973761249,10.114240646362305,604284,2309.571822,0.014681586291019455,3.3525184129562486,long,1h_strict_engulf_v2p0_macd4h,2025-06-23 20:15:00,1h_strict_engulf_v2p0_macd4h_armATR3p0
605984,0.0019368135498995635,1.7849992513656616,605958,2454.9909,0.0025373210141024227,3.4896933403385333,long,1h_strict_engulf_v2p0_macd4h,2025-06-29 11:45:00,1h_strict_engulf_v2p0_macd4h_armATR3p0
608021,0.0019838552697648117,2.1328647136688232,608021,2535.617022,0.002584372144193603,3.07238333402222,long,1h_strict_engulf_v2p0_macd4h,2025-07-06 13:30:00,1h_strict_engulf_v2p0_macd4h_armATR3p0
632628,0.0018149005870124583,3.232142925262451,632628,4209.771786,0.002415383663745052,3.1459666961273656,long,1h_strict_engulf_v2p0_macd4h,2025-09-30 00:05:00,1h_strict_engulf_v2p0_macd4h_armATR3p0
640419,0.00821988598107022,11.617117881774902,640404,4153.360506,0.008821650311132467,3.1539228897281455,long,1h_strict_engulf_v2p0_macd4h,2025-10-27 01:20:00,1h_strict_engulf_v2p0_macd4h_armATR3p0
642712,0.008987969083443305,9.234322547912598,642708,3602.5093540000003,0.00958984667726015,3.7056702126714773,short,1h_strict_engulf_v2p0_macd4h,2025-11-04 00:25:00,1h_strict_engulf_v2p0_macd4h_armATR3p0
649063,0.008438503031555201,8.667149543762207,649044,2955.54099,0.00904031109377379,3.082790929715764,long,1h_strict_engulf_v2p0_macd4h,2025-11-26 01:40:00,1h_strict_engulf_v2p0_macd4h_armATR3p0
650120,0.0023734135712540462,2.3214111328125,650032,2988.7621280000003,0.002973968253968229,3.81756073912824,short,1h_strict_engulf_v2p0_macd4h,2025-11-29 17:45:00,1h_strict_engulf_v2p0_macd4h_armATR3p0
650948,0.015966121753616846,5.8271484375,650941,2859.97188,0.016569435640744867,8.132300130718967,long,1h_strict_engulf_v2p0_macd4h,2025-12-02 14:45:00,1h_strict_engulf_v2p0_macd4h_armATR3p0
651859,0.019237118353191817,17.577131271362305,651829,3064.856906,0.0198410457768623,3.3923002041378405,short,1h_strict_engulf_v2p0_macd4h,2025-12-05 18:40:00,1h_strict_engulf_v2p0_macd4h_armATR3p0
652421,0.014093514790929974,9.698573112487793,652419,3079.935864,0.014696454081746246,4.667092310900673,long,1h_strict_engulf_v2p0_macd4h,2025-12-07 17:30:00,1h_strict_engulf_v2p0_macd4h_armATR3p0
653377,0.007430058224451264,8.445748329162598,653371,3282.453378,0.008031624236096269,3.0966324096698608,short,1h_strict_engulf_v2p0_macd4h,2025-12-11 01:10:00,1h_strict_engulf_v2p0_macd4h_armATR3p0
654633,0.009396982131802246,8.235734939575195,654541,3127.77543,0.009998981928187822,3.797423087248265,long,1h_strict_engulf_v2p0_macd4h,2025-12-15 09:50:00,1h_strict_engulf_v2p0_macd4h_armATR3p0
657711,0.0043728945572032,4.0871758460998535,657584,2966.84325,0.004973889335070147,3.6105003933416495,long,1h_strict_engulf_v2p0_macd4h,2025-12-26 02:20:00,1h_strict_engulf_v2p0_macd4h_armATR3p0
661366,0.011519504494704248,10.308524131774902,661320,3175.724728,0.012121888395603131,3.6896385470702038,short,1h_strict_engulf_v2p0_macd4h,2026-01-07 18:55:00,1h_strict_engulf_v2p0_macd4h_armATR3p0
662422,0.000535454306209671,0.7907366156578064,662399,3107.1213,0.0011356814424980932,4.462547870082893,long,1h_strict_engulf_v2p0_macd4h,2026-01-11 10:55:00,1h_strict_engulf_v2p0_macd4h_armATR3p0
663920,0.010884276482139478,7.815743446350098,663918,3287.4323820000004,0.011486533337435878,4.776561853170154,short,1h_strict_engulf_v2p0_macd4h,2026-01-16 15:45:00,1h_strict_engulf_v2p0_macd4h_armATR3p0
664528,0.005473645548270634,3.5407192707061768,664479,3341.928252,0.0060748605203748696,5.733792048402298,long,1h_strict_engulf_v2p0_macd4h,2026-01-18 18:25:00,1h_strict_engulf_v2p0_macd4h_armATR3p0
667098,0.009629083293587649,8.605730056762695,667093,2966.133108,0.010231129519491455,3.526358809750526,long,1h_strict_engulf_v2p0_macd4h,2026-01-27 16:35:00,1h_strict_engulf_v2p0_macd4h_armATR3p0
667612,0.004839582319259028,5.119315147399902,667528,2940.531776,0.005440630235722832,3.1081845016088727,short,1h_strict_engulf_v2p0_macd4h,2026-01-29 11:25:00,1h_strict_engulf_v2p0_macd4h_armATR3p0
670457,0.013491408287147079,7.299996376037598,670116,2093.158548,0.014094227132573689,4.041296800754471,long,1h_strict_engulf_v2p0_macd4h,2026-02-08 08:30:00,1h_strict_engulf_v2p0_macd4h_armATR3p0
670766,0.011465715567199287,7.252144813537598,670665,2055.38884,0.012068088710312841,3.3795298673916783,short,1h_strict_engulf_v2p0_macd4h,2026-02-09 10:15:00,1h_strict_engulf_v2p0_macd4h_armATR3p0
671981,0.015969392390534586,9.585693359375,671977,2012.20236,0.016572706931921033,3.4788970134732398,long,1h_strict_engulf_v2p0_macd4h,2026-02-13 15:30:00,1h_strict_engulf_v2p0_macd4h_armATR3p0
672526,0.0068195361290718905,4.192147254943848,672526,2026.074704,0.007420980036297653,3.5601573829256936,short,1h_strict_engulf_v2p0_macd4h,2026-02-15 12:55:00,1h_strict_engulf_v2p0_macd4h_armATR3p0
673335,0.004524859692001293,2.36572265625,673329,2022.214362,0.005125884868975028,4.381594762435496,long,1h_strict_engulf_v2p0_macd4h,2026-02-18 08:20:00,1h_strict_engulf_v2p0_macd4h_armATR3p0
674597,0.006814940673621939,2.961452007293701,674551,1951.90954,0.007416383661756676,4.852194114444431,short,1h_strict_engulf_v2p0_macd4h,2026-02-22 17:30:00,1h_strict_engulf_v2p0_macd4h_armATR3p0
675276,0.014561903940563293,7.2735772132873535,675266,1904.340792,0.015164936927948736,3.9704270887842634,long,1h_strict_engulf_v2p0_macd4h,2026-02-25 02:05:00,1h_strict_engulf_v2p0_macd4h_armATR3p0
675990,0.009878483055024435,6.615016460418701,675963,1969.376046,0.01048053875163557,3.087829958129411,short,1h_strict_engulf_v2p0_macd4h,2026-02-27 13:35:00,1h_strict_engulf_v2p0_macd4h_armATR3p0
676427,0.02612868524293539,7.266427040100098,676425,1989.307782,0.026734032049345213,7.318895202072698,long,1h_strict_engulf_v2p0_macd4h,2026-03-01 02:00:00,1h_strict_engulf_v2p0_macd4h_armATR3p0
678010,0.015327212734922392,4.354282855987549,677958,2051.559606,0.01593035817746924,7.388037723769705,short,1h_strict_engulf_v2p0_macd4h,2026-03-06 13:55:00,1h_strict_engulf_v2p0_macd4h_armATR3p0
678746,0.01054472674064928,6.7407050132751465,678745,1982.0363280000001,0.011146956131875774,3.277650031634478,long,1h_strict_engulf_v2p0_macd4h,2026-03-09 03:15:00,1h_strict_engulf_v2p0_macd4h_armATR3p0
680706,0.00741771860406022,3.6635916233062744,680700,2147.389392,0.00801932246855408,4.700471496454355,long,1h_strict_engulf_v2p0_macd4h,2026-03-15 22:35:00,1h_strict_engulf_v2p0_macd4h_armATR3p0
681437,0.006278760015343732,4.3600029945373535,681437,2292.011506,0.006880095767346717,3.5920860649917477,short,1h_strict_engulf_v2p0_macd4h,2026-03-18 11:30:00,1h_strict_engulf_v2p0_macd4h_armATR3p0
683671,0.00427366792677093,2.4456787109375,683665,2140.17188,0.004874602660356109,4.2449893166957455,short,1h_strict_engulf_v2p0_macd4h,2026-03-26 05:40:00,1h_strict_engulf_v2p0_macd4h_armATR3p0
684816,0.008217147882321153,5.618556499481201,684789,2039.05773,0.008818911664653983,3.2005142249010747,long,1h_strict_engulf_v2p0_macd4h,2026-03-30 05:05:00,1h_strict_engulf_v2p0_macd4h_armATR3p0
685677,0.018026948900772898,12.677839279174805,685646,2081.13369,0.018630634290553116,3.0023799136281313,short,1h_strict_engulf_v2p0_macd4h,2026-04-02 04:50:00,1h_strict_engulf_v2p0_macd4h_armATR3p0
686762,0.01113025430689958,5.220005512237549,686759,2086.727262,0.011732600827064843,4.690174740736175,long,1h_strict_engulf_v2p0_macd4h,2026-04-05 23:15:00,1h_strict_engulf_v2p0_macd4h_armATR3p0
687204,0.006455288476166121,4.485682964324951,687192,2089.562004,0.007056659533861476,3.2641638110515205,short,1h_strict_engulf_v2p0_macd4h,2026-04-07 12:05:00,1h_strict_engulf_v2p0_macd4h_armATR3p0
688433,0.003498258389616993,3.0850131511688232,688412,2265.623034,0.0040990782052579,3.0103489174693143,long,1h_strict_engulf_v2p0_macd4h,2026-04-11 18:30:00,1h_strict_engulf_v2p0_macd4h_armATR3p0
690763,0.008867298761040266,6.1207098960876465,689818,2298.450218,0.009469152220792365,3.5225028413422033,short,1h_strict_engulf_v2p0_macd4h,2026-04-19 20:40:00,1h_strict_engulf_v2p0_macd4h_armATR3p0
691411,0.007004227714312261,4.9671454429626465,691407,2345.71905,0.007605748864084827,3.5917913427070065,long,1h_strict_engulf_v2p0_macd4h,2026-04-22 02:40:00,1h_strict_engulf_v2p0_macd4h_armATR3p0
693612,0.012430363971562787,2.627842426300049,693265,2263.2472599999996,0.013032930044357016,11.08029146214679,short,1h_strict_engulf_v2p0_macd4h,2026-04-29 18:05:00,1h_strict_engulf_v2p0_macd4h_armATR3p0
694118,0.0027848345950413746,2.1257150173187256,694011,2287.00731,0.003385511697380661,3.6423932356493838,long,1h_strict_engulf_v2p0_macd4h,2026-05-01 12:15:00,1h_strict_engulf_v2p0_macd4h_armATR3p0
695710,0.0021137404059412114,1.9971400499343872,695708,2335.7927480000003,0.0027142431540223555,3.1659011596148328,short,1h_strict_engulf_v2p0_macd4h,2026-05-07 00:55:00,1h_strict_engulf_v2p0_macd4h_armATR3p0
696480,0.003170181489305213,1.8193185329437256,696325,2321.8942859999997,0.003770935676440379,4.812633874417406,long,1h_strict_engulf_v2p0_macd4h,2026-05-09 17:05:00,1h_strict_engulf_v2p0_macd4h_armATR3p0
697235,0.007197648530075052,5.3850274085998535,697026,2308.8981280000003,0.007799168059781092,3.3181127307661957,short,1h_strict_engulf_v2p0_macd4h,2026-05-12 08:00:00,1h_strict_engulf_v2p0_macd4h_armATR3p0
700253,0.012049838170580208,4.098598003387451,700245,2095.43083,0.012652328138214264,6.387752587192398,short,1h_strict_engulf_v2p0_macd4h,2026-05-22 19:30:00,1h_strict_engulf_v2p0_macd4h_armATR3p0
702841,0.0029556250564075183,2.3514230251312256,702783,2006.018716,0.0035562961814188387,3.023154882819625,short,1h_strict_engulf_v2p0_macd4h,2026-05-31 19:10:00,1h_strict_engulf_v2p0_macd4h_armATR3p0
704732,0.011795853381920197,4.2978692054748535,704704,1609.741884,0.012398333048529997,4.6437234466270665,long,1h_strict_engulf_v2p0_macd4h,2026-06-07 08:45:00,1h_strict_engulf_v2p0_macd4h_armATR3p0
705396,0.012710264776259096,6.459987163543701,705375,1648.6702,0.013312886829214277,3.352978798818244,short,1h_strict_engulf_v2p0_macd4h,2026-06-09 16:05:00,1h_strict_engulf_v2p0_macd4h_armATR3p0
705991,0.0053771513750215496,2.530735492706299,705922,1667.1233579999998,0.005978347044430343,3.9382393097676283,long,1h_strict_engulf_v2p0_macd4h,2026-06-11 17:40:00,1h_strict_engulf_v2p0_macd4h_armATR3p0
1982,0.005321966306992732,0.5399987101554871,1982,173.114616,0.0059231509371802105,1.8988637948870755,long,2h_wick_r75_v2p0_then_macd2h_12h,2019-09-30 10:00:00,2h_wick_r75_v2p0_then_macd2h_12h_armATR1p5
2902,0.012842483569878117,0.3664289116859436,2899,172.275538,0.013445132066592258,6.237329880669667,short,2h_wick_r75_v2p0_then_macd2h_12h,2019-10-03 14:40:00,2h_wick_r75_v2p0_then_macd2h_12h_armATR1p5
4028,0.004992229512968249,0.3057141900062561,4027,176.065206,0.005593348182604707,3.2212897935155365,long,2h_wick_r75_v2p0_then_macd2h_12h,2019-10-07 12:30:00,2h_wick_r75_v2p0_then_macd2h_12h_armATR1p5
5210,0.011511901776819445,1.3600006103515625,5104,185.71285,0.012114284157174637,1.6344477958913441,short,2h_wick_r75_v2p0_then_macd2h_12h,2019-10-11 15:00:00,2h_wick_r75_v2p0_then_macd2h_12h_armATR1p5
6098,0.008693880322742943,0.6542870402336121,6094,185.347062,0.009295739470636999,2.633306017164618,long,2h_wick_r75_v2p0_then_macd2h_12h,2019-10-14 17:00:00,2h_wick_r75_v2p0_then_macd2h_12h_armATR1p5
6615,0.00237449330367574,0.3221392035484314,6611,176.86462,0.0029750482023362945,1.628550621039596,short,2h_wick_r75_v2p0_then_macd2h_12h,2019-10-16 12:05:00,2h_wick_r75_v2p0_then_macd2h_12h_armATR1p5
8039,0.008596958584581938,0.4000004231929779,7835,175.555104,0.009198798344250969,4.037235728675443,long,2h_wick_r75_v2p0_then_macd2h_12h,2019-10-21 10:45:00,2h_wick_r75_v2p0_then_macd2h_12h_armATR1p5
8476,0.0018322997510628717,0.26428550481796265,8379,171.305732,0.0024327462110129705,1.5730412467621788,short,2h_wick_r75_v2p0_then_macd2h_12h,2019-10-22 23:10:00,2h_wick_r75_v2p0_then_macd2h_12h_armATR1p5
9191,0.0025513755889480906,0.3271419107913971,9191,164.08281,0.0031520059901459785,1.5809347042965307,long,2h_wick_r75_v2p0_then_macd2h_12h,2019-10-25 10:45:00,2h_wick_r75_v2p0_then_macd2h_12h_armATR1p5
10667,0.009543440705395768,0.7121440172195435,10628,182.553482,0.01014542939353702,2.5745944017876488,short,2h_wick_r75_v2p0_then_macd2h_12h,2019-10-30 13:45:00,2h_wick_r75_v2p0_then_macd2h_12h_armATR1p5
11563,0.002672986184479598,0.3764277994632721,11330,184.24684200000002,0.0032736409126621346,1.6023205535297589,long,2h_wick_r75_v2p0_then_macd2h_12h,2019-11-02 16:25:00,2h_wick_r75_v2p0_then_macd2h_12h_armATR1p5
11816,0.0008578832014016328,0.16785867512226105,11781,181.153762,0.0014581347780420195,1.5713337413624953,short,2h_wick_r75_v2p0_then_macd2h_12h,2019-11-03 13:30:00,2h_wick_r75_v2p0_then_macd2h_12h_armATR1p5
12405,0.009634097668359055,0.2892870306968689,12405,188.767746,0.010236144897338484,6.679366148372977,long,2h_wick_r75_v2p0_then_macd2h_12h,2019-11-05 14:35:00,2h_wick_r75_v2p0_then_macd2h_12h_armATR1p5
12915,0.0027736996072320165,0.22571346163749695,12871,188.04238400000003,0.003374334347153507,2.801711494796262,short,2h_wick_r75_v2p0_then_macd2h_12h,2019-11-07 09:05:00,2h_wick_r75_v2p0_then_macd2h_12h_armATR1p5
13737,0.005716656331018877,0.27285656332969666,13737,187.177428,0.006317919915001857,4.334042713024654,long,2h_wick_r75_v2p0_then_macd2h_12h,2019-11-10 05:35:00,2h_wick_r75_v2p0_then_macd2h_12h_armATR1p5
14238,0.0012072001315805551,0.15928541123867035,14236,184.603072,0.001807521571606907,2.091038955858413,short,2h_wick_r75_v2p0_then_macd2h_12h,2019-11-11 23:20:00,2h_wick_r75_v2p0_then_macd2h_12h_armATR1p5
15723,0.0015084982695549702,0.08071572333574295,15687,182.253542,0.0021088799692088323,4.751763152820109,short,2h_wick_r75_v2p0_then_macd2h_12h,2019-11-17 03:05:00,2h_wick_r75_v2p0_then_macd2h_12h_armATR1p5
30753,0.005290933532021658,0.25499942898750305,30663,143.62127,0.005892071718728076,3.299105426786024,short,2h_wick_r75_v2p0_then_macd2h_12h,2020-01-08 07:35:00,2h_wick_r75_v2p0_then_macd2h_12h_armATR1p5
48867,0.004748970205958836,0.5749980211257935,48807,201.029786,0.005349999999999966,1.8605037942660227,short,2h_wick_r75_v2p0_then_macd2h_12h,2020-03-11 05:05:00,2h_wick_r75_v2p0_then_macd2h_12h_armATR1p5
57453,0.0015632007404666308,0.0678580179810524,57447,169.23384,0.0021636334671599755,5.395972515764439,long,2h_wick_r75_v2p0_then_macd2h_12h,2020-04-10 00:35:00,2h_wick_r75_v2p0_then_macd2h_12h_armATR1p5
57494,0.022128406818636214,0.5842841267585754,57493,163.63726599999998,0.02273291249999998,6.2251665472727975,short,2h_wick_r75_v2p0_then_macd2h_12h,2020-04-10 04:00:00,2h_wick_r75_v2p0_then_macd2h_12h_armATR1p5
58193,0.0015692437736491542,0.1135711669921875,58193,160.362066,0.0021696777091908537,3.0635768673922623,long,2h_wick_r75_v2p0_then_macd2h_12h,2020-04-12 14:15:00,2h_wick_r75_v2p0_then_macd2h_12h_armATR1p5
59164,0.005230454237021354,0.31428417563438416,59163,153.38931599999998,0.0058315803278687905,2.829655671351861,short,2h_wick_r75_v2p0_then_macd2h_12h,2020-04-15 23:10:00,2h_wick_r75_v2p0_then_macd2h_12h_armATR1p5
60992,0.003140459641161231,0.16499873995780945,60992,175.075008,0.003741207882737907,3.9696787997743246,long,2h_wick_r75_v2p0_then_macd2h_12h,2020-04-22 07:30:00,2h_wick_r75_v2p0_then_macd2h_12h_armATR1p5
101758,0.0030860043811120176,0.7314257025718689,101495,370.494084,0.00368674172945771,1.8674706059646762,long,2h_wick_r75_v2p0_then_macd2h_12h,2020-09-11 22:00:00,2h_wick_r75_v2p0_then_macd2h_12h_armATR1p5
109851,0.004235572912795149,0.7292851209640503,109847,365.333052,0.004836540220839458,2.42284937565196,long,2h_wick_r75_v2p0_then_macd2h_12h,2020-10-10 00:25:00,2h_wick_r75_v2p0_then_macd2h_12h_armATR1p5
150990,0.005939655056138538,5.375,150989,1576.9353239999998,0.0065409632487882785,1.9190094883721285,long,2h_wick_r75_v2p0_then_macd2h_12h,2021-03-02 00:10:00,2h_wick_r75_v2p0_then_macd2h_12h_armATR1p5
184388,0.011410973083070887,10.523576736450195,184304,1804.359056,0.012013335277687442,2.03533993588049,short,2h_wick_r75_v2p0_then_macd2h_12h,2021-06-26 07:05:00,2h_wick_r75_v2p0_then_macd2h_12h_armATR1p5
189490,0.004408377687419707,5.4350152015686035,189488,1942.36145,0.00500933936295711,1.781310565093888,short,2h_wick_r75_v2p0_then_macd2h_12h,2021-07-14 00:15:00,2h_wick_r75_v2p0_then_macd2h_12h_armATR1p5
192945,0.01635670437402643,6.963553428649902,192656,2182.9765079999997,0.01696009639330498,5.316752772754756,long,2h_wick_r75_v2p0_then_macd2h_12h,2021-07-26 00:10:00,2h_wick_r75_v2p0_then_macd2h_12h_armATR1p5
212540,0.003099379412339243,7.374215126037598,212528,3305.06088,0.003700119436226501,1.658362251573079,long,2h_wick_r75_v2p0_then_macd2h_12h,2021-10-02 01:05:00,2h_wick_r75_v2p0_then_macd2h_12h_armATR1p5
231635,0.005414779405960202,16.516462326049805,231536,4354.9308120000005,0.006015982602480818,1.5862469506365278,long,2h_wick_r75_v2p0_then_macd2h_12h,2021-12-07 08:20:00,2h_wick_r75_v2p0_then_macd2h_12h_armATR1p5
240464,0.002245748202423803,6.412178993225098,240464,3406.5785480000004,0.0028462773520643303,1.507841251814092,short,2h_wick_r75_v2p0_then_macd2h_12h,2022-01-07 00:05:00,2h_wick_r75_v2p0_then_macd2h_12h_armATR1p5
246226,0.011237444164167344,9.597847938537598,246224,2465.162934,0.011839812126592575,3.0410010855461755,long,2h_wick_r75_v2p0_then_macd2h_12h,2022-01-27 00:15:00,2h_wick_r75_v2p0_then_macd2h_12h_armATR1p5
248591,0.005519766559005612,8.381417274475098,248591,2752.75044,0.006120990757157108,2.0103473491665937,long,2h_wick_r75_v2p0_then_macd2h_12h,2022-02-04 05:20:00,2h_wick_r75_v2p0_then_macd2h_12h_armATR1p5
249753,0.0063222661491739275,8.390694618225098,249750,3195.0088739999997,0.006923650879349763,2.6363879281164673,long,2h_wick_r75_v2p0_then_macd2h_12h,2022-02-08 06:10:00,2h_wick_r75_v2p0_then_macd2h_12h_armATR1p5
251713,0.004778397747638286,8.489954948425293,251580,2959.0816979999995,0.005379473642366683,1.8749571813632535,long,2h_wick_r75_v2p0_then_macd2h_12h,2022-02-15 01:30:00,2h_wick_r75_v2p0_then_macd2h_12h_armATR1p5
252431,0.007985085315961494,7.269984722137451,252179,3050.369804,0.008586762333024689,3.572195127304813,short,2h_wick_r75_v2p0_then_macd2h_12h,2022-02-17 13:20:00,2h_wick_r75_v2p0_then_macd2h_12h_armATR1p5
254084,0.007232942250183294,8.419276237487793,254066,2666.013096,0.007834509152013558,2.4808431759251017,long,2h_wick_r75_v2p0_then_macd2h_12h,2022-02-23 07:35:00,2h_wick_r75_v2p0_then_macd2h_12h_armATR1p5
255383,0.009593967008920857,12.058610916137695,255380,2650.31983,0.010195965802322737,2.218317697289761,short,2h_wick_r75_v2p0_then_macd2h_12h,2022-02-27 19:50:00,2h_wick_r75_v2p0_then_macd2h_12h_armATR1p5
258066,0.011858052859293934,9.232840538024902,258056,2632.596414,0.012460544968287746,3.5529245701688863,long,2h_wick_r75_v2p0_then_macd2h_12h,2022-03-09 03:25:00,2h_wick_r75_v2p0_then_macd2h_12h_armATR1p5
259451,0.01059497687624207,10.048566818237305,258628,2534.323034,0.011197175871617393,2.7927399506432837,short,2h_wick_r75_v2p0_then_macd2h_12h,2022-03-13 22:50:00,2h_wick_r75_v2p0_then_macd2h_12h_armATR1p5
261338,0.0036838394382878283,5.132864952087402,261337,2885.982688,0.004284656206175352,2.3987944578578344,short,2h_wick_r75_v2p0_then_macd2h_12h,2022-03-20 12:05:00,2h_wick_r75_v2p0_then_macd2h_12h_armATR1p5
261808,0.016433052059530117,12.202863693237305,261799,2964.072696,0.017036459351400524,4.1381519346139255,long,2h_wick_r75_v2p0_then_macd2h_12h,2022-03-22 03:15:00,2h_wick_r75_v2p0_then_macd2h_12h_armATR1p5
266387,0.008045115393906023,12.254255294799805,266378,3176.894494,0.008646804416984732,2.222451984622636,short,2h_wick_r75_v2p0_then_macd2h_12h,2022-04-07 00:50:00,2h_wick_r75_v2p0_then_macd2h_12h_armATR1p5
266760,0.00378024357836666,6.5513739585876465,266698,3272.1543,0.004381119802327138,2.1881974820271353,long,2h_wick_r75_v2p0_then_macd2h_12h,2022-04-08 07:55:00,2h_wick_r75_v2p0_then_macd2h_12h_armATR1p5
267818,0.003613236265976161,7.342825889587402,267818,2984.2630280000003,0.0042140389132294676,1.705477998294768,short,2h_wick_r75_v2p0_then_macd2h_12h,2022-04-12 00:05:00,2h_wick_r75_v2p0_then_macd2h_12h_armATR1p5
269538,0.005073033695198026,8.192818641662598,269538,3012.587362,0.0056741283019372535,2.0746659658208584,short,2h_wick_r75_v2p0_then_macd2h_12h,2022-04-17 23:25:00,2h_wick_r75_v2p0_then_macd2h_12h_armATR1p5
270260,0.0038783904885796973,9.051408767700195,270002,3118.02348,0.00447928634584871,1.5430216840763225,long,2h_wick_r75_v2p0_then_macd2h_12h,2022-04-20 11:35:00,2h_wick_r75_v2p0_then_macd2h_12h_armATR1p5
271794,0.004021783687789338,7.473580360412598,271787,2971.384158,0.004622708229435224,1.8379198908141166,long,2h_wick_r75_v2p0_then_macd2h_12h,2022-04-25 19:25:00,2h_wick_r75_v2p0_then_macd2h_12h_armATR1p5
272913,0.005809334333136418,8.485037803649902,272853,2837.23244,0.006410576200003071,2.1299186188924666,short,2h_wick_r75_v2p0_then_macd2h_12h,2022-04-29 16:40:00,2h_wick_r75_v2p0_then_macd2h_12h_armATR1p5
273635,0.008324822963988466,9.637137413024902,273570,2835.677022,0.00892660828564562,2.6266075614724165,long,2h_wick_r75_v2p0_then_macd2h_12h,2022-05-02 04:50:00,2h_wick_r75_v2p0_then_macd2h_12h_armATR1p5
274622,0.003921758591947944,7.962855815887451,274101,2762.4773940000005,0.004522622943666343,1.5619263098027554,short,2h_wick_r75_v2p0_then_macd2h_12h,2022-05-05 15:05:00,2h_wick_r75_v2p0_then_macd2h_12h_armATR1p5
277560,0.005888128148685068,7.621425151824951,277466,2089.877892,0.00648942603389191,1.779471388858635,long,2h_wick_r75_v2p0_then_macd2h_12h,2022-05-15 19:55:00,2h_wick_r75_v2p0_then_macd2h_12h_armATR1p5
278349,0.007383581215312196,6.490714073181152,278340,2001.989522,0.00798513793155542,2.443417137342346,short,2h_wick_r75_v2p0_then_macd2h_12h,2022-05-18 13:40:00,2h_wick_r75_v2p0_then_macd2h_12h_armATR1p5
279893,0.007677235902458346,10.33001708984375,279862,1989.082104,0.008278851349638794,1.581033589582097,short,2h_wick_r75_v2p0_then_macd2h_12h,2022-05-23 22:20:00,2h_wick_r75_v2p0_then_macd2h_12h_armATR1p5
281664,0.004818961327755345,3.2178518772125244,281661,1836.297186,0.005420045336822721,3.0929994231498465,long,2h_wick_r75_v2p0_then_macd2h_12h,2022-05-30 01:55:00,2h_wick_r75_v2p0_then_macd2h_12h_armATR1p5
282392,0.003477894363351064,4.3500189781188965,282267,1916.876548,0.004078669942223723,1.790003225081841,short,2h_wick_r75_v2p0_then_macd2h_12h,2022-06-01 14:35:00,2h_wick_r75_v2p0_then_macd2h_12h_armATR1p5
283346,0.006903183119361733,3.097874164581299,283346,1796.319192,0.007504684056172994,4.3516318881280505,long,2h_wick_r75_v2p0_then_macd2h_12h,2022-06-04 22:05:00,2h_wick_r75_v2p0_then_macd2h_12h_armATR1p5
283952,0.01334069184249649,9.680009841918945,283952,1780.423844,0.013943439980864891,2.529320155644205,short,2h_wick_r75_v2p0_then_macd2h_12h,2022-06-07 00:35:00,2h_wick_r75_v2p0_then_macd2h_12h_armATR1p5
288844,0.011856017209771209,7.140006065368652,288796,1141.5282599999998,0.012458508911553423,1.9918386440846652,long,2h_wick_r75_v2p0_then_macd2h_12h,2022-06-24 00:15:00,2h_wick_r75_v2p0_then_macd2h_12h_armATR1p5
289872,0.00846730173061312,5.250706195831299,289870,1192.91137,0.00906907519095923,2.0418910523906315,short,2h_wick_r75_v2p0_then_macd2h_12h,2022-06-27 13:55:00,2h_wick_r75_v2p0_then_macd2h_12h_armATR1p5
291864,0.007548464794719445,3.721435546875,291864,1092.208398,0.008150094813682118,2.391980698812546,long,2h_wick_r75_v2p0_then_macd2h_12h,2022-07-04 11:55:00,2h_wick_r75_v2p0_then_macd2h_12h_armATR1p5
293578,0.005700112678597114,3.5906982421875,293479,1188.502252,0.006301332701132978,2.0726475738228944,short,2h_wick_r75_v2p0_then_macd2h_12h,2022-07-10 10:45:00,2h_wick_r75_v2p0_then_macd2h_12h_armATR1p5
294592,0.0097268748714769,4.95001220703125,294463,1099.829922,0.010328940659608765,2.294959593001351,long,2h_wick_r75_v2p0_then_macd2h_12h,2022-07-13 23:15:00,2h_wick_r75_v2p0_then_macd2h_12h_armATR1p5
296666,0.008257781814368493,7.339992046356201,296666,1481.893562,0.008859513370731431,1.7729667713277972,short,2h_wick_r75_v2p0_then_macd2h_12h,2022-07-21 04:05:00,2h_wick_r75_v2p0_then_macd2h_12h_armATR1p5
297616,0.008290407870024509,7.85357666015625,297550,1606.881312,0.008892186307285943,1.8193860731622138,long,2h_wick_r75_v2p0_then_macd2h_12h,2022-07-24 11:15:00,2h_wick_r75_v2p0_then_macd2h_12h_armATR1p5
299914,0.007902645402140652,6.627162456512451,299769,1670.405852,0.00850430593122109,2.12547256724605,short,2h_wick_r75_v2p0_then_macd2h_12h,2022-08-01 10:45:00,2h_wick_r75_v2p0_then_macd2h_12h_armATR1p5
301072,0.009601120741530479,3.8128488063812256,300509,1681.2261780000001,0.010203161373805392,4.498951537572423,long,2h_wick_r75_v2p0_then_macd2h_12h,2022-08-05 11:15:00,2h_wick_r75_v2p0_then_macd2h_12h_armATR1p5
302230,0.008110137998811063,5.8042778968811035,302229,1711.05772,0.008711840026410789,2.5460049057852263,short,2h_wick_r75_v2p0_then_macd2h_12h,2022-08-09 11:45:00,2h_wick_r75_v2p0_then_macd2h_12h_armATR1p5
302686,0.007581827991376589,7.3214287757873535,302683,1891.82829,0.008183464684313302,2.1145749653673445,long,2h_wick_r75_v2p0_then_macd2h_12h,2022-08-11 01:45:00,2h_wick_r75_v2p0_then_macd2h_12h_armATR1p5
303732,0.008122920048348982,4.76141357421875,303731,1958.368248,0.00872462463235868,3.5573990236248587,short,2h_wick_r75_v2p0_then_macd2h_12h,2022-08-14 16:55:00,2h_wick_r75_v2p0_then_macd2h_12h_armATR1p5
304465,0.009788192183739232,4.6656928062438965,304463,1919.6938619999999,0.010390270237786714,4.275064567754479,long,2h_wick_r75_v2p0_then_macd2h_12h,2022-08-17 06:00:00,2h_wick_r75_v2p0_then_macd2h_12h_armATR1p5
304986,0.007558106683148003,7.469979286193848,304974,1821.865554,0.008159698304484486,1.9739752193494147,short,2h_wick_r75_v2p0_then_macd2h_12h,2022-08-19 01:25:00,2h_wick_r75_v2p0_then_macd2h_12h_armATR1p5
306341,0.009695479260732621,7.6235527992248535,305802,1643.248584,0.01029753876848627,2.2196233758255954,long,2h_wick_r75_v2p0_then_macd2h_12h,2022-08-23 18:20:00,2h_wick_r75_v2p0_then_macd2h_12h_armATR1p5
307070,0.004608217753291966,3.3350131511688232,307070,1653.579218,0.0052092193968427125,2.5694705272741833,short,2h_wick_r75_v2p0_then_macd2h_12h,2022-08-26 07:05:00,2h_wick_r75_v2p0_then_macd2h_12h_armATR1p5
308021,0.009638436765920312,7.596435546875,308019,1510.4720340000001,0.010240484862892751,2.0362136826610873,long,2h_wick_r75_v2p0_then_macd2h_12h,2022-08-29 14:20:00,2h_wick_r75_v2p0_then_macd2h_12h_armATR1p5
309834,0.0021978386298493026,2.6028616428375244,309722,1574.194776,0.0027983983095112297,1.6924541541122724,long,2h_wick_r75_v2p0_then_macd2h_12h,2022-09-04 21:25:00,2h_wick_r75_v2p0_then_macd2h_12h_armATR1p5
312173,0.013812379410928345,6.3071112632751465,312072,1707.098512,0.014415221886810548,3.8462159596346157,short,2h_wick_r75_v2p0_then_macd2h_12h,2022-09-13 00:20:00,2h_wick_r75_v2p0_then_macd2h_12h_armATR1p5
312729,0.006970151410331038,5.7278618812561035,312729,1631.57625,0.007571665743479672,2.1567821040564006,long,2h_wick_r75_v2p0_then_macd2h_12h,2022-09-14 22:40:00,2h_wick_r75_v2p0_then_macd2h_12h_armATR1p5
313468,0.007292660527278017,7.116428852081299,313231,1422.985346,0.007894199059383489,1.5661431079635406,short,2h_wick_r75_v2p0_then_macd2h_12h,2022-09-17 12:15:00,2h_wick_r75_v2p0_then_macd2h_12h_armATR1p5
315829,0.011446447896356028,3.527858257293701,315789,1303.549238,0.012048817185935201,4.399053722726729,short,2h_wick_r75_v2p0_then_macd2h_12h,2022-09-25 17:00:00,2h_wick_r75_v2p0_then_macd2h_12h_armATR1p5
317595,0.00230428523791022,2.3335483074188232,317554,1307.948358,0.002904826094957791,1.6234324303276937,short,2h_wick_r75_v2p0_then_macd2h_12h,2022-10-01 20:10:00,2h_wick_r75_v2p0_then_macd2h_12h_armATR1p5
318112,0.005756055064570065,5.2778754234313965,318102,1316.0931659999999,0.006357326529875973,1.5852655337136545,long,2h_wick_r75_v2p0_then_macd2h_12h,2022-10-03 15:15:00,2h_wick_r75_v2p0_then_macd2h_12h_armATR1p5
318669,0.0033510354936551858,2.602146625518799,318664,1324.864974,0.003951785700754051,2.004104591515959,short,2h_wick_r75_v2p0_then_macd2h_12h,2022-10-05 13:40:00,2h_wick_r75_v2p0_then_macd2h_12h_armATR1p5
319957,0.003218580316819164,1.980712890625,319955,1331.0761619999998,0.003819344185656215,2.566670830519042,long,2h_wick_r75_v2p0_then_macd2h_12h,2022-10-10 01:00:00,2h_wick_r75_v2p0_then_macd2h_12h_armATR1p5
321909,0.004357951228407275,1.3914445638656616,321908,1294.848918,0.00495894301701072,4.6146876179969745,long,2h_wick_r75_v2p0_then_macd2h_12h,2022-10-16 19:40:00,2h_wick_r75_v2p0_then_macd2h_12h_armATR1p5
322473,0.006971471677901642,3.933558940887451,322432,1305.068934,0.007572945972237122,2.493653749036467,short,2h_wick_r75_v2p0_then_macd2h_12h,2022-10-18 18:40:00,2h_wick_r75_v2p0_then_macd2h_12h_armATR1p5
323561,0.0029119768564513484,2.8721401691436768,322997,1309.0417559999999,0.0035126793923296873,1.600981752005233,long,2h_wick_r75_v2p0_then_macd2h_12h,2022-10-22 13:20:00,2h_wick_r75_v2p0_then_macd2h_12h_armATR1p5
327315,0.014040930303585731,11.787833213806152,326789,1612.792494,0.014643859075400778,2.0035493861873395,long,2h_wick_r75_v2p0_then_macd2h_12h,2022-11-04 14:10:00,2h_wick_r75_v2p0_then_macd2h_12h_armATR1p5
327747,0.002030211799188564,2.0114047527313232,327744,1618.366262,0.002630697841548457,2.111092754570674,short,2h_wick_r75_v2p0_then_macd2h_12h,2022-11-06 02:10:00,2h_wick_r75_v2p0_then_macd2h_12h_armATR1p5
329844,0.006577082690949876,4.194998741149902,329822,1241.9215660000002,0.007178478107487951,2.1100282851512726,short,2h_wick_r75_v2p0_then_macd2h_12h,2022-11-13 08:55:00,2h_wick_r75_v2p0_then_macd2h_12h_armATR1p5
331731,0.0027641557855266454,1.0542863607406616,331730,1217.463444,0.0033648287512770825,3.8856198396819197,long,2h_wick_r75_v2p0_then_macd2h_12h,2022-11-19 22:10:00,2h_wick_r75_v2p0_then_macd2h_12h_armATR1p5
332275,0.016045404514573657,4.319266319274902,332258,1100.37988,0.016648693595476605,4.171977059989472,short,2h_wick_r75_v2p0_then_macd2h_12h,2022-11-21 19:30:00,2h_wick_r75_v2p0_then_macd2h_12h_armATR1p5
334071,0.005062145467133528,3.79571533203125,334054,1193.541244,0.005663237896226914,1.770745014327311,short,2h_wick_r75_v2p0_then_macd2h_12h,2022-11-28 01:10:00,2h_wick_r75_v2p0_then_macd2h_12h_armATR1p5
334641,0.03245479764723021,2.3435757160186768,334641,1230.2560019999999,0.03306140992921591,17.355529724082558,long,2h_wick_r75_v2p0_then_macd2h_12h,2022-11-30 00:40:00,2h_wick_r75_v2p0_then_macd2h_12h_armATR1p5
335732,0.0013274607675383802,0.9650093913078308,335631,1266.39667,0.001927806259691911,2.525022058798565,short,2h_wick_r75_v2p0_then_macd2h_12h,2022-12-03 19:35:00,2h_wick_r75_v2p0_then_macd2h_12h_armATR1p5
336102,0.0033291514451416317,3.0143258571624756,336080,1288.167582,0.003929937432628261,1.6794527996934836,long,2h_wick_r75_v2p0_then_macd2h_12h,2022-12-05 02:25:00,2h_wick_r75_v2p0_then_macd2h_12h_armATR1p5
338502,0.0024981358056279214,2.43572998046875,338497,1279.2858059999999,0.003098755556739219,1.6275178413812663,long,2h_wick_r75_v2p0_then_macd2h_12h,2022-12-13 10:25:00,2h_wick_r75_v2p0_then_macd2h_12h_armATR1p5
338974,0.002624694640962222,2.7221243381500244,338974,1294.301088,0.0032252995798904838,1.5286179039226921,short,2h_wick_r75_v2p0_then_macd2h_12h,2022-12-15 01:45:00,2h_wick_r75_v2p0_then_macd2h_12h_armATR1p5
340449,0.006072788714475319,2.0635898113250732,340449,1200.1599840000001,0.006674123539182952,3.881593113147111,long,2h_wick_r75_v2p0_then_macd2h_12h,2022-12-20 04:40:00,2h_wick_r75_v2p0_then_macd2h_12h_armATR1p5
341147,0.005160359557212457,2.9471261501312256,341144,1199.290094,0.005761471629123882,2.331116365580068,short,2h_wick_r75_v2p0_then_macd2h_12h,2022-12-22 14:50:00,2h_wick_r75_v2p0_then_macd2h_12h_armATR1p5
345491,0.003750647609061586,2.6999948024749756,345478,1258.931736,0.004351517912644098,2.028990572492354,long,2h_wick_r75_v2p0_then_macd2h_12h,2023-01-06 16:50:00,2h_wick_r75_v2p0_then_macd2h_12h_armATR1p5
356614,0.0031396069792044125,3.5378506183624268,356059,1548.099558,0.0037403550502146388,1.6367118413497197,long,2h_wick_r75_v2p0_then_macd2h_12h,2023-02-14 14:55:00,2h_wick_r75_v2p0_then_macd2h_12h_armATR1p5
363281,0.017058142672663656,5.3571343421936035,363060,1532.313476,0.01766163430119816,4.964123410261668,short,2h_wick_r75_v2p0_then_macd2h_12h,2023-03-09 18:30:00,2h_wick_r75_v2p0_then_macd2h_12h_armATR1p5
364216,0.005407397770449141,5.87286376953125,364213,1576.855308,0.006008599490347155,1.613300149946478,long,2h_wick_r75_v2p0_then_macd2h_12h,2023-03-13 00:25:00,2h_wick_r75_v2p0_then_macd2h_12h_armATR1p5
386390,0.0052452884432540705,3.5685861110687256,386388,1910.2219679999998,0.005846457734800969,3.129539725932422,long,2h_wick_r75_v2p0_then_macd2h_12h,2023-05-29 00:15:00,2h_wick_r75_v2p0_then_macd2h_12h_armATR1p5
392617,0.002455195850222536,3.1628592014312744,392436,1721.8555600000002,0.003055766889392686,1.6584867254370812,short,2h_wick_r75_v2p0_then_macd2h_12h,2023-06-19 15:10:00,2h_wick_r75_v2p0_then_macd2h_12h_armATR1p5
393304,0.005826081562490826,3.845703125,393300,1889.1477539999998,0.006427367035897857,3.1573539624175004,long,2h_wick_r75_v2p0_then_macd2h_12h,2023-06-22 00:25:00,2h_wick_r75_v2p0_then_macd2h_12h_armATR1p5
409888,0.01266771877890034,14.259294509887695,409716,1687.652402,0.013270332322656175,1.5500347499431835,short,2h_wick_r75_v2p0_then_macd2h_12h,2023-08-18 14:25:00,2h_wick_r75_v2p0_then_macd2h_12h_armATR1p5
415402,0.003468622409753941,2.1414358615875244,415082,1641.9183179999998,0.004069436297013285,3.1201877767409587,long,2h_wick_r75_v2p0_then_macd2h_12h,2023-09-06 17:55:00,2h_wick_r75_v2p0_then_macd2h_12h_armATR1p5
417501,0.00511279603411281,2.1871249675750732,417501,1623.294594,0.005713938821877207,4.240912676463969,long,2h_wick_r75_v2p0_then_macd2h_12h,2023-09-14 00:50:00,2h_wick_r75_v2p0_then_macd2h_12h_armATR1p5
418649,0.0026915358258365442,1.9957101345062256,417955,1614.2970759999998,0.003292154133001768,2.6542311473055804,short,2h_wick_r75_v2p0_then_macd2h_12h,2023-09-18 00:30:00,2h_wick_r75_v2p0_then_macd2h_12h_armATR1p5
420526,0.00032849489505566465,0.40142822265625,420483,1594.838904,0.0009286806311816775,3.689566194921646,long,2h_wick_r75_v2p0_then_macd2h_12h,2023-09-24 12:55:00,2h_wick_r75_v2p0_then_macd2h_12h_armATR1p5
423141,0.004109730971353987,4.150015830993652,422900,1652.8293680000002,0.004710632917548141,1.8673104671373686,short,2h_wick_r75_v2p0_then_macd2h_12h,2023-10-03 14:50:00,2h_wick_r75_v2p0_then_macd2h_12h_armATR1p5
424086,0.0016978857127007533,1.6599818468093872,424061,1653.1205579999998,0.0022983453817770894,2.288845511957282,long,2h_wick_r75_v2p0_then_macd2h_12h,2023-10-06 21:35:00,2h_wick_r75_v2p0_then_macd2h_12h_armATR1p5
424521,0.00028296366332409873,0.6300048828125,424516,1626.07472,0.0008831002560567569,2.2773156830071217,short,2h_wick_r75_v2p0_then_macd2h_12h,2023-10-08 09:50:00,2h_wick_r75_v2p0_then_macd2h_12h_armATR1p5
426094,0.0016547262678012324,2.1064016819000244,426094,1555.921122,0.002255177303261746,1.6658161784389593,long,2h_wick_r75_v2p0_then_macd2h_12h,2023-10-13 20:55:00,2h_wick_r75_v2p0_then_macd2h_12h_armATR1p5
427160,0.003175406817853732,1.9585832357406616,427152,1572.455446,0.0037761218992173884,3.020267860999524,short,2h_wick_r75_v2p0_then_macd2h_12h,2023-10-17 13:45:00,2h_wick_r75_v2p0_then_macd2h_12h_armATR1p5
427889,0.0010634210326804898,1.5607038736343384,427888,1577.495436,0.001663753783437194,1.6816540564407418,long,2h_wick_r75_v2p0_then_macd2h_12h,2023-10-20 02:30:00,2h_wick_r75_v2p0_then_macd2h_12h_armATR1p5
457239,0.001328554699777618,2.622105121612549,457236,2311.052118,0.0019289404878752858,1.7001156678488294,long,2h_wick_r75_v2p0_then_macd2h_12h,2024-01-30 00:20:00,2h_wick_r75_v2p0_then_macd2h_12h_armATR1p5
459544,0.0027447014765642043,2.9450161457061768,459540,2377.7754600000003,0.003345370550674076,2.701017449971341,long,2h_wick_r75_v2p0_then_macd2h_12h,2024-02-07 00:25:00,2h_wick_r75_v2p0_then_macd2h_12h_armATR1p5
476834,0.003920214459994531,8.854265213012695,476820,3359.401746,0.0045211186837312844,1.7153601834377723,long,2h_wick_r75_v2p0_then_macd2h_12h,2024-04-07 01:15:00,2h_wick_r75_v2p0_then_macd2h_12h_armATR1p5
502486,0.01569348130373922,12.714320182800293,502452,3048.8901,0.016296700000000053,3.8452783394693597,short,2h_wick_r75_v2p0_then_macd2h_12h,2024-07-05 02:55:00,2h_wick_r75_v2p0_then_macd2h_12h_armATR1p5
505922,0.004907150174491237,6.034981727600098,505620,3487.957452,0.005508251824856147,3.1835304342570283,long,2h_wick_r75_v2p0_then_macd2h_12h,2024-07-17 01:15:00,2h_wick_r75_v2p0_then_macd2h_12h_armATR1p5
510810,0.003777427515134946,8.375017166137695,510804,2991.741532,0.0043782630006379275,1.5571946589829557,short,2h_wick_r75_v2p0_then_macd2h_12h,2024-08-03 00:35:00,2h_wick_r75_v2p0_then_macd2h_12h_armATR1p5
514098,0.007295560034285176,6.4999823570251465,514048,2738.0174939999997,0.007897139462177627,3.326548413878488,long,2h_wick_r75_v2p0_then_macd2h_12h,2024-08-14 10:35:00,2h_wick_r75_v2p0_then_macd2h_12h_armATR1p5
516626,0.0037334905866290404,2.1085903644561768,516626,2653.100514,0.004334357458120719,5.453636796336931,long,2h_wick_r75_v2p0_then_macd2h_12h,2024-08-23 05:15:00,2h_wick_r75_v2p0_then_macd2h_12h_armATR1p5
517579,0.002288083929374807,4.560756206512451,517456,2733.4631980000004,0.0028886215461607634,1.7262922295118155,short,2h_wick_r75_v2p0_then_macd2h_12h,2024-08-26 12:40:00,2h_wick_r75_v2p0_then_macd2h_12h_armATR1p5
518432,0.0056539831522734564,3.9771206378936768,518370,2556.081114,0.006255234199113113,4.0202164972466035,long,2h_wick_r75_v2p0_then_macd2h_12h,2024-08-29 11:45:00,2h_wick_r75_v2p0_then_macd2h_12h_armATR1p5
519220,0.0031338914810836284,3.44140625,519181,2484.223056,0.003734598259379718,2.6858369307604404,short,2h_wick_r75_v2p0_then_macd2h_12h,2024-09-01 05:25:00,2h_wick_r75_v2p0_then_macd2h_12h_armATR1p5
521440,0.0043716830701582944,5.931344032287598,521440,2316.0331140000003,0.004972677605679543,1.941699206336217,long,2h_wick_r75_v2p0_then_macd2h_12h,2024-09-08 22:25:00,2h_wick_r75_v2p0_then_macd2h_12h_armATR1p5
522201,0.005317509082179939,3.9657156467437744,522161,2314.3170440000004,0.0059186525839964865,3.4336914728572148,short,2h_wick_r75_v2p0_then_macd2h_12h,2024-09-11 13:50:00,2h_wick_r75_v2p0_then_macd2h_12h_armATR1p5
523936,0.004051721121830676,6.368599891662598,523935,2345.1289319999996,0.0046526516521609995,1.7132600863000484,long,2h_wick_r75_v2p0_then_macd2h_12h,2024-09-17 14:25:00,2h_wick_r75_v2p0_then_macd2h_12h_armATR1p5
525467,0.004556072732179795,4.33642578125,525467,2549.4100160000003,0.005157063946726215,3.0163126638892805,short,2h_wick_r75_v2p0_then_macd2h_12h,2024-09-22 22:00:00,2h_wick_r75_v2p0_then_macd2h_12h_armATR1p5
526527,0.004434084330828991,5.5864434242248535,526527,2637.987492,0.00503509134909863,2.3776322413652284,long,2h_wick_r75_v2p0_then_macd2h_12h,2024-09-26 14:20:00,2h_wick_r75_v2p0_then_macd2h_12h_armATR1p5
527314,0.0012908339574610576,2.9778878688812256,527308,2644.1310679999997,0.0018911721242524937,1.6760429605681988,short,2h_wick_r75_v2p0_then_macd2h_12h,2024-09-29 07:55:00,2h_wick_r75_v2p0_then_macd2h_12h_armATR1p5
528850,0.007127618967493099,5.205723285675049,528850,2396.22915,0.007729164800453159,3.557786110330719,long,2h_wick_r75_v2p0_then_macd2h_12h,2024-10-04 15:55:00,2h_wick_r75_v2p0_then_macd2h_12h_armATR1p5
530348,0.00799096861308053,6.307181358337402,529800,2412.987306,0.008592646806803161,3.2593491184181107,short,2h_wick_r75_v2p0_then_macd2h_12h,2024-10-09 20:45:00,2h_wick_r75_v2p0_then_macd2h_12h_armATR1p5
530825,0.0012619033812637074,2.003574848175049,530796,2419.7038439999997,0.0018622758364310599,2.249057979593223,long,2h_wick_r75_v2p0_then_macd2h_12h,2024-10-11 12:30:00,2h_wick_r75_v2p0_then_macd2h_12h_armATR1p5
531995,0.0052220164595328635,8.320695877075195,531995,2658.08151,0.0058231810957520835,1.860239843958917,long,2h_wick_r75_v2p0_then_macd2h_12h,2024-10-15 14:00:00,2h_wick_r75_v2p0_then_macd2h_12h_armATR1p5
533849,0.005845643864145167,5.127127647399902,533849,2644.710952,0.0064468929929180074,3.304179877126936,short,2h_wick_r75_v2p0_then_macd2h_12h,2024-10-22 00:30:00,2h_wick_r75_v2p0_then_macd2h_12h_armATR1p5
535559,0.0026766454420312337,2.253574848175049,535544,2513.472594,0.0032773009022115662,3.655261775161746,long,2h_wick_r75_v2p0_then_macd2h_12h,2024-10-27 23:00:00,2h_wick_r75_v2p0_then_macd2h_12h_armATR1p5
536603,0.013581864692097058,4.424961566925049,536601,2609.557984,0.014184661065035353,8.248203616684272,short,2h_wick_r75_v2p0_then_macd2h_12h,2024-10-31 14:00:00,2h_wick_r75_v2p0_then_macd2h_12h_armATR1p5
538175,0.004806953008329851,8.712193489074707,538173,2485.7370479999995,0.005408034615252744,1.543004298155006,long,2h_wick_r75_v2p0_then_macd2h_12h,2024-11-06 01:00:00,2h_wick_r75_v2p0_then_macd2h_12h_armATR1p5
552338,0.0010255168907850724,3.4300014972686768,552276,3488.8776359999997,0.0016258420591970246,1.653749715420648,long,2h_wick_r75_v2p0_then_macd2h_12h,2024-12-25 05:15:00,2h_wick_r75_v2p0_then_macd2h_12h_armATR1p5
554872,0.0013353778991655578,2.785679340362549,554868,3455.500962,0.001935765052175853,2.401223250314741,long,2h_wick_r75_v2p0_then_macd2h_12h,2025-01-03 00:25:00,2h_wick_r75_v2p0_then_macd2h_12h_armATR1p5
559142,0.004359759028287291,6.6042656898498535,558612,3447.199302,0.004960751178523015,2.5893413140967945,long,2h_wick_r75_v2p0_then_macd2h_12h,2025-01-17 20:15:00,2h_wick_r75_v2p0_then_macd2h_12h_armATR1p5
562587,0.005359045356671377,9.642891883850098,562356,3085.752726,0.005960197165742587,1.8959795692224084,short,2h_wick_r75_v2p0_then_macd2h_12h,2025-01-29 19:20:00,2h_wick_r75_v2p0_then_macd2h_12h_armATR1p5
563545,0.006596254461910212,8.849295616149902,563508,3119.955884,0.007197653712802676,2.5195094578273873,short,2h_wick_r75_v2p0_then_macd2h_12h,2025-02-02 03:10:00,2h_wick_r75_v2p0_then_macd2h_12h_armATR1p5
566967,0.0007350119061077635,1.9214390516281128,566964,2670.594012,0.0013352789619001104,1.8558944125644934,long,2h_wick_r75_v2p0_then_macd2h_12h,2025-02-14 00:20:00,2h_wick_r75_v2p0_then_macd2h_12h_armATR1p5
568325,0.004488787722024723,8.128592491149902,568315,2634.862922,0.005089765479568964,1.6414799997080767,short,2h_wick_r75_v2p0_then_macd2h_12h,2025-02-18 17:30:00,2h_wick_r75_v2p0_then_macd2h_12h_armATR1p5
569890,0.00638972773930564,7.674961566925049,569885,2737.1024700000003,0.006991085684853626,2.475904254933441,short,2h_wick_r75_v2p0_then_macd2h_12h,2025-02-24 03:55:00,2h_wick_r75_v2p0_then_macd2h_12h_armATR1p5
571769,0.01662597886635959,12.414986610412598,571759,2263.9927079999998,0.01722942475130984,3.1419519991495077,long,2h_wick_r75_v2p0_then_macd2h_12h,2025-03-02 16:30:00,2h_wick_r75_v2p0_then_macd2h_12h_armATR1p5
573015,0.010475012288652953,7.246425151824951,573015,2162.987316,0.011077187291110624,3.2702077926013295,short,2h_wick_r75_v2p0_then_macd2h_12h,2025-03-07 00:20:00,2h_wick_r75_v2p0_then_macd2h_12h_armATR1p5
575250,0.003989586840318538,5.868565082550049,575212,1933.006524,0.004590504941306861,1.5120350332971764,long,2h_wick_r75_v2p0_then_macd2h_12h,2025-03-14 18:35:00,2h_wick_r75_v2p0_then_macd2h_12h_armATR1p5
575736,0.0023471793615709837,1.1657191514968872,575736,1898.630198,0.0029477287974433164,4.786914577867781,short,2h_wick_r75_v2p0_then_macd2h_12h,2025-03-16 11:05:00,2h_wick_r75_v2p0_then_macd2h_12h_armATR1p5
578650,0.0025567252230027206,2.4171142578125,578650,2034.403038,0.003157316568047408,2.649042336043603,short,2h_wick_r75_v2p0_then_macd2h_12h,2025-03-26 13:55:00,2h_wick_r75_v2p0_then_macd2h_12h_armATR1p5
580310,0.006117113894467297,2.0564138889312744,580291,1860.251976,0.006718457585984661,6.077581982533319,long,2h_wick_r75_v2p0_then_macd2h_12h,2025-04-01 08:15:00,2h_wick_r75_v2p0_then_macd2h_12h_armATR1p5
580765,0.005257998152723831,6.523594379425049,580765,1845.6308000000001,0.005859129752354475,1.6479871945912643,short,2h_wick_r75_v2p0_then_macd2h_12h,2025-04-02 22:10:00,2h_wick_r75_v2p0_then_macd2h_12h_armATR1p5
582730,0.024137164263321863,14.996424674987793,582726,1596.499236,0.02474211268585913,2.6340120966220932,long,2h_wick_r75_v2p0_then_macd2h_12h,2025-04-09 17:55:00,2h_wick_r75_v2p0_then_macd2h_12h_armATR1p5
584595,0.005505336119558013,4.230721473693848,583835,1575.8847600000001,0.00610651718678179,2.2607869743902578,short,2h_wick_r75_v2p0_then_macd2h_12h,2025-04-16 05:20:00,2h_wick_r75_v2p0_then_macd2h_12h_armATR1p5
587300,0.0032264423898182406,2.8992831707000732,587270,1797.7894860000001,0.0038272078313845714,2.3731776425062163,long,2h_wick_r75_v2p0_then_macd2h_12h,2025-04-25 14:45:00,2h_wick_r75_v2p0_then_macd2h_12h_armATR1p5
587996,0.0016599031378516486,2.301417827606201,587989,1779.8539580000001,0.002260315118479239,1.7441239708198975,short,2h_wick_r75_v2p0_then_macd2h_12h,2025-04-28 00:45:00,2h_wick_r75_v2p0_then_macd2h_12h_armATR1p5
590596,0.004172187387445359,4.708565711975098,590584,1839.897906,0.004773142015848331,1.8651314513175448,long,2h_wick_r75_v2p0_then_macd2h_12h,2025-05-07 01:25:00,2h_wick_r75_v2p0_then_macd2h_12h_armATR1p5
600057,0.001169968207209893,2.201416015625,599778,2537.7074399999997,0.001770322271664293,2.040759205944391,long,2h_wick_r75_v2p0_then_macd2h_12h,2025-06-08 21:50:00,2h_wick_r75_v2p0_then_macd2h_12h_armATR1p5
603797,0.012369088823929798,10.4564208984375,603796,2310.547798,0.012971642641694814,2.8296295919401366,short,2h_wick_r75_v2p0_then_macd2h_12h,2025-06-21 21:30:00,2h_wick_r75_v2p0_then_macd2h_12h_armATR1p5
604357,0.010048405964315733,10.114240646362305,604284,2309.571822,0.010650536071529881,2.4320340854107707,long,2h_wick_r75_v2p0_then_macd2h_12h,2025-06-23 20:10:00,2h_wick_r75_v2p0_then_macd2h_12h_armATR1p5
605984,0.0019368135498995635,1.7849992513656616,605958,2454.9909,0.0025373210141024227,3.4896933403385333,long,2h_wick_r75_v2p0_then_macd2h_12h,2025-06-29 11:45:00,2h_wick_r75_v2p0_then_macd2h_12h_armATR1p5
608021,0.0019838552697648117,2.1328647136688232,608021,2535.617022,0.002584372144193603,3.07238333402222,long,2h_wick_r75_v2p0_then_macd2h_12h,2025-07-06 13:30:00,2h_wick_r75_v2p0_then_macd2h_12h_armATR1p5
632628,0.0018149005870124583,3.232142925262451,632628,4209.771786,0.002415383663745052,3.1459666961273656,long,2h_wick_r75_v2p0_then_macd2h_12h,2025-09-30 00:05:00,2h_wick_r75_v2p0_then_macd2h_12h_armATR1p5
640405,0.004811280352074521,11.617117881774902,640404,4153.360506,0.005412362824639416,1.9350319269176313,long,2h_wick_r75_v2p0_then_macd2h_12h,2025-10-27 00:10:00,2h_wick_r75_v2p0_then_macd2h_12h_armATR1p5
642711,0.005973043772460285,9.234322547912598,642708,3602.5093540000003,0.006574318381214805,2.5480325035125624,short,2h_wick_r75_v2p0_then_macd2h_12h,2025-11-04 00:20:00,2h_wick_r75_v2p0_then_macd2h_12h_armATR1p5
649061,0.003993505637017014,8.667149543762207,649044,2955.54099,0.004594424521921381,1.5667215537745982,long,2h_wick_r75_v2p0_then_macd2h_12h,2025-11-26 01:30:00,2h_wick_r75_v2p0_then_macd2h_12h_armATR1p5
650117,0.0010191000127281584,2.3214111328125,650032,2988.7621280000003,0.0016193838327307475,2.081547698165001,short,2h_wick_r75_v2p0_then_macd2h_12h,2025-11-29 17:30:00,2h_wick_r75_v2p0_then_macd2h_12h_armATR1p5
650947,0.00421311248976326,5.8271484375,650941,2859.97188,0.00481407530482425,2.362754295290719,long,2h_wick_r75_v2p0_then_macd2h_12h,2025-12-02 14:40:00,2h_wick_r75_v2p0_then_macd2h_12h_armATR1p5
651834,0.013196478227459575,17.577131271362305,651829,3064.856906,0.0137991975231051,2.3733626014370013,short,2h_wick_r75_v2p0_then_macd2h_12h,2025-12-05 16:35:00,2h_wick_r75_v2p0_then_macd2h_12h_armATR1p5
652421,0.014093514790929974,9.698573112487793,652419,3079.935864,0.014696454081746246,4.667092310900673,long,2h_wick_r75_v2p0_then_macd2h_12h,2025-12-07 17:30:00,2h_wick_r75_v2p0_then_macd2h_12h_armATR1p5
653372,0.006221358316268422,8.445748329162598,653371,3282.453378,0.006822682587931395,2.633677577532738,short,2h_wick_r75_v2p0_then_macd2h_12h,2025-12-11 00:45:00,2h_wick_r75_v2p0_then_macd2h_12h_armATR1p5
654542,0.004602200557602032,8.235734939575195,654541,3127.77543,0.005203241205843145,1.976092008716285,long,2h_wick_r75_v2p0_then_macd2h_12h,2025-12-15 02:15:00,2h_wick_r75_v2p0_then_macd2h_12h_armATR1p5
657710,0.002148752786315944,4.0871758460998535,657584,2966.84325,0.002749302646845253,1.9956934340820198,long,2h_wick_r75_v2p0_then_macd2h_12h,2025-12-26 02:15:00,2h_wick_r75_v2p0_then_macd2h_12h_armATR1p5
661322,0.00790108768255733,10.308524131774902,661320,3175.724728,0.008502747900093865,2.5973386352630383,short,2h_wick_r75_v2p0_then_macd2h_12h,2026-01-07 15:15:00,2h_wick_r75_v2p0_then_macd2h_12h_armATR1p5
662413,-6.948635059704744e-05,0.7907366156578064,662399,3107.1213,0.0005306197733574436,2.085017902742055,long,2h_wick_r75_v2p0_then_macd2h_12h,2026-01-11 10:10:00,2h_wick_r75_v2p0_then_macd2h_12h_armATR1p5
663919,0.0045271483414972115,7.815743446350098,663918,3287.4323820000004,0.0051281337711657216,2.145973971015279,short,2h_wick_r75_v2p0_then_macd2h_12h,2026-01-16 15:40:00,2h_wick_r75_v2p0_then_macd2h_12h_armATR1p5
664528,0.005473645548270634,3.5407192707061768,664479,3341.928252,0.0060748605203748696,5.733792048402298,long,2h_wick_r75_v2p0_then_macd2h_12h,2026-01-18 18:25:00,2h_wick_r75_v2p0_then_macd2h_12h_armATR1p5
667095,0.0040235782826507195,8.605730056762695,667093,2966.133108,0.004624503183287221,1.5939254321858125,long,2h_wick_r75_v2p0_then_macd2h_12h,2026-01-27 16:20:00,2h_wick_r75_v2p0_then_macd2h_12h_armATR1p5
667610,0.003367199143214217,5.119315147399902,667528,2940.531776,0.003967952583042722,2.270181785136367,short,2h_wick_r75_v2p0_then_macd2h_12h,2026-01-29 11:15:00,2h_wick_r75_v2p0_then_macd2h_12h_armATR1p5
670117,0.005380888414574026,7.299996376037598,670116,2093.158548,0.005982084831540391,1.7152682487763833,long,2h_wick_r75_v2p0_then_macd2h_12h,2026-02-07 04:10:00,2h_wick_r75_v2p0_then_macd2h_12h_armATR1p5
670745,0.007609145479171975,7.252144813537598,670665,2055.38884,0.008210747308267763,2.308122690649192,short,2h_wick_r75_v2p0_then_macd2h_12h,2026-02-09 08:30:00,2h_wick_r75_v2p0_then_macd2h_12h_armATR1p5
671980,0.013047805517930123,9.585693359375,671977,2012.20236,0.013650535625055138,2.86548285765225,long,2h_wick_r75_v2p0_then_macd2h_12h,2026-02-13 15:25:00,2h_wick_r75_v2p0_then_macd2h_12h_armATR1p5
672526,0.0068195361290718905,4.192147254943848,672526,2026.074704,0.007420980036297653,3.5601573829256936,short,2h_wick_r75_v2p0_then_macd2h_12h,2026-02-15 12:55:00,2h_wick_r75_v2p0_then_macd2h_12h_armATR1p5
673334,0.0016572903042215263,2.36572265625,673329,2022.214362,0.002257741852591977,1.9299126158926878,long,2h_wick_r75_v2p0_then_macd2h_12h,2026-02-18 08:15:00,2h_wick_r75_v2p0_then_macd2h_12h_armATR1p5
674555,0.0021579932355717093,2.961452007293701,674551,1951.90954,0.002758504834218689,1.8131443585023865,short,2h_wick_r75_v2p0_then_macd2h_12h,2026-02-22 14:00:00,2h_wick_r75_v2p0_then_macd2h_12h_armATR1p5
675269,0.005242957418726668,7.2735772132873535,675266,1904.340792,0.005844126243975456,1.5300872835541295,long,2h_wick_r75_v2p0_then_macd2h_12h,2026-02-25 01:30:00,2h_wick_r75_v2p0_then_macd2h_12h_armATR1p5
675967,0.005059992927549173,6.615016460418701,675963,1969.376046,0.005661084926134707,1.6758909167247071,short,2h_wick_r75_v2p0_then_macd2h_12h,2026-02-27 11:40:00,2h_wick_r75_v2p0_then_macd2h_12h_armATR1p5
676425,0.007708875934613957,7.266427040100098,676425,1989.307782,0.00831053804222237,2.275150897238224,long,2h_wick_r75_v2p0_then_macd2h_12h,2026-03-01 01:50:00,2h_wick_r75_v2p0_then_macd2h_12h_armATR1p5
677988,0.005770686375633449,4.354282855987549,677958,2051.559606,0.006371920512908469,2.9831791892292747,short,2h_wick_r75_v2p0_then_macd2h_12h,2026-03-06 12:05:00,2h_wick_r75_v2p0_then_macd2h_12h_armATR1p5
678745,0.007084332042979602,6.7407050132751465,678745,1982.0363280000001,0.007685869216822905,2.2599523299118776,long,2h_wick_r75_v2p0_then_macd2h_12h,2026-03-09 03:10:00,2h_wick_r75_v2p0_then_macd2h_12h_armATR1p5
680706,0.00741771860406022,3.6635916233062744,680700,2147.389392,0.00801932246855408,4.700471496454355,long,2h_wick_r75_v2p0_then_macd2h_12h,2026-03-15 22:35:00,2h_wick_r75_v2p0_then_macd2h_12h_armATR1p5
681437,0.006278760015343732,4.3600029945373535,681437,2292.011506,0.006880095767346717,3.5920860649917477,short,2h_wick_r75_v2p0_then_macd2h_12h,2026-03-18 11:30:00,2h_wick_r75_v2p0_then_macd2h_12h_armATR1p5
683671,0.00427366792677093,2.4456787109375,683665,2140.17188,0.004874602660356109,4.2449893166957455,short,2h_wick_r75_v2p0_then_macd2h_12h,2026-03-26 05:40:00,2h_wick_r75_v2p0_then_macd2h_12h_armATR1p5
684806,0.0037012590653821677,5.618556499481201,684789,2039.05773,0.004302119489280054,1.5613031569247255,long,2h_wick_r75_v2p0_then_macd2h_12h,2026-03-30 04:15:00,2h_wick_r75_v2p0_then_macd2h_12h_armATR1p5
685663,0.014727772460836964,12.677839279174805,685646,2081.13369,0.015330798015328995,2.4786313588639715,short,2h_wick_r75_v2p0_then_macd2h_12h,2026-04-02 03:40:00,2h_wick_r75_v2p0_then_macd2h_12h_armATR1p5
686761,0.004187755273214089,5.220005512237549,686759,2086.727262,0.00478871301581707,1.9143156030340174,long,2h_wick_r75_v2p0_then_macd2h_12h,2026-04-05 23:10:00,2h_wick_r75_v2p0_then_macd2h_12h_armATR1p5
687204,0.006455288476166121,4.485682964324951,687192,2089.562004,0.007056659533861476,3.2641638110515205,short,2h_wick_r75_v2p0_then_macd2h_12h,2026-04-07 12:05:00,2h_wick_r75_v2p0_then_macd2h_12h_armATR1p5
688433,0.003498258389616993,3.0850131511688232,688412,2265.623034,0.0040990782052579,3.0103489174693143,long,2h_wick_r75_v2p0_then_macd2h_12h,2026-04-11 18:30:00,2h_wick_r75_v2p0_then_macd2h_12h_armATR1p5
689823,0.003869965246359586,6.1207098960876465,689818,2298.450218,0.004470819239408952,1.6714103712935813,short,2h_wick_r75_v2p0_then_macd2h_12h,2026-04-16 14:20:00,2h_wick_r75_v2p0_then_macd2h_12h_armATR1p5
691408,0.0034239524038481408,4.9671454429626465,691407,2345.71905,0.004024757355319153,1.900679194601691,long,2h_wick_r75_v2p0_then_macd2h_12h,2026-04-22 02:25:00,2h_wick_r75_v2p0_then_macd2h_12h_armATR1p5
693612,0.012430363971562787,2.627842426300049,693265,2263.2472599999996,0.013032930044357016,11.08029146214679,short,2h_wick_r75_v2p0_then_macd2h_12h,2026-04-29 18:05:00,2h_wick_r75_v2p0_then_macd2h_12h_armATR1p5
694011,0.0008919092943346478,2.1257150173187256,694011,2287.00731,0.0014922077358816566,1.6054315711165807,long,2h_wick_r75_v2p0_then_macd2h_12h,2026-05-01 03:20:00,2h_wick_r75_v2p0_then_macd2h_12h_armATR1p5
695710,0.0021137404059412114,1.9971400499343872,695708,2335.7927480000003,0.0027142431540223555,3.1659011596148328,short,2h_wick_r75_v2p0_then_macd2h_12h,2026-05-07 00:55:00,2h_wick_r75_v2p0_then_macd2h_12h_armATR1p5
696480,0.003170181489305213,1.8193185329437256,696325,2321.8942859999997,0.003770935676440379,4.812633874417406,long,2h_wick_r75_v2p0_then_macd2h_12h,2026-05-09 17:05:00,2h_wick_r75_v2p0_then_macd2h_12h_armATR1p5
697223,0.004495738146108108,5.3850274085998535,697026,2308.8981280000003,0.005096717293737285,2.1742002615070093,short,2h_wick_r75_v2p0_then_macd2h_12h,2026-05-12 07:00:00,2h_wick_r75_v2p0_then_macd2h_12h_armATR1p5
700248,0.0027755847281016434,4.098598003387451,700245,2095.43083,0.0033762198450471015,1.720302892396921,short,2h_wick_r75_v2p0_then_macd2h_12h,2026-05-22 19:05:00,2h_wick_r75_v2p0_then_macd2h_12h_armATR1p5
702809,0.0025542246033193996,2.3514230251312256,702783,2006.018716,0.0031548154482399227,2.682935368317206,short,2h_wick_r75_v2p0_then_macd2h_12h,2026-05-31 16:30:00,2h_wick_r75_v2p0_then_macd2h_12h_armATR1p5
704704,0.0057960914971135315,4.2978692054748535,704704,1609.741884,0.006397370971307881,2.3960980447896483,long,2h_wick_r75_v2p0_then_macd2h_12h,2026-06-07 06:25:00,2h_wick_r75_v2p0_then_macd2h_12h_armATR1p5
705379,0.00666912510225699,6.459987163543701,705375,1648.6702,0.007270538927277581,1.8421398833665867,short,2h_wick_r75_v2p0_then_macd2h_12h,2026-06-09 14:40:00,2h_wick_r75_v2p0_then_macd2h_12h_armATR1p5
705990,0.002936308602065907,2.530735492706299,705922,1667.1233579999998,0.003537016005266791,2.3300111833079993,long,2h_wick_r75_v2p0_then_macd2h_12h,2026-06-11 17:35:00,2h_wick_r75_v2p0_then_macd2h_12h_armATR1p5
2024,0.007516604800140225,0.5399987101554871,1982,173.114616,0.008118228445829212,2.6025691794621735,long,2h_wick_r75_v2p0_then_macd2h_12h,2019-09-30 13:30:00,2h_wick_r75_v2p0_then_macd2h_12h_armATR2p0
2902,0.012842483569878117,0.3664289116859436,2899,172.275538,0.013445132066592258,6.237329880669667,short,2h_wick_r75_v2p0_then_macd2h_12h,2019-10-03 14:40:00,2h_wick_r75_v2p0_then_macd2h_12h_armATR2p0
4028,0.004992229512968249,0.3057141900062561,4027,176.065206,0.005593348182604707,3.2212897935155365,long,2h_wick_r75_v2p0_then_macd2h_12h,2019-10-07 12:30:00,2h_wick_r75_v2p0_then_macd2h_12h_armATR2p0
5223,0.021368186534385946,1.3600006103515625,5104,185.71285,0.02197254017169281,2.935917800042638,short,2h_wick_r75_v2p0_then_macd2h_12h,2019-10-11 16:05:00,2h_wick_r75_v2p0_then_macd2h_12h_armATR2p0
6098,0.008693880322742943,0.6542870402336121,6094,185.347062,0.009295739470636999,2.633306017164618,long,2h_wick_r75_v2p0_then_macd2h_12h,2019-10-14 17:00:00,2h_wick_r75_v2p0_then_macd2h_12h_armATR2p0
6617,0.004197512493865308,0.3221392035484314,6611,176.86462,0.004798431996364094,2.6219100025589066,short,2h_wick_r75_v2p0_then_macd2h_12h,2019-10-16 12:15:00,2h_wick_r75_v2p0_then_macd2h_12h_armATR2p0
8039,0.008596958584581938,0.4000004231929779,7835,175.555104,0.009198798344250969,4.037235728675443,long,2h_wick_r75_v2p0_then_macd2h_12h,2019-10-21 10:45:00,2h_wick_r75_v2p0_then_macd2h_12h_armATR2p0
8513,0.003771421813198295,0.26428550481796265,8379,171.305732,0.004372256097560978,2.821690885066349,short,2h_wick_r75_v2p0_then_macd2h_12h,2019-10-23 02:15:00,2h_wick_r75_v2p0_then_macd2h_12h_armATR2p0
9194,0.004013759125651451,0.3271419107913971,9191,164.08281,0.004614682062063613,2.314561280663402,long,2h_wick_r75_v2p0_then_macd2h_12h,2019-10-25 11:00:00,2h_wick_r75_v2p0_then_macd2h_12h_armATR2p0
10667,0.009543440705395768,0.7121440172195435,10628,182.553482,0.01014542939353702,2.5745944017876488,short,2h_wick_r75_v2p0_then_macd2h_12h,2019-10-30 13:45:00,2h_wick_r75_v2p0_then_macd2h_12h_armATR2p0
11828,0.002188090187110703,0.16785867512226105,11781,181.153762,0.0027886078051480023,3.0011079238715315,short,2h_wick_r75_v2p0_then_macd2h_12h,2019-11-03 14:30:00,2h_wick_r75_v2p0_then_macd2h_12h_armATR2p0
12405,0.009634097668359055,0.2892870306968689,12405,188.767746,0.010236144897338484,6.679366148372977,long,2h_wick_r75_v2p0_then_macd2h_12h,2019-11-05 14:35:00,2h_wick_r75_v2p0_then_macd2h_12h_armATR2p0
12915,0.0027736996072320165,0.22571346163749695,12871,188.04238400000003,0.003374334347153507,2.801711494796262,short,2h_wick_r75_v2p0_then_macd2h_12h,2019-11-07 09:05:00,2h_wick_r75_v2p0_then_macd2h_12h_armATR2p0
13737,0.005716656331018877,0.27285656332969666,13737,187.177428,0.006317919915001857,4.334042713024654,long,2h_wick_r75_v2p0_then_macd2h_12h,2019-11-10 05:35:00,2h_wick_r75_v2p0_then_macd2h_12h_armATR2p0
14238,0.0012072001315805551,0.15928541123867035,14236,184.603072,0.001807521571606907,2.091038955858413,short,2h_wick_r75_v2p0_then_macd2h_12h,2019-11-11 23:20:00,2h_wick_r75_v2p0_then_macd2h_12h_armATR2p0
15723,0.0015084982695549702,0.08071572333574295,15687,182.253542,0.0021088799692088323,4.751763152820109,short,2h_wick_r75_v2p0_then_macd2h_12h,2019-11-17 03:05:00,2h_wick_r75_v2p0_then_macd2h_12h_armATR2p0
30753,0.005290933532021658,0.25499942898750305,30663,143.62127,0.005892071718728076,3.299105426786024,short,2h_wick_r75_v2p0_then_macd2h_12h,2020-01-08 07:35:00,2h_wick_r75_v2p0_then_macd2h_12h_armATR2p0
48869,0.008533226657213523,0.5749980211257935,48807,201.029786,0.009135013302544959,3.164856109308027,short,2h_wick_r75_v2p0_then_macd2h_12h,2020-03-11 05:15:00,2h_wick_r75_v2p0_then_macd2h_12h_armATR2p0
57453,0.0015632007404666308,0.0678580179810524,57447,169.23384,0.0021636334671599755,5.395972515764439,long,2h_wick_r75_v2p0_then_macd2h_12h,2020-04-10 00:35:00,2h_wick_r75_v2p0_then_macd2h_12h_armATR2p0
57494,0.022128406818636214,0.5842841267585754,57493,163.63726599999998,0.02273291249999998,6.2251665472727975,short,2h_wick_r75_v2p0_then_macd2h_12h,2020-04-10 04:00:00,2h_wick_r75_v2p0_then_macd2h_12h_armATR2p0
58193,0.0015692437736491542,0.1135711669921875,58193,160.362066,0.0021696777091908537,3.0635768673922623,long,2h_wick_r75_v2p0_then_macd2h_12h,2020-04-12 14:15:00,2h_wick_r75_v2p0_then_macd2h_12h_armATR2p0
59164,0.005230454237021354,0.31428417563438416,59163,153.38931599999998,0.0058315803278687905,2.829655671351861,short,2h_wick_r75_v2p0_then_macd2h_12h,2020-04-15 23:10:00,2h_wick_r75_v2p0_then_macd2h_12h_armATR2p0
60992,0.003140459641161231,0.16499873995780945,60992,175.075008,0.003741207882737907,3.9696787997743246,long,2h_wick_r75_v2p0_then_macd2h_12h,2020-04-22 07:30:00,2h_wick_r75_v2p0_then_macd2h_12h_armATR2p0
101759,0.003517773758568277,0.7314257025718689,101495,370.494084,0.004118597478063979,2.0862214639634717,long,2h_wick_r75_v2p0_then_macd2h_12h,2020-09-11 22:05:00,2h_wick_r75_v2p0_then_macd2h_12h_armATR2p0
109851,0.004235572912795149,0.7292851209640503,109847,365.333052,0.004836540220839458,2.42284937565196,long,2h_wick_r75_v2p0_then_macd2h_12h,2020-10-10 00:25:00,2h_wick_r75_v2p0_then_macd2h_12h_armATR2p0
150991,0.010821567384966714,5.375,150989,1576.9353239999998,0.011423852155397762,3.351567627907021,long,2h_wick_r75_v2p0_then_macd2h_12h,2021-03-02 00:15:00,2h_wick_r75_v2p0_then_macd2h_12h_armATR2p0
184388,0.011410973083070887,10.523576736450195,184304,1804.359056,0.012013335277687442,2.03533993588049,short,2h_wick_r75_v2p0_then_macd2h_12h,2021-06-26 07:05:00,2h_wick_r75_v2p0_then_macd2h_12h_armATR2p0
189491,0.006012238489283961,5.4350152015686035,189488,1942.36145,0.006613520936981754,2.348006312165807,short,2h_wick_r75_v2p0_then_macd2h_12h,2021-07-14 00:20:00,2h_wick_r75_v2p0_then_macd2h_12h_armATR2p0
192945,0.01635670437402643,6.963553428649902,192656,2182.9765079999997,0.01696009639330498,5.316752772754756,long,2h_wick_r75_v2p0_then_macd2h_12h,2021-07-26 00:10:00,2h_wick_r75_v2p0_then_macd2h_12h_armATR2p0
212541,0.006862551242323889,7.374215126037598,212528,3305.06088,0.007464044051133989,3.345321444840399,long,2h_wick_r75_v2p0_then_macd2h_12h,2021-10-02 01:10:00,2h_wick_r75_v2p0_then_macd2h_12h_armATR2p0
231636,0.007453439578364485,16.516462326049805,231536,4354.9308120000005,0.008055050588482215,2.1238923510074383,long,2h_wick_r75_v2p0_then_macd2h_12h,2021-12-07 08:25:00,2h_wick_r75_v2p0_then_macd2h_12h_armATR2p0
240465,0.003788875907378042,6.412178993225098,240464,3406.5785480000004,0.004389713682559471,2.3219170917922156,short,2h_wick_r75_v2p0_then_macd2h_12h,2022-01-07 00:10:00,2h_wick_r75_v2p0_then_macd2h_12h_armATR2p0
246226,0.011237444164167344,9.597847938537598,246224,2465.162934,0.011839812126592575,3.0410010855461755,long,2h_wick_r75_v2p0_then_macd2h_12h,2022-01-27 00:15:00,2h_wick_r75_v2p0_then_macd2h_12h_armATR2p0
248591,0.005519766559005612,8.381417274475098,248591,2752.75044,0.006120990757157108,2.0103473491665937,long,2h_wick_r75_v2p0_then_macd2h_12h,2022-02-04 05:20:00,2h_wick_r75_v2p0_then_macd2h_12h_armATR2p0
249753,0.0063222661491739275,8.390694618225098,249750,3195.0088739999997,0.006923650879349763,2.6363879281164673,long,2h_wick_r75_v2p0_then_macd2h_12h,2022-02-08 06:10:00,2h_wick_r75_v2p0_then_macd2h_12h_armATR2p0
251714,0.017891330055734133,8.489954948425293,251580,2959.0816979999995,0.01849502906154643,6.4462417447988205,long,2h_wick_r75_v2p0_then_macd2h_12h,2022-02-15 01:35:00,2h_wick_r75_v2p0_then_macd2h_12h_armATR2p0
252431,0.007985085315961494,7.269984722137451,252179,3050.369804,0.008586762333024689,3.572195127304813,short,2h_wick_r75_v2p0_then_macd2h_12h,2022-02-17 13:20:00,2h_wick_r75_v2p0_then_macd2h_12h_armATR2p0
254084,0.007232942250183294,8.419276237487793,254066,2666.013096,0.007834509152013558,2.4808431759251017,long,2h_wick_r75_v2p0_then_macd2h_12h,2022-02-23 07:35:00,2h_wick_r75_v2p0_then_macd2h_12h_armATR2p0
255383,0.009593967008920857,12.058610916137695,255380,2650.31983,0.010195965802322737,2.218317697289761,short,2h_wick_r75_v2p0_then_macd2h_12h,2022-02-27 19:50:00,2h_wick_r75_v2p0_then_macd2h_12h_armATR2p0
258066,0.011858052859293934,9.232840538024902,258056,2632.596414,0.012460544968287746,3.5529245701688863,long,2h_wick_r75_v2p0_then_macd2h_12h,2022-03-09 03:25:00,2h_wick_r75_v2p0_then_macd2h_12h_armATR2p0
259451,0.01059497687624207,10.048566818237305,258628,2534.323034,0.011197175871617393,2.7927399506432837,short,2h_wick_r75_v2p0_then_macd2h_12h,2022-03-13 22:50:00,2h_wick_r75_v2p0_then_macd2h_12h_armATR2p0
261338,0.0036838394382878283,5.132864952087402,261337,2885.982688,0.004284656206175352,2.3987944578578344,short,2h_wick_r75_v2p0_then_macd2h_12h,2022-03-20 12:05:00,2h_wick_r75_v2p0_then_macd2h_12h_armATR2p0
261808,0.016433052059530117,12.202863693237305,261799,2964.072696,0.017036459351400524,4.1381519346139255,long,2h_wick_r75_v2p0_then_macd2h_12h,2022-03-22 03:15:00,2h_wick_r75_v2p0_then_macd2h_12h_armATR2p0
266387,0.008045115393906023,12.254255294799805,266378,3176.894494,0.008646804416984732,2.222451984622636,short,2h_wick_r75_v2p0_then_macd2h_12h,2022-04-07 00:50:00,2h_wick_r75_v2p0_then_macd2h_12h_armATR2p0
266760,0.00378024357836666,6.5513739585876465,266698,3272.1543,0.004381119802327138,2.1881974820271353,long,2h_wick_r75_v2p0_then_macd2h_12h,2022-04-08 07:55:00,2h_wick_r75_v2p0_then_macd2h_12h_armATR2p0
267829,0.007288977925985885,7.342825889587402,267818,2984.2630280000003,0.007890515721571179,3.1817488731593766,short,2h_wick_r75_v2p0_then_macd2h_12h,2022-04-12 01:00:00,2h_wick_r75_v2p0_then_macd2h_12h_armATR2p0
269538,0.005073033695198026,8.192818641662598,269538,3012.587362,0.0056741283019372535,2.0746659658208584,short,2h_wick_r75_v2p0_then_macd2h_12h,2022-04-17 23:25:00,2h_wick_r75_v2p0_then_macd2h_12h_armATR2p0
270262,0.0060107252970397875,9.051408767700195,270002,3118.02348,0.006612047706581192,2.2777139480839437,long,2h_wick_r75_v2p0_then_macd2h_12h,2022-04-20 11:45:00,2h_wick_r75_v2p0_then_macd2h_12h_armATR2p0
271795,0.0076994683690442935,7.473580360412598,271787,2971.384158,0.008301128594763174,3.3004050014173663,long,2h_wick_r75_v2p0_then_macd2h_12h,2022-04-25 19:30:00,2h_wick_r75_v2p0_then_macd2h_12h_armATR2p0
272913,0.005809334333136418,8.485037803649902,272853,2837.23244,0.006410576200003071,2.1299186188924666,short,2h_wick_r75_v2p0_then_macd2h_12h,2022-04-29 16:40:00,2h_wick_r75_v2p0_then_macd2h_12h_armATR2p0
273635,0.008324822963988466,9.637137413024902,273570,2835.677022,0.00892660828564562,2.6266075614724165,long,2h_wick_r75_v2p0_then_macd2h_12h,2022-05-02 04:50:00,2h_wick_r75_v2p0_then_macd2h_12h_armATR2p0
274631,0.010923694250531258,7.962855815887451,274101,2762.4773940000005,0.011525958989381246,3.9530282511453887,short,2h_wick_r75_v2p0_then_macd2h_12h,2022-05-05 15:50:00,2h_wick_r75_v2p0_then_macd2h_12h_armATR2p0
277563,0.016331625390101977,7.621425151824951,277466,2089.877892,0.01693501239258044,4.643765082640137,long,2h_wick_r75_v2p0_then_macd2h_12h,2022-05-15 20:10:00,2h_wick_r75_v2p0_then_macd2h_12h_armATR2p0
278349,0.007383581215312196,6.490714073181152,278340,2001.989522,0.00798513793155542,2.443417137342346,short,2h_wick_r75_v2p0_then_macd2h_12h,2022-05-18 13:40:00,2h_wick_r75_v2p0_then_macd2h_12h_armATR2p0
279895,0.012771984902704104,10.33001708984375,279862,1989.082104,0.013374619299684642,2.5413417782058314,short,2h_wick_r75_v2p0_then_macd2h_12h,2022-05-23 22:30:00,2h_wick_r75_v2p0_then_macd2h_12h_armATR2p0
281664,0.004818961327755345,3.2178518772125244,281661,1836.297186,0.005420045336822721,3.0929994231498465,long,2h_wick_r75_v2p0_then_macd2h_12h,2022-05-30 01:55:00,2h_wick_r75_v2p0_then_macd2h_12h_armATR2p0
282393,0.004493794621389835,4.3500189781188965,282267,1916.876548,0.005094773380314166,2.23367945033694,short,2h_wick_r75_v2p0_then_macd2h_12h,2022-06-01 14:40:00,2h_wick_r75_v2p0_then_macd2h_12h_armATR2p0
283346,0.006903183119361733,3.097874164581299,283346,1796.319192,0.007504684056172994,4.3516318881280505,long,2h_wick_r75_v2p0_then_macd2h_12h,2022-06-04 22:05:00,2h_wick_r75_v2p0_then_macd2h_12h_armATR2p0
283952,0.01334069184249649,9.680009841918945,283952,1780.423844,0.013943439980864891,2.529320155644205,short,2h_wick_r75_v2p0_then_macd2h_12h,2022-06-07 00:35:00,2h_wick_r75_v2p0_then_macd2h_12h_armATR2p0
288857,0.012836961825193961,7.140006065368652,288796,1141.5282599999998,0.013439649755145,2.148701255929248,long,2h_wick_r75_v2p0_then_macd2h_12h,2022-06-24 01:20:00,2h_wick_r75_v2p0_then_macd2h_12h_armATR2p0
289872,0.00846730173061312,5.250706195831299,289870,1192.91137,0.00906907519095923,2.0418910523906315,short,2h_wick_r75_v2p0_then_macd2h_12h,2022-06-27 13:55:00,2h_wick_r75_v2p0_then_macd2h_12h_armATR2p0
291864,0.007548464794719445,3.721435546875,291864,1092.208398,0.008150094813682118,2.391980698812546,long,2h_wick_r75_v2p0_then_macd2h_12h,2022-07-04 11:55:00,2h_wick_r75_v2p0_then_macd2h_12h_armATR2p0
293578,0.005700112678597114,3.5906982421875,293479,1188.502252,0.006301332701132978,2.0726475738228944,short,2h_wick_r75_v2p0_then_macd2h_12h,2022-07-10 10:45:00,2h_wick_r75_v2p0_then_macd2h_12h_armATR2p0
294592,0.0097268748714769,4.95001220703125,294463,1099.829922,0.010328940659608765,2.294959593001351,long,2h_wick_r75_v2p0_then_macd2h_12h,2022-07-13 23:15:00,2h_wick_r75_v2p0_then_macd2h_12h_armATR2p0
297739,0.011849386344223013,7.85357666015625,297550,1606.881312,0.012451876719566934,2.547716647563995,long,2h_wick_r75_v2p0_then_macd2h_12h,2022-07-24 21:30:00,2h_wick_r75_v2p0_then_macd2h_12h_armATR2p0
299914,0.007902645402140652,6.627162456512451,299769,1670.405852,0.00850430593122109,2.12547256724605,short,2h_wick_r75_v2p0_then_macd2h_12h,2022-08-01 10:45:00,2h_wick_r75_v2p0_then_macd2h_12h_armATR2p0
301072,0.009601120741530479,3.8128488063812256,300509,1681.2261780000001,0.010203161373805392,4.498951537572423,long,2h_wick_r75_v2p0_then_macd2h_12h,2022-08-05 11:15:00,2h_wick_r75_v2p0_then_macd2h_12h_armATR2p0
302230,0.008110137998811063,5.8042778968811035,302229,1711.05772,0.008711840026410789,2.5460049057852263,short,2h_wick_r75_v2p0_then_macd2h_12h,2022-08-09 11:45:00,2h_wick_r75_v2p0_then_macd2h_12h_armATR2p0
302686,0.007581827991376589,7.3214287757873535,302683,1891.82829,0.008183464684313302,2.1145749653673445,long,2h_wick_r75_v2p0_then_macd2h_12h,2022-08-11 01:45:00,2h_wick_r75_v2p0_then_macd2h_12h_armATR2p0
303732,0.008122920048348982,4.76141357421875,303731,1958.368248,0.00872462463235868,3.5573990236248587,short,2h_wick_r75_v2p0_then_macd2h_12h,2022-08-14 16:55:00,2h_wick_r75_v2p0_then_macd2h_12h_armATR2p0
304465,0.009788192183739232,4.6656928062438965,304463,1919.6938619999999,0.010390270237786714,4.275064567754479,long,2h_wick_r75_v2p0_then_macd2h_12h,2022-08-17 06:00:00,2h_wick_r75_v2p0_then_macd2h_12h_armATR2p0
305047,0.01464667247102276,7.469979286193848,304974,1821.865554,0.01524968180551678,3.6634042681453605,short,2h_wick_r75_v2p0_then_macd2h_12h,2022-08-19 06:30:00,2h_wick_r75_v2p0_then_macd2h_12h_armATR2p0
306341,0.009695479260732621,7.6235527992248535,305802,1643.248584,0.01029753876848627,2.2196233758255954,long,2h_wick_r75_v2p0_then_macd2h_12h,2022-08-23 18:20:00,2h_wick_r75_v2p0_then_macd2h_12h_armATR2p0
307070,0.004608217753291966,3.3350131511688232,307070,1653.579218,0.0052092193968427125,2.5694705272741833,short,2h_wick_r75_v2p0_then_macd2h_12h,2022-08-26 07:05:00,2h_wick_r75_v2p0_then_macd2h_12h_armATR2p0
308021,0.009638436765920312,7.596435546875,308019,1510.4720340000001,0.010240484862892751,2.0362136826610873,long,2h_wick_r75_v2p0_then_macd2h_12h,2022-08-29 14:20:00,2h_wick_r75_v2p0_then_macd2h_12h_armATR2p0
309865,0.00692947039077203,2.6028616428375244,309722,1574.194776,0.007530976586089144,4.5546885031798565,long,2h_wick_r75_v2p0_then_macd2h_12h,2022-09-05 00:00:00,2h_wick_r75_v2p0_then_macd2h_12h_armATR2p0
312173,0.013812379410928345,6.3071112632751465,312072,1707.098512,0.014415221886810548,3.8462159596346157,short,2h_wick_r75_v2p0_then_macd2h_12h,2022-09-13 00:20:00,2h_wick_r75_v2p0_then_macd2h_12h_armATR2p0
312729,0.006970151410331038,5.7278618812561035,312729,1631.57625,0.007571665743479672,2.1567821040564006,long,2h_wick_r75_v2p0_then_macd2h_12h,2022-09-14 22:40:00,2h_wick_r75_v2p0_then_macd2h_12h_armATR2p0
313803,0.0170939966234926,7.116428852081299,313231,1422.985346,0.01769749542281729,3.4772139951575296,short,2h_wick_r75_v2p0_then_macd2h_12h,2022-09-18 16:10:00,2h_wick_r75_v2p0_then_macd2h_12h_armATR2p0
315829,0.011446447896356028,3.527858257293701,315789,1303.549238,0.012048817185935201,4.399053722726729,short,2h_wick_r75_v2p0_then_macd2h_12h,2022-09-25 17:00:00,2h_wick_r75_v2p0_then_macd2h_12h_armATR2p0
317764,0.01375096525303472,2.3335483074188232,317554,1307.948358,0.01435379544608506,7.931422692711448,short,2h_wick_r75_v2p0_then_macd2h_12h,2022-10-02 10:15:00,2h_wick_r75_v2p0_then_macd2h_12h_armATR2p0
318139,0.009121404961083225,5.2778754234313965,318102,1316.0931659999999,0.009723349631009404,2.4246184256619663,long,2h_wick_r75_v2p0_then_macd2h_12h,2022-10-03 17:30:00,2h_wick_r75_v2p0_then_macd2h_12h_armATR2p0
318669,0.0033510354936551858,2.602146625518799,318664,1324.864974,0.003951785700754051,2.004104591515959,short,2h_wick_r75_v2p0_then_macd2h_12h,2022-10-05 13:40:00,2h_wick_r75_v2p0_then_macd2h_12h_armATR2p0
319957,0.003218580316819164,1.980712890625,319955,1331.0761619999998,0.003819344185656215,2.566670830519042,long,2h_wick_r75_v2p0_then_macd2h_12h,2022-10-10 01:00:00,2h_wick_r75_v2p0_then_macd2h_12h_armATR2p0
321909,0.004357951228407275,1.3914445638656616,321908,1294.848918,0.00495894301701072,4.6146876179969745,long,2h_wick_r75_v2p0_then_macd2h_12h,2022-10-16 19:40:00,2h_wick_r75_v2p0_then_macd2h_12h_armATR2p0
322473,0.006971471677901642,3.933558940887451,322432,1305.068934,0.007572945972237122,2.493653749036467,short,2h_wick_r75_v2p0_then_macd2h_12h,2022-10-18 18:40:00,2h_wick_r75_v2p0_then_macd2h_12h_armATR2p0
323563,0.004195101701247772,2.8721401691436768,322997,1309.0417559999999,0.004796060913430544,2.1859114215417743,long,2h_wick_r75_v2p0_then_macd2h_12h,2022-10-22 13:30:00,2h_wick_r75_v2p0_then_macd2h_12h_armATR2p0
327315,0.014040930303585731,11.787833213806152,326789,1612.792494,0.014643859075400778,2.0035493861873395,long,2h_wick_r75_v2p0_then_macd2h_12h,2022-11-04 14:10:00,2h_wick_r75_v2p0_then_macd2h_12h_armATR2p0
327747,0.002030211799188564,2.0114047527313232,327744,1618.366262,0.002630697841548457,2.111092754570674,short,2h_wick_r75_v2p0_then_macd2h_12h,2022-11-06 02:10:00,2h_wick_r75_v2p0_then_macd2h_12h_armATR2p0
329844,0.006577082690949876,4.194998741149902,329822,1241.9215660000002,0.007178478107487951,2.1100282851512726,short,2h_wick_r75_v2p0_then_macd2h_12h,2022-11-13 08:55:00,2h_wick_r75_v2p0_then_macd2h_12h_armATR2p0
331731,0.0027641557855266454,1.0542863607406616,331730,1217.463444,0.0033648287512770825,3.8856198396819197,long,2h_wick_r75_v2p0_then_macd2h_12h,2022-11-19 22:10:00,2h_wick_r75_v2p0_then_macd2h_12h_armATR2p0
332275,0.016045404514573657,4.319266319274902,332258,1100.37988,0.016648693595476605,4.171977059989472,short,2h_wick_r75_v2p0_then_macd2h_12h,2022-11-21 19:30:00,2h_wick_r75_v2p0_then_macd2h_12h_armATR2p0
334072,0.008803653087145992,3.79571533203125,334054,1193.541244,0.009405493817763455,2.9299468024248485,short,2h_wick_r75_v2p0_then_macd2h_12h,2022-11-28 01:15:00,2h_wick_r75_v2p0_then_macd2h_12h_armATR2p0
334641,0.03245479764723021,2.3435757160186768,334641,1230.2560019999999,0.03306140992921591,17.355529724082558,long,2h_wick_r75_v2p0_then_macd2h_12h,2022-11-30 00:40:00,2h_wick_r75_v2p0_then_macd2h_12h_armATR2p0
335732,0.0013274607675383802,0.9650093913078308,335631,1266.39667,0.001927806259691911,2.525022058798565,short,2h_wick_r75_v2p0_then_macd2h_12h,2022-12-03 19:35:00,2h_wick_r75_v2p0_then_macd2h_12h_armATR2p0
336106,0.004834865474203598,3.0143258571624756,336080,1288.167582,0.00543595266473651,2.3230461243469325,long,2h_wick_r75_v2p0_then_macd2h_12h,2022-12-05 02:45:00,2h_wick_r75_v2p0_then_macd2h_12h_armATR2p0
338511,0.003850182386530854,2.43572998046875,338497,1279.2858059999999,0.004451072601051154,2.3377771943769887,long,2h_wick_r75_v2p0_then_macd2h_12h,2022-12-13 11:10:00,2h_wick_r75_v2p0_then_macd2h_12h_armATR2p0
338975,0.007711589433162924,2.7221243381500244,338974,1294.301088,0.008313211751049598,3.920132468031191,short,2h_wick_r75_v2p0_then_macd2h_12h,2022-12-15 01:50:00,2h_wick_r75_v2p0_then_macd2h_12h_armATR2p0
340449,0.006072788714475319,2.0635898113250732,340449,1200.1599840000001,0.006674123539182952,3.881593113147111,long,2h_wick_r75_v2p0_then_macd2h_12h,2022-12-20 04:40:00,2h_wick_r75_v2p0_then_macd2h_12h_armATR2p0
341147,0.005160359557212457,2.9471261501312256,341144,1199.290094,0.005761471629123882,2.331116365580068,short,2h_wick_r75_v2p0_then_macd2h_12h,2022-12-22 14:50:00,2h_wick_r75_v2p0_then_macd2h_12h_armATR2p0
345491,0.003750647609061586,2.6999948024749756,345478,1258.931736,0.004351517912644098,2.028990572492354,long,2h_wick_r75_v2p0_then_macd2h_12h,2023-01-06 16:50:00,2h_wick_r75_v2p0_then_macd2h_12h_armATR2p0
356615,0.004579794716794217,3.5378506183624268,356059,1548.099558,0.005180830882970833,2.26703805931536,long,2h_wick_r75_v2p0_then_macd2h_12h,2023-02-14 15:00:00,2h_wick_r75_v2p0_then_macd2h_12h_armATR2p0
363281,0.017058142672663656,5.3571343421936035,363060,1532.313476,0.01766163430119816,4.964123410261668,short,2h_wick_r75_v2p0_then_macd2h_12h,2023-03-09 18:30:00,2h_wick_r75_v2p0_then_macd2h_12h_armATR2p0
364219,0.022437893760636828,5.87286376953125,364213,1576.855308,0.02304250226108895,6.186878059134723,long,2h_wick_r75_v2p0_then_macd2h_12h,2023-03-13 00:40:00,2h_wick_r75_v2p0_then_macd2h_12h_armATR2p0
386390,0.0052452884432540705,3.5685861110687256,386388,1910.2219679999998,0.005846457734800969,3.129539725932422,long,2h_wick_r75_v2p0_then_macd2h_12h,2023-05-29 00:15:00,2h_wick_r75_v2p0_then_macd2h_12h_armATR2p0
392633,0.0075105724522543495,3.1628592014312744,392436,1721.8555600000002,0.008112154566744856,4.38070717587751,short,2h_wick_r75_v2p0_then_macd2h_12h,2023-06-19 16:30:00,2h_wick_r75_v2p0_then_macd2h_12h_armATR2p0
393304,0.005826081562490826,3.845703125,393300,1889.1477539999998,0.006427367035897857,3.1573539624175004,long,2h_wick_r75_v2p0_then_macd2h_12h,2023-06-22 00:25:00,2h_wick_r75_v2p0_then_macd2h_12h_armATR2p0
409920,0.02051976899705794,14.259294509887695,409716,1687.652402,0.02112395295085734,2.448396165447802,short,2h_wick_r75_v2p0_then_macd2h_12h,2023-08-18 17:05:00,2h_wick_r75_v2p0_then_macd2h_12h_armATR2p0
415402,0.003468622409753941,2.1414358615875244,415082,1641.9183179999998,0.004069436297013285,3.1201877767409587,long,2h_wick_r75_v2p0_then_macd2h_12h,2023-09-06 17:55:00,2h_wick_r75_v2p0_then_macd2h_12h_armATR2p0
417501,0.00511279603411281,2.1871249675750732,417501,1623.294594,0.005713938821877207,4.240912676463969,long,2h_wick_r75_v2p0_then_macd2h_12h,2023-09-14 00:50:00,2h_wick_r75_v2p0_then_macd2h_12h_armATR2p0
418649,0.0026915358258365442,1.9957101345062256,417955,1614.2970759999998,0.003292154133001768,2.6542311473055804,short,2h_wick_r75_v2p0_then_macd2h_12h,2023-09-18 00:30:00,2h_wick_r75_v2p0_then_macd2h_12h_armATR2p0
420526,0.00032849489505566465,0.40142822265625,420483,1594.838904,0.0009286806311816775,3.689566194921646,long,2h_wick_r75_v2p0_then_macd2h_12h,2023-09-24 12:55:00,2h_wick_r75_v2p0_then_macd2h_12h_armATR2p0
423257,0.007264271173986048,4.150015830993652,422900,1652.8293680000002,0.00786580402822068,3.108269588675655,short,2h_wick_r75_v2p0_then_macd2h_12h,2023-10-04 00:30:00,2h_wick_r75_v2p0_then_macd2h_12h_armATR2p0
424086,0.0016978857127007533,1.6599818468093872,424061,1653.1205579999998,0.0022983453817770894,2.288845511957282,long,2h_wick_r75_v2p0_then_macd2h_12h,2023-10-06 21:35:00,2h_wick_r75_v2p0_then_macd2h_12h_armATR2p0
424521,0.00028296366332409873,0.6300048828125,424516,1626.07472,0.0008831002560567569,2.2773156830071217,short,2h_wick_r75_v2p0_then_macd2h_12h,2023-10-08 09:50:00,2h_wick_r75_v2p0_then_macd2h_12h_armATR2p0
426095,0.008446771089723538,2.1064016819000244,426094,1555.921122,0.009048580805884887,6.6838524299413535,long,2h_wick_r75_v2p0_then_macd2h_12h,2023-10-13 21:00:00,2h_wick_r75_v2p0_then_macd2h_12h_armATR2p0
427160,0.003175406817853732,1.9585832357406616,427152,1572.455446,0.0037761218992173884,3.020267860999524,short,2h_wick_r75_v2p0_then_macd2h_12h,2023-10-17 13:45:00,2h_wick_r75_v2p0_then_macd2h_12h_armATR2p0
427892,0.0022739589248485627,1.5607038736343384,427888,1577.495436,0.002874533831614956,2.9054608478933406,long,2h_wick_r75_v2p0_then_macd2h_12h,2023-10-20 02:45:00,2h_wick_r75_v2p0_then_macd2h_12h_armATR2p0
457253,0.001817411697506444,2.622105121612549,457236,2311.052118,0.0024178952765616657,2.1310671162426007,long,2h_wick_r75_v2p0_then_macd2h_12h,2024-01-30 01:30:00,2h_wick_r75_v2p0_then_macd2h_12h_armATR2p0
459544,0.0027447014765642043,2.9450161457061768,459540,2377.7754600000003,0.003345370550674076,2.701017449971341,long,2h_wick_r75_v2p0_then_macd2h_12h,2024-02-07 00:25:00,2h_wick_r75_v2p0_then_macd2h_12h_armATR2p0
476835,0.007649299263536147,8.854265213012695,476820,3359.401746,0.008250949453426859,3.1304973742218247,long,2h_wick_r75_v2p0_then_macd2h_12h,2024-04-07 01:20:00,2h_wick_r75_v2p0_then_macd2h_12h_armATR2p0
502486,0.01569348130373922,12.714320182800293,502452,3048.8901,0.016296700000000053,3.8452783394693597,short,2h_wick_r75_v2p0_then_macd2h_12h,2024-07-05 02:55:00,2h_wick_r75_v2p0_then_macd2h_12h_armATR2p0
505922,0.004907150174491237,6.034981727600098,505620,3487.957452,0.005508251824856147,3.1835304342570283,long,2h_wick_r75_v2p0_then_macd2h_12h,2024-07-17 01:15:00,2h_wick_r75_v2p0_then_macd2h_12h_armATR2p0
510812,0.005327193459331259,8.375017166137695,510804,2991.741532,0.005928338898023133,2.1052532371263197,short,2h_wick_r75_v2p0_then_macd2h_12h,2024-08-03 00:45:00,2h_wick_r75_v2p0_then_macd2h_12h_armATR2p0
514098,0.007295560034285176,6.4999823570251465,514048,2738.0174939999997,0.007897139462177627,3.326548413878488,long,2h_wick_r75_v2p0_then_macd2h_12h,2024-08-14 10:35:00,2h_wick_r75_v2p0_then_macd2h_12h_armATR2p0
516626,0.0037334905866290404,2.1085903644561768,516626,2653.100514,0.004334357458120719,5.453636796336931,long,2h_wick_r75_v2p0_then_macd2h_12h,2024-08-23 05:15:00,2h_wick_r75_v2p0_then_macd2h_12h_armATR2p0
517581,0.0039905719934673735,4.560756206512451,517456,2733.4631980000004,0.004591450107866102,2.7392821353093013,short,2h_wick_r75_v2p0_then_macd2h_12h,2024-08-26 12:50:00,2h_wick_r75_v2p0_then_macd2h_12h_armATR2p0
518432,0.0056539831522734564,3.9771206378936768,518370,2556.081114,0.006255234199113113,4.0202164972466035,long,2h_wick_r75_v2p0_then_macd2h_12h,2024-08-29 11:45:00,2h_wick_r75_v2p0_then_macd2h_12h_armATR2p0
519220,0.0031338914810836284,3.44140625,519181,2484.223056,0.003734598259379718,2.6858369307604404,short,2h_wick_r75_v2p0_then_macd2h_12h,2024-09-01 05:25:00,2h_wick_r75_v2p0_then_macd2h_12h_armATR2p0
521568,0.006521481348042713,5.931344032287598,521440,2316.0331140000003,0.007122905929228374,2.781306548768407,long,2h_wick_r75_v2p0_then_macd2h_12h,2024-09-09 09:05:00,2h_wick_r75_v2p0_then_macd2h_12h_armATR2p0
522201,0.005317509082179939,3.9657156467437744,522161,2314.3170440000004,0.0059186525839964865,3.4336914728572148,short,2h_wick_r75_v2p0_then_macd2h_12h,2024-09-11 13:50:00,2h_wick_r75_v2p0_then_macd2h_12h_armATR2p0
523943,0.006584124316794737,6.368599891662598,523935,2345.1289319999996,0.007185561429080778,2.645961166764588,long,2h_wick_r75_v2p0_then_macd2h_12h,2024-09-17 15:00:00,2h_wick_r75_v2p0_then_macd2h_12h_armATR2p0
525467,0.004556072732179795,4.33642578125,525467,2549.4100160000003,0.005157063946726215,3.0163126638892805,short,2h_wick_r75_v2p0_then_macd2h_12h,2024-09-22 22:00:00,2h_wick_r75_v2p0_then_macd2h_12h_armATR2p0
526527,0.004434084330828991,5.5864434242248535,526527,2637.987492,0.00503509134909863,2.3776322413652284,long,2h_wick_r75_v2p0_then_macd2h_12h,2024-09-26 14:20:00,2h_wick_r75_v2p0_then_macd2h_12h_armATR2p0
527319,0.002461219976212137,2.9778878688812256,527308,2644.1310679999997,0.0030617922202074155,2.7103330801478407,short,2h_wick_r75_v2p0_then_macd2h_12h,2024-09-29 08:20:00,2h_wick_r75_v2p0_then_macd2h_12h_armATR2p0
528850,0.007127618967493099,5.205723285675049,528850,2396.22915,0.007729164800453159,3.557786110330719,long,2h_wick_r75_v2p0_then_macd2h_12h,2024-10-04 15:55:00,2h_wick_r75_v2p0_then_macd2h_12h_armATR2p0
530348,0.00799096861308053,6.307181358337402,529800,2412.987306,0.008592646806803161,3.2593491184181107,short,2h_wick_r75_v2p0_then_macd2h_12h,2024-10-09 20:45:00,2h_wick_r75_v2p0_then_macd2h_12h_armATR2p0
530825,0.0012619033812637074,2.003574848175049,530796,2419.7038439999997,0.0018622758364310599,2.249057979593223,long,2h_wick_r75_v2p0_then_macd2h_12h,2024-10-11 12:30:00,2h_wick_r75_v2p0_then_macd2h_12h_armATR2p0
533849,0.005845643864145167,5.127127647399902,533849,2644.710952,0.0064468929929180074,3.304179877126936,short,2h_wick_r75_v2p0_then_macd2h_12h,2024-10-22 00:30:00,2h_wick_r75_v2p0_then_macd2h_12h_armATR2p0
535559,0.0026766454420312337,2.253574848175049,535544,2513.472594,0.0032773009022115662,3.655261775161746,long,2h_wick_r75_v2p0_then_macd2h_12h,2024-10-27 23:00:00,2h_wick_r75_v2p0_then_macd2h_12h_armATR2p0
536603,0.013581864692097058,4.424961566925049,536601,2609.557984,0.014184661065035353,8.248203616684272,short,2h_wick_r75_v2p0_then_macd2h_12h,2024-10-31 14:00:00,2h_wick_r75_v2p0_then_macd2h_12h_armATR2p0
538177,0.007775297550620408,8.712193489074707,538173,2485.7370479999995,0.008376972945209227,2.3900929227654215,long,2h_wick_r75_v2p0_then_macd2h_12h,2024-11-06 01:10:00,2h_wick_r75_v2p0_then_macd2h_12h_armATR2p0
552342,0.001696085550419291,3.4300014972686768,552276,3488.8776359999997,0.0022965448593910143,2.335965161059095,long,2h_wick_r75_v2p0_then_macd2h_12h,2024-12-25 05:35:00,2h_wick_r75_v2p0_then_macd2h_12h_armATR2p0
554872,0.0013353778991655578,2.785679340362549,554868,3455.500962,0.001935765052175853,2.401223250314741,long,2h_wick_r75_v2p0_then_macd2h_12h,2025-01-03 00:25:00,2h_wick_r75_v2p0_then_macd2h_12h_armATR2p0
559142,0.004359759028287291,6.6042656898498535,558612,3447.199302,0.004960751178523015,2.5893413140967945,long,2h_wick_r75_v2p0_then_macd2h_12h,2025-01-17 20:15:00,2h_wick_r75_v2p0_then_macd2h_12h_armATR2p0
562588,0.007873590884505744,9.642891883850098,562356,3085.752726,0.008475245602682424,2.689310044368754,short,2h_wick_r75_v2p0_then_macd2h_12h,2025-01-29 19:25:00,2h_wick_r75_v2p0_then_macd2h_12h_armATR2p0
563545,0.006596254461910212,8.849295616149902,563508,3119.955884,0.007197653712802676,2.5195094578273873,short,2h_wick_r75_v2p0_then_macd2h_12h,2025-02-02 03:10:00,2h_wick_r75_v2p0_then_macd2h_12h_armATR2p0
566968,0.0016522273229752752,1.9214390516281128,566964,2670.594012,0.00225267785854677,3.130980394565478,long,2h_wick_r75_v2p0_then_macd2h_12h,2025-02-14 00:25:00,2h_wick_r75_v2p0_then_macd2h_12h_armATR2p0
568328,0.007472205094975104,8.128592491149902,568315,2634.862922,0.008073779535993975,2.5961348195244907,short,2h_wick_r75_v2p0_then_macd2h_12h,2025-02-18 17:45:00,2h_wick_r75_v2p0_then_macd2h_12h_armATR2p0
569890,0.00638972773930564,7.674961566925049,569885,2737.1024700000003,0.006991085684853626,2.475904254933441,short,2h_wick_r75_v2p0_then_macd2h_12h,2025-02-24 03:55:00,2h_wick_r75_v2p0_then_macd2h_12h_armATR2p0
571769,0.01662597886635959,12.414986610412598,571759,2263.9927079999998,0.01722942475130984,3.1419519991495077,long,2h_wick_r75_v2p0_then_macd2h_12h,2025-03-02 16:30:00,2h_wick_r75_v2p0_then_macd2h_12h_armATR2p0
573015,0.010475012288652953,7.246425151824951,573015,2162.987316,0.011077187291110624,3.2702077926013295,short,2h_wick_r75_v2p0_then_macd2h_12h,2025-03-07 00:20:00,2h_wick_r75_v2p0_then_macd2h_12h_armATR2p0
575556,0.006896393377304477,5.868565082550049,575212,1933.006524,0.0074978929558957574,2.469679691053592,long,2h_wick_r75_v2p0_then_macd2h_12h,2025-03-15 20:05:00,2h_wick_r75_v2p0_then_macd2h_12h_armATR2p0
575736,0.0023471793615709837,1.1657191514968872,575736,1898.630198,0.0029477287974433164,4.786914577867781,short,2h_wick_r75_v2p0_then_macd2h_12h,2025-03-16 11:05:00,2h_wick_r75_v2p0_then_macd2h_12h_armATR2p0
578650,0.0025567252230027206,2.4171142578125,578650,2034.403038,0.003157316568047408,2.649042336043603,short,2h_wick_r75_v2p0_then_macd2h_12h,2025-03-26 13:55:00,2h_wick_r75_v2p0_then_macd2h_12h_armATR2p0
580310,0.006117113894467297,2.0564138889312744,580291,1860.251976,0.006718457585984661,6.077581982533319,long,2h_wick_r75_v2p0_then_macd2h_12h,2025-04-01 08:15:00,2h_wick_r75_v2p0_then_macd2h_12h_armATR2p0
580766,0.010076662477737043,6.523594379425049,580765,1845.6308000000001,0.010678757810232531,2.9892723038550892,short,2h_wick_r75_v2p0_then_macd2h_12h,2025-04-02 22:15:00,2h_wick_r75_v2p0_then_macd2h_12h_armATR2p0
582730,0.024137164263321863,14.996424674987793,582726,1596.499236,0.02474211268585913,2.6340120966220932,long,2h_wick_r75_v2p0_then_macd2h_12h,2025-04-09 17:55:00,2h_wick_r75_v2p0_then_macd2h_12h_armATR2p0
584595,0.005505336119558013,4.230721473693848,583835,1575.8847600000001,0.00610651718678179,2.2607869743902578,short,2h_wick_r75_v2p0_then_macd2h_12h,2025-04-16 05:20:00,2h_wick_r75_v2p0_then_macd2h_12h_armATR2p0
587300,0.0032264423898182406,2.8992831707000732,587270,1797.7894860000001,0.0038272078313845714,2.3731776425062163,long,2h_wick_r75_v2p0_then_macd2h_12h,2025-04-25 14:45:00,2h_wick_r75_v2p0_then_macd2h_12h_armATR2p0
587997,0.0020945824042559293,2.301417827606201,587989,1779.8539580000001,0.002695081320736703,2.0787003309938736,short,2h_wick_r75_v2p0_then_macd2h_12h,2025-04-28 00:50:00,2h_wick_r75_v2p0_then_macd2h_12h_armATR2p0
590904,0.008888896924262158,4.708565711975098,590584,1839.897906,0.009490795083278991,3.7085802913590795,long,2h_wick_r75_v2p0_then_macd2h_12h,2025-05-08 03:05:00,2h_wick_r75_v2p0_then_macd2h_12h_armATR2p0
600057,0.001169968207209893,2.201416015625,599778,2537.7074399999997,0.001770322271664293,2.040759205944391,long,2h_wick_r75_v2p0_then_macd2h_12h,2025-06-08 21:50:00,2h_wick_r75_v2p0_then_macd2h_12h_armATR2p0
603797,0.012369088823929798,10.4564208984375,603796,2310.547798,0.012971642641694814,2.8296295919401366,short,2h_wick_r75_v2p0_then_macd2h_12h,2025-06-21 21:30:00,2h_wick_r75_v2p0_then_macd2h_12h_armATR2p0
604357,0.010048405964315733,10.114240646362305,604284,2309.571822,0.010650536071529881,2.4320340854107707,long,2h_wick_r75_v2p0_then_macd2h_12h,2025-06-23 20:10:00,2h_wick_r75_v2p0_then_macd2h_12h_armATR2p0
605984,0.0019368135498995635,1.7849992513656616,605958,2454.9909,0.0025373210141024227,3.4896933403385333,long,2h_wick_r75_v2p0_then_macd2h_12h,2025-06-29 11:45:00,2h_wick_r75_v2p0_then_macd2h_12h_armATR2p0
608021,0.0019838552697648117,2.1328647136688232,608021,2535.617022,0.002584372144193603,3.07238333402222,long,2h_wick_r75_v2p0_then_macd2h_12h,2025-07-06 13:30:00,2h_wick_r75_v2p0_then_macd2h_12h_armATR2p0
632628,0.0018149005870124583,3.232142925262451,632628,4209.771786,0.002415383663745052,3.1459666961273656,long,2h_wick_r75_v2p0_then_macd2h_12h,2025-09-30 00:05:00,2h_wick_r75_v2p0_then_macd2h_12h_armATR2p0
640409,0.007001839054324455,11.617117881774902,640404,4153.360506,0.007603359726269687,2.7183587462379086,long,2h_wick_r75_v2p0_then_macd2h_12h,2025-10-27 00:30:00,2h_wick_r75_v2p0_then_macd2h_12h_armATR2p0
642711,0.005973043772460285,9.234322547912598,642708,3602.5093540000003,0.006574318381214805,2.5480325035125624,short,2h_wick_r75_v2p0_then_macd2h_12h,2025-11-04 00:20:00,2h_wick_r75_v2p0_then_macd2h_12h_armATR2p0
649063,0.008438503031555201,8.667149543762207,649044,2955.54099,0.00904031109377379,3.082790929715764,long,2h_wick_r75_v2p0_then_macd2h_12h,2025-11-26 01:40:00,2h_wick_r75_v2p0_then_macd2h_12h_armATR2p0
650117,0.0010191000127281584,2.3214111328125,650032,2988.7621280000003,0.0016193838327307475,2.081547698165001,short,2h_wick_r75_v2p0_then_macd2h_12h,2025-11-29 17:30:00,2h_wick_r75_v2p0_then_macd2h_12h_armATR2p0
650947,0.00421311248976326,5.8271484375,650941,2859.97188,0.00481407530482425,2.362754295290719,long,2h_wick_r75_v2p0_then_macd2h_12h,2025-12-02 14:40:00,2h_wick_r75_v2p0_then_macd2h_12h_armATR2p0
651834,0.013196478227459575,17.577131271362305,651829,3064.856906,0.0137991975231051,2.3733626014370013,short,2h_wick_r75_v2p0_then_macd2h_12h,2025-12-05 16:35:00,2h_wick_r75_v2p0_then_macd2h_12h_armATR2p0
652421,0.014093514790929974,9.698573112487793,652419,3079.935864,0.014696454081746246,4.667092310900673,long,2h_wick_r75_v2p0_then_macd2h_12h,2025-12-07 17:30:00,2h_wick_r75_v2p0_then_macd2h_12h_armATR2p0
653372,0.006221358316268422,8.445748329162598,653371,3282.453378,0.006822682587931395,2.633677577532738,short,2h_wick_r75_v2p0_then_macd2h_12h,2025-12-11 00:45:00,2h_wick_r75_v2p0_then_macd2h_12h_armATR2p0
654623,0.005046516983477867,8.235734939575195,654541,3127.77543,0.00564764651278038,2.144868688660233,long,2h_wick_r75_v2p0_then_macd2h_12h,2025-12-15 09:00:00,2h_wick_r75_v2p0_then_macd2h_12h_armATR2p0
657711,0.0043728945572032,4.0871758460998535,657584,2966.84325,0.004973889335070147,3.6105003933416495,long,2h_wick_r75_v2p0_then_macd2h_12h,2025-12-26 02:20:00,2h_wick_r75_v2p0_then_macd2h_12h_armATR2p0
661322,0.00790108768255733,10.308524131774902,661320,3175.724728,0.008502747900093865,2.5973386352630383,short,2h_wick_r75_v2p0_then_macd2h_12h,2026-01-07 15:15:00,2h_wick_r75_v2p0_then_macd2h_12h_armATR2p0
662413,-6.948635059704744e-05,0.7907366156578064,662399,3107.1213,0.0005306197733574436,2.085017902742055,long,2h_wick_r75_v2p0_then_macd2h_12h,2026-01-11 10:10:00,2h_wick_r75_v2p0_then_macd2h_12h_armATR2p0
663919,0.0045271483414972115,7.815743446350098,663918,3287.4323820000004,0.0051281337711657216,2.145973971015279,short,2h_wick_r75_v2p0_then_macd2h_12h,2026-01-16 15:40:00,2h_wick_r75_v2p0_then_macd2h_12h_armATR2p0
664528,0.005473645548270634,3.5407192707061768,664479,3341.928252,0.0060748605203748696,5.733792048402298,long,2h_wick_r75_v2p0_then_macd2h_12h,2026-01-18 18:25:00,2h_wick_r75_v2p0_then_macd2h_12h_armATR2p0
667097,0.0054999530239558505,8.605730056762695,667093,2966.133108,0.006101173258607595,2.1028886428733413,long,2h_wick_r75_v2p0_then_macd2h_12h,2026-01-27 16:30:00,2h_wick_r75_v2p0_then_macd2h_12h_armATR2p0
667610,0.003367199143214217,5.119315147399902,667528,2940.531776,0.003967952583042722,2.270181785136367,short,2h_wick_r75_v2p0_then_macd2h_12h,2026-01-29 11:15:00,2h_wick_r75_v2p0_then_macd2h_12h_armATR2p0
670119,0.009407489270038828,7.299996376037598,670116,2093.158548,0.010009491168272655,2.870063342602999,long,2h_wick_r75_v2p0_then_macd2h_12h,2026-02-07 04:20:00,2h_wick_r75_v2p0_then_macd2h_12h_armATR2p0
670745,0.007609145479171975,7.252144813537598,670665,2055.38884,0.008210747308267763,2.308122690649192,short,2h_wick_r75_v2p0_then_macd2h_12h,2026-02-09 08:30:00,2h_wick_r75_v2p0_then_macd2h_12h_armATR2p0
671980,0.013047805517930123,9.585693359375,671977,2012.20236,0.013650535625055138,2.86548285765225,long,2h_wick_r75_v2p0_then_macd2h_12h,2026-02-13 15:25:00,2h_wick_r75_v2p0_then_macd2h_12h_armATR2p0
672526,0.0068195361290718905,4.192147254943848,672526,2026.074704,0.007420980036297653,3.5601573829256936,short,2h_wick_r75_v2p0_then_macd2h_12h,2026-02-15 12:55:00,2h_wick_r75_v2p0_then_macd2h_12h_armATR2p0
673335,0.004524859692001293,2.36572265625,673329,2022.214362,0.005125884868975028,4.381594762435496,long,2h_wick_r75_v2p0_then_macd2h_12h,2026-02-18 08:20:00,2h_wick_r75_v2p0_then_macd2h_12h_armATR2p0
674597,0.006814940673621939,2.961452007293701,674551,1951.90954,0.007416383661756676,4.852194114444431,short,2h_wick_r75_v2p0_then_macd2h_12h,2026-02-22 17:30:00,2h_wick_r75_v2p0_then_macd2h_12h_armATR2p0
675270,0.008303771966462216,7.2735772132873535,675266,1904.340792,0.008905553077077633,2.3316186111311157,long,2h_wick_r75_v2p0_then_macd2h_12h,2026-02-25 01:35:00,2h_wick_r75_v2p0_then_macd2h_12h_armATR2p0
675980,0.006916926325582784,6.615016460418701,675963,1969.376046,0.007518389710847728,2.2216189616359365,short,2h_wick_r75_v2p0_then_macd2h_12h,2026-02-27 12:45:00,2h_wick_r75_v2p0_then_macd2h_12h_armATR2p0
676425,0.007708875934613957,7.266427040100098,676425,1989.307782,0.00831053804222237,2.275150897238224,long,2h_wick_r75_v2p0_then_macd2h_12h,2026-03-01 01:50:00,2h_wick_r75_v2p0_then_macd2h_12h_armATR2p0
677988,0.005770686375633449,4.354282855987549,677958,2051.559606,0.006371920512908469,2.9831791892292747,short,2h_wick_r75_v2p0_then_macd2h_12h,2026-03-06 12:05:00,2h_wick_r75_v2p0_then_macd2h_12h_armATR2p0
678745,0.007084332042979602,6.7407050132751465,678745,1982.0363280000001,0.007685869216822905,2.2599523299118776,long,2h_wick_r75_v2p0_then_macd2h_12h,2026-03-09 03:10:00,2h_wick_r75_v2p0_then_macd2h_12h_armATR2p0
680706,0.00741771860406022,3.6635916233062744,680700,2147.389392,0.00801932246855408,4.700471496454355,long,2h_wick_r75_v2p0_then_macd2h_12h,2026-03-15 22:35:00,2h_wick_r75_v2p0_then_macd2h_12h_armATR2p0
681437,0.006278760015343732,4.3600029945373535,681437,2292.011506,0.006880095767346717,3.5920860649917477,short,2h_wick_r75_v2p0_then_macd2h_12h,2026-03-18 11:30:00,2h_wick_r75_v2p0_then_macd2h_12h_armATR2p0
683671,0.00427366792677093,2.4456787109375,683665,2140.17188,0.004874602660356109,4.2449893166957455,short,2h_wick_r75_v2p0_then_macd2h_12h,2026-03-26 05:40:00,2h_wick_r75_v2p0_then_macd2h_12h_armATR2p0
684815,0.005775331779350701,5.618556499481201,684789,2039.05773,0.006376607100770926,2.3141655692526255,long,2h_wick_r75_v2p0_then_macd2h_12h,2026-03-30 05:00:00,2h_wick_r75_v2p0_then_macd2h_12h_armATR2p0
685663,0.014727772460836964,12.677839279174805,685646,2081.13369,0.015330798015328995,2.4786313588639715,short,2h_wick_r75_v2p0_then_macd2h_12h,2026-04-02 03:40:00,2h_wick_r75_v2p0_then_macd2h_12h_armATR2p0
686762,0.01113025430689958,5.220005512237549,686759,2086.727262,0.011732600827064843,4.690174740736175,long,2h_wick_r75_v2p0_then_macd2h_12h,2026-04-05 23:15:00,2h_wick_r75_v2p0_then_macd2h_12h_armATR2p0
687204,0.006455288476166121,4.485682964324951,687192,2089.562004,0.007056659533861476,3.2641638110515205,short,2h_wick_r75_v2p0_then_macd2h_12h,2026-04-07 12:05:00,2h_wick_r75_v2p0_then_macd2h_12h_armATR2p0
688433,0.003498258389616993,3.0850131511688232,688412,2265.623034,0.0040990782052579,3.0103489174693143,long,2h_wick_r75_v2p0_then_macd2h_12h,2026-04-11 18:30:00,2h_wick_r75_v2p0_then_macd2h_12h_armATR2p0
690763,0.008867298761040266,6.1207098960876465,689818,2298.450218,0.009469152220792365,3.5225028413422033,short,2h_wick_r75_v2p0_then_macd2h_12h,2026-04-19 20:40:00,2h_wick_r75_v2p0_then_macd2h_12h_armATR2p0
691411,0.007004227714312261,4.9671454429626465,691407,2345.71905,0.007605748864084827,3.5917913427070065,long,2h_wick_r75_v2p0_then_macd2h_12h,2026-04-22 02:40:00,2h_wick_r75_v2p0_then_macd2h_12h_armATR2p0
693612,0.012430363971562787,2.627842426300049,693265,2263.2472599999996,0.013032930044357016,11.08029146214679,short,2h_wick_r75_v2p0_then_macd2h_12h,2026-04-29 18:05:00,2h_wick_r75_v2p0_then_macd2h_12h_armATR2p0
694107,0.001508312221354569,2.1257150173187256,694011,2287.00731,0.0021087339681480355,2.2687377944401383,long,2h_wick_r75_v2p0_then_macd2h_12h,2026-05-01 11:20:00,2h_wick_r75_v2p0_then_macd2h_12h_armATR2p0
695710,0.0021137404059412114,1.9971400499343872,695708,2335.7927480000003,0.0027142431540223555,3.1659011596148328,short,2h_wick_r75_v2p0_then_macd2h_12h,2026-05-07 00:55:00,2h_wick_r75_v2p0_then_macd2h_12h_armATR2p0
696480,0.003170181489305213,1.8193185329437256,696325,2321.8942859999997,0.003770935676440379,4.812633874417406,long,2h_wick_r75_v2p0_then_macd2h_12h,2026-05-09 17:05:00,2h_wick_r75_v2p0_then_macd2h_12h_armATR2p0
697223,0.004495738146108108,5.3850274085998535,697026,2308.8981280000003,0.005096717293737285,2.1742002615070093,short,2h_wick_r75_v2p0_then_macd2h_12h,2026-05-12 07:00:00,2h_wick_r75_v2p0_then_macd2h_12h_armATR2p0
700252,0.004883986388902484,4.098598003387451,700245,2095.43083,0.005485043186180372,2.7889610033851375,short,2h_wick_r75_v2p0_then_macd2h_12h,2026-05-22 19:25:00,2h_wick_r75_v2p0_then_macd2h_12h_armATR2p0
702809,0.0025542246033193996,2.3514230251312256,702783,2006.018716,0.0031548154482399227,2.682935368317206,short,2h_wick_r75_v2p0_then_macd2h_12h,2026-05-31 16:30:00,2h_wick_r75_v2p0_then_macd2h_12h_armATR2p0
704704,0.0057960914971135315,4.2978692054748535,704704,1609.741884,0.006397370971307881,2.3960980447896483,long,2h_wick_r75_v2p0_then_macd2h_12h,2026-06-07 06:25:00,2h_wick_r75_v2p0_then_macd2h_12h_armATR2p0
705380,0.007297100347621166,6.459987163543701,705375,1648.6702,0.007898639767690785,2.000034933956819,short,2h_wick_r75_v2p0_then_macd2h_12h,2026-06-09 14:45:00,2h_wick_r75_v2p0_then_macd2h_12h_armATR2p0
705990,0.002936308602065907,2.530735492706299,705922,1667.1233579999998,0.003537016005266791,2.3300111833079993,long,2h_wick_r75_v2p0_then_macd2h_12h,2026-06-11 17:35:00,2h_wick_r75_v2p0_then_macd2h_12h_armATR2p0
2024,0.007516604800140225,0.5399987101554871,1982,173.114616,0.008118228445829212,2.6025691794621735,long,2h_wick_r75_v2p0_then_macd2h_12h,2019-09-30 13:30:00,2h_wick_r75_v2p0_then_macd2h_12h_armATR2p5
2902,0.012842483569878117,0.3664289116859436,2899,172.275538,0.013445132066592258,6.237329880669667,short,2h_wick_r75_v2p0_then_macd2h_12h,2019-10-03 14:40:00,2h_wick_r75_v2p0_then_macd2h_12h_armATR2p5
4028,0.004992229512968249,0.3057141900062561,4027,176.065206,0.005593348182604707,3.2212897935155365,long,2h_wick_r75_v2p0_then_macd2h_12h,2019-10-07 12:30:00,2h_wick_r75_v2p0_then_macd2h_12h_armATR2p5
5223,0.021368186534385946,1.3600006103515625,5104,185.71285,0.02197254017169281,2.935917800042638,short,2h_wick_r75_v2p0_then_macd2h_12h,2019-10-11 16:05:00,2h_wick_r75_v2p0_then_macd2h_12h_armATR2p5
6098,0.008693880322742943,0.6542870402336121,6094,185.347062,0.009295739470636999,2.633306017164618,long,2h_wick_r75_v2p0_then_macd2h_12h,2019-10-14 17:00:00,2h_wick_r75_v2p0_then_macd2h_12h_armATR2p5
6617,0.004197512493865308,0.3221392035484314,6611,176.86462,0.004798431996364094,2.6219100025589066,short,2h_wick_r75_v2p0_then_macd2h_12h,2019-10-16 12:15:00,2h_wick_r75_v2p0_then_macd2h_12h_armATR2p5
8039,0.008596958584581938,0.4000004231929779,7835,175.555104,0.009198798344250969,4.037235728675443,long,2h_wick_r75_v2p0_then_macd2h_12h,2019-10-21 10:45:00,2h_wick_r75_v2p0_then_macd2h_12h_armATR2p5
8513,0.003771421813198295,0.26428550481796265,8379,171.305732,0.004372256097560978,2.821690885066349,short,2h_wick_r75_v2p0_then_macd2h_12h,2019-10-23 02:15:00,2h_wick_r75_v2p0_then_macd2h_12h_armATR2p5
9195,0.005780805899167474,0.3271419107913971,9191,164.08281,0.006382082315630644,3.201026727106647,long,2h_wick_r75_v2p0_then_macd2h_12h,2019-10-25 11:05:00,2h_wick_r75_v2p0_then_macd2h_12h_armATR2p5
10667,0.009543440705395768,0.7121440172195435,10628,182.553482,0.01014542939353702,2.5745944017876488,short,2h_wick_r75_v2p0_then_macd2h_12h,2019-10-30 13:45:00,2h_wick_r75_v2p0_then_macd2h_12h_armATR2p5
11828,0.002188090187110703,0.16785867512226105,11781,181.153762,0.0027886078051480023,3.0011079238715315,short,2h_wick_r75_v2p0_then_macd2h_12h,2019-11-03 14:30:00,2h_wick_r75_v2p0_then_macd2h_12h_armATR2p5
12405,0.009634097668359055,0.2892870306968689,12405,188.767746,0.010236144897338484,6.679366148372977,long,2h_wick_r75_v2p0_then_macd2h_12h,2019-11-05 14:35:00,2h_wick_r75_v2p0_then_macd2h_12h_armATR2p5
12915,0.0027736996072320165,0.22571346163749695,12871,188.04238400000003,0.003374334347153507,2.801711494796262,short,2h_wick_r75_v2p0_then_macd2h_12h,2019-11-07 09:05:00,2h_wick_r75_v2p0_then_macd2h_12h_armATR2p5
13737,0.005716656331018877,0.27285656332969666,13737,187.177428,0.006317919915001857,4.334042713024654,long,2h_wick_r75_v2p0_then_macd2h_12h,2019-11-10 05:35:00,2h_wick_r75_v2p0_then_macd2h_12h_armATR2p5
15723,0.0015084982695549702,0.08071572333574295,15687,182.253542,0.0021088799692088323,4.751763152820109,short,2h_wick_r75_v2p0_then_macd2h_12h,2019-11-17 03:05:00,2h_wick_r75_v2p0_then_macd2h_12h_armATR2p5
30753,0.005290933532021658,0.25499942898750305,30663,143.62127,0.005892071718728076,3.299105426786024,short,2h_wick_r75_v2p0_then_macd2h_12h,2020-01-08 07:35:00,2h_wick_r75_v2p0_then_macd2h_12h_armATR2p5
48869,0.008533226657213523,0.5749980211257935,48807,201.029786,0.009135013302544959,3.164856109308027,short,2h_wick_r75_v2p0_then_macd2h_12h,2020-03-11 05:15:00,2h_wick_r75_v2p0_then_macd2h_12h_armATR2p5
57453,0.0015632007404666308,0.0678580179810524,57447,169.23384,0.0021636334671599755,5.395972515764439,long,2h_wick_r75_v2p0_then_macd2h_12h,2020-04-10 00:35:00,2h_wick_r75_v2p0_then_macd2h_12h_armATR2p5
57494,0.022128406818636214,0.5842841267585754,57493,163.63726599999998,0.02273291249999998,6.2251665472727975,short,2h_wick_r75_v2p0_then_macd2h_12h,2020-04-10 04:00:00,2h_wick_r75_v2p0_then_macd2h_12h_armATR2p5
58193,0.0015692437736491542,0.1135711669921875,58193,160.362066,0.0021696777091908537,3.0635768673922623,long,2h_wick_r75_v2p0_then_macd2h_12h,2020-04-12 14:15:00,2h_wick_r75_v2p0_then_macd2h_12h_armATR2p5
59164,0.005230454237021354,0.31428417563438416,59163,153.38931599999998,0.0058315803278687905,2.829655671351861,short,2h_wick_r75_v2p0_then_macd2h_12h,2020-04-15 23:10:00,2h_wick_r75_v2p0_then_macd2h_12h_armATR2p5
60992,0.003140459641161231,0.16499873995780945,60992,175.075008,0.003741207882737907,3.9696787997743246,long,2h_wick_r75_v2p0_then_macd2h_12h,2020-04-22 07:30:00,2h_wick_r75_v2p0_then_macd2h_12h_armATR2p5
101760,0.006971928778220571,0.7314257025718689,101495,370.494084,0.0075734434669139095,3.836228327954225,long,2h_wick_r75_v2p0_then_macd2h_12h,2020-09-11 22:10:00,2h_wick_r75_v2p0_then_macd2h_12h_armATR2p5
109853,0.005467079335597491,0.7292851209640503,109847,365.333052,0.0060682929941964225,3.03989199322947,long,2h_wick_r75_v2p0_then_macd2h_12h,2020-10-10 00:35:00,2h_wick_r75_v2p0_then_macd2h_12h_armATR2p5
150991,0.010821567384966714,5.375,150989,1576.9353239999998,0.011423852155397762,3.351567627907021,long,2h_wick_r75_v2p0_then_macd2h_12h,2021-03-02 00:15:00,2h_wick_r75_v2p0_then_macd2h_12h_armATR2p5
184389,0.014245018081807405,10.523576736450195,184304,1804.359056,0.014847947085423696,2.508563073290696,short,2h_wick_r75_v2p0_then_macd2h_12h,2021-06-26 07:10:00,2h_wick_r75_v2p0_then_macd2h_12h_armATR2p5
189493,0.013314598000168277,5.4350152015686035,189488,1942.36145,0.01391734091976815,4.905496859016195,short,2h_wick_r75_v2p0_then_macd2h_12h,2021-07-14 00:30:00,2h_wick_r75_v2p0_then_macd2h_12h_armATR2p5
192945,0.01635670437402643,6.963553428649902,192656,2182.9765079999997,0.01696009639330498,5.316752772754756,long,2h_wick_r75_v2p0_then_macd2h_12h,2021-07-26 00:10:00,2h_wick_r75_v2p0_then_macd2h_12h_armATR2p5
212541,0.006862551242323889,7.374215126037598,212528,3305.06088,0.007464044051133989,3.345321444840399,long,2h_wick_r75_v2p0_then_macd2h_12h,2021-10-02 01:10:00,2h_wick_r75_v2p0_then_macd2h_12h_armATR2p5
231639,0.011197870593219373,16.516462326049805,231536,4354.9308120000005,0.011800230639347209,3.1113919546165794,long,2h_wick_r75_v2p0_then_macd2h_12h,2021-12-07 08:40:00,2h_wick_r75_v2p0_then_macd2h_12h_armATR2p5
240466,0.0051467252395982046,6.412178993225098,240464,3406.5785480000004,0.0057478345846460055,3.0361828670987077,short,2h_wick_r75_v2p0_then_macd2h_12h,2022-01-07 00:15:00,2h_wick_r75_v2p0_then_macd2h_12h_armATR2p5
246226,0.011237444164167344,9.597847938537598,246224,2465.162934,0.011839812126592575,3.0410010855461755,long,2h_wick_r75_v2p0_then_macd2h_12h,2022-01-27 00:15:00,2h_wick_r75_v2p0_then_macd2h_12h_armATR2p5
248599,0.009798267010357976,8.381417274475098,248591,2752.75044,0.010400347079773997,3.4158375680911663,long,2h_wick_r75_v2p0_then_macd2h_12h,2022-02-04 06:00:00,2h_wick_r75_v2p0_then_macd2h_12h_armATR2p5
249753,0.0063222661491739275,8.390694618225098,249750,3195.0088739999997,0.006923650879349763,2.6363879281164673,long,2h_wick_r75_v2p0_then_macd2h_12h,2022-02-08 06:10:00,2h_wick_r75_v2p0_then_macd2h_12h_armATR2p5
251714,0.017891330055734133,8.489954948425293,251580,2959.0816979999995,0.01849502906154643,6.4462417447988205,long,2h_wick_r75_v2p0_then_macd2h_12h,2022-02-15 01:35:00,2h_wick_r75_v2p0_then_macd2h_12h_armATR2p5
252431,0.007985085315961494,7.269984722137451,252179,3050.369804,0.008586762333024689,3.572195127304813,short,2h_wick_r75_v2p0_then_macd2h_12h,2022-02-17 13:20:00,2h_wick_r75_v2p0_then_macd2h_12h_armATR2p5
254085,0.007769216435086834,8.419276237487793,254066,2666.013096,0.008370890613209392,2.6506915048862774,long,2h_wick_r75_v2p0_then_macd2h_12h,2022-02-23 07:40:00,2h_wick_r75_v2p0_then_macd2h_12h_armATR2p5
255384,0.0161967289943314,12.058610916137695,255380,2650.31983,0.01680004834013027,3.6314157828408766,short,2h_wick_r75_v2p0_then_macd2h_12h,2022-02-27 19:55:00,2h_wick_r75_v2p0_then_macd2h_12h_armATR2p5
258066,0.011858052859293934,9.232840538024902,258056,2632.596414,0.012460544968287746,3.5529245701688863,long,2h_wick_r75_v2p0_then_macd2h_12h,2022-03-09 03:25:00,2h_wick_r75_v2p0_then_macd2h_12h_armATR2p5
259451,0.01059497687624207,10.048566818237305,258628,2534.323034,0.011197175871617393,2.7927399506432837,short,2h_wick_r75_v2p0_then_macd2h_12h,2022-03-13 22:50:00,2h_wick_r75_v2p0_then_macd2h_12h_armATR2p5
261360,0.004257196087305637,5.132864952087402,261337,2885.982688,0.004858127526522926,2.718304130391285,short,2h_wick_r75_v2p0_then_macd2h_12h,2022-03-20 13:55:00,2h_wick_r75_v2p0_then_macd2h_12h_armATR2p5
261808,0.016433052059530117,12.202863693237305,261799,2964.072696,0.017036459351400524,4.1381519346139255,long,2h_wick_r75_v2p0_then_macd2h_12h,2022-03-22 03:15:00,2h_wick_r75_v2p0_then_macd2h_12h_armATR2p5
266761,0.005815192847109918,6.5513739585876465,266698,3272.1543,0.006416476142338423,3.204778132452421,long,2h_wick_r75_v2p0_then_macd2h_12h,2022-04-08 08:00:00,2h_wick_r75_v2p0_then_macd2h_12h_armATR2p5
267829,0.007288977925985885,7.342825889587402,267818,2984.2630280000003,0.007890515721571179,3.1817488731593766,short,2h_wick_r75_v2p0_then_macd2h_12h,2022-04-12 01:00:00,2h_wick_r75_v2p0_then_macd2h_12h_armATR2p5
269539,0.006417433206755874,8.192818641662598,269538,3012.587362,0.007018796693397222,2.562898425851033,short,2h_wick_r75_v2p0_then_macd2h_12h,2022-04-17 23:30:00,2h_wick_r75_v2p0_then_macd2h_12h_armATR2p5
270263,0.009252515509601001,9.051408767700195,270002,3118.02348,0.009854486406882357,3.394667149454928,long,2h_wick_r75_v2p0_then_macd2h_12h,2022-04-20 11:50:00,2h_wick_r75_v2p0_then_macd2h_12h_armATR2p5
271795,0.0076994683690442935,7.473580360412598,271787,2971.384158,0.008301128594763174,3.3004050014173663,long,2h_wick_r75_v2p0_then_macd2h_12h,2022-04-25 19:30:00,2h_wick_r75_v2p0_then_macd2h_12h_armATR2p5
272916,0.007106617574170482,8.485037803649902,272853,2837.23244,0.007708118897685301,2.5577305018799747,short,2h_wick_r75_v2p0_then_macd2h_12h,2022-04-29 16:55:00,2h_wick_r75_v2p0_then_macd2h_12h_armATR2p5
273635,0.008324822963988466,9.637137413024902,273570,2835.677022,0.00892660828564562,2.6266075614724165,long,2h_wick_r75_v2p0_then_macd2h_12h,2022-05-02 04:50:00,2h_wick_r75_v2p0_then_macd2h_12h_armATR2p5
274631,0.010923694250531258,7.962855815887451,274101,2762.4773940000005,0.011525958989381246,3.9530282511453887,short,2h_wick_r75_v2p0_then_macd2h_12h,2022-05-05 15:50:00,2h_wick_r75_v2p0_then_macd2h_12h_armATR2p5
277563,0.016331625390101977,7.621425151824951,277466,2089.877892,0.01693501239258044,4.643765082640137,long,2h_wick_r75_v2p0_then_macd2h_12h,2022-05-15 20:10:00,2h_wick_r75_v2p0_then_macd2h_12h_armATR2p5
278360,0.008791071796934792,6.490714073181152,278340,2001.989522,0.009392910011294164,2.8701806596249737,short,2h_wick_r75_v2p0_then_macd2h_12h,2022-05-18 14:35:00,2h_wick_r75_v2p0_then_macd2h_12h_armATR2p5
279895,0.012771984902704104,10.33001708984375,279862,1989.082104,0.013374619299684642,2.5413417782058314,short,2h_wick_r75_v2p0_then_macd2h_12h,2022-05-23 22:30:00,2h_wick_r75_v2p0_then_macd2h_12h_armATR2p5
281664,0.004818961327755345,3.2178518772125244,281661,1836.297186,0.005420045336822721,3.0929994231498465,long,2h_wick_r75_v2p0_then_macd2h_12h,2022-05-30 01:55:00,2h_wick_r75_v2p0_then_macd2h_12h_armATR2p5
282394,0.006235597864407039,4.3500189781188965,282267,1916.876548,0.0068369249839799195,2.992296830306905,short,2h_wick_r75_v2p0_then_macd2h_12h,2022-06-01 14:45:00,2h_wick_r75_v2p0_then_macd2h_12h_armATR2p5
283346,0.006903183119361733,3.097874164581299,283346,1796.319192,0.007504684056172994,4.3516318881280505,long,2h_wick_r75_v2p0_then_macd2h_12h,2022-06-04 22:05:00,2h_wick_r75_v2p0_then_macd2h_12h_armATR2p5
283952,0.01334069184249649,9.680009841918945,283952,1780.423844,0.013943439980864891,2.529320155644205,short,2h_wick_r75_v2p0_then_macd2h_12h,2022-06-07 00:35:00,2h_wick_r75_v2p0_then_macd2h_12h_armATR2p5
288859,0.015954964352788047,7.140006065368652,288796,1141.5282599999998,0.016558276007989647,2.6473002721496024,long,2h_wick_r75_v2p0_then_macd2h_12h,2022-06-24 01:30:00,2h_wick_r75_v2p0_then_macd2h_12h_armATR2p5
290001,0.010939638287894083,5.250706195831299,289870,1192.91137,0.011541906215551734,2.5922932063512856,short,2h_wick_r75_v2p0_then_macd2h_12h,2022-06-28 00:40:00,2h_wick_r75_v2p0_then_macd2h_12h_armATR2p5
291865,0.012793667093557738,3.721435546875,291864,1092.208398,0.013396346362830158,3.931709098733826,long,2h_wick_r75_v2p0_then_macd2h_12h,2022-07-04 12:00:00,2h_wick_r75_v2p0_then_macd2h_12h_armATR2p5
293583,0.007124736584322289,3.5906982421875,293479,1188.502252,0.007726241531639255,2.5377381738568476,short,2h_wick_r75_v2p0_then_macd2h_12h,2022-07-10 11:10:00,2h_wick_r75_v2p0_then_macd2h_12h_armATR2p5
294599,0.011099539835214679,4.95001220703125,294463,1099.829922,0.011701880211256954,2.6000093457787505,long,2h_wick_r75_v2p0_then_macd2h_12h,2022-07-13 23:50:00,2h_wick_r75_v2p0_then_macd2h_12h_armATR2p5
297739,0.011849386344223013,7.85357666015625,297550,1606.881312,0.012451876719566934,2.547716647563995,long,2h_wick_r75_v2p0_then_macd2h_12h,2022-07-24 21:30:00,2h_wick_r75_v2p0_then_macd2h_12h_armATR2p5
299918,0.014070364545162485,6.627162456512451,299769,1670.405852,0.014673258618071339,3.6449765881719656,short,2h_wick_r75_v2p0_then_macd2h_12h,2022-08-01 11:05:00,2h_wick_r75_v2p0_then_macd2h_12h_armATR2p5
301072,0.009601120741530479,3.8128488063812256,300509,1681.2261780000001,0.010203161373805392,4.498951537572423,long,2h_wick_r75_v2p0_then_macd2h_12h,2022-08-05 11:15:00,2h_wick_r75_v2p0_then_macd2h_12h_armATR2p5
302230,0.008110137998811063,5.8042778968811035,302229,1711.05772,0.008711840026410789,2.5460049057852263,short,2h_wick_r75_v2p0_then_macd2h_12h,2022-08-09 11:45:00,2h_wick_r75_v2p0_then_macd2h_12h_armATR2p5
302810,0.010425069118720166,7.3214287757873535,302683,1891.82829,0.011027274573634838,2.8494042131491804,long,2h_wick_r75_v2p0_then_macd2h_12h,2022-08-11 12:05:00,2h_wick_r75_v2p0_then_macd2h_12h_armATR2p5
303732,0.008122920048348982,4.76141357421875,303731,1958.368248,0.00872462463235868,3.5573990236248587,short,2h_wick_r75_v2p0_then_macd2h_12h,2022-08-14 16:55:00,2h_wick_r75_v2p0_then_macd2h_12h_armATR2p5
304465,0.009788192183739232,4.6656928062438965,304463,1919.6938619999999,0.010390270237786714,4.275064567754479,long,2h_wick_r75_v2p0_then_macd2h_12h,2022-08-17 06:00:00,2h_wick_r75_v2p0_then_macd2h_12h_armATR2p5
305047,0.01464667247102276,7.469979286193848,304974,1821.865554,0.01524968180551678,3.6634042681453605,short,2h_wick_r75_v2p0_then_macd2h_12h,2022-08-19 06:30:00,2h_wick_r75_v2p0_then_macd2h_12h_armATR2p5
306345,0.011100950120398868,7.6235527992248535,305802,1643.248584,0.011703290778554587,2.522631705516028,long,2h_wick_r75_v2p0_then_macd2h_12h,2022-08-23 18:40:00,2h_wick_r75_v2p0_then_macd2h_12h_armATR2p5
307070,0.004608217753291966,3.3350131511688232,307070,1653.579218,0.0052092193968427125,2.5694705272741833,short,2h_wick_r75_v2p0_then_macd2h_12h,2022-08-26 07:05:00,2h_wick_r75_v2p0_then_macd2h_12h_armATR2p5
308041,0.014417443485352078,7.596435546875,308019,1510.4720340000001,0.015020447574867202,2.9866594483689486,long,2h_wick_r75_v2p0_then_macd2h_12h,2022-08-29 16:00:00,2h_wick_r75_v2p0_then_macd2h_12h_armATR2p5
309865,0.00692947039077203,2.6028616428375244,309722,1574.194776,0.007530976586089144,4.5546885031798565,long,2h_wick_r75_v2p0_then_macd2h_12h,2022-09-05 00:00:00,2h_wick_r75_v2p0_then_macd2h_12h_armATR2p5
312173,0.013812379410928345,6.3071112632751465,312072,1707.098512,0.014415221886810548,3.8462159596346157,short,2h_wick_r75_v2p0_then_macd2h_12h,2022-09-13 00:20:00,2h_wick_r75_v2p0_then_macd2h_12h_armATR2p5
312730,0.008293759792102852,5.7278618812561035,312729,1631.57625,0.008895538899882816,2.5338861691994956,long,2h_wick_r75_v2p0_then_macd2h_12h,2022-09-14 22:45:00,2h_wick_r75_v2p0_then_macd2h_12h_armATR2p5
313803,0.0170939966234926,7.116428852081299,313231,1422.985346,0.01769749542281729,3.4772139951575296,short,2h_wick_r75_v2p0_then_macd2h_12h,2022-09-18 16:10:00,2h_wick_r75_v2p0_then_macd2h_12h_armATR2p5
315829,0.011446447896356028,3.527858257293701,315789,1303.549238,0.012048817185935201,4.399053722726729,short,2h_wick_r75_v2p0_then_macd2h_12h,2022-09-25 17:00:00,2h_wick_r75_v2p0_then_macd2h_12h_armATR2p5
317764,0.01375096525303472,2.3335483074188232,317554,1307.948358,0.01435379544608506,7.931422692711448,short,2h_wick_r75_v2p0_then_macd2h_12h,2022-10-02 10:15:00,2h_wick_r75_v2p0_then_macd2h_12h_armATR2p5
318261,0.009516434745775638,5.2778754234313965,318102,1316.0931659999999,0.010118458437463174,2.5231429186220344,long,2h_wick_r75_v2p0_then_macd2h_12h,2022-10-04 03:40:00,2h_wick_r75_v2p0_then_macd2h_12h_armATR2p5
319629,0.007107285898399107,2.602146625518799,318664,1324.864974,0.007708787355578783,3.894851235748259,short,2h_wick_r75_v2p0_then_macd2h_12h,2022-10-08 21:40:00,2h_wick_r75_v2p0_then_macd2h_12h_armATR2p5
319957,0.003218580316819164,1.980712890625,319955,1331.0761619999998,0.003819344185656215,2.566670830519042,long,2h_wick_r75_v2p0_then_macd2h_12h,2022-10-10 01:00:00,2h_wick_r75_v2p0_then_macd2h_12h_armATR2p5
321909,0.004357951228407275,1.3914445638656616,321908,1294.848918,0.00495894301701072,4.6146876179969745,long,2h_wick_r75_v2p0_then_macd2h_12h,2022-10-16 19:40:00,2h_wick_r75_v2p0_then_macd2h_12h_armATR2p5
322474,0.007851081734847788,3.933558940887451,322432,1305.068934,0.008452731951194892,2.7809254073441836,short,2h_wick_r75_v2p0_then_macd2h_12h,2022-10-18 18:45:00,2h_wick_r75_v2p0_then_macd2h_12h_armATR2p5
323581,0.006432932531756652,2.8721401691436768,322997,1309.0417559999999,0.007034339399636602,3.206056619007411,long,2h_wick_r75_v2p0_then_macd2h_12h,2022-10-22 15:00:00,2h_wick_r75_v2p0_then_macd2h_12h_armATR2p5
327316,0.017822433517848468,11.787833213806152,326789,1612.792494,0.01842611874159683,2.521032106663522,long,2h_wick_r75_v2p0_then_macd2h_12h,2022-11-04 14:15:00,2h_wick_r75_v2p0_then_macd2h_12h_armATR2p5
327859,0.002925305373233389,2.0114047527313232,327744,1618.366262,0.0035259704343080234,2.827010323147772,short,2h_wick_r75_v2p0_then_macd2h_12h,2022-11-06 11:30:00,2h_wick_r75_v2p0_then_macd2h_12h_armATR2p5
329845,0.013326655580008851,4.194998741149902,329822,1241.9215660000002,0.013929400911124823,4.06712064836604,short,2h_wick_r75_v2p0_then_macd2h_12h,2022-11-13 09:00:00,2h_wick_r75_v2p0_then_macd2h_12h_armATR2p5
331731,0.0027641557855266454,1.0542863607406616,331730,1217.463444,0.0033648287512770825,3.8856198396819197,long,2h_wick_r75_v2p0_then_macd2h_12h,2022-11-19 22:10:00,2h_wick_r75_v2p0_then_macd2h_12h_armATR2p5
332275,0.016045404514573657,4.319266319274902,332258,1100.37988,0.016648693595476605,4.171977059989472,short,2h_wick_r75_v2p0_then_macd2h_12h,2022-11-21 19:30:00,2h_wick_r75_v2p0_then_macd2h_12h_armATR2p5
334072,0.008803653087145992,3.79571533203125,334054,1193.541244,0.009405493817763455,2.9299468024248485,short,2h_wick_r75_v2p0_then_macd2h_12h,2022-11-28 01:15:00,2h_wick_r75_v2p0_then_macd2h_12h_armATR2p5
334641,0.03245479764723021,2.3435757160186768,334641,1230.2560019999999,0.03306140992921591,17.355529724082558,long,2h_wick_r75_v2p0_then_macd2h_12h,2022-11-30 00:40:00,2h_wick_r75_v2p0_then_macd2h_12h_armATR2p5
335732,0.0013274607675383802,0.9650093913078308,335631,1266.39667,0.001927806259691911,2.525022058798565,short,2h_wick_r75_v2p0_then_macd2h_12h,2022-12-03 19:35:00,2h_wick_r75_v2p0_then_macd2h_12h_armATR2p5
336114,0.006014600177385932,3.0143258571624756,336080,1288.167582,0.006615923362058407,2.827304811704254,long,2h_wick_r75_v2p0_then_macd2h_12h,2022-12-05 03:25:00,2h_wick_r75_v2p0_then_macd2h_12h_armATR2p5
338512,0.00535071963238849,2.43572998046875,338497,1279.2858059999999,0.005951910014391437,3.1260419098404713,long,2h_wick_r75_v2p0_then_macd2h_12h,2022-12-13 11:15:00,2h_wick_r75_v2p0_then_macd2h_12h_armATR2p5
338975,0.007711589433162924,2.7221243381500244,338974,1294.301088,0.008313211751049598,3.920132468031191,short,2h_wick_r75_v2p0_then_macd2h_12h,2022-12-15 01:50:00,2h_wick_r75_v2p0_then_macd2h_12h_armATR2p5
340449,0.006072788714475319,2.0635898113250732,340449,1200.1599840000001,0.006674123539182952,3.881593113147111,long,2h_wick_r75_v2p0_then_macd2h_12h,2022-12-20 04:40:00,2h_wick_r75_v2p0_then_macd2h_12h_armATR2p5
341149,0.008850613557574062,2.9471261501312256,341144,1199.290094,0.009452463680285517,3.8105236857607774,short,2h_wick_r75_v2p0_then_macd2h_12h,2022-12-22 15:00:00,2h_wick_r75_v2p0_then_macd2h_12h_armATR2p5
345493,0.005203970253713619,2.6999948024749756,345478,1258.931736,0.005805131279969622,2.7067696550011204,long,2h_wick_r75_v2p0_then_macd2h_12h,2023-01-06 17:00:00,2h_wick_r75_v2p0_then_macd2h_12h_armATR2p5
356616,0.006226646165608152,3.5378506183624268,356059,1548.099558,0.00682801176796155,2.9878146762717046,long,2h_wick_r75_v2p0_then_macd2h_12h,2023-02-14 15:05:00,2h_wick_r75_v2p0_then_macd2h_12h_armATR2p5
363281,0.017058142672663656,5.3571343421936035,363060,1532.313476,0.01766163430119816,4.964123410261668,short,2h_wick_r75_v2p0_then_macd2h_12h,2023-03-09 18:30:00,2h_wick_r75_v2p0_then_macd2h_12h_armATR2p5
364219,0.022437893760636828,5.87286376953125,364213,1576.855308,0.02304250226108895,6.186878059134723,long,2h_wick_r75_v2p0_then_macd2h_12h,2023-03-13 00:40:00,2h_wick_r75_v2p0_then_macd2h_12h_armATR2p5
386390,0.0052452884432540705,3.5685861110687256,386388,1910.2219679999998,0.005846457734800969,3.129539725932422,long,2h_wick_r75_v2p0_then_macd2h_12h,2023-05-29 00:15:00,2h_wick_r75_v2p0_then_macd2h_12h_armATR2p5
392633,0.0075105724522543495,3.1628592014312744,392436,1721.8555600000002,0.008112154566744856,4.38070717587751,short,2h_wick_r75_v2p0_then_macd2h_12h,2023-06-19 16:30:00,2h_wick_r75_v2p0_then_macd2h_12h_armATR2p5
393304,0.005826081562490826,3.845703125,393300,1889.1477539999998,0.006427367035897857,3.1573539624175004,long,2h_wick_r75_v2p0_then_macd2h_12h,2023-06-22 00:25:00,2h_wick_r75_v2p0_then_macd2h_12h_armATR2p5
409923,0.024295557047458293,14.259294509887695,409716,1687.652402,0.024900496158867913,2.8754860187204856,short,2h_wick_r75_v2p0_then_macd2h_12h,2023-08-18 17:20:00,2h_wick_r75_v2p0_then_macd2h_12h_armATR2p5
415402,0.003468622409753941,2.1414358615875244,415082,1641.9183179999998,0.004069436297013285,3.1201877767409587,long,2h_wick_r75_v2p0_then_macd2h_12h,2023-09-06 17:55:00,2h_wick_r75_v2p0_then_macd2h_12h_armATR2p5
417501,0.00511279603411281,2.1871249675750732,417501,1623.294594,0.005713938821877207,4.240912676463969,long,2h_wick_r75_v2p0_then_macd2h_12h,2023-09-14 00:50:00,2h_wick_r75_v2p0_then_macd2h_12h_armATR2p5
418649,0.0026915358258365442,1.9957101345062256,417955,1614.2970759999998,0.003292154133001768,2.6542311473055804,short,2h_wick_r75_v2p0_then_macd2h_12h,2023-09-18 00:30:00,2h_wick_r75_v2p0_then_macd2h_12h_armATR2p5
420526,0.00032849489505566465,0.40142822265625,420483,1594.838904,0.0009286806311816775,3.689566194921646,long,2h_wick_r75_v2p0_then_macd2h_12h,2023-09-24 12:55:00,2h_wick_r75_v2p0_then_macd2h_12h_armATR2p5
423257,0.007264271173986048,4.150015830993652,422900,1652.8293680000002,0.00786580402822068,3.108269588675655,short,2h_wick_r75_v2p0_then_macd2h_12h,2023-10-04 00:30:00,2h_wick_r75_v2p0_then_macd2h_12h_armATR2p5
424527,0.0007389679696920397,0.6300048828125,424516,1626.07472,0.0013391957632860052,3.4519097539236254,short,2h_wick_r75_v2p0_then_macd2h_12h,2023-10-08 10:20:00,2h_wick_r75_v2p0_then_macd2h_12h_armATR2p5
426095,0.008446771089723538,2.1064016819000244,426094,1555.921122,0.009048580805884887,6.6838524299413535,long,2h_wick_r75_v2p0_then_macd2h_12h,2023-10-13 21:00:00,2h_wick_r75_v2p0_then_macd2h_12h_armATR2p5
427160,0.003175406817853732,1.9585832357406616,427152,1572.455446,0.0037761218992173884,3.020267860999524,short,2h_wick_r75_v2p0_then_macd2h_12h,2023-10-17 13:45:00,2h_wick_r75_v2p0_then_macd2h_12h_armATR2p5
427892,0.0022739589248485627,1.5607038736343384,427888,1577.495436,0.002874533831614956,2.9054608478933406,long,2h_wick_r75_v2p0_then_macd2h_12h,2023-10-20 02:45:00,2h_wick_r75_v2p0_then_macd2h_12h_armATR2p5
457254,0.004006452766981594,2.622105121612549,457236,2311.052118,0.004607374241829998,4.060814309935634,long,2h_wick_r75_v2p0_then_macd2h_12h,2024-01-30 01:35:00,2h_wick_r75_v2p0_then_macd2h_12h_armATR2p5
459544,0.0027447014765642043,2.9450161457061768,459540,2377.7754600000003,0.003345370550674076,2.701017449971341,long,2h_wick_r75_v2p0_then_macd2h_12h,2024-02-07 00:25:00,2h_wick_r75_v2p0_then_macd2h_12h_armATR2p5
476835,0.007649299263536147,8.854265213012695,476820,3359.401746,0.008250949453426859,3.1304973742218247,long,2h_wick_r75_v2p0_then_macd2h_12h,2024-04-07 01:20:00,2h_wick_r75_v2p0_then_macd2h_12h_armATR2p5
502486,0.01569348130373922,12.714320182800293,502452,3048.8901,0.016296700000000053,3.8452783394693597,short,2h_wick_r75_v2p0_then_macd2h_12h,2024-07-05 02:55:00,2h_wick_r75_v2p0_then_macd2h_12h_armATR2p5
505922,0.004907150174491237,6.034981727600098,505620,3487.957452,0.005508251824856147,3.1835304342570283,long,2h_wick_r75_v2p0_then_macd2h_12h,2024-07-17 01:15:00,2h_wick_r75_v2p0_then_macd2h_12h_armATR2p5
510813,0.008417302981225073,8.375017166137695,510804,2991.741532,0.009019066441821266,3.1930122015895988,short,2h_wick_r75_v2p0_then_macd2h_12h,2024-08-03 00:50:00,2h_wick_r75_v2p0_then_macd2h_12h_armATR2p5
514098,0.007295560034285176,6.4999823570251465,514048,2738.0174939999997,0.007897139462177627,3.326548413878488,long,2h_wick_r75_v2p0_then_macd2h_12h,2024-08-14 10:35:00,2h_wick_r75_v2p0_then_macd2h_12h_armATR2p5
516626,0.0037334905866290404,2.1085903644561768,516626,2653.100514,0.004334357458120719,5.453636796336931,long,2h_wick_r75_v2p0_then_macd2h_12h,2024-08-23 05:15:00,2h_wick_r75_v2p0_then_macd2h_12h_armATR2p5
517581,0.0039905719934673735,4.560756206512451,517456,2733.4631980000004,0.004591450107866102,2.7392821353093013,short,2h_wick_r75_v2p0_then_macd2h_12h,2024-08-26 12:50:00,2h_wick_r75_v2p0_then_macd2h_12h_armATR2p5
518432,0.0056539831522734564,3.9771206378936768,518370,2556.081114,0.006255234199113113,4.0202164972466035,long,2h_wick_r75_v2p0_then_macd2h_12h,2024-08-29 11:45:00,2h_wick_r75_v2p0_then_macd2h_12h_armATR2p5
519220,0.0031338914810836284,3.44140625,519181,2484.223056,0.003734598259379718,2.6858369307604404,short,2h_wick_r75_v2p0_then_macd2h_12h,2024-09-01 05:25:00,2h_wick_r75_v2p0_then_macd2h_12h_armATR2p5
521568,0.006521481348042713,5.931344032287598,521440,2316.0331140000003,0.007122905929228374,2.781306548768407,long,2h_wick_r75_v2p0_then_macd2h_12h,2024-09-09 09:05:00,2h_wick_r75_v2p0_then_macd2h_12h_armATR2p5
522201,0.005317509082179939,3.9657156467437744,522161,2314.3170440000004,0.0059186525839964865,3.4336914728572148,short,2h_wick_r75_v2p0_then_macd2h_12h,2024-09-11 13:50:00,2h_wick_r75_v2p0_then_macd2h_12h_armATR2p5
523943,0.006584124316794737,6.368599891662598,523935,2345.1289319999996,0.007185561429080778,2.645961166764588,long,2h_wick_r75_v2p0_then_macd2h_12h,2024-09-17 15:00:00,2h_wick_r75_v2p0_then_macd2h_12h_armATR2p5
525467,0.004556072732179795,4.33642578125,525467,2549.4100160000003,0.005157063946726215,3.0163126638892805,short,2h_wick_r75_v2p0_then_macd2h_12h,2024-09-22 22:00:00,2h_wick_r75_v2p0_then_macd2h_12h_armATR2p5
526544,0.00521482647090572,5.5864434242248535,526527,2637.987492,0.00581598966883945,2.74638206009015,long,2h_wick_r75_v2p0_then_macd2h_12h,2024-09-26 15:45:00,2h_wick_r75_v2p0_then_macd2h_12h_armATR2p5
527319,0.002461219976212137,2.9778878688812256,527308,2644.1310679999997,0.0030617922202074155,2.7103330801478407,short,2h_wick_r75_v2p0_then_macd2h_12h,2024-09-29 08:20:00,2h_wick_r75_v2p0_then_macd2h_12h_armATR2p5
528850,0.007127618967493099,5.205723285675049,528850,2396.22915,0.007729164800453159,3.557786110330719,long,2h_wick_r75_v2p0_then_macd2h_12h,2024-10-04 15:55:00,2h_wick_r75_v2p0_then_macd2h_12h_armATR2p5
530348,0.00799096861308053,6.307181358337402,529800,2412.987306,0.008592646806803161,3.2593491184181107,short,2h_wick_r75_v2p0_then_macd2h_12h,2024-10-09 20:45:00,2h_wick_r75_v2p0_then_macd2h_12h_armATR2p5
530837,0.004302989594457474,2.003574848175049,530796,2419.7038439999997,0.004903970388535184,5.922491995149949,long,2h_wick_r75_v2p0_then_macd2h_12h,2024-10-11 13:30:00,2h_wick_r75_v2p0_then_macd2h_12h_armATR2p5
533849,0.005845643864145167,5.127127647399902,533849,2644.710952,0.0064468929929180074,3.304179877126936,short,2h_wick_r75_v2p0_then_macd2h_12h,2024-10-22 00:30:00,2h_wick_r75_v2p0_then_macd2h_12h_armATR2p5
535559,0.0026766454420312337,2.253574848175049,535544,2513.472594,0.0032773009022115662,3.655261775161746,long,2h_wick_r75_v2p0_then_macd2h_12h,2024-10-27 23:00:00,2h_wick_r75_v2p0_then_macd2h_12h_armATR2p5
536603,0.013581864692097058,4.424961566925049,536601,2609.557984,0.014184661065035353,8.248203616684272,short,2h_wick_r75_v2p0_then_macd2h_12h,2024-10-31 14:00:00,2h_wick_r75_v2p0_then_macd2h_12h_armATR2p5
538190,0.008784856466765368,8.712193489074707,538173,2485.7370479999995,0.009386733813527837,2.6781948804581446,long,2h_wick_r75_v2p0_then_macd2h_12h,2024-11-06 02:15:00,2h_wick_r75_v2p0_then_macd2h_12h_armATR2p5
552350,0.0044872559541954795,3.4300014972686768,552276,3488.8776359999997,0.005088273608917282,5.175614067264015,long,2h_wick_r75_v2p0_then_macd2h_12h,2024-12-25 06:15:00,2h_wick_r75_v2p0_then_macd2h_12h_armATR2p5
554890,0.0019458763545844974,2.785679340362549,554868,3455.500962,0.0025463856317109457,3.1586686495133134,long,2h_wick_r75_v2p0_then_macd2h_12h,2025-01-03 01:55:00,2h_wick_r75_v2p0_then_macd2h_12h_armATR2p5
559142,0.004359759028287291,6.6042656898498535,558612,3447.199302,0.004960751178523015,2.5893413140967945,long,2h_wick_r75_v2p0_then_macd2h_12h,2025-01-17 20:15:00,2h_wick_r75_v2p0_then_macd2h_12h_armATR2p5
562588,0.007873590884505744,9.642891883850098,562356,3085.752726,0.008475245602682424,2.689310044368754,short,2h_wick_r75_v2p0_then_macd2h_12h,2025-01-29 19:25:00,2h_wick_r75_v2p0_then_macd2h_12h_armATR2p5
563545,0.006596254461910212,8.849295616149902,563508,3119.955884,0.007197653712802676,2.5195094578273873,short,2h_wick_r75_v2p0_then_macd2h_12h,2025-02-02 03:10:00,2h_wick_r75_v2p0_then_macd2h_12h_armATR2p5
566968,0.0016522273229752752,1.9214390516281128,566964,2670.594012,0.00225267785854677,3.130980394565478,long,2h_wick_r75_v2p0_then_macd2h_12h,2025-02-14 00:25:00,2h_wick_r75_v2p0_then_macd2h_12h_armATR2p5
568328,0.007472205094975104,8.128592491149902,568315,2634.862922,0.008073779535993975,2.5961348195244907,short,2h_wick_r75_v2p0_then_macd2h_12h,2025-02-18 17:45:00,2h_wick_r75_v2p0_then_macd2h_12h_armATR2p5
569891,0.006960470215348469,7.674961566925049,569885,2737.1024700000003,0.007561942309391334,2.6765567255121256,short,2h_wick_r75_v2p0_then_macd2h_12h,2025-02-24 04:00:00,2h_wick_r75_v2p0_then_macd2h_12h_armATR2p5
571769,0.01662597886635959,12.414986610412598,571759,2263.9927079999998,0.01722942475130984,3.1419519991495077,long,2h_wick_r75_v2p0_then_macd2h_12h,2025-03-02 16:30:00,2h_wick_r75_v2p0_then_macd2h_12h_armATR2p5
573015,0.010475012288652953,7.246425151824951,573015,2162.987316,0.011077187291110624,3.2702077926013295,short,2h_wick_r75_v2p0_then_macd2h_12h,2025-03-07 00:20:00,2h_wick_r75_v2p0_then_macd2h_12h_armATR2p5
575574,0.008572203551652403,5.868565082550049,575212,1933.006524,0.009174038359324399,3.021773764208548,long,2h_wick_r75_v2p0_then_macd2h_12h,2025-03-15 21:35:00,2h_wick_r75_v2p0_then_macd2h_12h_armATR2p5
575736,0.0023471793615709837,1.1657191514968872,575736,1898.630198,0.0029477287974433164,4.786914577867781,short,2h_wick_r75_v2p0_then_macd2h_12h,2025-03-16 11:05:00,2h_wick_r75_v2p0_then_macd2h_12h_armATR2p5
578650,0.0025567252230027206,2.4171142578125,578650,2034.403038,0.003157316568047408,2.649042336043603,short,2h_wick_r75_v2p0_then_macd2h_12h,2025-03-26 13:55:00,2h_wick_r75_v2p0_then_macd2h_12h_armATR2p5
580310,0.006117113894467297,2.0564138889312744,580291,1860.251976,0.006718457585984661,6.077581982533319,long,2h_wick_r75_v2p0_then_macd2h_12h,2025-04-01 08:15:00,2h_wick_r75_v2p0_then_macd2h_12h_armATR2p5
580766,0.010076662477737043,6.523594379425049,580765,1845.6308000000001,0.010678757810232531,2.9892723038550892,short,2h_wick_r75_v2p0_then_macd2h_12h,2025-04-02 22:15:00,2h_wick_r75_v2p0_then_macd2h_12h_armATR2p5
582730,0.024137164263321863,14.996424674987793,582726,1596.499236,0.02474211268585913,2.6340120966220932,long,2h_wick_r75_v2p0_then_macd2h_12h,2025-04-09 17:55:00,2h_wick_r75_v2p0_then_macd2h_12h_armATR2p5
584597,0.006469573542507279,4.230721473693848,583835,1575.8847600000001,0.007070947457215704,2.6153364311027434,short,2h_wick_r75_v2p0_then_macd2h_12h,2025-04-16 05:30:00,2h_wick_r75_v2p0_then_macd2h_12h_armATR2p5
587302,0.004672373640525374,2.8992831707000732,587270,1797.7894860000001,0.005273428326190599,3.269951033348237,long,2h_wick_r75_v2p0_then_macd2h_12h,2025-04-25 14:55:00,2h_wick_r75_v2p0_then_macd2h_12h_armATR2p5
587999,0.003995786211243813,2.301417827606201,587989,1779.8539580000001,0.004596665368485908,3.5386699026621233,short,2h_wick_r75_v2p0_then_macd2h_12h,2025-04-28 01:00:00,2h_wick_r75_v2p0_then_macd2h_12h_armATR2p5
590904,0.008888896924262158,4.708565711975098,590584,1839.897906,0.009490795083278991,3.7085802913590795,long,2h_wick_r75_v2p0_then_macd2h_12h,2025-05-08 03:05:00,2h_wick_r75_v2p0_then_macd2h_12h_armATR2p5
600233,0.0019421643907068912,2.201416015625,599778,2537.7074399999997,0.0025426729252919777,2.931095237884077,long,2h_wick_r75_v2p0_then_macd2h_12h,2025-06-09 12:30:00,2h_wick_r75_v2p0_then_macd2h_12h_armATR2p5
603797,0.012369088823929798,10.4564208984375,603796,2310.547798,0.012971642641694814,2.8296295919401366,short,2h_wick_r75_v2p0_then_macd2h_12h,2025-06-21 21:30:00,2h_wick_r75_v2p0_then_macd2h_12h_armATR2p5
604358,0.014078649973761249,10.114240646362305,604284,2309.571822,0.014681586291019455,3.3525184129562486,long,2h_wick_r75_v2p0_then_macd2h_12h,2025-06-23 20:15:00,2h_wick_r75_v2p0_then_macd2h_12h_armATR2p5
605984,0.0019368135498995635,1.7849992513656616,605958,2454.9909,0.0025373210141024227,3.4896933403385333,long,2h_wick_r75_v2p0_then_macd2h_12h,2025-06-29 11:45:00,2h_wick_r75_v2p0_then_macd2h_12h_armATR2p5
608021,0.0019838552697648117,2.1328647136688232,608021,2535.617022,0.002584372144193603,3.07238333402222,long,2h_wick_r75_v2p0_then_macd2h_12h,2025-07-06 13:30:00,2h_wick_r75_v2p0_then_macd2h_12h_armATR2p5
632628,0.0018149005870124583,3.232142925262451,632628,4209.771786,0.002415383663745052,3.1459666961273656,long,2h_wick_r75_v2p0_then_macd2h_12h,2025-09-30 00:05:00,2h_wick_r75_v2p0_then_macd2h_12h_armATR2p5
640409,0.007001839054324455,11.617117881774902,640404,4153.360506,0.007603359726269687,2.7183587462379086,long,2h_wick_r75_v2p0_then_macd2h_12h,2025-10-27 00:30:00,2h_wick_r75_v2p0_then_macd2h_12h_armATR2p5
642711,0.005973043772460285,9.234322547912598,642708,3602.5093540000003,0.006574318381214805,2.5480325035125624,short,2h_wick_r75_v2p0_then_macd2h_12h,2025-11-04 00:20:00,2h_wick_r75_v2p0_then_macd2h_12h_armATR2p5
649063,0.008438503031555201,8.667149543762207,649044,2955.54099,0.00904031109377379,3.082790929715764,long,2h_wick_r75_v2p0_then_macd2h_12h,2025-11-26 01:40:00,2h_wick_r75_v2p0_then_macd2h_12h_armATR2p5
650120,0.0023734135712540462,2.3214111328125,650032,2988.7621280000003,0.002973968253968229,3.81756073912824,short,2h_wick_r75_v2p0_then_macd2h_12h,2025-11-29 17:45:00,2h_wick_r75_v2p0_then_macd2h_12h_armATR2p5
650948,0.015966121753616846,5.8271484375,650941,2859.97188,0.016569435640744867,8.132300130718967,long,2h_wick_r75_v2p0_then_macd2h_12h,2025-12-02 14:45:00,2h_wick_r75_v2p0_then_macd2h_12h_armATR2p5
651835,0.015848754560505007,17.577131271362305,651829,3064.856906,0.016452004311416912,2.82224131083452,short,2h_wick_r75_v2p0_then_macd2h_12h,2025-12-05 16:40:00,2h_wick_r75_v2p0_then_macd2h_12h_armATR2p5
652421,0.014093514790929974,9.698573112487793,652419,3079.935864,0.014696454081746246,4.667092310900673,long,2h_wick_r75_v2p0_then_macd2h_12h,2025-12-07 17:30:00,2h_wick_r75_v2p0_then_macd2h_12h_armATR2p5
653372,0.006221358316268422,8.445748329162598,653371,3282.453378,0.006822682587931395,2.633677577532738,short,2h_wick_r75_v2p0_then_macd2h_12h,2025-12-11 00:45:00,2h_wick_r75_v2p0_then_macd2h_12h_armATR2p5
654628,0.006005473298317865,8.235734939575195,654541,3127.77543,0.0066067946572494485,2.509134904366629,long,2h_wick_r75_v2p0_then_macd2h_12h,2025-12-15 09:25:00,2h_wick_r75_v2p0_then_macd2h_12h_armATR2p5
657711,0.0043728945572032,4.0871758460998535,657584,2966.84325,0.004973889335070147,3.6105003933416495,long,2h_wick_r75_v2p0_then_macd2h_12h,2025-12-26 02:20:00,2h_wick_r75_v2p0_then_macd2h_12h_armATR2p5
661322,0.00790108768255733,10.308524131774902,661320,3175.724728,0.008502747900093865,2.5973386352630383,short,2h_wick_r75_v2p0_then_macd2h_12h,2026-01-07 15:15:00,2h_wick_r75_v2p0_then_macd2h_12h_armATR2p5
662422,0.000535454306209671,0.7907366156578064,662399,3107.1213,0.0011356814424980932,4.462547870082893,long,2h_wick_r75_v2p0_then_macd2h_12h,2026-01-11 10:55:00,2h_wick_r75_v2p0_then_macd2h_12h_armATR2p5
663920,0.010884276482139478,7.815743446350098,663918,3287.4323820000004,0.011486533337435878,4.776561853170154,short,2h_wick_r75_v2p0_then_macd2h_12h,2026-01-16 15:45:00,2h_wick_r75_v2p0_then_macd2h_12h_armATR2p5
664528,0.005473645548270634,3.5407192707061768,664479,3341.928252,0.0060748605203748696,5.733792048402298,long,2h_wick_r75_v2p0_then_macd2h_12h,2026-01-18 18:25:00,2h_wick_r75_v2p0_then_macd2h_12h_armATR2p5
667098,0.009629083293587649,8.605730056762695,667093,2966.133108,0.010231129519491455,3.526358809750526,long,2h_wick_r75_v2p0_then_macd2h_12h,2026-01-27 16:35:00,2h_wick_r75_v2p0_then_macd2h_12h_armATR2p5
667611,0.003981025459342824,5.119315147399902,667528,2940.531776,0.004581901664434618,2.6198379302379444,short,2h_wick_r75_v2p0_then_macd2h_12h,2026-01-29 11:20:00,2h_wick_r75_v2p0_then_macd2h_12h_armATR2p5
670119,0.009407489270038828,7.299996376037598,670116,2093.158548,0.010009491168272655,2.870063342602999,long,2h_wick_r75_v2p0_then_macd2h_12h,2026-02-07 04:20:00,2h_wick_r75_v2p0_then_macd2h_12h_armATR2p5
670766,0.011465715567199287,7.252144813537598,670665,2055.38884,0.012068088710312841,3.3795298673916783,short,2h_wick_r75_v2p0_then_macd2h_12h,2026-02-09 10:15:00,2h_wick_r75_v2p0_then_macd2h_12h_armATR2p5
671980,0.013047805517930123,9.585693359375,671977,2012.20236,0.013650535625055138,2.86548285765225,long,2h_wick_r75_v2p0_then_macd2h_12h,2026-02-13 15:25:00,2h_wick_r75_v2p0_then_macd2h_12h_armATR2p5
672526,0.0068195361290718905,4.192147254943848,672526,2026.074704,0.007420980036297653,3.5601573829256936,short,2h_wick_r75_v2p0_then_macd2h_12h,2026-02-15 12:55:00,2h_wick_r75_v2p0_then_macd2h_12h_armATR2p5
673335,0.004524859692001293,2.36572265625,673329,2022.214362,0.005125884868975028,4.381594762435496,long,2h_wick_r75_v2p0_then_macd2h_12h,2026-02-18 08:20:00,2h_wick_r75_v2p0_then_macd2h_12h_armATR2p5
674597,0.006814940673621939,2.961452007293701,674551,1951.90954,0.007416383661756676,4.852194114444431,short,2h_wick_r75_v2p0_then_macd2h_12h,2026-02-22 17:30:00,2h_wick_r75_v2p0_then_macd2h_12h_armATR2p5
675276,0.014561903940563293,7.2735772132873535,675266,1904.340792,0.015164936927948736,3.9704270887842634,long,2h_wick_r75_v2p0_then_macd2h_12h,2026-02-25 02:05:00,2h_wick_r75_v2p0_then_macd2h_12h_armATR2p5
675990,0.009878483055024435,6.615016460418701,675963,1969.376046,0.01048053875163557,3.087829958129411,short,2h_wick_r75_v2p0_then_macd2h_12h,2026-02-27 13:35:00,2h_wick_r75_v2p0_then_macd2h_12h_armATR2p5
676426,0.009684042389776338,7.266427040100098,676425,1989.307782,0.010286099609698285,2.8159944202395817,long,2h_wick_r75_v2p0_then_macd2h_12h,2026-03-01 01:55:00,2h_wick_r75_v2p0_then_macd2h_12h_armATR2p5
677988,0.005770686375633449,4.354282855987549,677958,2051.559606,0.006371920512908469,2.9831791892292747,short,2h_wick_r75_v2p0_then_macd2h_12h,2026-03-06 12:05:00,2h_wick_r75_v2p0_then_macd2h_12h_armATR2p5
678746,0.01054472674064928,6.7407050132751465,678745,1982.0363280000001,0.011146956131875774,3.277650031634478,long,2h_wick_r75_v2p0_then_macd2h_12h,2026-03-09 03:15:00,2h_wick_r75_v2p0_then_macd2h_12h_armATR2p5
680706,0.00741771860406022,3.6635916233062744,680700,2147.389392,0.00801932246855408,4.700471496454355,long,2h_wick_r75_v2p0_then_macd2h_12h,2026-03-15 22:35:00,2h_wick_r75_v2p0_then_macd2h_12h_armATR2p5
681437,0.006278760015343732,4.3600029945373535,681437,2292.011506,0.006880095767346717,3.5920860649917477,short,2h_wick_r75_v2p0_then_macd2h_12h,2026-03-18 11:30:00,2h_wick_r75_v2p0_then_macd2h_12h_armATR2p5
683671,0.00427366792677093,2.4456787109375,683665,2140.17188,0.004874602660356109,4.2449893166957455,short,2h_wick_r75_v2p0_then_macd2h_12h,2026-03-26 05:40:00,2h_wick_r75_v2p0_then_macd2h_12h_armATR2p5
684816,0.008217147882321153,5.618556499481201,684789,2039.05773,0.008818911664653983,3.2005142249010747,long,2h_wick_r75_v2p0_then_macd2h_12h,2026-03-30 05:05:00,2h_wick_r75_v2p0_then_macd2h_12h_armATR2p5
685674,0.01745402084447951,12.677839279174805,685646,2081.13369,0.018057591648648508,2.9116704500771036,short,2h_wick_r75_v2p0_then_macd2h_12h,2026-04-02 04:35:00,2h_wick_r75_v2p0_then_macd2h_12h_armATR2p5
686762,0.01113025430689958,5.220005512237549,686759,2086.727262,0.011732600827064843,4.690174740736175,long,2h_wick_r75_v2p0_then_macd2h_12h,2026-04-05 23:15:00,2h_wick_r75_v2p0_then_macd2h_12h_armATR2p5
687204,0.006455288476166121,4.485682964324951,687192,2089.562004,0.007056659533861476,3.2641638110515205,short,2h_wick_r75_v2p0_then_macd2h_12h,2026-04-07 12:05:00,2h_wick_r75_v2p0_then_macd2h_12h_armATR2p5
688433,0.003498258389616993,3.0850131511688232,688412,2265.623034,0.0040990782052579,3.0103489174693143,long,2h_wick_r75_v2p0_then_macd2h_12h,2026-04-11 18:30:00,2h_wick_r75_v2p0_then_macd2h_12h_armATR2p5
690763,0.008867298761040266,6.1207098960876465,689818,2298.450218,0.009469152220792365,3.5225028413422033,short,2h_wick_r75_v2p0_then_macd2h_12h,2026-04-19 20:40:00,2h_wick_r75_v2p0_then_macd2h_12h_armATR2p5
691411,0.007004227714312261,4.9671454429626465,691407,2345.71905,0.007605748864084827,3.5917913427070065,long,2h_wick_r75_v2p0_then_macd2h_12h,2026-04-22 02:40:00,2h_wick_r75_v2p0_then_macd2h_12h_armATR2p5
693612,0.012430363971562787,2.627842426300049,693265,2263.2472599999996,0.013032930044357016,11.08029146214679,short,2h_wick_r75_v2p0_then_macd2h_12h,2026-04-29 18:05:00,2h_wick_r75_v2p0_then_macd2h_12h_armATR2p5
694118,0.0027848345950413746,2.1257150173187256,694011,2287.00731,0.003385511697380661,3.6423932356493838,long,2h_wick_r75_v2p0_then_macd2h_12h,2026-05-01 12:15:00,2h_wick_r75_v2p0_then_macd2h_12h_armATR2p5
695710,0.0021137404059412114,1.9971400499343872,695708,2335.7927480000003,0.0027142431540223555,3.1659011596148328,short,2h_wick_r75_v2p0_then_macd2h_12h,2026-05-07 00:55:00,2h_wick_r75_v2p0_then_macd2h_12h_armATR2p5
696480,0.003170181489305213,1.8193185329437256,696325,2321.8942859999997,0.003770935676440379,4.812633874417406,long,2h_wick_r75_v2p0_then_macd2h_12h,2026-05-09 17:05:00,2h_wick_r75_v2p0_then_macd2h_12h_armATR2p5
697235,0.007197648530075052,5.3850274085998535,697026,2308.8981280000003,0.007799168059781092,3.3181127307661957,short,2h_wick_r75_v2p0_then_macd2h_12h,2026-05-12 08:00:00,2h_wick_r75_v2p0_then_macd2h_12h_armATR2p5
700252,0.004883986388902484,4.098598003387451,700245,2095.43083,0.005485043186180372,2.7889610033851375,short,2h_wick_r75_v2p0_then_macd2h_12h,2026-05-22 19:25:00,2h_wick_r75_v2p0_then_macd2h_12h_armATR2p5
702809,0.0025542246033193996,2.3514230251312256,702783,2006.018716,0.0031548154482399227,2.682935368317206,short,2h_wick_r75_v2p0_then_macd2h_12h,2026-05-31 16:30:00,2h_wick_r75_v2p0_then_macd2h_12h_armATR2p5
704730,0.006733942474966348,4.2978692054748535,704704,1609.741884,0.0073354095568776145,2.747434934724892,long,2h_wick_r75_v2p0_then_macd2h_12h,2026-06-07 08:35:00,2h_wick_r75_v2p0_then_macd2h_12h_armATR2p5
705396,0.012710264776259096,6.459987163543701,705375,1648.6702,0.013312886829214277,3.352978798818244,short,2h_wick_r75_v2p0_then_macd2h_12h,2026-06-09 16:05:00,2h_wick_r75_v2p0_then_macd2h_12h_armATR2p5
705991,0.0053771513750215496,2.530735492706299,705922,1667.1233579999998,0.005978347044430343,3.9382393097676283,long,2h_wick_r75_v2p0_then_macd2h_12h,2026-06-11 17:40:00,2h_wick_r75_v2p0_then_macd2h_12h_armATR2p5
2033,0.008902692269496094,0.5399987101554871,1982,173.114616,0.009504593188133681,3.04701468550954,long,2h_wick_r75_v2p0_then_macd2h_12h,2019-09-30 14:15:00,2h_wick_r75_v2p0_then_macd2h_12h_armATR3p0
2902,0.012842483569878117,0.3664289116859436,2899,172.275538,0.013445132066592258,6.237329880669667,short,2h_wick_r75_v2p0_then_macd2h_12h,2019-10-03 14:40:00,2h_wick_r75_v2p0_then_macd2h_12h_armATR3p0
4028,0.004992229512968249,0.3057141900062561,4027,176.065206,0.005593348182604707,3.2212897935155365,long,2h_wick_r75_v2p0_then_macd2h_12h,2019-10-07 12:30:00,2h_wick_r75_v2p0_then_macd2h_12h_armATR3p0
5224,0.024243865443566114,1.3600006103515625,5104,185.71285,0.024848794216654646,3.3109176317472393,short,2h_wick_r75_v2p0_then_macd2h_12h,2019-10-11 16:10:00,2h_wick_r75_v2p0_then_macd2h_12h_armATR3p0
6182,0.011768577023357275,0.6542870402336121,6094,185.347062,0.012371051233604158,3.5044832909747115,long,2h_wick_r75_v2p0_then_macd2h_12h,2019-10-15 00:00:00,2h_wick_r75_v2p0_then_macd2h_12h_armATR3p0
6619,0.008381186315078849,0.3221392035484314,6611,176.86462,0.008982942552342,4.888011091649939,short,2h_wick_r75_v2p0_then_macd2h_12h,2019-10-16 12:25:00,2h_wick_r75_v2p0_then_macd2h_12h_armATR3p0
8039,0.008596958584581938,0.4000004231929779,7835,175.555104,0.009198798344250969,4.037235728675443,long,2h_wick_r75_v2p0_then_macd2h_12h,2019-10-21 10:45:00,2h_wick_r75_v2p0_then_macd2h_12h_armATR3p0
8526,0.005836282853293584,0.26428550481796265,8379,171.305732,0.0064375301098642534,4.14601625902536,short,2h_wick_r75_v2p0_then_macd2h_12h,2019-10-23 03:20:00,2h_wick_r75_v2p0_then_macd2h_12h_armATR3p0
9195,0.005780805899167474,0.3271419107913971,9191,164.08281,0.006382082315630644,3.201026727106647,long,2h_wick_r75_v2p0_then_macd2h_12h,2019-10-25 11:05:00,2h_wick_r75_v2p0_then_macd2h_12h_armATR3p0
10907,0.01771222515914057,0.7121440172195435,10628,182.553482,0.018315847604172486,4.6106994099590155,short,2h_wick_r75_v2p0_then_macd2h_12h,2019-10-31 09:45:00,2h_wick_r75_v2p0_then_macd2h_12h_armATR3p0
11828,0.002188090187110703,0.16785867512226105,11781,181.153762,0.0027886078051480023,3.0011079238715315,short,2h_wick_r75_v2p0_then_macd2h_12h,2019-11-03 14:30:00,2h_wick_r75_v2p0_then_macd2h_12h_armATR3p0
12405,0.009634097668359055,0.2892870306968689,12405,188.767746,0.010236144897338484,6.679366148372977,long,2h_wick_r75_v2p0_then_macd2h_12h,2019-11-05 14:35:00,2h_wick_r75_v2p0_then_macd2h_12h_armATR3p0
12922,0.004167368652905967,0.22571346163749695,12871,188.04238400000003,0.004768282126636603,3.9536144345401003,short,2h_wick_r75_v2p0_then_macd2h_12h,2019-11-07 09:40:00,2h_wick_r75_v2p0_then_macd2h_12h_armATR3p0
13737,0.005716656331018877,0.27285656332969666,13737,187.177428,0.006317919915001857,4.334042713024654,long,2h_wick_r75_v2p0_then_macd2h_12h,2019-11-10 05:35:00,2h_wick_r75_v2p0_then_macd2h_12h_armATR3p0
15723,0.0015084982695549702,0.08071572333574295,15687,182.253542,0.0021088799692088323,4.751763152820109,short,2h_wick_r75_v2p0_then_macd2h_12h,2019-11-17 03:05:00,2h_wick_r75_v2p0_then_macd2h_12h_armATR3p0
30753,0.005290933532021658,0.25499942898750305,30663,143.62127,0.005892071718728076,3.299105426786024,short,2h_wick_r75_v2p0_then_macd2h_12h,2020-01-08 07:35:00,2h_wick_r75_v2p0_then_macd2h_12h_armATR3p0
48869,0.008533226657213523,0.5749980211257935,48807,201.029786,0.009135013302544959,3.164856109308027,short,2h_wick_r75_v2p0_then_macd2h_12h,2020-03-11 05:15:00,2h_wick_r75_v2p0_then_macd2h_12h_armATR3p0
57453,0.0015632007404666308,0.0678580179810524,57447,169.23384,0.0021636334671599755,5.395972515764439,long,2h_wick_r75_v2p0_then_macd2h_12h,2020-04-10 00:35:00,2h_wick_r75_v2p0_then_macd2h_12h_armATR3p0
57494,0.022128406818636214,0.5842841267585754,57493,163.63726599999998,0.02273291249999998,6.2251665472727975,short,2h_wick_r75_v2p0_then_macd2h_12h,2020-04-10 04:00:00,2h_wick_r75_v2p0_then_macd2h_12h_armATR3p0
58193,0.0015692437736491542,0.1135711669921875,58193,160.362066,0.0021696777091908537,3.0635768673922623,long,2h_wick_r75_v2p0_then_macd2h_12h,2020-04-12 14:15:00,2h_wick_r75_v2p0_then_macd2h_12h_armATR3p0
59174,0.015220160736064426,0.31428417563438416,59163,153.38931599999998,0.01582328476821182,7.602406310076329,short,2h_wick_r75_v2p0_then_macd2h_12h,2020-04-16 00:00:00,2h_wick_r75_v2p0_then_macd2h_12h_armATR3p0
60992,0.003140459641161231,0.16499873995780945,60992,175.075008,0.003741207882737907,3.9696787997743246,long,2h_wick_r75_v2p0_then_macd2h_12h,2020-04-22 07:30:00,2h_wick_r75_v2p0_then_macd2h_12h_armATR3p0
101760,0.006971928778220571,0.7314257025718689,101495,370.494084,0.0075734434669139095,3.836228327954225,long,2h_wick_r75_v2p0_then_macd2h_12h,2020-09-11 22:10:00,2h_wick_r75_v2p0_then_macd2h_12h_armATR3p0
109853,0.005467079335597491,0.7292851209640503,109847,365.333052,0.0060682929941964225,3.03989199322947,long,2h_wick_r75_v2p0_then_macd2h_12h,2020-10-10 00:35:00,2h_wick_r75_v2p0_then_macd2h_12h_armATR3p0
150991,0.010821567384966714,5.375,150989,1576.9353239999998,0.011423852155397762,3.351567627907021,long,2h_wick_r75_v2p0_then_macd2h_12h,2021-03-02 00:15:00,2h_wick_r75_v2p0_then_macd2h_12h_armATR3p0
184390,0.020180360229421667,10.523576736450195,184304,1804.359056,0.020784476301467514,3.491118744138403,short,2h_wick_r75_v2p0_then_macd2h_12h,2021-06-26 07:15:00,2h_wick_r75_v2p0_then_macd2h_12h_armATR3p0
189493,0.013314598000168277,5.4350152015686035,189488,1942.36145,0.01391734091976815,4.905496859016195,short,2h_wick_r75_v2p0_then_macd2h_12h,2021-07-14 00:30:00,2h_wick_r75_v2p0_then_macd2h_12h_armATR3p0
192945,0.01635670437402643,6.963553428649902,192656,2182.9765079999997,0.01696009639330498,5.316752772754756,long,2h_wick_r75_v2p0_then_macd2h_12h,2021-07-26 00:10:00,2h_wick_r75_v2p0_then_macd2h_12h_armATR3p0
212541,0.006862551242323889,7.374215126037598,212528,3305.06088,0.007464044051133989,3.345321444840399,long,2h_wick_r75_v2p0_then_macd2h_12h,2021-10-02 01:10:00,2h_wick_r75_v2p0_then_macd2h_12h_armATR3p0
231639,0.011197870593219373,16.516462326049805,231536,4354.9308120000005,0.011800230639347209,3.1113919546165794,long,2h_wick_r75_v2p0_then_macd2h_12h,2021-12-07 08:40:00,2h_wick_r75_v2p0_then_macd2h_12h_armATR3p0
240466,0.0051467252395982046,6.412178993225098,240464,3406.5785480000004,0.0057478345846460055,3.0361828670987077,short,2h_wick_r75_v2p0_then_macd2h_12h,2022-01-07 00:15:00,2h_wick_r75_v2p0_then_macd2h_12h_armATR3p0
246226,0.011237444164167344,9.597847938537598,246224,2465.162934,0.011839812126592575,3.0410010855461755,long,2h_wick_r75_v2p0_then_macd2h_12h,2022-01-27 00:15:00,2h_wick_r75_v2p0_then_macd2h_12h_armATR3p0
248599,0.009798267010357976,8.381417274475098,248591,2752.75044,0.010400347079773997,3.4158375680911663,long,2h_wick_r75_v2p0_then_macd2h_12h,2022-02-04 06:00:00,2h_wick_r75_v2p0_then_macd2h_12h_armATR3p0
249754,0.007658458369089472,8.390694618225098,249750,3195.0088739999997,0.008260110391167697,3.145285009262203,long,2h_wick_r75_v2p0_then_macd2h_12h,2022-02-08 06:15:00,2h_wick_r75_v2p0_then_macd2h_12h_armATR3p0
251714,0.017891330055734133,8.489954948425293,251580,2959.0816979999995,0.01849502906154643,6.4462417447988205,long,2h_wick_r75_v2p0_then_macd2h_12h,2022-02-15 01:35:00,2h_wick_r75_v2p0_then_macd2h_12h_armATR3p0
252431,0.007985085315961494,7.269984722137451,252179,3050.369804,0.008586762333024689,3.572195127304813,short,2h_wick_r75_v2p0_then_macd2h_12h,2022-02-17 13:20:00,2h_wick_r75_v2p0_then_macd2h_12h_armATR3p0
254087,0.010109321969212283,8.419276237487793,254066,2666.013096,0.010711464262064485,3.391847849444248,long,2h_wick_r75_v2p0_then_macd2h_12h,2022-02-23 07:50:00,2h_wick_r75_v2p0_then_macd2h_12h_armATR3p0
255384,0.0161967289943314,12.058610916137695,255380,2650.31983,0.01680004834013027,3.6314157828408766,short,2h_wick_r75_v2p0_then_macd2h_12h,2022-02-27 19:55:00,2h_wick_r75_v2p0_then_macd2h_12h_armATR3p0
258066,0.011858052859293934,9.232840538024902,258056,2632.596414,0.012460544968287746,3.5529245701688863,long,2h_wick_r75_v2p0_then_macd2h_12h,2022-03-09 03:25:00,2h_wick_r75_v2p0_then_macd2h_12h_armATR3p0
259467,0.011539786712774848,10.048566818237305,258628,2534.323034,0.012142174670117134,3.025608979861783,short,2h_wick_r75_v2p0_then_macd2h_12h,2022-03-14 00:10:00,2h_wick_r75_v2p0_then_macd2h_12h_armATR3p0
261369,0.007380159084157523,5.132864952087402,261337,2885.982688,0.007981715115974453,4.452228572798579,short,2h_wick_r75_v2p0_then_macd2h_12h,2022-03-20 14:40:00,2h_wick_r75_v2p0_then_macd2h_12h_armATR3p0
261808,0.016433052059530117,12.202863693237305,261799,2964.072696,0.017036459351400524,4.1381519346139255,long,2h_wick_r75_v2p0_then_macd2h_12h,2022-03-22 03:15:00,2h_wick_r75_v2p0_then_macd2h_12h_armATR3p0
266761,0.005815192847109918,6.5513739585876465,266698,3272.1543,0.006416476142338423,3.204778132452421,long,2h_wick_r75_v2p0_then_macd2h_12h,2022-04-08 08:00:00,2h_wick_r75_v2p0_then_macd2h_12h_armATR3p0
267829,0.007288977925985885,7.342825889587402,267818,2984.2630280000003,0.007890515721571179,3.1817488731593766,short,2h_wick_r75_v2p0_then_macd2h_12h,2022-04-12 01:00:00,2h_wick_r75_v2p0_then_macd2h_12h_armATR3p0
269542,0.008366453661485097,8.192818641662598,269538,3012.587362,0.00896820695221745,3.2683943305946586,short,2h_wick_r75_v2p0_then_macd2h_12h,2022-04-17 23:45:00,2h_wick_r75_v2p0_then_macd2h_12h_armATR3p0
270263,0.009252515509601001,9.051408767700195,270002,3118.02348,0.009854486406882357,3.394667149454928,long,2h_wick_r75_v2p0_then_macd2h_12h,2022-04-20 11:50:00,2h_wick_r75_v2p0_then_macd2h_12h_armATR3p0
271795,0.0076994683690442935,7.473580360412598,271787,2971.384158,0.008301128594763174,3.3004050014173663,long,2h_wick_r75_v2p0_then_macd2h_12h,2022-04-25 19:30:00,2h_wick_r75_v2p0_then_macd2h_12h_armATR3p0
272933,0.008540010235922947,8.485037803649902,272853,2837.23244,0.009141798237970011,3.0291485547588164,short,2h_wick_r75_v2p0_then_macd2h_12h,2022-04-29 18:20:00,2h_wick_r75_v2p0_then_macd2h_12h_armATR3p0
273649,0.010806978705066595,9.637137413024902,273570,2835.677022,0.011409260557177836,3.357114941234962,long,2h_wick_r75_v2p0_then_macd2h_12h,2022-05-02 06:00:00,2h_wick_r75_v2p0_then_macd2h_12h_armATR3p0
274631,0.010923694250531258,7.962855815887451,274101,2762.4773940000005,0.011525958989381246,3.9530282511453887,short,2h_wick_r75_v2p0_then_macd2h_12h,2022-05-05 15:50:00,2h_wick_r75_v2p0_then_macd2h_12h_armATR3p0
277563,0.016331625390101977,7.621425151824951,277466,2089.877892,0.01693501239258044,4.643765082640137,long,2h_wick_r75_v2p0_then_macd2h_12h,2022-05-15 20:10:00,2h_wick_r75_v2p0_then_macd2h_12h_armATR3p0
278361,0.014975392719029436,6.490714073181152,278340,2001.989522,0.015578467797573214,4.731301002286966,short,2h_wick_r75_v2p0_then_macd2h_12h,2022-05-18 14:40:00,2h_wick_r75_v2p0_then_macd2h_12h_armATR3p0
280022,0.016413767832383196,10.33001708984375,279862,1989.082104,0.017017130585949447,3.2218827626841358,short,2h_wick_r75_v2p0_then_macd2h_12h,2022-05-24 09:05:00,2h_wick_r75_v2p0_then_macd2h_12h_armATR3p0
281664,0.004818961327755345,3.2178518772125244,281661,1836.297186,0.005420045336822721,3.0929994231498465,long,2h_wick_r75_v2p0_then_macd2h_12h,2022-05-30 01:55:00,2h_wick_r75_v2p0_then_macd2h_12h_armATR3p0
282398,0.006568810574722983,4.3500189781188965,282267,1916.876548,0.007170204336837793,3.1371237846647726,short,2h_wick_r75_v2p0_then_macd2h_12h,2022-06-01 15:05:00,2h_wick_r75_v2p0_then_macd2h_12h_armATR3p0
283346,0.006903183119361733,3.097874164581299,283346,1796.319192,0.007504684056172994,4.3516318881280505,long,2h_wick_r75_v2p0_then_macd2h_12h,2022-06-04 22:05:00,2h_wick_r75_v2p0_then_macd2h_12h_armATR3p0
283966,0.016810680553108925,9.680009841918945,283952,1780.423844,0.017414122689219713,3.148121179384958,short,2h_wick_r75_v2p0_then_macd2h_12h,2022-06-07 01:45:00,2h_wick_r75_v2p0_then_macd2h_12h_armATR3p0
288974,0.027209552127951796,7.140006065368652,288796,1141.5282599999998,0.027815115150982006,4.447018631259489,long,2h_wick_r75_v2p0_then_macd2h_12h,2022-06-24 11:05:00,2h_wick_r75_v2p0_then_macd2h_12h_armATR3p0
290016,0.017499492560308427,5.250706195831299,289870,1192.91137,0.01810307245882048,4.039717555867126,short,2h_wick_r75_v2p0_then_macd2h_12h,2022-06-28 01:55:00,2h_wick_r75_v2p0_then_macd2h_12h_armATR3p0
291865,0.012793667093557738,3.721435546875,291864,1092.208398,0.013396346362830158,3.931709098733826,long,2h_wick_r75_v2p0_then_macd2h_12h,2022-07-04 12:00:00,2h_wick_r75_v2p0_then_macd2h_12h_armATR3p0
293585,0.01038147915530403,3.5906982421875,293479,1188.502252,0.010983635451135232,3.596028161958207,short,2h_wick_r75_v2p0_then_macd2h_12h,2022-07-10 11:20:00,2h_wick_r75_v2p0_then_macd2h_12h_armATR3p0
294600,0.013472159408298002,4.95001220703125,294463,1099.829922,0.01407497440317873,3.1272807727648337,long,2h_wick_r75_v2p0_then_macd2h_12h,2022-07-13 23:55:00,2h_wick_r75_v2p0_then_macd2h_12h_armATR3p0
297752,0.02080905243311455,7.85357666015625,297550,1606.881312,0.021413335100134656,4.381276135568454,long,2h_wick_r75_v2p0_then_macd2h_12h,2022-07-24 22:35:00,2h_wick_r75_v2p0_then_macd2h_12h_armATR3p0
299918,0.014070364545162485,6.627162456512451,299769,1670.405852,0.014673258618071339,3.6449765881719656,short,2h_wick_r75_v2p0_then_macd2h_12h,2022-08-01 11:05:00,2h_wick_r75_v2p0_then_macd2h_12h_armATR3p0
301072,0.009601120741530479,3.8128488063812256,300509,1681.2261780000001,0.010203161373805392,4.498951537572423,long,2h_wick_r75_v2p0_then_macd2h_12h,2022-08-05 11:15:00,2h_wick_r75_v2p0_then_macd2h_12h_armATR3p0
302256,0.014018629556821162,5.8042778968811035,302229,1711.05772,0.014621513282732312,4.248197697985759,short,2h_wick_r75_v2p0_then_macd2h_12h,2022-08-09 13:55:00,2h_wick_r75_v2p0_then_macd2h_12h_armATR3p0
302811,0.013907775257975442,7.3214287757873535,302683,1891.82829,0.014510677393454241,3.749501749000879,long,2h_wick_r75_v2p0_then_macd2h_12h,2022-08-11 12:10:00,2h_wick_r75_v2p0_then_macd2h_12h_armATR3p0
303732,0.008122920048348982,4.76141357421875,303731,1958.368248,0.00872462463235868,3.5573990236248587,short,2h_wick_r75_v2p0_then_macd2h_12h,2022-08-14 16:55:00,2h_wick_r75_v2p0_then_macd2h_12h_armATR3p0
304465,0.009788192183739232,4.6656928062438965,304463,1919.6938619999999,0.010390270237786714,4.275064567754479,long,2h_wick_r75_v2p0_then_macd2h_12h,2022-08-17 06:00:00,2h_wick_r75_v2p0_then_macd2h_12h_armATR3p0
305047,0.01464667247102276,7.469979286193848,304974,1821.865554,0.01524968180551678,3.6634042681453605,short,2h_wick_r75_v2p0_then_macd2h_12h,2022-08-19 06:30:00,2h_wick_r75_v2p0_then_macd2h_12h_armATR3p0
306401,0.014708933755819454,7.6235527992248535,305802,1643.248584,0.015311996155050522,3.3004842574919273,long,2h_wick_r75_v2p0_then_macd2h_12h,2022-08-23 23:20:00,2h_wick_r75_v2p0_then_macd2h_12h_armATR3p0
307117,0.006064370117642337,3.3350131511688232,307070,1653.579218,0.006665662991665711,3.283110891530547,short,2h_wick_r75_v2p0_then_macd2h_12h,2022-08-26 11:00:00,2h_wick_r75_v2p0_then_macd2h_12h_armATR3p0
308043,0.014933735070000021,7.596435546875,308019,1510.4720340000001,0.01553684243848763,3.0893391848304588,long,2h_wick_r75_v2p0_then_macd2h_12h,2022-08-29 16:10:00,2h_wick_r75_v2p0_then_macd2h_12h_armATR3p0
309865,0.00692947039077203,2.6028616428375244,309722,1574.194776,0.007530976586089144,4.5546885031798565,long,2h_wick_r75_v2p0_then_macd2h_12h,2022-09-05 00:00:00,2h_wick_r75_v2p0_then_macd2h_12h_armATR3p0
312173,0.013812379410928345,6.3071112632751465,312072,1707.098512,0.014415221886810548,3.8462159596346157,short,2h_wick_r75_v2p0_then_macd2h_12h,2022-09-13 00:20:00,2h_wick_r75_v2p0_then_macd2h_12h_armATR3p0
312748,0.010898081839570707,5.7278618812561035,312729,1631.57625,0.011500381915953817,3.2758733344116546,long,2h_wick_r75_v2p0_then_macd2h_12h,2022-09-15 00:15:00,2h_wick_r75_v2p0_then_macd2h_12h_armATR3p0
313803,0.0170939966234926,7.116428852081299,313231,1422.985346,0.01769749542281729,3.4772139951575296,short,2h_wick_r75_v2p0_then_macd2h_12h,2022-09-18 16:10:00,2h_wick_r75_v2p0_then_macd2h_12h_armATR3p0
315829,0.011446447896356028,3.527858257293701,315789,1303.549238,0.012048817185935201,4.399053722726729,short,2h_wick_r75_v2p0_then_macd2h_12h,2022-09-25 17:00:00,2h_wick_r75_v2p0_then_macd2h_12h_armATR3p0
317764,0.01375096525303472,2.3335483074188232,317554,1307.948358,0.01435379544608506,7.931422692711448,short,2h_wick_r75_v2p0_then_macd2h_12h,2022-10-02 10:15:00,2h_wick_r75_v2p0_then_macd2h_12h_armATR3p0
318281,0.011689098561583134,5.2778754234313965,318102,1316.0931659999999,0.012291556872957798,3.0650276299024077,long,2h_wick_r75_v2p0_then_macd2h_12h,2022-10-04 05:20:00,2h_wick_r75_v2p0_then_macd2h_12h_armATR3p0
319629,0.007107285898399107,2.602146625518799,318664,1324.864974,0.007708787355578783,3.894851235748259,short,2h_wick_r75_v2p0_then_macd2h_12h,2022-10-08 21:40:00,2h_wick_r75_v2p0_then_macd2h_12h_armATR3p0
321909,0.004357951228407275,1.3914445638656616,321908,1294.848918,0.00495894301701072,4.6146876179969745,long,2h_wick_r75_v2p0_then_macd2h_12h,2022-10-16 19:40:00,2h_wick_r75_v2p0_then_macd2h_12h_armATR3p0
322475,0.00974002555180249,3.933558940887451,322432,1305.068934,0.010342053556912756,3.3961443569944194,short,2h_wick_r75_v2p0_then_macd2h_12h,2022-10-18 18:50:00,2h_wick_r75_v2p0_then_macd2h_12h_armATR3p0
323581,0.006432932531756652,2.8721401691436768,322997,1309.0417559999999,0.007034339399636602,3.206056619007411,long,2h_wick_r75_v2p0_then_macd2h_12h,2022-10-22 15:00:00,2h_wick_r75_v2p0_then_macd2h_12h_armATR3p0
327317,0.03074773548791083,11.787833213806152,326789,1612.792494,0.03135400628916862,4.289805011897705,long,2h_wick_r75_v2p0_then_macd2h_12h,2022-11-04 14:20:00,2h_wick_r75_v2p0_then_macd2h_12h_armATR3p0
327939,0.003373451865620725,2.0114047527313232,327744,1618.366262,0.003974206555994009,3.1849691074363773,short,2h_wick_r75_v2p0_then_macd2h_12h,2022-11-06 18:10:00,2h_wick_r75_v2p0_then_macd2h_12h_armATR3p0
329845,0.013326655580008851,4.194998741149902,329822,1241.9215660000002,0.013929400911124823,4.06712064836604,short,2h_wick_r75_v2p0_then_macd2h_12h,2022-11-13 09:00:00,2h_wick_r75_v2p0_then_macd2h_12h_armATR3p0
331731,0.0027641557855266454,1.0542863607406616,331730,1217.463444,0.0033648287512770825,3.8856198396819197,long,2h_wick_r75_v2p0_then_macd2h_12h,2022-11-19 22:10:00,2h_wick_r75_v2p0_then_macd2h_12h_armATR3p0
332275,0.016045404514573657,4.319266319274902,332258,1100.37988,0.016648693595476605,4.171977059989472,short,2h_wick_r75_v2p0_then_macd2h_12h,2022-11-21 19:30:00,2h_wick_r75_v2p0_then_macd2h_12h_armATR3p0
334073,0.010308064542970242,3.79571533203125,334054,1193.541244,0.010910206155878788,3.3936275176638757,short,2h_wick_r75_v2p0_then_macd2h_12h,2022-11-28 01:20:00,2h_wick_r75_v2p0_then_macd2h_12h_armATR3p0
334641,0.03245479764723021,2.3435757160186768,334641,1230.2560019999999,0.03306140992921591,17.355529724082558,long,2h_wick_r75_v2p0_then_macd2h_12h,2022-11-30 00:40:00,2h_wick_r75_v2p0_then_macd2h_12h_armATR3p0
335747,0.0019063427180622931,0.9650093913078308,335631,1266.39667,0.0025068039866058545,3.2814913808335398,short,2h_wick_r75_v2p0_then_macd2h_12h,2022-12-03 20:50:00,2h_wick_r75_v2p0_then_macd2h_12h_armATR3p0
336132,0.009181256485928114,3.0143258571624756,336080,1288.167582,0.009783213128554014,4.18084128829495,long,2h_wick_r75_v2p0_then_macd2h_12h,2022-12-05 04:55:00,2h_wick_r75_v2p0_then_macd2h_12h_armATR3p0
338512,0.00535071963238849,2.43572998046875,338497,1279.2858059999999,0.005951910014391437,3.1260419098404713,long,2h_wick_r75_v2p0_then_macd2h_12h,2022-12-13 11:15:00,2h_wick_r75_v2p0_then_macd2h_12h_armATR3p0
338975,0.007711589433162924,2.7221243381500244,338974,1294.301088,0.008313211751049598,3.920132468031191,short,2h_wick_r75_v2p0_then_macd2h_12h,2022-12-15 01:50:00,2h_wick_r75_v2p0_then_macd2h_12h_armATR3p0
340449,0.006072788714475319,2.0635898113250732,340449,1200.1599840000001,0.006674123539182952,3.881593113147111,long,2h_wick_r75_v2p0_then_macd2h_12h,2022-12-20 04:40:00,2h_wick_r75_v2p0_then_macd2h_12h_armATR3p0
341149,0.008850613557574062,2.9471261501312256,341144,1199.290094,0.009452463680285517,3.8105236857607774,short,2h_wick_r75_v2p0_then_macd2h_12h,2022-12-22 15:00:00,2h_wick_r75_v2p0_then_macd2h_12h_armATR3p0
345506,0.0062522685547740766,2.6999948024749756,345478,1258.931736,0.006853639282630608,3.19565948500744,long,2h_wick_r75_v2p0_then_macd2h_12h,2023-01-06 18:05:00,2h_wick_r75_v2p0_then_macd2h_12h_armATR3p0
356617,0.008177034940281392,3.5378506183624268,356059,1548.099558,0.008778790698421135,3.841440316745427,long,2h_wick_r75_v2p0_then_macd2h_12h,2023-02-14 15:10:00,2h_wick_r75_v2p0_then_macd2h_12h_armATR3p0
363281,0.017058142672663656,5.3571343421936035,363060,1532.313476,0.01766163430119816,4.964123410261668,short,2h_wick_r75_v2p0_then_macd2h_12h,2023-03-09 18:30:00,2h_wick_r75_v2p0_then_macd2h_12h_armATR3p0
364219,0.022437893760636828,5.87286376953125,364213,1576.855308,0.02304250226108895,6.186878059134723,long,2h_wick_r75_v2p0_then_macd2h_12h,2023-03-13 00:40:00,2h_wick_r75_v2p0_then_macd2h_12h_armATR3p0
386390,0.0052452884432540705,3.5685861110687256,386388,1910.2219679999998,0.005846457734800969,3.129539725932422,long,2h_wick_r75_v2p0_then_macd2h_12h,2023-05-29 00:15:00,2h_wick_r75_v2p0_then_macd2h_12h_armATR3p0
392633,0.0075105724522543495,3.1628592014312744,392436,1721.8555600000002,0.008112154566744856,4.38070717587751,short,2h_wick_r75_v2p0_then_macd2h_12h,2023-06-19 16:30:00,2h_wick_r75_v2p0_then_macd2h_12h_armATR3p0
393304,0.005826081562490826,3.845703125,393300,1889.1477539999998,0.006427367035897857,3.1573539624175004,long,2h_wick_r75_v2p0_then_macd2h_12h,2023-06-22 00:25:00,2h_wick_r75_v2p0_then_macd2h_12h_armATR3p0
411061,0.02644071969632451,14.259294509887695,409716,1687.652402,0.027046087840263855,3.1167321755773125,short,2h_wick_r75_v2p0_then_macd2h_12h,2023-08-22 16:10:00,2h_wick_r75_v2p0_then_macd2h_12h_armATR3p0
415402,0.003468622409753941,2.1414358615875244,415082,1641.9183179999998,0.004069436297013285,3.1201877767409587,long,2h_wick_r75_v2p0_then_macd2h_12h,2023-09-06 17:55:00,2h_wick_r75_v2p0_then_macd2h_12h_armATR3p0
417501,0.00511279603411281,2.1871249675750732,417501,1623.294594,0.005713938821877207,4.240912676463969,long,2h_wick_r75_v2p0_then_macd2h_12h,2023-09-14 00:50:00,2h_wick_r75_v2p0_then_macd2h_12h_armATR3p0
420526,0.00032849489505566465,0.40142822265625,420483,1594.838904,0.0009286806311816775,3.689566194921646,long,2h_wick_r75_v2p0_then_macd2h_12h,2023-09-24 12:55:00,2h_wick_r75_v2p0_then_macd2h_12h_armATR3p0
423257,0.007264271173986048,4.150015830993652,422900,1652.8293680000002,0.00786580402822068,3.108269588675655,short,2h_wick_r75_v2p0_then_macd2h_12h,2023-10-04 00:30:00,2h_wick_r75_v2p0_then_macd2h_12h_armATR3p0
424527,0.0007389679696920397,0.6300048828125,424516,1626.07472,0.0013391957632860052,3.4519097539236254,short,2h_wick_r75_v2p0_then_macd2h_12h,2023-10-08 10:20:00,2h_wick_r75_v2p0_then_macd2h_12h_armATR3p0
426095,0.008446771089723538,2.1064016819000244,426094,1555.921122,0.009048580805884887,6.6838524299413535,long,2h_wick_r75_v2p0_then_macd2h_12h,2023-10-13 21:00:00,2h_wick_r75_v2p0_then_macd2h_12h_armATR3p0
427160,0.003175406817853732,1.9585832357406616,427152,1572.455446,0.0037761218992173884,3.020267860999524,short,2h_wick_r75_v2p0_then_macd2h_12h,2023-10-17 13:45:00,2h_wick_r75_v2p0_then_macd2h_12h_armATR3p0
427893,0.005766138917437891,1.5607038736343384,427888,1577.495436,0.006367412399917782,6.435919183444922,long,2h_wick_r75_v2p0_then_macd2h_12h,2023-10-20 02:50:00,2h_wick_r75_v2p0_then_macd2h_12h_armATR3p0
457254,0.004006452766981594,2.622105121612549,457236,2311.052118,0.004607374241829998,4.060814309935634,long,2h_wick_r75_v2p0_then_macd2h_12h,2024-01-30 01:35:00,2h_wick_r75_v2p0_then_macd2h_12h_armATR3p0
459553,0.003291321635559186,2.9450161457061768,459540,2377.7754600000003,0.00389210005557028,3.142441175914432,long,2h_wick_r75_v2p0_then_macd2h_12h,2024-02-07 01:10:00,2h_wick_r75_v2p0_then_macd2h_12h_armATR3p0
476835,0.007649299263536147,8.854265213012695,476820,3359.401746,0.008250949453426859,3.1304973742218247,long,2h_wick_r75_v2p0_then_macd2h_12h,2024-04-07 01:20:00,2h_wick_r75_v2p0_then_macd2h_12h_armATR3p0
502486,0.01569348130373922,12.714320182800293,502452,3048.8901,0.016296700000000053,3.8452783394693597,short,2h_wick_r75_v2p0_then_macd2h_12h,2024-07-05 02:55:00,2h_wick_r75_v2p0_then_macd2h_12h_armATR3p0
505922,0.004907150174491237,6.034981727600098,505620,3487.957452,0.005508251824856147,3.1835304342570283,long,2h_wick_r75_v2p0_then_macd2h_12h,2024-07-17 01:15:00,2h_wick_r75_v2p0_then_macd2h_12h_armATR3p0
510813,0.008417302981225073,8.375017166137695,510804,2991.741532,0.009019066441821266,3.1930122015895988,short,2h_wick_r75_v2p0_then_macd2h_12h,2024-08-03 00:50:00,2h_wick_r75_v2p0_then_macd2h_12h_armATR3p0
514098,0.007295560034285176,6.4999823570251465,514048,2738.0174939999997,0.007897139462177627,3.326548413878488,long,2h_wick_r75_v2p0_then_macd2h_12h,2024-08-14 10:35:00,2h_wick_r75_v2p0_then_macd2h_12h_armATR3p0
516626,0.0037334905866290404,2.1085903644561768,516626,2653.100514,0.004334357458120719,5.453636796336931,long,2h_wick_r75_v2p0_then_macd2h_12h,2024-08-23 05:15:00,2h_wick_r75_v2p0_then_macd2h_12h_armATR3p0
517593,0.004607397005503344,4.560756206512451,517456,2733.4631980000004,0.005208398484904286,3.1054494822100125,short,2h_wick_r75_v2p0_then_macd2h_12h,2024-08-26 13:50:00,2h_wick_r75_v2p0_then_macd2h_12h_armATR3p0
518432,0.0056539831522734564,3.9771206378936768,518370,2556.081114,0.006255234199113113,4.0202164972466035,long,2h_wick_r75_v2p0_then_macd2h_12h,2024-08-29 11:45:00,2h_wick_r75_v2p0_then_macd2h_12h_armATR3p0
519221,0.005792700951958452,3.44140625,519181,2484.223056,0.006393939492148837,4.58622285584556,short,2h_wick_r75_v2p0_then_macd2h_12h,2024-09-01 05:30:00,2h_wick_r75_v2p0_then_macd2h_12h_armATR3p0
521653,0.009064114251002132,5.931344032287598,521440,2316.0331140000003,0.009666047460493932,3.774336116424124,long,2h_wick_r75_v2p0_then_macd2h_12h,2024-09-09 16:10:00,2h_wick_r75_v2p0_then_macd2h_12h_armATR3p0
522201,0.005317509082179939,3.9657156467437744,522161,2314.3170440000004,0.0059186525839964865,3.4336914728572148,short,2h_wick_r75_v2p0_then_macd2h_12h,2024-09-11 13:50:00,2h_wick_r75_v2p0_then_macd2h_12h_armATR3p0
523945,0.00794411862520157,6.368599891662598,523935,2345.1289319999996,0.008545827790759741,3.1468561914585114,long,2h_wick_r75_v2p0_then_macd2h_12h,2024-09-17 15:10:00,2h_wick_r75_v2p0_then_macd2h_12h_armATR3p0
525467,0.004556072732179795,4.33642578125,525467,2549.4100160000003,0.005157063946726215,3.0163126638892805,short,2h_wick_r75_v2p0_then_macd2h_12h,2024-09-22 22:00:00,2h_wick_r75_v2p0_then_macd2h_12h_armATR3p0
526553,0.005851548216211322,5.5864434242248535,526527,2637.987492,0.006452838783967962,3.04711006759403,long,2h_wick_r75_v2p0_then_macd2h_12h,2024-09-26 16:30:00,2h_wick_r75_v2p0_then_macd2h_12h_armATR3p0
527513,0.004626782263586771,2.9778878688812256,527308,2644.1310679999997,0.0052277876200395035,4.617725248723274,short,2h_wick_r75_v2p0_then_macd2h_12h,2024-09-30 00:30:00,2h_wick_r75_v2p0_then_macd2h_12h_armATR3p0
528850,0.007127618967493099,5.205723285675049,528850,2396.22915,0.007729164800453159,3.557786110330719,long,2h_wick_r75_v2p0_then_macd2h_12h,2024-10-04 15:55:00,2h_wick_r75_v2p0_then_macd2h_12h_armATR3p0
530348,0.00799096861308053,6.307181358337402,529800,2412.987306,0.008592646806803161,3.2593491184181107,short,2h_wick_r75_v2p0_then_macd2h_12h,2024-10-09 20:45:00,2h_wick_r75_v2p0_then_macd2h_12h_armATR3p0
530837,0.004302989594457474,2.003574848175049,530796,2419.7038439999997,0.004903970388535184,5.922491995149949,long,2h_wick_r75_v2p0_then_macd2h_12h,2024-10-11 13:30:00,2h_wick_r75_v2p0_then_macd2h_12h_armATR3p0
533849,0.005845643864145167,5.127127647399902,533849,2644.710952,0.0064468929929180074,3.304179877126936,short,2h_wick_r75_v2p0_then_macd2h_12h,2024-10-22 00:30:00,2h_wick_r75_v2p0_then_macd2h_12h_armATR3p0
535559,0.0026766454420312337,2.253574848175049,535544,2513.472594,0.0032773009022115662,3.655261775161746,long,2h_wick_r75_v2p0_then_macd2h_12h,2024-10-27 23:00:00,2h_wick_r75_v2p0_then_macd2h_12h_armATR3p0
536603,0.013581864692097058,4.424961566925049,536601,2609.557984,0.014184661065035353,8.248203616684272,short,2h_wick_r75_v2p0_then_macd2h_12h,2024-10-31 14:00:00,2h_wick_r75_v2p0_then_macd2h_12h_armATR3p0
538191,0.016394758735076297,8.712193489074707,538173,2485.7370479999995,0.01699815836674956,4.849863820516206,long,2h_wick_r75_v2p0_then_macd2h_12h,2024-11-06 02:20:00,2h_wick_r75_v2p0_then_macd2h_12h_armATR3p0
552350,0.0044872559541954795,3.4300014972686768,552276,3488.8776359999997,0.005088273608917282,5.175614067264015,long,2h_wick_r75_v2p0_then_macd2h_12h,2024-12-25 06:15:00,2h_wick_r75_v2p0_then_macd2h_12h_armATR3p0
554890,0.0019458763545844974,2.785679340362549,554868,3455.500962,0.0025463856317109457,3.1586686495133134,long,2h_wick_r75_v2p0_then_macd2h_12h,2025-01-03 01:55:00,2h_wick_r75_v2p0_then_macd2h_12h_armATR3p0
559144,0.011419151267628004,6.6042656898498535,558612,3447.199302,0.012021555578743737,6.2748381040590795,long,2h_wick_r75_v2p0_then_macd2h_12h,2025-01-17 20:25:00,2h_wick_r75_v2p0_then_macd2h_12h_armATR3p0
563547,0.011394476623671502,8.849295616149902,563508,3119.955884,0.01199683551899633,4.179528586716121,short,2h_wick_r75_v2p0_then_macd2h_12h,2025-02-02 03:20:00,2h_wick_r75_v2p0_then_macd2h_12h_armATR3p0
566968,0.0016522273229752752,1.9214390516281128,566964,2670.594012,0.00225267785854677,3.130980394565478,long,2h_wick_r75_v2p0_then_macd2h_12h,2025-02-14 00:25:00,2h_wick_r75_v2p0_then_macd2h_12h_armATR3p0
569895,0.009052534358395993,7.674961566925049,569885,2737.1024700000003,0.009654424865267908,3.410110887432933,short,2h_wick_r75_v2p0_then_macd2h_12h,2025-02-24 04:20:00,2h_wick_r75_v2p0_then_macd2h_12h_armATR3p0
571769,0.01662597886635959,12.414986610412598,571759,2263.9927079999998,0.01722942475130984,3.1419519991495077,long,2h_wick_r75_v2p0_then_macd2h_12h,2025-03-02 16:30:00,2h_wick_r75_v2p0_then_macd2h_12h_armATR3p0
573015,0.010475012288652953,7.246425151824951,573015,2162.987316,0.011077187291110624,3.2702077926013295,short,2h_wick_r75_v2p0_then_macd2h_12h,2025-03-07 00:20:00,2h_wick_r75_v2p0_then_macd2h_12h_armATR3p0
575574,0.008572203551652403,5.868565082550049,575212,1933.006524,0.009174038359324399,3.021773764208548,long,2h_wick_r75_v2p0_then_macd2h_12h,2025-03-15 21:35:00,2h_wick_r75_v2p0_then_macd2h_12h_armATR3p0
575736,0.0023471793615709837,1.1657191514968872,575736,1898.630198,0.0029477287974433164,4.786914577867781,short,2h_wick_r75_v2p0_then_macd2h_12h,2025-03-16 11:05:00,2h_wick_r75_v2p0_then_macd2h_12h_armATR3p0
578654,0.004394885491826495,2.4171142578125,578650,2034.403038,0.0049958444689248704,4.183930473006398,short,2h_wick_r75_v2p0_then_macd2h_12h,2025-03-26 14:15:00,2h_wick_r75_v2p0_then_macd2h_12h_armATR3p0
580310,0.006117113894467297,2.0564138889312744,580291,1860.251976,0.006718457585984661,6.077581982533319,long,2h_wick_r75_v2p0_then_macd2h_12h,2025-04-01 08:15:00,2h_wick_r75_v2p0_then_macd2h_12h_armATR3p0
580767,0.013842310523247426,6.523594379425049,580765,1845.6308000000001,0.014445158985352036,4.028576651376118,short,2h_wick_r75_v2p0_then_macd2h_12h,2025-04-02 22:20:00,2h_wick_r75_v2p0_then_macd2h_12h_armATR3p0
582733,0.03771416042544225,14.996424674987793,582726,1596.499236,0.03832182479040025,4.079690014516727,long,2h_wick_r75_v2p0_then_macd2h_12h,2025-04-09 18:10:00,2h_wick_r75_v2p0_then_macd2h_12h_armATR3p0
584627,0.008804231405832709,4.230721473693848,583835,1575.8847600000001,0.009406072252113873,3.4709824533021827,short,2h_wick_r75_v2p0_then_macd2h_12h,2025-04-16 08:00:00,2h_wick_r75_v2p0_then_macd2h_12h_armATR3p0
587302,0.004672373640525374,2.8992831707000732,587270,1797.7894860000001,0.005273428326190599,3.269951033348237,long,2h_wick_r75_v2p0_then_macd2h_12h,2025-04-25 14:55:00,2h_wick_r75_v2p0_then_macd2h_12h_armATR3p0
587999,0.003995786211243813,2.301417827606201,587989,1779.8539580000001,0.004596665368485908,3.5386699026621233,short,2h_wick_r75_v2p0_then_macd2h_12h,2025-04-28 01:00:00,2h_wick_r75_v2p0_then_macd2h_12h_armATR3p0
590904,0.008888896924262158,4.708565711975098,590584,1839.897906,0.009490795083278991,3.7085802913590795,long,2h_wick_r75_v2p0_then_macd2h_12h,2025-05-08 03:05:00,2h_wick_r75_v2p0_then_macd2h_12h_armATR3p0
600234,0.0025804081750259835,2.201416015625,599778,2537.7074399999997,0.0031810443839028757,3.6669852234670217,long,2h_wick_r75_v2p0_then_macd2h_12h,2025-06-09 12:35:00,2h_wick_r75_v2p0_then_macd2h_12h_armATR3p0
603802,0.013685066217660814,10.4564208984375,603796,2310.547798,0.014287883230904352,3.1127092449830194,short,2h_wick_r75_v2p0_then_macd2h_12h,2025-06-21 21:55:00,2h_wick_r75_v2p0_then_macd2h_12h_armATR3p0
604358,0.014078649973761249,10.114240646362305,604284,2309.571822,0.014681586291019455,3.3525184129562486,long,2h_wick_r75_v2p0_then_macd2h_12h,2025-06-23 20:15:00,2h_wick_r75_v2p0_then_macd2h_12h_armATR3p0
605984,0.0019368135498995635,1.7849992513656616,605958,2454.9909,0.0025373210141024227,3.4896933403385333,long,2h_wick_r75_v2p0_then_macd2h_12h,2025-06-29 11:45:00,2h_wick_r75_v2p0_then_macd2h_12h_armATR3p0
608021,0.0019838552697648117,2.1328647136688232,608021,2535.617022,0.002584372144193603,3.07238333402222,long,2h_wick_r75_v2p0_then_macd2h_12h,2025-07-06 13:30:00,2h_wick_r75_v2p0_then_macd2h_12h_armATR3p0
632628,0.0018149005870124583,3.232142925262451,632628,4209.771786,0.002415383663745052,3.1459666961273656,long,2h_wick_r75_v2p0_then_macd2h_12h,2025-09-30 00:05:00,2h_wick_r75_v2p0_then_macd2h_12h_armATR3p0
640419,0.00821988598107022,11.617117881774902,640404,4153.360506,0.008821650311132467,3.1539228897281455,long,2h_wick_r75_v2p0_then_macd2h_12h,2025-10-27 01:20:00,2h_wick_r75_v2p0_then_macd2h_12h_armATR3p0
642712,0.008987969083443305,9.234322547912598,642708,3602.5093540000003,0.00958984667726015,3.7056702126714773,short,2h_wick_r75_v2p0_then_macd2h_12h,2025-11-04 00:25:00,2h_wick_r75_v2p0_then_macd2h_12h_armATR3p0
649063,0.008438503031555201,8.667149543762207,649044,2955.54099,0.00904031109377379,3.082790929715764,long,2h_wick_r75_v2p0_then_macd2h_12h,2025-11-26 01:40:00,2h_wick_r75_v2p0_then_macd2h_12h_armATR3p0
650120,0.0023734135712540462,2.3214111328125,650032,2988.7621280000003,0.002973968253968229,3.81756073912824,short,2h_wick_r75_v2p0_then_macd2h_12h,2025-11-29 17:45:00,2h_wick_r75_v2p0_then_macd2h_12h_armATR3p0
650948,0.015966121753616846,5.8271484375,650941,2859.97188,0.016569435640744867,8.132300130718967,long,2h_wick_r75_v2p0_then_macd2h_12h,2025-12-02 14:45:00,2h_wick_r75_v2p0_then_macd2h_12h_armATR3p0
651859,0.019237118353191817,17.577131271362305,651829,3064.856906,0.0198410457768623,3.3923002041378405,short,2h_wick_r75_v2p0_then_macd2h_12h,2025-12-05 18:40:00,2h_wick_r75_v2p0_then_macd2h_12h_armATR3p0
652421,0.014093514790929974,9.698573112487793,652419,3079.935864,0.014696454081746246,4.667092310900673,long,2h_wick_r75_v2p0_then_macd2h_12h,2025-12-07 17:30:00,2h_wick_r75_v2p0_then_macd2h_12h_armATR3p0
653377,0.007430058224451264,8.445748329162598,653371,3282.453378,0.008031624236096269,3.0966324096698608,short,2h_wick_r75_v2p0_then_macd2h_12h,2025-12-11 01:10:00,2h_wick_r75_v2p0_then_macd2h_12h_armATR3p0
654633,0.009396982131802246,8.235734939575195,654541,3127.77543,0.009998981928187822,3.797423087248265,long,2h_wick_r75_v2p0_then_macd2h_12h,2025-12-15 09:50:00,2h_wick_r75_v2p0_then_macd2h_12h_armATR3p0
657711,0.0043728945572032,4.0871758460998535,657584,2966.84325,0.004973889335070147,3.6105003933416495,long,2h_wick_r75_v2p0_then_macd2h_12h,2025-12-26 02:20:00,2h_wick_r75_v2p0_then_macd2h_12h_armATR3p0
661366,0.011519504494704248,10.308524131774902,661320,3175.724728,0.012121888395603131,3.6896385470702038,short,2h_wick_r75_v2p0_then_macd2h_12h,2026-01-07 18:55:00,2h_wick_r75_v2p0_then_macd2h_12h_armATR3p0
662422,0.000535454306209671,0.7907366156578064,662399,3107.1213,0.0011356814424980932,4.462547870082893,long,2h_wick_r75_v2p0_then_macd2h_12h,2026-01-11 10:55:00,2h_wick_r75_v2p0_then_macd2h_12h_armATR3p0
663920,0.010884276482139478,7.815743446350098,663918,3287.4323820000004,0.011486533337435878,4.776561853170154,short,2h_wick_r75_v2p0_then_macd2h_12h,2026-01-16 15:45:00,2h_wick_r75_v2p0_then_macd2h_12h_armATR3p0
664528,0.005473645548270634,3.5407192707061768,664479,3341.928252,0.0060748605203748696,5.733792048402298,long,2h_wick_r75_v2p0_then_macd2h_12h,2026-01-18 18:25:00,2h_wick_r75_v2p0_then_macd2h_12h_armATR3p0
667098,0.009629083293587649,8.605730056762695,667093,2966.133108,0.010231129519491455,3.526358809750526,long,2h_wick_r75_v2p0_then_macd2h_12h,2026-01-27 16:35:00,2h_wick_r75_v2p0_then_macd2h_12h_armATR3p0
667612,0.004839582319259028,5.119315147399902,667528,2940.531776,0.005440630235722832,3.1081845016088727,short,2h_wick_r75_v2p0_then_macd2h_12h,2026-01-29 11:25:00,2h_wick_r75_v2p0_then_macd2h_12h_armATR3p0
670457,0.013491408287147079,7.299996376037598,670116,2093.158548,0.014094227132573689,4.041296800754471,long,2h_wick_r75_v2p0_then_macd2h_12h,2026-02-08 08:30:00,2h_wick_r75_v2p0_then_macd2h_12h_armATR3p0
670766,0.011465715567199287,7.252144813537598,670665,2055.38884,0.012068088710312841,3.3795298673916783,short,2h_wick_r75_v2p0_then_macd2h_12h,2026-02-09 10:15:00,2h_wick_r75_v2p0_then_macd2h_12h_armATR3p0
671981,0.015969392390534586,9.585693359375,671977,2012.20236,0.016572706931921033,3.4788970134732398,long,2h_wick_r75_v2p0_then_macd2h_12h,2026-02-13 15:30:00,2h_wick_r75_v2p0_then_macd2h_12h_armATR3p0
672526,0.0068195361290718905,4.192147254943848,672526,2026.074704,0.007420980036297653,3.5601573829256936,short,2h_wick_r75_v2p0_then_macd2h_12h,2026-02-15 12:55:00,2h_wick_r75_v2p0_then_macd2h_12h_armATR3p0
673335,0.004524859692001293,2.36572265625,673329,2022.214362,0.005125884868975028,4.381594762435496,long,2h_wick_r75_v2p0_then_macd2h_12h,2026-02-18 08:20:00,2h_wick_r75_v2p0_then_macd2h_12h_armATR3p0
674597,0.006814940673621939,2.961452007293701,674551,1951.90954,0.007416383661756676,4.852194114444431,short,2h_wick_r75_v2p0_then_macd2h_12h,2026-02-22 17:30:00,2h_wick_r75_v2p0_then_macd2h_12h_armATR3p0
675276,0.014561903940563293,7.2735772132873535,675266,1904.340792,0.015164936927948736,3.9704270887842634,long,2h_wick_r75_v2p0_then_macd2h_12h,2026-02-25 02:05:00,2h_wick_r75_v2p0_then_macd2h_12h_armATR3p0
675990,0.009878483055024435,6.615016460418701,675963,1969.376046,0.01048053875163557,3.087829958129411,short,2h_wick_r75_v2p0_then_macd2h_12h,2026-02-27 13:35:00,2h_wick_r75_v2p0_then_macd2h_12h_armATR3p0
676427,0.02612868524293539,7.266427040100098,676425,1989.307782,0.026734032049345213,7.318895202072698,long,2h_wick_r75_v2p0_then_macd2h_12h,2026-03-01 02:00:00,2h_wick_r75_v2p0_then_macd2h_12h_armATR3p0
678010,0.015327212734922392,4.354282855987549,677958,2051.559606,0.01593035817746924,7.388037723769705,short,2h_wick_r75_v2p0_then_macd2h_12h,2026-03-06 13:55:00,2h_wick_r75_v2p0_then_macd2h_12h_armATR3p0
678746,0.01054472674064928,6.7407050132751465,678745,1982.0363280000001,0.011146956131875774,3.277650031634478,long,2h_wick_r75_v2p0_then_macd2h_12h,2026-03-09 03:15:00,2h_wick_r75_v2p0_then_macd2h_12h_armATR3p0
680706,0.00741771860406022,3.6635916233062744,680700,2147.389392,0.00801932246855408,4.700471496454355,long,2h_wick_r75_v2p0_then_macd2h_12h,2026-03-15 22:35:00,2h_wick_r75_v2p0_then_macd2h_12h_armATR3p0
681437,0.006278760015343732,4.3600029945373535,681437,2292.011506,0.006880095767346717,3.5920860649917477,short,2h_wick_r75_v2p0_then_macd2h_12h,2026-03-18 11:30:00,2h_wick_r75_v2p0_then_macd2h_12h_armATR3p0
683671,0.00427366792677093,2.4456787109375,683665,2140.17188,0.004874602660356109,4.2449893166957455,short,2h_wick_r75_v2p0_then_macd2h_12h,2026-03-26 05:40:00,2h_wick_r75_v2p0_then_macd2h_12h_armATR3p0
684816,0.008217147882321153,5.618556499481201,684789,2039.05773,0.008818911664653983,3.2005142249010747,long,2h_wick_r75_v2p0_then_macd2h_12h,2026-03-30 05:05:00,2h_wick_r75_v2p0_then_macd2h_12h_armATR3p0
685677,0.018026948900772898,12.677839279174805,685646,2081.13369,0.018630634290553116,3.0023799136281313,short,2h_wick_r75_v2p0_then_macd2h_12h,2026-04-02 04:50:00,2h_wick_r75_v2p0_then_macd2h_12h_armATR3p0
686762,0.01113025430689958,5.220005512237549,686759,2086.727262,0.011732600827064843,4.690174740736175,long,2h_wick_r75_v2p0_then_macd2h_12h,2026-04-05 23:15:00,2h_wick_r75_v2p0_then_macd2h_12h_armATR3p0
687204,0.006455288476166121,4.485682964324951,687192,2089.562004,0.007056659533861476,3.2641638110515205,short,2h_wick_r75_v2p0_then_macd2h_12h,2026-04-07 12:05:00,2h_wick_r75_v2p0_then_macd2h_12h_armATR3p0
688433,0.003498258389616993,3.0850131511688232,688412,2265.623034,0.0040990782052579,3.0103489174693143,long,2h_wick_r75_v2p0_then_macd2h_12h,2026-04-11 18:30:00,2h_wick_r75_v2p0_then_macd2h_12h_armATR3p0
690763,0.008867298761040266,6.1207098960876465,689818,2298.450218,0.009469152220792365,3.5225028413422033,short,2h_wick_r75_v2p0_then_macd2h_12h,2026-04-19 20:40:00,2h_wick_r75_v2p0_then_macd2h_12h_armATR3p0
691411,0.007004227714312261,4.9671454429626465,691407,2345.71905,0.007605748864084827,3.5917913427070065,long,2h_wick_r75_v2p0_then_macd2h_12h,2026-04-22 02:40:00,2h_wick_r75_v2p0_then_macd2h_12h_armATR3p0
693612,0.012430363971562787,2.627842426300049,693265,2263.2472599999996,0.013032930044357016,11.08029146214679,short,2h_wick_r75_v2p0_then_macd2h_12h,2026-04-29 18:05:00,2h_wick_r75_v2p0_then_macd2h_12h_armATR3p0
694118,0.0027848345950413746,2.1257150173187256,694011,2287.00731,0.003385511697380661,3.6423932356493838,long,2h_wick_r75_v2p0_then_macd2h_12h,2026-05-01 12:15:00,2h_wick_r75_v2p0_then_macd2h_12h_armATR3p0
695710,0.0021137404059412114,1.9971400499343872,695708,2335.7927480000003,0.0027142431540223555,3.1659011596148328,short,2h_wick_r75_v2p0_then_macd2h_12h,2026-05-07 00:55:00,2h_wick_r75_v2p0_then_macd2h_12h_armATR3p0
696480,0.003170181489305213,1.8193185329437256,696325,2321.8942859999997,0.003770935676440379,4.812633874417406,long,2h_wick_r75_v2p0_then_macd2h_12h,2026-05-09 17:05:00,2h_wick_r75_v2p0_then_macd2h_12h_armATR3p0
697235,0.007197648530075052,5.3850274085998535,697026,2308.8981280000003,0.007799168059781092,3.3181127307661957,short,2h_wick_r75_v2p0_then_macd2h_12h,2026-05-12 08:00:00,2h_wick_r75_v2p0_then_macd2h_12h_armATR3p0
700253,0.012049838170580208,4.098598003387451,700245,2095.43083,0.012652328138214264,6.387752587192398,short,2h_wick_r75_v2p0_then_macd2h_12h,2026-05-22 19:30:00,2h_wick_r75_v2p0_then_macd2h_12h_armATR3p0
702841,0.0029556250564075183,2.3514230251312256,702783,2006.018716,0.0035562961814188387,3.023154882819625,short,2h_wick_r75_v2p0_then_macd2h_12h,2026-05-31 19:10:00,2h_wick_r75_v2p0_then_macd2h_12h_armATR3p0
704732,0.011795853381920197,4.2978692054748535,704704,1609.741884,0.012398333048529997,4.6437234466270665,long,2h_wick_r75_v2p0_then_macd2h_12h,2026-06-07 08:45:00,2h_wick_r75_v2p0_then_macd2h_12h_armATR3p0
705396,0.012710264776259096,6.459987163543701,705375,1648.6702,0.013312886829214277,3.352978798818244,short,2h_wick_r75_v2p0_then_macd2h_12h,2026-06-09 16:05:00,2h_wick_r75_v2p0_then_macd2h_12h_armATR3p0
705991,0.0053771513750215496,2.530735492706299,705922,1667.1233579999998,0.005978347044430343,3.9382393097676283,long,2h_wick_r75_v2p0_then_macd2h_12h,2026-06-11 17:40:00,2h_wick_r75_v2p0_then_macd2h_12h_armATR3p0
1982,0.005321966306992732,0.5399987101554871,1982,173.114616,0.0059231509371802105,1.8988637948870755,long,2h_wick_r75_v1p5_macd2h,2019-09-30 10:00:00,2h_wick_r75_v1p5_macd2h_armATR1p5
2902,0.012842483569878117,0.3664289116859436,2899,172.275538,0.013445132066592258,6.237329880669667,short,2h_wick_r75_v1p5_macd2h,2019-10-03 14:40:00,2h_wick_r75_v1p5_macd2h_armATR1p5
4028,0.004992229512968249,0.3057141900062561,4027,176.065206,0.005593348182604707,3.2212897935155365,long,2h_wick_r75_v1p5_macd2h,2019-10-07 12:30:00,2h_wick_r75_v1p5_macd2h_armATR1p5
5210,0.011511901776819445,1.3600006103515625,5104,185.71285,0.012114284157174637,1.6344477958913441,short,2h_wick_r75_v1p5_macd2h,2019-10-11 15:00:00,2h_wick_r75_v1p5_macd2h_armATR1p5
6098,0.008693880322742943,0.6542870402336121,6094,185.347062,0.009295739470636999,2.633306017164618,long,2h_wick_r75_v1p5_macd2h,2019-10-14 17:00:00,2h_wick_r75_v1p5_macd2h_armATR1p5
6615,0.00237449330367574,0.3221392035484314,6611,176.86462,0.0029750482023362945,1.628550621039596,short,2h_wick_r75_v1p5_macd2h,2019-10-16 12:05:00,2h_wick_r75_v1p5_macd2h_armATR1p5
8039,0.008596958584581938,0.4000004231929779,7835,175.555104,0.009198798344250969,4.037235728675443,long,2h_wick_r75_v1p5_macd2h,2019-10-21 10:45:00,2h_wick_r75_v1p5_macd2h_armATR1p5
8476,0.0018322997510628717,0.26428550481796265,8379,171.305732,0.0024327462110129705,1.5730412467621788,short,2h_wick_r75_v1p5_macd2h,2019-10-22 23:10:00,2h_wick_r75_v1p5_macd2h_armATR1p5
9191,0.0025513755889480906,0.3271419107913971,9191,164.08281,0.0031520059901459785,1.5809347042965307,long,2h_wick_r75_v1p5_macd2h,2019-10-25 10:45:00,2h_wick_r75_v1p5_macd2h_armATR1p5
10667,0.009543440705395768,0.7121440172195435,10628,182.553482,0.01014542939353702,2.5745944017876488,short,2h_wick_r75_v1p5_macd2h,2019-10-30 13:45:00,2h_wick_r75_v1p5_macd2h_armATR1p5
11563,0.002672986184479598,0.3764277994632721,11330,184.24684200000002,0.0032736409126621346,1.6023205535297589,long,2h_wick_r75_v1p5_macd2h,2019-11-02 16:25:00,2h_wick_r75_v1p5_macd2h_armATR1p5
11816,0.0008578832014016328,0.16785867512226105,11781,181.153762,0.0014581347780420195,1.5713337413624953,short,2h_wick_r75_v1p5_macd2h,2019-11-03 13:30:00,2h_wick_r75_v1p5_macd2h_armATR1p5
12405,0.009634097668359055,0.2892870306968689,12405,188.767746,0.010236144897338484,6.679366148372977,long,2h_wick_r75_v1p5_macd2h,2019-11-05 14:35:00,2h_wick_r75_v1p5_macd2h_armATR1p5
12915,0.0027736996072320165,0.22571346163749695,12871,188.04238400000003,0.003374334347153507,2.801711494796262,short,2h_wick_r75_v1p5_macd2h,2019-11-07 09:05:00,2h_wick_r75_v1p5_macd2h_armATR1p5
13737,0.005716656331018877,0.27285656332969666,13737,187.177428,0.006317919915001857,4.334042713024654,long,2h_wick_r75_v1p5_macd2h,2019-11-10 05:35:00,2h_wick_r75_v1p5_macd2h_armATR1p5
14238,0.0012072001315805551,0.15928541123867035,14236,184.603072,0.001807521571606907,2.091038955858413,short,2h_wick_r75_v1p5_macd2h,2019-11-11 23:20:00,2h_wick_r75_v1p5_macd2h_armATR1p5
15723,0.0015084982695549702,0.08071572333574295,15687,182.253542,0.0021088799692088323,4.751763152820109,short,2h_wick_r75_v1p5_macd2h,2019-11-17 03:05:00,2h_wick_r75_v1p5_macd2h_armATR1p5
30753,0.005290933532021658,0.25499942898750305,30663,143.62127,0.005892071718728076,3.299105426786024,short,2h_wick_r75_v1p5_macd2h,2020-01-08 07:35:00,2h_wick_r75_v1p5_macd2h_armATR1p5
48867,0.004748970205958836,0.5749980211257935,48807,201.029786,0.005349999999999966,1.8605037942660227,short,2h_wick_r75_v1p5_macd2h,2020-03-11 05:05:00,2h_wick_r75_v1p5_macd2h_armATR1p5
57453,0.0015632007404666308,0.0678580179810524,57447,169.23384,0.0021636334671599755,5.395972515764439,long,2h_wick_r75_v1p5_macd2h,2020-04-10 00:35:00,2h_wick_r75_v1p5_macd2h_armATR1p5
57494,0.022128406818636214,0.5842841267585754,57493,163.63726599999998,0.02273291249999998,6.2251665472727975,short,2h_wick_r75_v1p5_macd2h,2020-04-10 04:00:00,2h_wick_r75_v1p5_macd2h_armATR1p5
58193,0.0015692437736491542,0.1135711669921875,58193,160.362066,0.0021696777091908537,3.0635768673922623,long,2h_wick_r75_v1p5_macd2h,2020-04-12 14:15:00,2h_wick_r75_v1p5_macd2h_armATR1p5
59164,0.005230454237021354,0.31428417563438416,59163,153.38931599999998,0.0058315803278687905,2.829655671351861,short,2h_wick_r75_v1p5_macd2h,2020-04-15 23:10:00,2h_wick_r75_v1p5_macd2h_armATR1p5
60992,0.003140459641161231,0.16499873995780945,60992,175.075008,0.003741207882737907,3.9696787997743246,long,2h_wick_r75_v1p5_macd2h,2020-04-22 07:30:00,2h_wick_r75_v1p5_macd2h_armATR1p5
101758,0.0030860043811120176,0.7314257025718689,101495,370.494084,0.00368674172945771,1.8674706059646762,long,2h_wick_r75_v1p5_macd2h,2020-09-11 22:00:00,2h_wick_r75_v1p5_macd2h_armATR1p5
109851,0.004235572912795149,0.7292851209640503,109847,365.333052,0.004836540220839458,2.42284937565196,long,2h_wick_r75_v1p5_macd2h,2020-10-10 00:25:00,2h_wick_r75_v1p5_macd2h_armATR1p5
150990,0.005939655056138538,5.375,150989,1576.9353239999998,0.0065409632487882785,1.9190094883721285,long,2h_wick_r75_v1p5_macd2h,2021-03-02 00:10:00,2h_wick_r75_v1p5_macd2h_armATR1p5
184388,0.011410973083070887,10.523576736450195,184304,1804.359056,0.012013335277687442,2.03533993588049,short,2h_wick_r75_v1p5_macd2h,2021-06-26 07:05:00,2h_wick_r75_v1p5_macd2h_armATR1p5
189490,0.004408377687419707,5.4350152015686035,189488,1942.36145,0.00500933936295711,1.781310565093888,short,2h_wick_r75_v1p5_macd2h,2021-07-14 00:15:00,2h_wick_r75_v1p5_macd2h_armATR1p5
192945,0.01635670437402643,6.963553428649902,192656,2182.9765079999997,0.01696009639330498,5.316752772754756,long,2h_wick_r75_v1p5_macd2h,2021-07-26 00:10:00,2h_wick_r75_v1p5_macd2h_armATR1p5
212540,0.003099379412339243,7.374215126037598,212528,3305.06088,0.003700119436226501,1.658362251573079,long,2h_wick_r75_v1p5_macd2h,2021-10-02 01:05:00,2h_wick_r75_v1p5_macd2h_armATR1p5
231635,0.005414779405960202,16.516462326049805,231536,4354.9308120000005,0.006015982602480818,1.5862469506365278,long,2h_wick_r75_v1p5_macd2h,2021-12-07 08:20:00,2h_wick_r75_v1p5_macd2h_armATR1p5
240464,0.002245748202423803,6.412178993225098,240464,3406.5785480000004,0.0028462773520643303,1.507841251814092,short,2h_wick_r75_v1p5_macd2h,2022-01-07 00:05:00,2h_wick_r75_v1p5_macd2h_armATR1p5
246226,0.011237444164167344,9.597847938537598,246224,2465.162934,0.011839812126592575,3.0410010855461755,long,2h_wick_r75_v1p5_macd2h,2022-01-27 00:15:00,2h_wick_r75_v1p5_macd2h_armATR1p5
248591,0.005519766559005612,8.381417274475098,248591,2752.75044,0.006120990757157108,2.0103473491665937,long,2h_wick_r75_v1p5_macd2h,2022-02-04 05:20:00,2h_wick_r75_v1p5_macd2h_armATR1p5
249753,0.0063222661491739275,8.390694618225098,249750,3195.0088739999997,0.006923650879349763,2.6363879281164673,long,2h_wick_r75_v1p5_macd2h,2022-02-08 06:10:00,2h_wick_r75_v1p5_macd2h_armATR1p5
251713,0.004778397747638286,8.489954948425293,251580,2959.0816979999995,0.005379473642366683,1.8749571813632535,long,2h_wick_r75_v1p5_macd2h,2022-02-15 01:30:00,2h_wick_r75_v1p5_macd2h_armATR1p5
252431,0.007985085315961494,7.269984722137451,252179,3050.369804,0.008586762333024689,3.572195127304813,short,2h_wick_r75_v1p5_macd2h,2022-02-17 13:20:00,2h_wick_r75_v1p5_macd2h_armATR1p5
254084,0.007232942250183294,8.419276237487793,254066,2666.013096,0.007834509152013558,2.4808431759251017,long,2h_wick_r75_v1p5_macd2h,2022-02-23 07:35:00,2h_wick_r75_v1p5_macd2h_armATR1p5
255383,0.009593967008920857,12.058610916137695,255380,2650.31983,0.010195965802322737,2.218317697289761,short,2h_wick_r75_v1p5_macd2h,2022-02-27 19:50:00,2h_wick_r75_v1p5_macd2h_armATR1p5
258066,0.011858052859293934,9.232840538024902,258056,2632.596414,0.012460544968287746,3.5529245701688863,long,2h_wick_r75_v1p5_macd2h,2022-03-09 03:25:00,2h_wick_r75_v1p5_macd2h_armATR1p5
259451,0.01059497687624207,10.048566818237305,258628,2534.323034,0.011197175871617393,2.7927399506432837,short,2h_wick_r75_v1p5_macd2h,2022-03-13 22:50:00,2h_wick_r75_v1p5_macd2h_armATR1p5
261338,0.0036838394382878283,5.132864952087402,261337,2885.982688,0.004284656206175352,2.3987944578578344,short,2h_wick_r75_v1p5_macd2h,2022-03-20 12:05:00,2h_wick_r75_v1p5_macd2h_armATR1p5
261808,0.016433052059530117,12.202863693237305,261799,2964.072696,0.017036459351400524,4.1381519346139255,long,2h_wick_r75_v1p5_macd2h,2022-03-22 03:15:00,2h_wick_r75_v1p5_macd2h_armATR1p5
266387,0.008045115393906023,12.254255294799805,266378,3176.894494,0.008646804416984732,2.222451984622636,short,2h_wick_r75_v1p5_macd2h,2022-04-07 00:50:00,2h_wick_r75_v1p5_macd2h_armATR1p5
266760,0.00378024357836666,6.5513739585876465,266698,3272.1543,0.004381119802327138,2.1881974820271353,long,2h_wick_r75_v1p5_macd2h,2022-04-08 07:55:00,2h_wick_r75_v1p5_macd2h_armATR1p5
267818,0.003613236265976161,7.342825889587402,267818,2984.2630280000003,0.0042140389132294676,1.705477998294768,short,2h_wick_r75_v1p5_macd2h,2022-04-12 00:05:00,2h_wick_r75_v1p5_macd2h_armATR1p5
269538,0.005073033695198026,8.192818641662598,269538,3012.587362,0.0056741283019372535,2.0746659658208584,short,2h_wick_r75_v1p5_macd2h,2022-04-17 23:25:00,2h_wick_r75_v1p5_macd2h_armATR1p5
270260,0.0038783904885796973,9.051408767700195,270002,3118.02348,0.00447928634584871,1.5430216840763225,long,2h_wick_r75_v1p5_macd2h,2022-04-20 11:35:00,2h_wick_r75_v1p5_macd2h_armATR1p5
271794,0.004021783687789338,7.473580360412598,271787,2971.384158,0.004622708229435224,1.8379198908141166,long,2h_wick_r75_v1p5_macd2h,2022-04-25 19:25:00,2h_wick_r75_v1p5_macd2h_armATR1p5
272913,0.005809334333136418,8.485037803649902,272853,2837.23244,0.006410576200003071,2.1299186188924666,short,2h_wick_r75_v1p5_macd2h,2022-04-29 16:40:00,2h_wick_r75_v1p5_macd2h_armATR1p5
273635,0.008324822963988466,9.637137413024902,273570,2835.677022,0.00892660828564562,2.6266075614724165,long,2h_wick_r75_v1p5_macd2h,2022-05-02 04:50:00,2h_wick_r75_v1p5_macd2h_armATR1p5
274622,0.003921758591947944,7.962855815887451,274101,2762.4773940000005,0.004522622943666343,1.5619263098027554,short,2h_wick_r75_v1p5_macd2h,2022-05-05 15:05:00,2h_wick_r75_v1p5_macd2h_armATR1p5
277560,0.005888128148685068,7.621425151824951,277466,2089.877892,0.00648942603389191,1.779471388858635,long,2h_wick_r75_v1p5_macd2h,2022-05-15 19:55:00,2h_wick_r75_v1p5_macd2h_armATR1p5
278349,0.007383581215312196,6.490714073181152,278340,2001.989522,0.00798513793155542,2.443417137342346,short,2h_wick_r75_v1p5_macd2h,2022-05-18 13:40:00,2h_wick_r75_v1p5_macd2h_armATR1p5
279893,0.007677235902458346,10.33001708984375,279862,1989.082104,0.008278851349638794,1.581033589582097,short,2h_wick_r75_v1p5_macd2h,2022-05-23 22:20:00,2h_wick_r75_v1p5_macd2h_armATR1p5
281664,0.004818961327755345,3.2178518772125244,281661,1836.297186,0.005420045336822721,3.0929994231498465,long,2h_wick_r75_v1p5_macd2h,2022-05-30 01:55:00,2h_wick_r75_v1p5_macd2h_armATR1p5
282392,0.003477894363351064,4.3500189781188965,282267,1916.876548,0.004078669942223723,1.790003225081841,short,2h_wick_r75_v1p5_macd2h,2022-06-01 14:35:00,2h_wick_r75_v1p5_macd2h_armATR1p5
283346,0.006903183119361733,3.097874164581299,283346,1796.319192,0.007504684056172994,4.3516318881280505,long,2h_wick_r75_v1p5_macd2h,2022-06-04 22:05:00,2h_wick_r75_v1p5_macd2h_armATR1p5
283952,0.01334069184249649,9.680009841918945,283952,1780.423844,0.013943439980864891,2.529320155644205,short,2h_wick_r75_v1p5_macd2h,2022-06-07 00:35:00,2h_wick_r75_v1p5_macd2h_armATR1p5
288844,0.011856017209771209,7.140006065368652,288796,1141.5282599999998,0.012458508911553423,1.9918386440846652,long,2h_wick_r75_v1p5_macd2h,2022-06-24 00:15:00,2h_wick_r75_v1p5_macd2h_armATR1p5
289872,0.00846730173061312,5.250706195831299,289870,1192.91137,0.00906907519095923,2.0418910523906315,short,2h_wick_r75_v1p5_macd2h,2022-06-27 13:55:00,2h_wick_r75_v1p5_macd2h_armATR1p5
291864,0.007548464794719445,3.721435546875,291864,1092.208398,0.008150094813682118,2.391980698812546,long,2h_wick_r75_v1p5_macd2h,2022-07-04 11:55:00,2h_wick_r75_v1p5_macd2h_armATR1p5
293578,0.005700112678597114,3.5906982421875,293479,1188.502252,0.006301332701132978,2.0726475738228944,short,2h_wick_r75_v1p5_macd2h,2022-07-10 10:45:00,2h_wick_r75_v1p5_macd2h_armATR1p5
294592,0.0097268748714769,4.95001220703125,294463,1099.829922,0.010328940659608765,2.294959593001351,long,2h_wick_r75_v1p5_macd2h,2022-07-13 23:15:00,2h_wick_r75_v1p5_macd2h_armATR1p5
296666,0.008257781814368493,7.339992046356201,296666,1481.893562,0.008859513370731431,1.7729667713277972,short,2h_wick_r75_v1p5_macd2h,2022-07-21 04:05:00,2h_wick_r75_v1p5_macd2h_armATR1p5
297616,0.008290407870024509,7.85357666015625,297550,1606.881312,0.008892186307285943,1.8193860731622138,long,2h_wick_r75_v1p5_macd2h,2022-07-24 11:15:00,2h_wick_r75_v1p5_macd2h_armATR1p5
299914,0.007902645402140652,6.627162456512451,299769,1670.405852,0.00850430593122109,2.12547256724605,short,2h_wick_r75_v1p5_macd2h,2022-08-01 10:45:00,2h_wick_r75_v1p5_macd2h_armATR1p5
301072,0.009601120741530479,3.8128488063812256,300509,1681.2261780000001,0.010203161373805392,4.498951537572423,long,2h_wick_r75_v1p5_macd2h,2022-08-05 11:15:00,2h_wick_r75_v1p5_macd2h_armATR1p5
302230,0.008110137998811063,5.8042778968811035,302229,1711.05772,0.008711840026410789,2.5460049057852263,short,2h_wick_r75_v1p5_macd2h,2022-08-09 11:45:00,2h_wick_r75_v1p5_macd2h_armATR1p5
302686,0.007581827991376589,7.3214287757873535,302683,1891.82829,0.008183464684313302,2.1145749653673445,long,2h_wick_r75_v1p5_macd2h,2022-08-11 01:45:00,2h_wick_r75_v1p5_macd2h_armATR1p5
303732,0.008122920048348982,4.76141357421875,303731,1958.368248,0.00872462463235868,3.5573990236248587,short,2h_wick_r75_v1p5_macd2h,2022-08-14 16:55:00,2h_wick_r75_v1p5_macd2h_armATR1p5
304465,0.009788192183739232,4.6656928062438965,304463,1919.6938619999999,0.010390270237786714,4.275064567754479,long,2h_wick_r75_v1p5_macd2h,2022-08-17 06:00:00,2h_wick_r75_v1p5_macd2h_armATR1p5
304986,0.007558106683148003,7.469979286193848,304974,1821.865554,0.008159698304484486,1.9739752193494147,short,2h_wick_r75_v1p5_macd2h,2022-08-19 01:25:00,2h_wick_r75_v1p5_macd2h_armATR1p5
306341,0.009695479260732621,7.6235527992248535,305802,1643.248584,0.01029753876848627,2.2196233758255954,long,2h_wick_r75_v1p5_macd2h,2022-08-23 18:20:00,2h_wick_r75_v1p5_macd2h_armATR1p5
307070,0.004608217753291966,3.3350131511688232,307070,1653.579218,0.0052092193968427125,2.5694705272741833,short,2h_wick_r75_v1p5_macd2h,2022-08-26 07:05:00,2h_wick_r75_v1p5_macd2h_armATR1p5
308021,0.009638436765920312,7.596435546875,308019,1510.4720340000001,0.010240484862892751,2.0362136826610873,long,2h_wick_r75_v1p5_macd2h,2022-08-29 14:20:00,2h_wick_r75_v1p5_macd2h_armATR1p5
309834,0.0021978386298493026,2.6028616428375244,309722,1574.194776,0.0027983983095112297,1.6924541541122724,long,2h_wick_r75_v1p5_macd2h,2022-09-04 21:25:00,2h_wick_r75_v1p5_macd2h_armATR1p5
312173,0.013812379410928345,6.3071112632751465,312072,1707.098512,0.014415221886810548,3.8462159596346157,short,2h_wick_r75_v1p5_macd2h,2022-09-13 00:20:00,2h_wick_r75_v1p5_macd2h_armATR1p5
312729,0.006970151410331038,5.7278618812561035,312729,1631.57625,0.007571665743479672,2.1567821040564006,long,2h_wick_r75_v1p5_macd2h,2022-09-14 22:40:00,2h_wick_r75_v1p5_macd2h_armATR1p5
313468,0.007292660527278017,7.116428852081299,313231,1422.985346,0.007894199059383489,1.5661431079635406,short,2h_wick_r75_v1p5_macd2h,2022-09-17 12:15:00,2h_wick_r75_v1p5_macd2h_armATR1p5
315829,0.011446447896356028,3.527858257293701,315789,1303.549238,0.012048817185935201,4.399053722726729,short,2h_wick_r75_v1p5_macd2h,2022-09-25 17:00:00,2h_wick_r75_v1p5_macd2h_armATR1p5
317595,0.00230428523791022,2.3335483074188232,317554,1307.948358,0.002904826094957791,1.6234324303276937,short,2h_wick_r75_v1p5_macd2h,2022-10-01 20:10:00,2h_wick_r75_v1p5_macd2h_armATR1p5
318112,0.005756055064570065,5.2778754234313965,318102,1316.0931659999999,0.006357326529875973,1.5852655337136545,long,2h_wick_r75_v1p5_macd2h,2022-10-03 15:15:00,2h_wick_r75_v1p5_macd2h_armATR1p5
318669,0.0033510354936551858,2.602146625518799,318664,1324.864974,0.003951785700754051,2.004104591515959,short,2h_wick_r75_v1p5_macd2h,2022-10-05 13:40:00,2h_wick_r75_v1p5_macd2h_armATR1p5
319957,0.003218580316819164,1.980712890625,319955,1331.0761619999998,0.003819344185656215,2.566670830519042,long,2h_wick_r75_v1p5_macd2h,2022-10-10 01:00:00,2h_wick_r75_v1p5_macd2h_armATR1p5
321909,0.004357951228407275,1.3914445638656616,321908,1294.848918,0.00495894301701072,4.6146876179969745,long,2h_wick_r75_v1p5_macd2h,2022-10-16 19:40:00,2h_wick_r75_v1p5_macd2h_armATR1p5
322473,0.006971471677901642,3.933558940887451,322432,1305.068934,0.007572945972237122,2.493653749036467,short,2h_wick_r75_v1p5_macd2h,2022-10-18 18:40:00,2h_wick_r75_v1p5_macd2h_armATR1p5
323561,0.0029119768564513484,2.8721401691436768,322997,1309.0417559999999,0.0035126793923296873,1.600981752005233,long,2h_wick_r75_v1p5_macd2h,2022-10-22 13:20:00,2h_wick_r75_v1p5_macd2h_armATR1p5
327315,0.014040930303585731,11.787833213806152,326789,1612.792494,0.014643859075400778,2.0035493861873395,long,2h_wick_r75_v1p5_macd2h,2022-11-04 14:10:00,2h_wick_r75_v1p5_macd2h_armATR1p5
327747,0.002030211799188564,2.0114047527313232,327744,1618.366262,0.002630697841548457,2.111092754570674,short,2h_wick_r75_v1p5_macd2h,2022-11-06 02:10:00,2h_wick_r75_v1p5_macd2h_armATR1p5
329844,0.006577082690949876,4.194998741149902,329822,1241.9215660000002,0.007178478107487951,2.1100282851512726,short,2h_wick_r75_v1p5_macd2h,2022-11-13 08:55:00,2h_wick_r75_v1p5_macd2h_armATR1p5
331731,0.0027641557855266454,1.0542863607406616,331730,1217.463444,0.0033648287512770825,3.8856198396819197,long,2h_wick_r75_v1p5_macd2h,2022-11-19 22:10:00,2h_wick_r75_v1p5_macd2h_armATR1p5
332275,0.016045404514573657,4.319266319274902,332258,1100.37988,0.016648693595476605,4.171977059989472,short,2h_wick_r75_v1p5_macd2h,2022-11-21 19:30:00,2h_wick_r75_v1p5_macd2h_armATR1p5
334071,0.005062145467133528,3.79571533203125,334054,1193.541244,0.005663237896226914,1.770745014327311,short,2h_wick_r75_v1p5_macd2h,2022-11-28 01:10:00,2h_wick_r75_v1p5_macd2h_armATR1p5
334641,0.03245479764723021,2.3435757160186768,334641,1230.2560019999999,0.03306140992921591,17.355529724082558,long,2h_wick_r75_v1p5_macd2h,2022-11-30 00:40:00,2h_wick_r75_v1p5_macd2h_armATR1p5
335732,0.0013274607675383802,0.9650093913078308,335631,1266.39667,0.001927806259691911,2.525022058798565,short,2h_wick_r75_v1p5_macd2h,2022-12-03 19:35:00,2h_wick_r75_v1p5_macd2h_armATR1p5
336102,0.0033291514451416317,3.0143258571624756,336080,1288.167582,0.003929937432628261,1.6794527996934836,long,2h_wick_r75_v1p5_macd2h,2022-12-05 02:25:00,2h_wick_r75_v1p5_macd2h_armATR1p5
338502,0.0024981358056279214,2.43572998046875,338497,1279.2858059999999,0.003098755556739219,1.6275178413812663,long,2h_wick_r75_v1p5_macd2h,2022-12-13 10:25:00,2h_wick_r75_v1p5_macd2h_armATR1p5
338974,0.002624694640962222,2.7221243381500244,338974,1294.301088,0.0032252995798904838,1.5286179039226921,short,2h_wick_r75_v1p5_macd2h,2022-12-15 01:45:00,2h_wick_r75_v1p5_macd2h_armATR1p5
340449,0.006072788714475319,2.0635898113250732,340449,1200.1599840000001,0.006674123539182952,3.881593113147111,long,2h_wick_r75_v1p5_macd2h,2022-12-20 04:40:00,2h_wick_r75_v1p5_macd2h_armATR1p5
341147,0.005160359557212457,2.9471261501312256,341144,1199.290094,0.005761471629123882,2.331116365580068,short,2h_wick_r75_v1p5_macd2h,2022-12-22 14:50:00,2h_wick_r75_v1p5_macd2h_armATR1p5
345491,0.003750647609061586,2.6999948024749756,345478,1258.931736,0.004351517912644098,2.028990572492354,long,2h_wick_r75_v1p5_macd2h,2023-01-06 16:50:00,2h_wick_r75_v1p5_macd2h_armATR1p5
356614,0.0031396069792044125,3.5378506183624268,356059,1548.099558,0.0037403550502146388,1.6367118413497197,long,2h_wick_r75_v1p5_macd2h,2023-02-14 14:55:00,2h_wick_r75_v1p5_macd2h_armATR1p5
363281,0.017058142672663656,5.3571343421936035,363060,1532.313476,0.01766163430119816,4.964123410261668,short,2h_wick_r75_v1p5_macd2h,2023-03-09 18:30:00,2h_wick_r75_v1p5_macd2h_armATR1p5
364216,0.005407397770449141,5.87286376953125,364213,1576.855308,0.006008599490347155,1.613300149946478,long,2h_wick_r75_v1p5_macd2h,2023-03-13 00:25:00,2h_wick_r75_v1p5_macd2h_armATR1p5
386390,0.0052452884432540705,3.5685861110687256,386388,1910.2219679999998,0.005846457734800969,3.129539725932422,long,2h_wick_r75_v1p5_macd2h,2023-05-29 00:15:00,2h_wick_r75_v1p5_macd2h_armATR1p5
392617,0.002455195850222536,3.1628592014312744,392436,1721.8555600000002,0.003055766889392686,1.6584867254370812,short,2h_wick_r75_v1p5_macd2h,2023-06-19 15:10:00,2h_wick_r75_v1p5_macd2h_armATR1p5
393304,0.005826081562490826,3.845703125,393300,1889.1477539999998,0.006427367035897857,3.1573539624175004,long,2h_wick_r75_v1p5_macd2h,2023-06-22 00:25:00,2h_wick_r75_v1p5_macd2h_armATR1p5
409888,0.01266771877890034,14.259294509887695,409716,1687.652402,0.013270332322656175,1.5500347499431835,short,2h_wick_r75_v1p5_macd2h,2023-08-18 14:25:00,2h_wick_r75_v1p5_macd2h_armATR1p5
415402,0.003468622409753941,2.1414358615875244,415082,1641.9183179999998,0.004069436297013285,3.1201877767409587,long,2h_wick_r75_v1p5_macd2h,2023-09-06 17:55:00,2h_wick_r75_v1p5_macd2h_armATR1p5
417501,0.00511279603411281,2.1871249675750732,417501,1623.294594,0.005713938821877207,4.240912676463969,long,2h_wick_r75_v1p5_macd2h,2023-09-14 00:50:00,2h_wick_r75_v1p5_macd2h_armATR1p5
418649,0.0026915358258365442,1.9957101345062256,417955,1614.2970759999998,0.003292154133001768,2.6542311473055804,short,2h_wick_r75_v1p5_macd2h,2023-09-18 00:30:00,2h_wick_r75_v1p5_macd2h_armATR1p5
420526,0.00032849489505566465,0.40142822265625,420483,1594.838904,0.0009286806311816775,3.689566194921646,long,2h_wick_r75_v1p5_macd2h,2023-09-24 12:55:00,2h_wick_r75_v1p5_macd2h_armATR1p5
423141,0.004109730971353987,4.150015830993652,422900,1652.8293680000002,0.004710632917548141,1.8673104671373686,short,2h_wick_r75_v1p5_macd2h,2023-10-03 14:50:00,2h_wick_r75_v1p5_macd2h_armATR1p5
424086,0.0016978857127007533,1.6599818468093872,424061,1653.1205579999998,0.0022983453817770894,2.288845511957282,long,2h_wick_r75_v1p5_macd2h,2023-10-06 21:35:00,2h_wick_r75_v1p5_macd2h_armATR1p5
424521,0.00028296366332409873,0.6300048828125,424516,1626.07472,0.0008831002560567569,2.2773156830071217,short,2h_wick_r75_v1p5_macd2h,2023-10-08 09:50:00,2h_wick_r75_v1p5_macd2h_armATR1p5
426094,0.0016547262678012324,2.1064016819000244,426094,1555.921122,0.002255177303261746,1.6658161784389593,long,2h_wick_r75_v1p5_macd2h,2023-10-13 20:55:00,2h_wick_r75_v1p5_macd2h_armATR1p5
427160,0.003175406817853732,1.9585832357406616,427152,1572.455446,0.0037761218992173884,3.020267860999524,short,2h_wick_r75_v1p5_macd2h,2023-10-17 13:45:00,2h_wick_r75_v1p5_macd2h_armATR1p5
427889,0.0010634210326804898,1.5607038736343384,427888,1577.495436,0.001663753783437194,1.6816540564407418,long,2h_wick_r75_v1p5_macd2h,2023-10-20 02:30:00,2h_wick_r75_v1p5_macd2h_armATR1p5
457239,0.001328554699777618,2.622105121612549,457236,2311.052118,0.0019289404878752858,1.7001156678488294,long,2h_wick_r75_v1p5_macd2h,2024-01-30 00:20:00,2h_wick_r75_v1p5_macd2h_armATR1p5
459544,0.0027447014765642043,2.9450161457061768,459540,2377.7754600000003,0.003345370550674076,2.701017449971341,long,2h_wick_r75_v1p5_macd2h,2024-02-07 00:25:00,2h_wick_r75_v1p5_macd2h_armATR1p5
476834,0.003920214459994531,8.854265213012695,476820,3359.401746,0.0045211186837312844,1.7153601834377723,long,2h_wick_r75_v1p5_macd2h,2024-04-07 01:15:00,2h_wick_r75_v1p5_macd2h_armATR1p5
502486,0.01569348130373922,12.714320182800293,502452,3048.8901,0.016296700000000053,3.8452783394693597,short,2h_wick_r75_v1p5_macd2h,2024-07-05 02:55:00,2h_wick_r75_v1p5_macd2h_armATR1p5
505922,0.004907150174491237,6.034981727600098,505620,3487.957452,0.005508251824856147,3.1835304342570283,long,2h_wick_r75_v1p5_macd2h,2024-07-17 01:15:00,2h_wick_r75_v1p5_macd2h_armATR1p5
510810,0.003777427515134946,8.375017166137695,510804,2991.741532,0.0043782630006379275,1.5571946589829557,short,2h_wick_r75_v1p5_macd2h,2024-08-03 00:35:00,2h_wick_r75_v1p5_macd2h_armATR1p5
514098,0.007295560034285176,6.4999823570251465,514048,2738.0174939999997,0.007897139462177627,3.326548413878488,long,2h_wick_r75_v1p5_macd2h,2024-08-14 10:35:00,2h_wick_r75_v1p5_macd2h_armATR1p5
516626,0.0037334905866290404,2.1085903644561768,516626,2653.100514,0.004334357458120719,5.453636796336931,long,2h_wick_r75_v1p5_macd2h,2024-08-23 05:15:00,2h_wick_r75_v1p5_macd2h_armATR1p5
517579,0.002288083929374807,4.560756206512451,517456,2733.4631980000004,0.0028886215461607634,1.7262922295118155,short,2h_wick_r75_v1p5_macd2h,2024-08-26 12:40:00,2h_wick_r75_v1p5_macd2h_armATR1p5
518432,0.0056539831522734564,3.9771206378936768,518370,2556.081114,0.006255234199113113,4.0202164972466035,long,2h_wick_r75_v1p5_macd2h,2024-08-29 11:45:00,2h_wick_r75_v1p5_macd2h_armATR1p5
519220,0.0031338914810836284,3.44140625,519181,2484.223056,0.003734598259379718,2.6858369307604404,short,2h_wick_r75_v1p5_macd2h,2024-09-01 05:25:00,2h_wick_r75_v1p5_macd2h_armATR1p5
521440,0.0043716830701582944,5.931344032287598,521440,2316.0331140000003,0.004972677605679543,1.941699206336217,long,2h_wick_r75_v1p5_macd2h,2024-09-08 22:25:00,2h_wick_r75_v1p5_macd2h_armATR1p5
522201,0.005317509082179939,3.9657156467437744,522161,2314.3170440000004,0.0059186525839964865,3.4336914728572148,short,2h_wick_r75_v1p5_macd2h,2024-09-11 13:50:00,2h_wick_r75_v1p5_macd2h_armATR1p5
523936,0.004051721121830676,6.368599891662598,523935,2345.1289319999996,0.0046526516521609995,1.7132600863000484,long,2h_wick_r75_v1p5_macd2h,2024-09-17 14:25:00,2h_wick_r75_v1p5_macd2h_armATR1p5
525467,0.004556072732179795,4.33642578125,525467,2549.4100160000003,0.005157063946726215,3.0163126638892805,short,2h_wick_r75_v1p5_macd2h,2024-09-22 22:00:00,2h_wick_r75_v1p5_macd2h_armATR1p5
526527,0.004434084330828991,5.5864434242248535,526527,2637.987492,0.00503509134909863,2.3776322413652284,long,2h_wick_r75_v1p5_macd2h,2024-09-26 14:20:00,2h_wick_r75_v1p5_macd2h_armATR1p5
527314,0.0012908339574610576,2.9778878688812256,527308,2644.1310679999997,0.0018911721242524937,1.6760429605681988,short,2h_wick_r75_v1p5_macd2h,2024-09-29 07:55:00,2h_wick_r75_v1p5_macd2h_armATR1p5
528850,0.007127618967493099,5.205723285675049,528850,2396.22915,0.007729164800453159,3.557786110330719,long,2h_wick_r75_v1p5_macd2h,2024-10-04 15:55:00,2h_wick_r75_v1p5_macd2h_armATR1p5
530348,0.00799096861308053,6.307181358337402,529800,2412.987306,0.008592646806803161,3.2593491184181107,short,2h_wick_r75_v1p5_macd2h,2024-10-09 20:45:00,2h_wick_r75_v1p5_macd2h_armATR1p5
530825,0.0012619033812637074,2.003574848175049,530796,2419.7038439999997,0.0018622758364310599,2.249057979593223,long,2h_wick_r75_v1p5_macd2h,2024-10-11 12:30:00,2h_wick_r75_v1p5_macd2h_armATR1p5
531995,0.0052220164595328635,8.320695877075195,531995,2658.08151,0.0058231810957520835,1.860239843958917,long,2h_wick_r75_v1p5_macd2h,2024-10-15 14:00:00,2h_wick_r75_v1p5_macd2h_armATR1p5
533849,0.005845643864145167,5.127127647399902,533849,2644.710952,0.0064468929929180074,3.304179877126936,short,2h_wick_r75_v1p5_macd2h,2024-10-22 00:30:00,2h_wick_r75_v1p5_macd2h_armATR1p5
535559,0.0026766454420312337,2.253574848175049,535544,2513.472594,0.0032773009022115662,3.655261775161746,long,2h_wick_r75_v1p5_macd2h,2024-10-27 23:00:00,2h_wick_r75_v1p5_macd2h_armATR1p5
536603,0.013581864692097058,4.424961566925049,536601,2609.557984,0.014184661065035353,8.248203616684272,short,2h_wick_r75_v1p5_macd2h,2024-10-31 14:00:00,2h_wick_r75_v1p5_macd2h_armATR1p5
538175,0.004806953008329851,8.712193489074707,538173,2485.7370479999995,0.005408034615252744,1.543004298155006,long,2h_wick_r75_v1p5_macd2h,2024-11-06 01:00:00,2h_wick_r75_v1p5_macd2h_armATR1p5
552338,0.0010255168907850724,3.4300014972686768,552276,3488.8776359999997,0.0016258420591970246,1.653749715420648,long,2h_wick_r75_v1p5_macd2h,2024-12-25 05:15:00,2h_wick_r75_v1p5_macd2h_armATR1p5
554872,0.0013353778991655578,2.785679340362549,554868,3455.500962,0.001935765052175853,2.401223250314741,long,2h_wick_r75_v1p5_macd2h,2025-01-03 00:25:00,2h_wick_r75_v1p5_macd2h_armATR1p5
559142,0.004359759028287291,6.6042656898498535,558612,3447.199302,0.004960751178523015,2.5893413140967945,long,2h_wick_r75_v1p5_macd2h,2025-01-17 20:15:00,2h_wick_r75_v1p5_macd2h_armATR1p5
562587,0.005359045356671377,9.642891883850098,562356,3085.752726,0.005960197165742587,1.8959795692224084,short,2h_wick_r75_v1p5_macd2h,2025-01-29 19:20:00,2h_wick_r75_v1p5_macd2h_armATR1p5
563545,0.006596254461910212,8.849295616149902,563508,3119.955884,0.007197653712802676,2.5195094578273873,short,2h_wick_r75_v1p5_macd2h,2025-02-02 03:10:00,2h_wick_r75_v1p5_macd2h_armATR1p5
566967,0.0007350119061077635,1.9214390516281128,566964,2670.594012,0.0013352789619001104,1.8558944125644934,long,2h_wick_r75_v1p5_macd2h,2025-02-14 00:20:00,2h_wick_r75_v1p5_macd2h_armATR1p5
568325,0.004488787722024723,8.128592491149902,568315,2634.862922,0.005089765479568964,1.6414799997080767,short,2h_wick_r75_v1p5_macd2h,2025-02-18 17:30:00,2h_wick_r75_v1p5_macd2h_armATR1p5
569890,0.00638972773930564,7.674961566925049,569885,2737.1024700000003,0.006991085684853626,2.475904254933441,short,2h_wick_r75_v1p5_macd2h,2025-02-24 03:55:00,2h_wick_r75_v1p5_macd2h_armATR1p5
571769,0.01662597886635959,12.414986610412598,571759,2263.9927079999998,0.01722942475130984,3.1419519991495077,long,2h_wick_r75_v1p5_macd2h,2025-03-02 16:30:00,2h_wick_r75_v1p5_macd2h_armATR1p5
573015,0.010475012288652953,7.246425151824951,573015,2162.987316,0.011077187291110624,3.2702077926013295,short,2h_wick_r75_v1p5_macd2h,2025-03-07 00:20:00,2h_wick_r75_v1p5_macd2h_armATR1p5
575250,0.003989586840318538,5.868565082550049,575212,1933.006524,0.004590504941306861,1.5120350332971764,long,2h_wick_r75_v1p5_macd2h,2025-03-14 18:35:00,2h_wick_r75_v1p5_macd2h_armATR1p5
575736,0.0023471793615709837,1.1657191514968872,575736,1898.630198,0.0029477287974433164,4.786914577867781,short,2h_wick_r75_v1p5_macd2h,2025-03-16 11:05:00,2h_wick_r75_v1p5_macd2h_armATR1p5
578650,0.0025567252230027206,2.4171142578125,578650,2034.403038,0.003157316568047408,2.649042336043603,short,2h_wick_r75_v1p5_macd2h,2025-03-26 13:55:00,2h_wick_r75_v1p5_macd2h_armATR1p5
580310,0.006117113894467297,2.0564138889312744,580291,1860.251976,0.006718457585984661,6.077581982533319,long,2h_wick_r75_v1p5_macd2h,2025-04-01 08:15:00,2h_wick_r75_v1p5_macd2h_armATR1p5
580765,0.005257998152723831,6.523594379425049,580765,1845.6308000000001,0.005859129752354475,1.6479871945912643,short,2h_wick_r75_v1p5_macd2h,2025-04-02 22:10:00,2h_wick_r75_v1p5_macd2h_armATR1p5
582730,0.024137164263321863,14.996424674987793,582726,1596.499236,0.02474211268585913,2.6340120966220932,long,2h_wick_r75_v1p5_macd2h,2025-04-09 17:55:00,2h_wick_r75_v1p5_macd2h_armATR1p5
584595,0.005505336119558013,4.230721473693848,583835,1575.8847600000001,0.00610651718678179,2.2607869743902578,short,2h_wick_r75_v1p5_macd2h,2025-04-16 05:20:00,2h_wick_r75_v1p5_macd2h_armATR1p5
587300,0.0032264423898182406,2.8992831707000732,587270,1797.7894860000001,0.0038272078313845714,2.3731776425062163,long,2h_wick_r75_v1p5_macd2h,2025-04-25 14:45:00,2h_wick_r75_v1p5_macd2h_armATR1p5
587996,0.0016599031378516486,2.301417827606201,587989,1779.8539580000001,0.002260315118479239,1.7441239708198975,short,2h_wick_r75_v1p5_macd2h,2025-04-28 00:45:00,2h_wick_r75_v1p5_macd2h_armATR1p5
590596,0.004172187387445359,4.708565711975098,590584,1839.897906,0.004773142015848331,1.8651314513175448,long,2h_wick_r75_v1p5_macd2h,2025-05-07 01:25:00,2h_wick_r75_v1p5_macd2h_armATR1p5
600057,0.001169968207209893,2.201416015625,599778,2537.7074399999997,0.001770322271664293,2.040759205944391,long,2h_wick_r75_v1p5_macd2h,2025-06-08 21:50:00,2h_wick_r75_v1p5_macd2h_armATR1p5
603797,0.012369088823929798,10.4564208984375,603796,2310.547798,0.012971642641694814,2.8296295919401366,short,2h_wick_r75_v1p5_macd2h,2025-06-21 21:30:00,2h_wick_r75_v1p5_macd2h_armATR1p5
604357,0.010048405964315733,10.114240646362305,604284,2309.571822,0.010650536071529881,2.4320340854107707,long,2h_wick_r75_v1p5_macd2h,2025-06-23 20:10:00,2h_wick_r75_v1p5_macd2h_armATR1p5
605984,0.0019368135498995635,1.7849992513656616,605958,2454.9909,0.0025373210141024227,3.4896933403385333,long,2h_wick_r75_v1p5_macd2h,2025-06-29 11:45:00,2h_wick_r75_v1p5_macd2h_armATR1p5
608021,0.0019838552697648117,2.1328647136688232,608021,2535.617022,0.002584372144193603,3.07238333402222,long,2h_wick_r75_v1p5_macd2h,2025-07-06 13:30:00,2h_wick_r75_v1p5_macd2h_armATR1p5
632628,0.0018149005870124583,3.232142925262451,632628,4209.771786,0.002415383663745052,3.1459666961273656,long,2h_wick_r75_v1p5_macd2h,2025-09-30 00:05:00,2h_wick_r75_v1p5_macd2h_armATR1p5
640405,0.004811280352074521,11.617117881774902,640404,4153.360506,0.005412362824639416,1.9350319269176313,long,2h_wick_r75_v1p5_macd2h,2025-10-27 00:10:00,2h_wick_r75_v1p5_macd2h_armATR1p5
642711,0.005973043772460285,9.234322547912598,642708,3602.5093540000003,0.006574318381214805,2.5480325035125624,short,2h_wick_r75_v1p5_macd2h,2025-11-04 00:20:00,2h_wick_r75_v1p5_macd2h_armATR1p5
649061,0.003993505637017014,8.667149543762207,649044,2955.54099,0.004594424521921381,1.5667215537745982,long,2h_wick_r75_v1p5_macd2h,2025-11-26 01:30:00,2h_wick_r75_v1p5_macd2h_armATR1p5
650117,0.0010191000127281584,2.3214111328125,650032,2988.7621280000003,0.0016193838327307475,2.081547698165001,short,2h_wick_r75_v1p5_macd2h,2025-11-29 17:30:00,2h_wick_r75_v1p5_macd2h_armATR1p5
650947,0.00421311248976326,5.8271484375,650941,2859.97188,0.00481407530482425,2.362754295290719,long,2h_wick_r75_v1p5_macd2h,2025-12-02 14:40:00,2h_wick_r75_v1p5_macd2h_armATR1p5
651834,0.013196478227459575,17.577131271362305,651829,3064.856906,0.0137991975231051,2.3733626014370013,short,2h_wick_r75_v1p5_macd2h,2025-12-05 16:35:00,2h_wick_r75_v1p5_macd2h_armATR1p5
652421,0.014093514790929974,9.698573112487793,652419,3079.935864,0.014696454081746246,4.667092310900673,long,2h_wick_r75_v1p5_macd2h,2025-12-07 17:30:00,2h_wick_r75_v1p5_macd2h_armATR1p5
653372,0.006221358316268422,8.445748329162598,653371,3282.453378,0.006822682587931395,2.633677577532738,short,2h_wick_r75_v1p5_macd2h,2025-12-11 00:45:00,2h_wick_r75_v1p5_macd2h_armATR1p5
654542,0.004602200557602032,8.235734939575195,654541,3127.77543,0.005203241205843145,1.976092008716285,long,2h_wick_r75_v1p5_macd2h,2025-12-15 02:15:00,2h_wick_r75_v1p5_macd2h_armATR1p5
657710,0.002148752786315944,4.0871758460998535,657584,2966.84325,0.002749302646845253,1.9956934340820198,long,2h_wick_r75_v1p5_macd2h,2025-12-26 02:15:00,2h_wick_r75_v1p5_macd2h_armATR1p5
661322,0.00790108768255733,10.308524131774902,661320,3175.724728,0.008502747900093865,2.5973386352630383,short,2h_wick_r75_v1p5_macd2h,2026-01-07 15:15:00,2h_wick_r75_v1p5_macd2h_armATR1p5
662413,-6.948635059704744e-05,0.7907366156578064,662399,3107.1213,0.0005306197733574436,2.085017902742055,long,2h_wick_r75_v1p5_macd2h,2026-01-11 10:10:00,2h_wick_r75_v1p5_macd2h_armATR1p5
663919,0.0045271483414972115,7.815743446350098,663918,3287.4323820000004,0.0051281337711657216,2.145973971015279,short,2h_wick_r75_v1p5_macd2h,2026-01-16 15:40:00,2h_wick_r75_v1p5_macd2h_armATR1p5
664528,0.005473645548270634,3.5407192707061768,664479,3341.928252,0.0060748605203748696,5.733792048402298,long,2h_wick_r75_v1p5_macd2h,2026-01-18 18:25:00,2h_wick_r75_v1p5_macd2h_armATR1p5
667095,0.0040235782826507195,8.605730056762695,667093,2966.133108,0.004624503183287221,1.5939254321858125,long,2h_wick_r75_v1p5_macd2h,2026-01-27 16:20:00,2h_wick_r75_v1p5_macd2h_armATR1p5
667610,0.003367199143214217,5.119315147399902,667528,2940.531776,0.003967952583042722,2.270181785136367,short,2h_wick_r75_v1p5_macd2h,2026-01-29 11:15:00,2h_wick_r75_v1p5_macd2h_armATR1p5
670117,0.005380888414574026,7.299996376037598,670116,2093.158548,0.005982084831540391,1.7152682487763833,long,2h_wick_r75_v1p5_macd2h,2026-02-07 04:10:00,2h_wick_r75_v1p5_macd2h_armATR1p5
670745,0.007609145479171975,7.252144813537598,670665,2055.38884,0.008210747308267763,2.308122690649192,short,2h_wick_r75_v1p5_macd2h,2026-02-09 08:30:00,2h_wick_r75_v1p5_macd2h_armATR1p5
671980,0.013047805517930123,9.585693359375,671977,2012.20236,0.013650535625055138,2.86548285765225,long,2h_wick_r75_v1p5_macd2h,2026-02-13 15:25:00,2h_wick_r75_v1p5_macd2h_armATR1p5
672526,0.0068195361290718905,4.192147254943848,672526,2026.074704,0.007420980036297653,3.5601573829256936,short,2h_wick_r75_v1p5_macd2h,2026-02-15 12:55:00,2h_wick_r75_v1p5_macd2h_armATR1p5
673334,0.0016572903042215263,2.36572265625,673329,2022.214362,0.002257741852591977,1.9299126158926878,long,2h_wick_r75_v1p5_macd2h,2026-02-18 08:15:00,2h_wick_r75_v1p5_macd2h_armATR1p5
674555,0.0021579932355717093,2.961452007293701,674551,1951.90954,0.002758504834218689,1.8131443585023865,short,2h_wick_r75_v1p5_macd2h,2026-02-22 14:00:00,2h_wick_r75_v1p5_macd2h_armATR1p5
675269,0.005242957418726668,7.2735772132873535,675266,1904.340792,0.005844126243975456,1.5300872835541295,long,2h_wick_r75_v1p5_macd2h,2026-02-25 01:30:00,2h_wick_r75_v1p5_macd2h_armATR1p5
675967,0.005059992927549173,6.615016460418701,675963,1969.376046,0.005661084926134707,1.6758909167247071,short,2h_wick_r75_v1p5_macd2h,2026-02-27 11:40:00,2h_wick_r75_v1p5_macd2h_armATR1p5
676425,0.007708875934613957,7.266427040100098,676425,1989.307782,0.00831053804222237,2.275150897238224,long,2h_wick_r75_v1p5_macd2h,2026-03-01 01:50:00,2h_wick_r75_v1p5_macd2h_armATR1p5
677988,0.005770686375633449,4.354282855987549,677958,2051.559606,0.006371920512908469,2.9831791892292747,short,2h_wick_r75_v1p5_macd2h,2026-03-06 12:05:00,2h_wick_r75_v1p5_macd2h_armATR1p5
678745,0.007084332042979602,6.7407050132751465,678745,1982.0363280000001,0.007685869216822905,2.2599523299118776,long,2h_wick_r75_v1p5_macd2h,2026-03-09 03:10:00,2h_wick_r75_v1p5_macd2h_armATR1p5
680706,0.00741771860406022,3.6635916233062744,680700,2147.389392,0.00801932246855408,4.700471496454355,long,2h_wick_r75_v1p5_macd2h,2026-03-15 22:35:00,2h_wick_r75_v1p5_macd2h_armATR1p5
681437,0.006278760015343732,4.3600029945373535,681437,2292.011506,0.006880095767346717,3.5920860649917477,short,2h_wick_r75_v1p5_macd2h,2026-03-18 11:30:00,2h_wick_r75_v1p5_macd2h_armATR1p5
683671,0.00427366792677093,2.4456787109375,683665,2140.17188,0.004874602660356109,4.2449893166957455,short,2h_wick_r75_v1p5_macd2h,2026-03-26 05:40:00,2h_wick_r75_v1p5_macd2h_armATR1p5
684806,0.0037012590653821677,5.618556499481201,684789,2039.05773,0.004302119489280054,1.5613031569247255,long,2h_wick_r75_v1p5_macd2h,2026-03-30 04:15:00,2h_wick_r75_v1p5_macd2h_armATR1p5
685663,0.014727772460836964,12.677839279174805,685646,2081.13369,0.015330798015328995,2.4786313588639715,short,2h_wick_r75_v1p5_macd2h,2026-04-02 03:40:00,2h_wick_r75_v1p5_macd2h_armATR1p5
686761,0.004187755273214089,5.220005512237549,686759,2086.727262,0.00478871301581707,1.9143156030340174,long,2h_wick_r75_v1p5_macd2h,2026-04-05 23:10:00,2h_wick_r75_v1p5_macd2h_armATR1p5
687204,0.006455288476166121,4.485682964324951,687192,2089.562004,0.007056659533861476,3.2641638110515205,short,2h_wick_r75_v1p5_macd2h,2026-04-07 12:05:00,2h_wick_r75_v1p5_macd2h_armATR1p5
688433,0.003498258389616993,3.0850131511688232,688412,2265.623034,0.0040990782052579,3.0103489174693143,long,2h_wick_r75_v1p5_macd2h,2026-04-11 18:30:00,2h_wick_r75_v1p5_macd2h_armATR1p5
689823,0.003869965246359586,6.1207098960876465,689818,2298.450218,0.004470819239408952,1.6714103712935813,short,2h_wick_r75_v1p5_macd2h,2026-04-16 14:20:00,2h_wick_r75_v1p5_macd2h_armATR1p5
691408,0.0034239524038481408,4.9671454429626465,691407,2345.71905,0.004024757355319153,1.900679194601691,long,2h_wick_r75_v1p5_macd2h,2026-04-22 02:25:00,2h_wick_r75_v1p5_macd2h_armATR1p5
693612,0.012430363971562787,2.627842426300049,693265,2263.2472599999996,0.013032930044357016,11.08029146214679,short,2h_wick_r75_v1p5_macd2h,2026-04-29 18:05:00,2h_wick_r75_v1p5_macd2h_armATR1p5
694011,0.0008919092943346478,2.1257150173187256,694011,2287.00731,0.0014922077358816566,1.6054315711165807,long,2h_wick_r75_v1p5_macd2h,2026-05-01 03:20:00,2h_wick_r75_v1p5_macd2h_armATR1p5
695710,0.0021137404059412114,1.9971400499343872,695708,2335.7927480000003,0.0027142431540223555,3.1659011596148328,short,2h_wick_r75_v1p5_macd2h,2026-05-07 00:55:00,2h_wick_r75_v1p5_macd2h_armATR1p5
696480,0.003170181489305213,1.8193185329437256,696325,2321.8942859999997,0.003770935676440379,4.812633874417406,long,2h_wick_r75_v1p5_macd2h,2026-05-09 17:05:00,2h_wick_r75_v1p5_macd2h_armATR1p5
697223,0.004495738146108108,5.3850274085998535,697026,2308.8981280000003,0.005096717293737285,2.1742002615070093,short,2h_wick_r75_v1p5_macd2h,2026-05-12 07:00:00,2h_wick_r75_v1p5_macd2h_armATR1p5
700248,0.0027755847281016434,4.098598003387451,700245,2095.43083,0.0033762198450471015,1.720302892396921,short,2h_wick_r75_v1p5_macd2h,2026-05-22 19:05:00,2h_wick_r75_v1p5_macd2h_armATR1p5
702809,0.0025542246033193996,2.3514230251312256,702783,2006.018716,0.0031548154482399227,2.682935368317206,short,2h_wick_r75_v1p5_macd2h,2026-05-31 16:30:00,2h_wick_r75_v1p5_macd2h_armATR1p5
704704,0.0057960914971135315,4.2978692054748535,704704,1609.741884,0.006397370971307881,2.3960980447896483,long,2h_wick_r75_v1p5_macd2h,2026-06-07 06:25:00,2h_wick_r75_v1p5_macd2h_armATR1p5
705379,0.00666912510225699,6.459987163543701,705375,1648.6702,0.007270538927277581,1.8421398833665867,short,2h_wick_r75_v1p5_macd2h,2026-06-09 14:40:00,2h_wick_r75_v1p5_macd2h_armATR1p5
705990,0.002936308602065907,2.530735492706299,705922,1667.1233579999998,0.003537016005266791,2.3300111833079993,long,2h_wick_r75_v1p5_macd2h,2026-06-11 17:35:00,2h_wick_r75_v1p5_macd2h_armATR1p5
2024,0.007516604800140225,0.5399987101554871,1982,173.114616,0.008118228445829212,2.6025691794621735,long,2h_wick_r75_v1p5_macd2h,2019-09-30 13:30:00,2h_wick_r75_v1p5_macd2h_armATR2p0
2902,0.012842483569878117,0.3664289116859436,2899,172.275538,0.013445132066592258,6.237329880669667,short,2h_wick_r75_v1p5_macd2h,2019-10-03 14:40:00,2h_wick_r75_v1p5_macd2h_armATR2p0
4028,0.004992229512968249,0.3057141900062561,4027,176.065206,0.005593348182604707,3.2212897935155365,long,2h_wick_r75_v1p5_macd2h,2019-10-07 12:30:00,2h_wick_r75_v1p5_macd2h_armATR2p0
5223,0.021368186534385946,1.3600006103515625,5104,185.71285,0.02197254017169281,2.935917800042638,short,2h_wick_r75_v1p5_macd2h,2019-10-11 16:05:00,2h_wick_r75_v1p5_macd2h_armATR2p0
6098,0.008693880322742943,0.6542870402336121,6094,185.347062,0.009295739470636999,2.633306017164618,long,2h_wick_r75_v1p5_macd2h,2019-10-14 17:00:00,2h_wick_r75_v1p5_macd2h_armATR2p0
6617,0.004197512493865308,0.3221392035484314,6611,176.86462,0.004798431996364094,2.6219100025589066,short,2h_wick_r75_v1p5_macd2h,2019-10-16 12:15:00,2h_wick_r75_v1p5_macd2h_armATR2p0
8039,0.008596958584581938,0.4000004231929779,7835,175.555104,0.009198798344250969,4.037235728675443,long,2h_wick_r75_v1p5_macd2h,2019-10-21 10:45:00,2h_wick_r75_v1p5_macd2h_armATR2p0
8513,0.003771421813198295,0.26428550481796265,8379,171.305732,0.004372256097560978,2.821690885066349,short,2h_wick_r75_v1p5_macd2h,2019-10-23 02:15:00,2h_wick_r75_v1p5_macd2h_armATR2p0
9194,0.004013759125651451,0.3271419107913971,9191,164.08281,0.004614682062063613,2.314561280663402,long,2h_wick_r75_v1p5_macd2h,2019-10-25 11:00:00,2h_wick_r75_v1p5_macd2h_armATR2p0
10667,0.009543440705395768,0.7121440172195435,10628,182.553482,0.01014542939353702,2.5745944017876488,short,2h_wick_r75_v1p5_macd2h,2019-10-30 13:45:00,2h_wick_r75_v1p5_macd2h_armATR2p0
11828,0.002188090187110703,0.16785867512226105,11781,181.153762,0.0027886078051480023,3.0011079238715315,short,2h_wick_r75_v1p5_macd2h,2019-11-03 14:30:00,2h_wick_r75_v1p5_macd2h_armATR2p0
12405,0.009634097668359055,0.2892870306968689,12405,188.767746,0.010236144897338484,6.679366148372977,long,2h_wick_r75_v1p5_macd2h,2019-11-05 14:35:00,2h_wick_r75_v1p5_macd2h_armATR2p0
12915,0.0027736996072320165,0.22571346163749695,12871,188.04238400000003,0.003374334347153507,2.801711494796262,short,2h_wick_r75_v1p5_macd2h,2019-11-07 09:05:00,2h_wick_r75_v1p5_macd2h_armATR2p0
13737,0.005716656331018877,0.27285656332969666,13737,187.177428,0.006317919915001857,4.334042713024654,long,2h_wick_r75_v1p5_macd2h,2019-11-10 05:35:00,2h_wick_r75_v1p5_macd2h_armATR2p0
14238,0.0012072001315805551,0.15928541123867035,14236,184.603072,0.001807521571606907,2.091038955858413,short,2h_wick_r75_v1p5_macd2h,2019-11-11 23:20:00,2h_wick_r75_v1p5_macd2h_armATR2p0
15723,0.0015084982695549702,0.08071572333574295,15687,182.253542,0.0021088799692088323,4.751763152820109,short,2h_wick_r75_v1p5_macd2h,2019-11-17 03:05:00,2h_wick_r75_v1p5_macd2h_armATR2p0
30753,0.005290933532021658,0.25499942898750305,30663,143.62127,0.005892071718728076,3.299105426786024,short,2h_wick_r75_v1p5_macd2h,2020-01-08 07:35:00,2h_wick_r75_v1p5_macd2h_armATR2p0
48869,0.008533226657213523,0.5749980211257935,48807,201.029786,0.009135013302544959,3.164856109308027,short,2h_wick_r75_v1p5_macd2h,2020-03-11 05:15:00,2h_wick_r75_v1p5_macd2h_armATR2p0
57453,0.0015632007404666308,0.0678580179810524,57447,169.23384,0.0021636334671599755,5.395972515764439,long,2h_wick_r75_v1p5_macd2h,2020-04-10 00:35:00,2h_wick_r75_v1p5_macd2h_armATR2p0
57494,0.022128406818636214,0.5842841267585754,57493,163.63726599999998,0.02273291249999998,6.2251665472727975,short,2h_wick_r75_v1p5_macd2h,2020-04-10 04:00:00,2h_wick_r75_v1p5_macd2h_armATR2p0
58193,0.0015692437736491542,0.1135711669921875,58193,160.362066,0.0021696777091908537,3.0635768673922623,long,2h_wick_r75_v1p5_macd2h,2020-04-12 14:15:00,2h_wick_r75_v1p5_macd2h_armATR2p0
59164,0.005230454237021354,0.31428417563438416,59163,153.38931599999998,0.0058315803278687905,2.829655671351861,short,2h_wick_r75_v1p5_macd2h,2020-04-15 23:10:00,2h_wick_r75_v1p5_macd2h_armATR2p0
60992,0.003140459641161231,0.16499873995780945,60992,175.075008,0.003741207882737907,3.9696787997743246,long,2h_wick_r75_v1p5_macd2h,2020-04-22 07:30:00,2h_wick_r75_v1p5_macd2h_armATR2p0
101759,0.003517773758568277,0.7314257025718689,101495,370.494084,0.004118597478063979,2.0862214639634717,long,2h_wick_r75_v1p5_macd2h,2020-09-11 22:05:00,2h_wick_r75_v1p5_macd2h_armATR2p0
109851,0.004235572912795149,0.7292851209640503,109847,365.333052,0.004836540220839458,2.42284937565196,long,2h_wick_r75_v1p5_macd2h,2020-10-10 00:25:00,2h_wick_r75_v1p5_macd2h_armATR2p0
150991,0.010821567384966714,5.375,150989,1576.9353239999998,0.011423852155397762,3.351567627907021,long,2h_wick_r75_v1p5_macd2h,2021-03-02 00:15:00,2h_wick_r75_v1p5_macd2h_armATR2p0
184388,0.011410973083070887,10.523576736450195,184304,1804.359056,0.012013335277687442,2.03533993588049,short,2h_wick_r75_v1p5_macd2h,2021-06-26 07:05:00,2h_wick_r75_v1p5_macd2h_armATR2p0
189491,0.006012238489283961,5.4350152015686035,189488,1942.36145,0.006613520936981754,2.348006312165807,short,2h_wick_r75_v1p5_macd2h,2021-07-14 00:20:00,2h_wick_r75_v1p5_macd2h_armATR2p0
192945,0.01635670437402643,6.963553428649902,192656,2182.9765079999997,0.01696009639330498,5.316752772754756,long,2h_wick_r75_v1p5_macd2h,2021-07-26 00:10:00,2h_wick_r75_v1p5_macd2h_armATR2p0
212541,0.006862551242323889,7.374215126037598,212528,3305.06088,0.007464044051133989,3.345321444840399,long,2h_wick_r75_v1p5_macd2h,2021-10-02 01:10:00,2h_wick_r75_v1p5_macd2h_armATR2p0
231636,0.007453439578364485,16.516462326049805,231536,4354.9308120000005,0.008055050588482215,2.1238923510074383,long,2h_wick_r75_v1p5_macd2h,2021-12-07 08:25:00,2h_wick_r75_v1p5_macd2h_armATR2p0
240465,0.003788875907378042,6.412178993225098,240464,3406.5785480000004,0.004389713682559471,2.3219170917922156,short,2h_wick_r75_v1p5_macd2h,2022-01-07 00:10:00,2h_wick_r75_v1p5_macd2h_armATR2p0
246226,0.011237444164167344,9.597847938537598,246224,2465.162934,0.011839812126592575,3.0410010855461755,long,2h_wick_r75_v1p5_macd2h,2022-01-27 00:15:00,2h_wick_r75_v1p5_macd2h_armATR2p0
248591,0.005519766559005612,8.381417274475098,248591,2752.75044,0.006120990757157108,2.0103473491665937,long,2h_wick_r75_v1p5_macd2h,2022-02-04 05:20:00,2h_wick_r75_v1p5_macd2h_armATR2p0
249753,0.0063222661491739275,8.390694618225098,249750,3195.0088739999997,0.006923650879349763,2.6363879281164673,long,2h_wick_r75_v1p5_macd2h,2022-02-08 06:10:00,2h_wick_r75_v1p5_macd2h_armATR2p0
251714,0.017891330055734133,8.489954948425293,251580,2959.0816979999995,0.01849502906154643,6.4462417447988205,long,2h_wick_r75_v1p5_macd2h,2022-02-15 01:35:00,2h_wick_r75_v1p5_macd2h_armATR2p0
252431,0.007985085315961494,7.269984722137451,252179,3050.369804,0.008586762333024689,3.572195127304813,short,2h_wick_r75_v1p5_macd2h,2022-02-17 13:20:00,2h_wick_r75_v1p5_macd2h_armATR2p0
254084,0.007232942250183294,8.419276237487793,254066,2666.013096,0.007834509152013558,2.4808431759251017,long,2h_wick_r75_v1p5_macd2h,2022-02-23 07:35:00,2h_wick_r75_v1p5_macd2h_armATR2p0
255383,0.009593967008920857,12.058610916137695,255380,2650.31983,0.010195965802322737,2.218317697289761,short,2h_wick_r75_v1p5_macd2h,2022-02-27 19:50:00,2h_wick_r75_v1p5_macd2h_armATR2p0
258066,0.011858052859293934,9.232840538024902,258056,2632.596414,0.012460544968287746,3.5529245701688863,long,2h_wick_r75_v1p5_macd2h,2022-03-09 03:25:00,2h_wick_r75_v1p5_macd2h_armATR2p0
259451,0.01059497687624207,10.048566818237305,258628,2534.323034,0.011197175871617393,2.7927399506432837,short,2h_wick_r75_v1p5_macd2h,2022-03-13 22:50:00,2h_wick_r75_v1p5_macd2h_armATR2p0
261338,0.0036838394382878283,5.132864952087402,261337,2885.982688,0.004284656206175352,2.3987944578578344,short,2h_wick_r75_v1p5_macd2h,2022-03-20 12:05:00,2h_wick_r75_v1p5_macd2h_armATR2p0
261808,0.016433052059530117,12.202863693237305,261799,2964.072696,0.017036459351400524,4.1381519346139255,long,2h_wick_r75_v1p5_macd2h,2022-03-22 03:15:00,2h_wick_r75_v1p5_macd2h_armATR2p0
266387,0.008045115393906023,12.254255294799805,266378,3176.894494,0.008646804416984732,2.222451984622636,short,2h_wick_r75_v1p5_macd2h,2022-04-07 00:50:00,2h_wick_r75_v1p5_macd2h_armATR2p0
266760,0.00378024357836666,6.5513739585876465,266698,3272.1543,0.004381119802327138,2.1881974820271353,long,2h_wick_r75_v1p5_macd2h,2022-04-08 07:55:00,2h_wick_r75_v1p5_macd2h_armATR2p0
267829,0.007288977925985885,7.342825889587402,267818,2984.2630280000003,0.007890515721571179,3.1817488731593766,short,2h_wick_r75_v1p5_macd2h,2022-04-12 01:00:00,2h_wick_r75_v1p5_macd2h_armATR2p0
269538,0.005073033695198026,8.192818641662598,269538,3012.587362,0.0056741283019372535,2.0746659658208584,short,2h_wick_r75_v1p5_macd2h,2022-04-17 23:25:00,2h_wick_r75_v1p5_macd2h_armATR2p0
270262,0.0060107252970397875,9.051408767700195,270002,3118.02348,0.006612047706581192,2.2777139480839437,long,2h_wick_r75_v1p5_macd2h,2022-04-20 11:45:00,2h_wick_r75_v1p5_macd2h_armATR2p0
271795,0.0076994683690442935,7.473580360412598,271787,2971.384158,0.008301128594763174,3.3004050014173663,long,2h_wick_r75_v1p5_macd2h,2022-04-25 19:30:00,2h_wick_r75_v1p5_macd2h_armATR2p0
272913,0.005809334333136418,8.485037803649902,272853,2837.23244,0.006410576200003071,2.1299186188924666,short,2h_wick_r75_v1p5_macd2h,2022-04-29 16:40:00,2h_wick_r75_v1p5_macd2h_armATR2p0
273635,0.008324822963988466,9.637137413024902,273570,2835.677022,0.00892660828564562,2.6266075614724165,long,2h_wick_r75_v1p5_macd2h,2022-05-02 04:50:00,2h_wick_r75_v1p5_macd2h_armATR2p0
274631,0.010923694250531258,7.962855815887451,274101,2762.4773940000005,0.011525958989381246,3.9530282511453887,short,2h_wick_r75_v1p5_macd2h,2022-05-05 15:50:00,2h_wick_r75_v1p5_macd2h_armATR2p0
277563,0.016331625390101977,7.621425151824951,277466,2089.877892,0.01693501239258044,4.643765082640137,long,2h_wick_r75_v1p5_macd2h,2022-05-15 20:10:00,2h_wick_r75_v1p5_macd2h_armATR2p0
278349,0.007383581215312196,6.490714073181152,278340,2001.989522,0.00798513793155542,2.443417137342346,short,2h_wick_r75_v1p5_macd2h,2022-05-18 13:40:00,2h_wick_r75_v1p5_macd2h_armATR2p0
279895,0.012771984902704104,10.33001708984375,279862,1989.082104,0.013374619299684642,2.5413417782058314,short,2h_wick_r75_v1p5_macd2h,2022-05-23 22:30:00,2h_wick_r75_v1p5_macd2h_armATR2p0
281664,0.004818961327755345,3.2178518772125244,281661,1836.297186,0.005420045336822721,3.0929994231498465,long,2h_wick_r75_v1p5_macd2h,2022-05-30 01:55:00,2h_wick_r75_v1p5_macd2h_armATR2p0
282393,0.004493794621389835,4.3500189781188965,282267,1916.876548,0.005094773380314166,2.23367945033694,short,2h_wick_r75_v1p5_macd2h,2022-06-01 14:40:00,2h_wick_r75_v1p5_macd2h_armATR2p0
283346,0.006903183119361733,3.097874164581299,283346,1796.319192,0.007504684056172994,4.3516318881280505,long,2h_wick_r75_v1p5_macd2h,2022-06-04 22:05:00,2h_wick_r75_v1p5_macd2h_armATR2p0
283952,0.01334069184249649,9.680009841918945,283952,1780.423844,0.013943439980864891,2.529320155644205,short,2h_wick_r75_v1p5_macd2h,2022-06-07 00:35:00,2h_wick_r75_v1p5_macd2h_armATR2p0
288857,0.012836961825193961,7.140006065368652,288796,1141.5282599999998,0.013439649755145,2.148701255929248,long,2h_wick_r75_v1p5_macd2h,2022-06-24 01:20:00,2h_wick_r75_v1p5_macd2h_armATR2p0
289872,0.00846730173061312,5.250706195831299,289870,1192.91137,0.00906907519095923,2.0418910523906315,short,2h_wick_r75_v1p5_macd2h,2022-06-27 13:55:00,2h_wick_r75_v1p5_macd2h_armATR2p0
291864,0.007548464794719445,3.721435546875,291864,1092.208398,0.008150094813682118,2.391980698812546,long,2h_wick_r75_v1p5_macd2h,2022-07-04 11:55:00,2h_wick_r75_v1p5_macd2h_armATR2p0
293578,0.005700112678597114,3.5906982421875,293479,1188.502252,0.006301332701132978,2.0726475738228944,short,2h_wick_r75_v1p5_macd2h,2022-07-10 10:45:00,2h_wick_r75_v1p5_macd2h_armATR2p0
294592,0.0097268748714769,4.95001220703125,294463,1099.829922,0.010328940659608765,2.294959593001351,long,2h_wick_r75_v1p5_macd2h,2022-07-13 23:15:00,2h_wick_r75_v1p5_macd2h_armATR2p0
297739,0.011849386344223013,7.85357666015625,297550,1606.881312,0.012451876719566934,2.547716647563995,long,2h_wick_r75_v1p5_macd2h,2022-07-24 21:30:00,2h_wick_r75_v1p5_macd2h_armATR2p0
299914,0.007902645402140652,6.627162456512451,299769,1670.405852,0.00850430593122109,2.12547256724605,short,2h_wick_r75_v1p5_macd2h,2022-08-01 10:45:00,2h_wick_r75_v1p5_macd2h_armATR2p0
301072,0.009601120741530479,3.8128488063812256,300509,1681.2261780000001,0.010203161373805392,4.498951537572423,long,2h_wick_r75_v1p5_macd2h,2022-08-05 11:15:00,2h_wick_r75_v1p5_macd2h_armATR2p0
302230,0.008110137998811063,5.8042778968811035,302229,1711.05772,0.008711840026410789,2.5460049057852263,short,2h_wick_r75_v1p5_macd2h,2022-08-09 11:45:00,2h_wick_r75_v1p5_macd2h_armATR2p0
302686,0.007581827991376589,7.3214287757873535,302683,1891.82829,0.008183464684313302,2.1145749653673445,long,2h_wick_r75_v1p5_macd2h,2022-08-11 01:45:00,2h_wick_r75_v1p5_macd2h_armATR2p0
303732,0.008122920048348982,4.76141357421875,303731,1958.368248,0.00872462463235868,3.5573990236248587,short,2h_wick_r75_v1p5_macd2h,2022-08-14 16:55:00,2h_wick_r75_v1p5_macd2h_armATR2p0
304465,0.009788192183739232,4.6656928062438965,304463,1919.6938619999999,0.010390270237786714,4.275064567754479,long,2h_wick_r75_v1p5_macd2h,2022-08-17 06:00:00,2h_wick_r75_v1p5_macd2h_armATR2p0
305047,0.01464667247102276,7.469979286193848,304974,1821.865554,0.01524968180551678,3.6634042681453605,short,2h_wick_r75_v1p5_macd2h,2022-08-19 06:30:00,2h_wick_r75_v1p5_macd2h_armATR2p0
306341,0.009695479260732621,7.6235527992248535,305802,1643.248584,0.01029753876848627,2.2196233758255954,long,2h_wick_r75_v1p5_macd2h,2022-08-23 18:20:00,2h_wick_r75_v1p5_macd2h_armATR2p0
307070,0.004608217753291966,3.3350131511688232,307070,1653.579218,0.0052092193968427125,2.5694705272741833,short,2h_wick_r75_v1p5_macd2h,2022-08-26 07:05:00,2h_wick_r75_v1p5_macd2h_armATR2p0
308021,0.009638436765920312,7.596435546875,308019,1510.4720340000001,0.010240484862892751,2.0362136826610873,long,2h_wick_r75_v1p5_macd2h,2022-08-29 14:20:00,2h_wick_r75_v1p5_macd2h_armATR2p0
309865,0.00692947039077203,2.6028616428375244,309722,1574.194776,0.007530976586089144,4.5546885031798565,long,2h_wick_r75_v1p5_macd2h,2022-09-05 00:00:00,2h_wick_r75_v1p5_macd2h_armATR2p0
312173,0.013812379410928345,6.3071112632751465,312072,1707.098512,0.014415221886810548,3.8462159596346157,short,2h_wick_r75_v1p5_macd2h,2022-09-13 00:20:00,2h_wick_r75_v1p5_macd2h_armATR2p0
312729,0.006970151410331038,5.7278618812561035,312729,1631.57625,0.007571665743479672,2.1567821040564006,long,2h_wick_r75_v1p5_macd2h,2022-09-14 22:40:00,2h_wick_r75_v1p5_macd2h_armATR2p0
313803,0.0170939966234926,7.116428852081299,313231,1422.985346,0.01769749542281729,3.4772139951575296,short,2h_wick_r75_v1p5_macd2h,2022-09-18 16:10:00,2h_wick_r75_v1p5_macd2h_armATR2p0
315829,0.011446447896356028,3.527858257293701,315789,1303.549238,0.012048817185935201,4.399053722726729,short,2h_wick_r75_v1p5_macd2h,2022-09-25 17:00:00,2h_wick_r75_v1p5_macd2h_armATR2p0
317764,0.01375096525303472,2.3335483074188232,317554,1307.948358,0.01435379544608506,7.931422692711448,short,2h_wick_r75_v1p5_macd2h,2022-10-02 10:15:00,2h_wick_r75_v1p5_macd2h_armATR2p0
318139,0.009121404961083225,5.2778754234313965,318102,1316.0931659999999,0.009723349631009404,2.4246184256619663,long,2h_wick_r75_v1p5_macd2h,2022-10-03 17:30:00,2h_wick_r75_v1p5_macd2h_armATR2p0
318669,0.0033510354936551858,2.602146625518799,318664,1324.864974,0.003951785700754051,2.004104591515959,short,2h_wick_r75_v1p5_macd2h,2022-10-05 13:40:00,2h_wick_r75_v1p5_macd2h_armATR2p0
319957,0.003218580316819164,1.980712890625,319955,1331.0761619999998,0.003819344185656215,2.566670830519042,long,2h_wick_r75_v1p5_macd2h,2022-10-10 01:00:00,2h_wick_r75_v1p5_macd2h_armATR2p0
321909,0.004357951228407275,1.3914445638656616,321908,1294.848918,0.00495894301701072,4.6146876179969745,long,2h_wick_r75_v1p5_macd2h,2022-10-16 19:40:00,2h_wick_r75_v1p5_macd2h_armATR2p0
322473,0.006971471677901642,3.933558940887451,322432,1305.068934,0.007572945972237122,2.493653749036467,short,2h_wick_r75_v1p5_macd2h,2022-10-18 18:40:00,2h_wick_r75_v1p5_macd2h_armATR2p0
323563,0.004195101701247772,2.8721401691436768,322997,1309.0417559999999,0.004796060913430544,2.1859114215417743,long,2h_wick_r75_v1p5_macd2h,2022-10-22 13:30:00,2h_wick_r75_v1p5_macd2h_armATR2p0
327315,0.014040930303585731,11.787833213806152,326789,1612.792494,0.014643859075400778,2.0035493861873395,long,2h_wick_r75_v1p5_macd2h,2022-11-04 14:10:00,2h_wick_r75_v1p5_macd2h_armATR2p0
327747,0.002030211799188564,2.0114047527313232,327744,1618.366262,0.002630697841548457,2.111092754570674,short,2h_wick_r75_v1p5_macd2h,2022-11-06 02:10:00,2h_wick_r75_v1p5_macd2h_armATR2p0
329844,0.006577082690949876,4.194998741149902,329822,1241.9215660000002,0.007178478107487951,2.1100282851512726,short,2h_wick_r75_v1p5_macd2h,2022-11-13 08:55:00,2h_wick_r75_v1p5_macd2h_armATR2p0
331731,0.0027641557855266454,1.0542863607406616,331730,1217.463444,0.0033648287512770825,3.8856198396819197,long,2h_wick_r75_v1p5_macd2h,2022-11-19 22:10:00,2h_wick_r75_v1p5_macd2h_armATR2p0
332275,0.016045404514573657,4.319266319274902,332258,1100.37988,0.016648693595476605,4.171977059989472,short,2h_wick_r75_v1p5_macd2h,2022-11-21 19:30:00,2h_wick_r75_v1p5_macd2h_armATR2p0
334072,0.008803653087145992,3.79571533203125,334054,1193.541244,0.009405493817763455,2.9299468024248485,short,2h_wick_r75_v1p5_macd2h,2022-11-28 01:15:00,2h_wick_r75_v1p5_macd2h_armATR2p0
334641,0.03245479764723021,2.3435757160186768,334641,1230.2560019999999,0.03306140992921591,17.355529724082558,long,2h_wick_r75_v1p5_macd2h,2022-11-30 00:40:00,2h_wick_r75_v1p5_macd2h_armATR2p0
335732,0.0013274607675383802,0.9650093913078308,335631,1266.39667,0.001927806259691911,2.525022058798565,short,2h_wick_r75_v1p5_macd2h,2022-12-03 19:35:00,2h_wick_r75_v1p5_macd2h_armATR2p0
336106,0.004834865474203598,3.0143258571624756,336080,1288.167582,0.00543595266473651,2.3230461243469325,long,2h_wick_r75_v1p5_macd2h,2022-12-05 02:45:00,2h_wick_r75_v1p5_macd2h_armATR2p0
338511,0.003850182386530854,2.43572998046875,338497,1279.2858059999999,0.004451072601051154,2.3377771943769887,long,2h_wick_r75_v1p5_macd2h,2022-12-13 11:10:00,2h_wick_r75_v1p5_macd2h_armATR2p0
338975,0.007711589433162924,2.7221243381500244,338974,1294.301088,0.008313211751049598,3.920132468031191,short,2h_wick_r75_v1p5_macd2h,2022-12-15 01:50:00,2h_wick_r75_v1p5_macd2h_armATR2p0
340449,0.006072788714475319,2.0635898113250732,340449,1200.1599840000001,0.006674123539182952,3.881593113147111,long,2h_wick_r75_v1p5_macd2h,2022-12-20 04:40:00,2h_wick_r75_v1p5_macd2h_armATR2p0
341147,0.005160359557212457,2.9471261501312256,341144,1199.290094,0.005761471629123882,2.331116365580068,short,2h_wick_r75_v1p5_macd2h,2022-12-22 14:50:00,2h_wick_r75_v1p5_macd2h_armATR2p0
345491,0.003750647609061586,2.6999948024749756,345478,1258.931736,0.004351517912644098,2.028990572492354,long,2h_wick_r75_v1p5_macd2h,2023-01-06 16:50:00,2h_wick_r75_v1p5_macd2h_armATR2p0
356615,0.004579794716794217,3.5378506183624268,356059,1548.099558,0.005180830882970833,2.26703805931536,long,2h_wick_r75_v1p5_macd2h,2023-02-14 15:00:00,2h_wick_r75_v1p5_macd2h_armATR2p0
363281,0.017058142672663656,5.3571343421936035,363060,1532.313476,0.01766163430119816,4.964123410261668,short,2h_wick_r75_v1p5_macd2h,2023-03-09 18:30:00,2h_wick_r75_v1p5_macd2h_armATR2p0
364219,0.022437893760636828,5.87286376953125,364213,1576.855308,0.02304250226108895,6.186878059134723,long,2h_wick_r75_v1p5_macd2h,2023-03-13 00:40:00,2h_wick_r75_v1p5_macd2h_armATR2p0
386390,0.0052452884432540705,3.5685861110687256,386388,1910.2219679999998,0.005846457734800969,3.129539725932422,long,2h_wick_r75_v1p5_macd2h,2023-05-29 00:15:00,2h_wick_r75_v1p5_macd2h_armATR2p0
392633,0.0075105724522543495,3.1628592014312744,392436,1721.8555600000002,0.008112154566744856,4.38070717587751,short,2h_wick_r75_v1p5_macd2h,2023-06-19 16:30:00,2h_wick_r75_v1p5_macd2h_armATR2p0
393304,0.005826081562490826,3.845703125,393300,1889.1477539999998,0.006427367035897857,3.1573539624175004,long,2h_wick_r75_v1p5_macd2h,2023-06-22 00:25:00,2h_wick_r75_v1p5_macd2h_armATR2p0
409920,0.02051976899705794,14.259294509887695,409716,1687.652402,0.02112395295085734,2.448396165447802,short,2h_wick_r75_v1p5_macd2h,2023-08-18 17:05:00,2h_wick_r75_v1p5_macd2h_armATR2p0
415402,0.003468622409753941,2.1414358615875244,415082,1641.9183179999998,0.004069436297013285,3.1201877767409587,long,2h_wick_r75_v1p5_macd2h,2023-09-06 17:55:00,2h_wick_r75_v1p5_macd2h_armATR2p0
417501,0.00511279603411281,2.1871249675750732,417501,1623.294594,0.005713938821877207,4.240912676463969,long,2h_wick_r75_v1p5_macd2h,2023-09-14 00:50:00,2h_wick_r75_v1p5_macd2h_armATR2p0
418649,0.0026915358258365442,1.9957101345062256,417955,1614.2970759999998,0.003292154133001768,2.6542311473055804,short,2h_wick_r75_v1p5_macd2h,2023-09-18 00:30:00,2h_wick_r75_v1p5_macd2h_armATR2p0
420526,0.00032849489505566465,0.40142822265625,420483,1594.838904,0.0009286806311816775,3.689566194921646,long,2h_wick_r75_v1p5_macd2h,2023-09-24 12:55:00,2h_wick_r75_v1p5_macd2h_armATR2p0
423257,0.007264271173986048,4.150015830993652,422900,1652.8293680000002,0.00786580402822068,3.108269588675655,short,2h_wick_r75_v1p5_macd2h,2023-10-04 00:30:00,2h_wick_r75_v1p5_macd2h_armATR2p0
424086,0.0016978857127007533,1.6599818468093872,424061,1653.1205579999998,0.0022983453817770894,2.288845511957282,long,2h_wick_r75_v1p5_macd2h,2023-10-06 21:35:00,2h_wick_r75_v1p5_macd2h_armATR2p0
424521,0.00028296366332409873,0.6300048828125,424516,1626.07472,0.0008831002560567569,2.2773156830071217,short,2h_wick_r75_v1p5_macd2h,2023-10-08 09:50:00,2h_wick_r75_v1p5_macd2h_armATR2p0
426095,0.008446771089723538,2.1064016819000244,426094,1555.921122,0.009048580805884887,6.6838524299413535,long,2h_wick_r75_v1p5_macd2h,2023-10-13 21:00:00,2h_wick_r75_v1p5_macd2h_armATR2p0
427160,0.003175406817853732,1.9585832357406616,427152,1572.455446,0.0037761218992173884,3.020267860999524,short,2h_wick_r75_v1p5_macd2h,2023-10-17 13:45:00,2h_wick_r75_v1p5_macd2h_armATR2p0
427892,0.0022739589248485627,1.5607038736343384,427888,1577.495436,0.002874533831614956,2.9054608478933406,long,2h_wick_r75_v1p5_macd2h,2023-10-20 02:45:00,2h_wick_r75_v1p5_macd2h_armATR2p0
457253,0.001817411697506444,2.622105121612549,457236,2311.052118,0.0024178952765616657,2.1310671162426007,long,2h_wick_r75_v1p5_macd2h,2024-01-30 01:30:00,2h_wick_r75_v1p5_macd2h_armATR2p0
459544,0.0027447014765642043,2.9450161457061768,459540,2377.7754600000003,0.003345370550674076,2.701017449971341,long,2h_wick_r75_v1p5_macd2h,2024-02-07 00:25:00,2h_wick_r75_v1p5_macd2h_armATR2p0
476835,0.007649299263536147,8.854265213012695,476820,3359.401746,0.008250949453426859,3.1304973742218247,long,2h_wick_r75_v1p5_macd2h,2024-04-07 01:20:00,2h_wick_r75_v1p5_macd2h_armATR2p0
502486,0.01569348130373922,12.714320182800293,502452,3048.8901,0.016296700000000053,3.8452783394693597,short,2h_wick_r75_v1p5_macd2h,2024-07-05 02:55:00,2h_wick_r75_v1p5_macd2h_armATR2p0
505922,0.004907150174491237,6.034981727600098,505620,3487.957452,0.005508251824856147,3.1835304342570283,long,2h_wick_r75_v1p5_macd2h,2024-07-17 01:15:00,2h_wick_r75_v1p5_macd2h_armATR2p0
510812,0.005327193459331259,8.375017166137695,510804,2991.741532,0.005928338898023133,2.1052532371263197,short,2h_wick_r75_v1p5_macd2h,2024-08-03 00:45:00,2h_wick_r75_v1p5_macd2h_armATR2p0
514098,0.007295560034285176,6.4999823570251465,514048,2738.0174939999997,0.007897139462177627,3.326548413878488,long,2h_wick_r75_v1p5_macd2h,2024-08-14 10:35:00,2h_wick_r75_v1p5_macd2h_armATR2p0
516626,0.0037334905866290404,2.1085903644561768,516626,2653.100514,0.004334357458120719,5.453636796336931,long,2h_wick_r75_v1p5_macd2h,2024-08-23 05:15:00,2h_wick_r75_v1p5_macd2h_armATR2p0
517581,0.0039905719934673735,4.560756206512451,517456,2733.4631980000004,0.004591450107866102,2.7392821353093013,short,2h_wick_r75_v1p5_macd2h,2024-08-26 12:50:00,2h_wick_r75_v1p5_macd2h_armATR2p0
518432,0.0056539831522734564,3.9771206378936768,518370,2556.081114,0.006255234199113113,4.0202164972466035,long,2h_wick_r75_v1p5_macd2h,2024-08-29 11:45:00,2h_wick_r75_v1p5_macd2h_armATR2p0
519220,0.0031338914810836284,3.44140625,519181,2484.223056,0.003734598259379718,2.6858369307604404,short,2h_wick_r75_v1p5_macd2h,2024-09-01 05:25:00,2h_wick_r75_v1p5_macd2h_armATR2p0
521568,0.006521481348042713,5.931344032287598,521440,2316.0331140000003,0.007122905929228374,2.781306548768407,long,2h_wick_r75_v1p5_macd2h,2024-09-09 09:05:00,2h_wick_r75_v1p5_macd2h_armATR2p0
522201,0.005317509082179939,3.9657156467437744,522161,2314.3170440000004,0.0059186525839964865,3.4336914728572148,short,2h_wick_r75_v1p5_macd2h,2024-09-11 13:50:00,2h_wick_r75_v1p5_macd2h_armATR2p0
523943,0.006584124316794737,6.368599891662598,523935,2345.1289319999996,0.007185561429080778,2.645961166764588,long,2h_wick_r75_v1p5_macd2h,2024-09-17 15:00:00,2h_wick_r75_v1p5_macd2h_armATR2p0
525467,0.004556072732179795,4.33642578125,525467,2549.4100160000003,0.005157063946726215,3.0163126638892805,short,2h_wick_r75_v1p5_macd2h,2024-09-22 22:00:00,2h_wick_r75_v1p5_macd2h_armATR2p0
526527,0.004434084330828991,5.5864434242248535,526527,2637.987492,0.00503509134909863,2.3776322413652284,long,2h_wick_r75_v1p5_macd2h,2024-09-26 14:20:00,2h_wick_r75_v1p5_macd2h_armATR2p0
527319,0.002461219976212137,2.9778878688812256,527308,2644.1310679999997,0.0030617922202074155,2.7103330801478407,short,2h_wick_r75_v1p5_macd2h,2024-09-29 08:20:00,2h_wick_r75_v1p5_macd2h_armATR2p0
528850,0.007127618967493099,5.205723285675049,528850,2396.22915,0.007729164800453159,3.557786110330719,long,2h_wick_r75_v1p5_macd2h,2024-10-04 15:55:00,2h_wick_r75_v1p5_macd2h_armATR2p0
530348,0.00799096861308053,6.307181358337402,529800,2412.987306,0.008592646806803161,3.2593491184181107,short,2h_wick_r75_v1p5_macd2h,2024-10-09 20:45:00,2h_wick_r75_v1p5_macd2h_armATR2p0
530825,0.0012619033812637074,2.003574848175049,530796,2419.7038439999997,0.0018622758364310599,2.249057979593223,long,2h_wick_r75_v1p5_macd2h,2024-10-11 12:30:00,2h_wick_r75_v1p5_macd2h_armATR2p0
533849,0.005845643864145167,5.127127647399902,533849,2644.710952,0.0064468929929180074,3.304179877126936,short,2h_wick_r75_v1p5_macd2h,2024-10-22 00:30:00,2h_wick_r75_v1p5_macd2h_armATR2p0
535559,0.0026766454420312337,2.253574848175049,535544,2513.472594,0.0032773009022115662,3.655261775161746,long,2h_wick_r75_v1p5_macd2h,2024-10-27 23:00:00,2h_wick_r75_v1p5_macd2h_armATR2p0
536603,0.013581864692097058,4.424961566925049,536601,2609.557984,0.014184661065035353,8.248203616684272,short,2h_wick_r75_v1p5_macd2h,2024-10-31 14:00:00,2h_wick_r75_v1p5_macd2h_armATR2p0
538177,0.007775297550620408,8.712193489074707,538173,2485.7370479999995,0.008376972945209227,2.3900929227654215,long,2h_wick_r75_v1p5_macd2h,2024-11-06 01:10:00,2h_wick_r75_v1p5_macd2h_armATR2p0
552342,0.001696085550419291,3.4300014972686768,552276,3488.8776359999997,0.0022965448593910143,2.335965161059095,long,2h_wick_r75_v1p5_macd2h,2024-12-25 05:35:00,2h_wick_r75_v1p5_macd2h_armATR2p0
554872,0.0013353778991655578,2.785679340362549,554868,3455.500962,0.001935765052175853,2.401223250314741,long,2h_wick_r75_v1p5_macd2h,2025-01-03 00:25:00,2h_wick_r75_v1p5_macd2h_armATR2p0
559142,0.004359759028287291,6.6042656898498535,558612,3447.199302,0.004960751178523015,2.5893413140967945,long,2h_wick_r75_v1p5_macd2h,2025-01-17 20:15:00,2h_wick_r75_v1p5_macd2h_armATR2p0
562588,0.007873590884505744,9.642891883850098,562356,3085.752726,0.008475245602682424,2.689310044368754,short,2h_wick_r75_v1p5_macd2h,2025-01-29 19:25:00,2h_wick_r75_v1p5_macd2h_armATR2p0
563545,0.006596254461910212,8.849295616149902,563508,3119.955884,0.007197653712802676,2.5195094578273873,short,2h_wick_r75_v1p5_macd2h,2025-02-02 03:10:00,2h_wick_r75_v1p5_macd2h_armATR2p0
566968,0.0016522273229752752,1.9214390516281128,566964,2670.594012,0.00225267785854677,3.130980394565478,long,2h_wick_r75_v1p5_macd2h,2025-02-14 00:25:00,2h_wick_r75_v1p5_macd2h_armATR2p0
568328,0.007472205094975104,8.128592491149902,568315,2634.862922,0.008073779535993975,2.5961348195244907,short,2h_wick_r75_v1p5_macd2h,2025-02-18 17:45:00,2h_wick_r75_v1p5_macd2h_armATR2p0
569890,0.00638972773930564,7.674961566925049,569885,2737.1024700000003,0.006991085684853626,2.475904254933441,short,2h_wick_r75_v1p5_macd2h,2025-02-24 03:55:00,2h_wick_r75_v1p5_macd2h_armATR2p0
571769,0.01662597886635959,12.414986610412598,571759,2263.9927079999998,0.01722942475130984,3.1419519991495077,long,2h_wick_r75_v1p5_macd2h,2025-03-02 16:30:00,2h_wick_r75_v1p5_macd2h_armATR2p0
573015,0.010475012288652953,7.246425151824951,573015,2162.987316,0.011077187291110624,3.2702077926013295,short,2h_wick_r75_v1p5_macd2h,2025-03-07 00:20:00,2h_wick_r75_v1p5_macd2h_armATR2p0
575556,0.006896393377304477,5.868565082550049,575212,1933.006524,0.0074978929558957574,2.469679691053592,long,2h_wick_r75_v1p5_macd2h,2025-03-15 20:05:00,2h_wick_r75_v1p5_macd2h_armATR2p0
575736,0.0023471793615709837,1.1657191514968872,575736,1898.630198,0.0029477287974433164,4.786914577867781,short,2h_wick_r75_v1p5_macd2h,2025-03-16 11:05:00,2h_wick_r75_v1p5_macd2h_armATR2p0
578650,0.0025567252230027206,2.4171142578125,578650,2034.403038,0.003157316568047408,2.649042336043603,short,2h_wick_r75_v1p5_macd2h,2025-03-26 13:55:00,2h_wick_r75_v1p5_macd2h_armATR2p0
580310,0.006117113894467297,2.0564138889312744,580291,1860.251976,0.006718457585984661,6.077581982533319,long,2h_wick_r75_v1p5_macd2h,2025-04-01 08:15:00,2h_wick_r75_v1p5_macd2h_armATR2p0
580766,0.010076662477737043,6.523594379425049,580765,1845.6308000000001,0.010678757810232531,2.9892723038550892,short,2h_wick_r75_v1p5_macd2h,2025-04-02 22:15:00,2h_wick_r75_v1p5_macd2h_armATR2p0
582730,0.024137164263321863,14.996424674987793,582726,1596.499236,0.02474211268585913,2.6340120966220932,long,2h_wick_r75_v1p5_macd2h,2025-04-09 17:55:00,2h_wick_r75_v1p5_macd2h_armATR2p0
584595,0.005505336119558013,4.230721473693848,583835,1575.8847600000001,0.00610651718678179,2.2607869743902578,short,2h_wick_r75_v1p5_macd2h,2025-04-16 05:20:00,2h_wick_r75_v1p5_macd2h_armATR2p0
587300,0.0032264423898182406,2.8992831707000732,587270,1797.7894860000001,0.0038272078313845714,2.3731776425062163,long,2h_wick_r75_v1p5_macd2h,2025-04-25 14:45:00,2h_wick_r75_v1p5_macd2h_armATR2p0
587997,0.0020945824042559293,2.301417827606201,587989,1779.8539580000001,0.002695081320736703,2.0787003309938736,short,2h_wick_r75_v1p5_macd2h,2025-04-28 00:50:00,2h_wick_r75_v1p5_macd2h_armATR2p0
590904,0.008888896924262158,4.708565711975098,590584,1839.897906,0.009490795083278991,3.7085802913590795,long,2h_wick_r75_v1p5_macd2h,2025-05-08 03:05:00,2h_wick_r75_v1p5_macd2h_armATR2p0
600057,0.001169968207209893,2.201416015625,599778,2537.7074399999997,0.001770322271664293,2.040759205944391,long,2h_wick_r75_v1p5_macd2h,2025-06-08 21:50:00,2h_wick_r75_v1p5_macd2h_armATR2p0
603797,0.012369088823929798,10.4564208984375,603796,2310.547798,0.012971642641694814,2.8296295919401366,short,2h_wick_r75_v1p5_macd2h,2025-06-21 21:30:00,2h_wick_r75_v1p5_macd2h_armATR2p0
604357,0.010048405964315733,10.114240646362305,604284,2309.571822,0.010650536071529881,2.4320340854107707,long,2h_wick_r75_v1p5_macd2h,2025-06-23 20:10:00,2h_wick_r75_v1p5_macd2h_armATR2p0
605984,0.0019368135498995635,1.7849992513656616,605958,2454.9909,0.0025373210141024227,3.4896933403385333,long,2h_wick_r75_v1p5_macd2h,2025-06-29 11:45:00,2h_wick_r75_v1p5_macd2h_armATR2p0
608021,0.0019838552697648117,2.1328647136688232,608021,2535.617022,0.002584372144193603,3.07238333402222,long,2h_wick_r75_v1p5_macd2h,2025-07-06 13:30:00,2h_wick_r75_v1p5_macd2h_armATR2p0
632628,0.0018149005870124583,3.232142925262451,632628,4209.771786,0.002415383663745052,3.1459666961273656,long,2h_wick_r75_v1p5_macd2h,2025-09-30 00:05:00,2h_wick_r75_v1p5_macd2h_armATR2p0
640409,0.007001839054324455,11.617117881774902,640404,4153.360506,0.007603359726269687,2.7183587462379086,long,2h_wick_r75_v1p5_macd2h,2025-10-27 00:30:00,2h_wick_r75_v1p5_macd2h_armATR2p0
642711,0.005973043772460285,9.234322547912598,642708,3602.5093540000003,0.006574318381214805,2.5480325035125624,short,2h_wick_r75_v1p5_macd2h,2025-11-04 00:20:00,2h_wick_r75_v1p5_macd2h_armATR2p0
649063,0.008438503031555201,8.667149543762207,649044,2955.54099,0.00904031109377379,3.082790929715764,long,2h_wick_r75_v1p5_macd2h,2025-11-26 01:40:00,2h_wick_r75_v1p5_macd2h_armATR2p0
650117,0.0010191000127281584,2.3214111328125,650032,2988.7621280000003,0.0016193838327307475,2.081547698165001,short,2h_wick_r75_v1p5_macd2h,2025-11-29 17:30:00,2h_wick_r75_v1p5_macd2h_armATR2p0
650947,0.00421311248976326,5.8271484375,650941,2859.97188,0.00481407530482425,2.362754295290719,long,2h_wick_r75_v1p5_macd2h,2025-12-02 14:40:00,2h_wick_r75_v1p5_macd2h_armATR2p0
651834,0.013196478227459575,17.577131271362305,651829,3064.856906,0.0137991975231051,2.3733626014370013,short,2h_wick_r75_v1p5_macd2h,2025-12-05 16:35:00,2h_wick_r75_v1p5_macd2h_armATR2p0
652421,0.014093514790929974,9.698573112487793,652419,3079.935864,0.014696454081746246,4.667092310900673,long,2h_wick_r75_v1p5_macd2h,2025-12-07 17:30:00,2h_wick_r75_v1p5_macd2h_armATR2p0
653372,0.006221358316268422,8.445748329162598,653371,3282.453378,0.006822682587931395,2.633677577532738,short,2h_wick_r75_v1p5_macd2h,2025-12-11 00:45:00,2h_wick_r75_v1p5_macd2h_armATR2p0
654623,0.005046516983477867,8.235734939575195,654541,3127.77543,0.00564764651278038,2.144868688660233,long,2h_wick_r75_v1p5_macd2h,2025-12-15 09:00:00,2h_wick_r75_v1p5_macd2h_armATR2p0
657711,0.0043728945572032,4.0871758460998535,657584,2966.84325,0.004973889335070147,3.6105003933416495,long,2h_wick_r75_v1p5_macd2h,2025-12-26 02:20:00,2h_wick_r75_v1p5_macd2h_armATR2p0
661322,0.00790108768255733,10.308524131774902,661320,3175.724728,0.008502747900093865,2.5973386352630383,short,2h_wick_r75_v1p5_macd2h,2026-01-07 15:15:00,2h_wick_r75_v1p5_macd2h_armATR2p0
662413,-6.948635059704744e-05,0.7907366156578064,662399,3107.1213,0.0005306197733574436,2.085017902742055,long,2h_wick_r75_v1p5_macd2h,2026-01-11 10:10:00,2h_wick_r75_v1p5_macd2h_armATR2p0
663919,0.0045271483414972115,7.815743446350098,663918,3287.4323820000004,0.0051281337711657216,2.145973971015279,short,2h_wick_r75_v1p5_macd2h,2026-01-16 15:40:00,2h_wick_r75_v1p5_macd2h_armATR2p0
664528,0.005473645548270634,3.5407192707061768,664479,3341.928252,0.0060748605203748696,5.733792048402298,long,2h_wick_r75_v1p5_macd2h,2026-01-18 18:25:00,2h_wick_r75_v1p5_macd2h_armATR2p0
667097,0.0054999530239558505,8.605730056762695,667093,2966.133108,0.006101173258607595,2.1028886428733413,long,2h_wick_r75_v1p5_macd2h,2026-01-27 16:30:00,2h_wick_r75_v1p5_macd2h_armATR2p0
667610,0.003367199143214217,5.119315147399902,667528,2940.531776,0.003967952583042722,2.270181785136367,short,2h_wick_r75_v1p5_macd2h,2026-01-29 11:15:00,2h_wick_r75_v1p5_macd2h_armATR2p0
670119,0.009407489270038828,7.299996376037598,670116,2093.158548,0.010009491168272655,2.870063342602999,long,2h_wick_r75_v1p5_macd2h,2026-02-07 04:20:00,2h_wick_r75_v1p5_macd2h_armATR2p0
670745,0.007609145479171975,7.252144813537598,670665,2055.38884,0.008210747308267763,2.308122690649192,short,2h_wick_r75_v1p5_macd2h,2026-02-09 08:30:00,2h_wick_r75_v1p5_macd2h_armATR2p0
671980,0.013047805517930123,9.585693359375,671977,2012.20236,0.013650535625055138,2.86548285765225,long,2h_wick_r75_v1p5_macd2h,2026-02-13 15:25:00,2h_wick_r75_v1p5_macd2h_armATR2p0
672526,0.0068195361290718905,4.192147254943848,672526,2026.074704,0.007420980036297653,3.5601573829256936,short,2h_wick_r75_v1p5_macd2h,2026-02-15 12:55:00,2h_wick_r75_v1p5_macd2h_armATR2p0
673335,0.004524859692001293,2.36572265625,673329,2022.214362,0.005125884868975028,4.381594762435496,long,2h_wick_r75_v1p5_macd2h,2026-02-18 08:20:00,2h_wick_r75_v1p5_macd2h_armATR2p0
674597,0.006814940673621939,2.961452007293701,674551,1951.90954,0.007416383661756676,4.852194114444431,short,2h_wick_r75_v1p5_macd2h,2026-02-22 17:30:00,2h_wick_r75_v1p5_macd2h_armATR2p0
675270,0.008303771966462216,7.2735772132873535,675266,1904.340792,0.008905553077077633,2.3316186111311157,long,2h_wick_r75_v1p5_macd2h,2026-02-25 01:35:00,2h_wick_r75_v1p5_macd2h_armATR2p0
675980,0.006916926325582784,6.615016460418701,675963,1969.376046,0.007518389710847728,2.2216189616359365,short,2h_wick_r75_v1p5_macd2h,2026-02-27 12:45:00,2h_wick_r75_v1p5_macd2h_armATR2p0
676425,0.007708875934613957,7.266427040100098,676425,1989.307782,0.00831053804222237,2.275150897238224,long,2h_wick_r75_v1p5_macd2h,2026-03-01 01:50:00,2h_wick_r75_v1p5_macd2h_armATR2p0
677988,0.005770686375633449,4.354282855987549,677958,2051.559606,0.006371920512908469,2.9831791892292747,short,2h_wick_r75_v1p5_macd2h,2026-03-06 12:05:00,2h_wick_r75_v1p5_macd2h_armATR2p0
678745,0.007084332042979602,6.7407050132751465,678745,1982.0363280000001,0.007685869216822905,2.2599523299118776,long,2h_wick_r75_v1p5_macd2h,2026-03-09 03:10:00,2h_wick_r75_v1p5_macd2h_armATR2p0
680706,0.00741771860406022,3.6635916233062744,680700,2147.389392,0.00801932246855408,4.700471496454355,long,2h_wick_r75_v1p5_macd2h,2026-03-15 22:35:00,2h_wick_r75_v1p5_macd2h_armATR2p0
681437,0.006278760015343732,4.3600029945373535,681437,2292.011506,0.006880095767346717,3.5920860649917477,short,2h_wick_r75_v1p5_macd2h,2026-03-18 11:30:00,2h_wick_r75_v1p5_macd2h_armATR2p0
683671,0.00427366792677093,2.4456787109375,683665,2140.17188,0.004874602660356109,4.2449893166957455,short,2h_wick_r75_v1p5_macd2h,2026-03-26 05:40:00,2h_wick_r75_v1p5_macd2h_armATR2p0
684815,0.005775331779350701,5.618556499481201,684789,2039.05773,0.006376607100770926,2.3141655692526255,long,2h_wick_r75_v1p5_macd2h,2026-03-30 05:00:00,2h_wick_r75_v1p5_macd2h_armATR2p0
685663,0.014727772460836964,12.677839279174805,685646,2081.13369,0.015330798015328995,2.4786313588639715,short,2h_wick_r75_v1p5_macd2h,2026-04-02 03:40:00,2h_wick_r75_v1p5_macd2h_armATR2p0
686762,0.01113025430689958,5.220005512237549,686759,2086.727262,0.011732600827064843,4.690174740736175,long,2h_wick_r75_v1p5_macd2h,2026-04-05 23:15:00,2h_wick_r75_v1p5_macd2h_armATR2p0
687204,0.006455288476166121,4.485682964324951,687192,2089.562004,0.007056659533861476,3.2641638110515205,short,2h_wick_r75_v1p5_macd2h,2026-04-07 12:05:00,2h_wick_r75_v1p5_macd2h_armATR2p0
688433,0.003498258389616993,3.0850131511688232,688412,2265.623034,0.0040990782052579,3.0103489174693143,long,2h_wick_r75_v1p5_macd2h,2026-04-11 18:30:00,2h_wick_r75_v1p5_macd2h_armATR2p0
690763,0.008867298761040266,6.1207098960876465,689818,2298.450218,0.009469152220792365,3.5225028413422033,short,2h_wick_r75_v1p5_macd2h,2026-04-19 20:40:00,2h_wick_r75_v1p5_macd2h_armATR2p0
691411,0.007004227714312261,4.9671454429626465,691407,2345.71905,0.007605748864084827,3.5917913427070065,long,2h_wick_r75_v1p5_macd2h,2026-04-22 02:40:00,2h_wick_r75_v1p5_macd2h_armATR2p0
693612,0.012430363971562787,2.627842426300049,693265,2263.2472599999996,0.013032930044357016,11.08029146214679,short,2h_wick_r75_v1p5_macd2h,2026-04-29 18:05:00,2h_wick_r75_v1p5_macd2h_armATR2p0
694107,0.001508312221354569,2.1257150173187256,694011,2287.00731,0.0021087339681480355,2.2687377944401383,long,2h_wick_r75_v1p5_macd2h,2026-05-01 11:20:00,2h_wick_r75_v1p5_macd2h_armATR2p0
695710,0.0021137404059412114,1.9971400499343872,695708,2335.7927480000003,0.0027142431540223555,3.1659011596148328,short,2h_wick_r75_v1p5_macd2h,2026-05-07 00:55:00,2h_wick_r75_v1p5_macd2h_armATR2p0
696480,0.003170181489305213,1.8193185329437256,696325,2321.8942859999997,0.003770935676440379,4.812633874417406,long,2h_wick_r75_v1p5_macd2h,2026-05-09 17:05:00,2h_wick_r75_v1p5_macd2h_armATR2p0
697223,0.004495738146108108,5.3850274085998535,697026,2308.8981280000003,0.005096717293737285,2.1742002615070093,short,2h_wick_r75_v1p5_macd2h,2026-05-12 07:00:00,2h_wick_r75_v1p5_macd2h_armATR2p0
700252,0.004883986388902484,4.098598003387451,700245,2095.43083,0.005485043186180372,2.7889610033851375,short,2h_wick_r75_v1p5_macd2h,2026-05-22 19:25:00,2h_wick_r75_v1p5_macd2h_armATR2p0
702809,0.0025542246033193996,2.3514230251312256,702783,2006.018716,0.0031548154482399227,2.682935368317206,short,2h_wick_r75_v1p5_macd2h,2026-05-31 16:30:00,2h_wick_r75_v1p5_macd2h_armATR2p0
704704,0.0057960914971135315,4.2978692054748535,704704,1609.741884,0.006397370971307881,2.3960980447896483,long,2h_wick_r75_v1p5_macd2h,2026-06-07 06:25:00,2h_wick_r75_v1p5_macd2h_armATR2p0
705380,0.007297100347621166,6.459987163543701,705375,1648.6702,0.007898639767690785,2.000034933956819,short,2h_wick_r75_v1p5_macd2h,2026-06-09 14:45:00,2h_wick_r75_v1p5_macd2h_armATR2p0
705990,0.002936308602065907,2.530735492706299,705922,1667.1233579999998,0.003537016005266791,2.3300111833079993,long,2h_wick_r75_v1p5_macd2h,2026-06-11 17:35:00,2h_wick_r75_v1p5_macd2h_armATR2p0
2024,0.007516604800140225,0.5399987101554871,1982,173.114616,0.008118228445829212,2.6025691794621735,long,2h_wick_r75_v1p5_macd2h,2019-09-30 13:30:00,2h_wick_r75_v1p5_macd2h_armATR2p5
2902,0.012842483569878117,0.3664289116859436,2899,172.275538,0.013445132066592258,6.237329880669667,short,2h_wick_r75_v1p5_macd2h,2019-10-03 14:40:00,2h_wick_r75_v1p5_macd2h_armATR2p5
4028,0.004992229512968249,0.3057141900062561,4027,176.065206,0.005593348182604707,3.2212897935155365,long,2h_wick_r75_v1p5_macd2h,2019-10-07 12:30:00,2h_wick_r75_v1p5_macd2h_armATR2p5
5223,0.021368186534385946,1.3600006103515625,5104,185.71285,0.02197254017169281,2.935917800042638,short,2h_wick_r75_v1p5_macd2h,2019-10-11 16:05:00,2h_wick_r75_v1p5_macd2h_armATR2p5
6098,0.008693880322742943,0.6542870402336121,6094,185.347062,0.009295739470636999,2.633306017164618,long,2h_wick_r75_v1p5_macd2h,2019-10-14 17:00:00,2h_wick_r75_v1p5_macd2h_armATR2p5
6617,0.004197512493865308,0.3221392035484314,6611,176.86462,0.004798431996364094,2.6219100025589066,short,2h_wick_r75_v1p5_macd2h,2019-10-16 12:15:00,2h_wick_r75_v1p5_macd2h_armATR2p5
8039,0.008596958584581938,0.4000004231929779,7835,175.555104,0.009198798344250969,4.037235728675443,long,2h_wick_r75_v1p5_macd2h,2019-10-21 10:45:00,2h_wick_r75_v1p5_macd2h_armATR2p5
8513,0.003771421813198295,0.26428550481796265,8379,171.305732,0.004372256097560978,2.821690885066349,short,2h_wick_r75_v1p5_macd2h,2019-10-23 02:15:00,2h_wick_r75_v1p5_macd2h_armATR2p5
9195,0.005780805899167474,0.3271419107913971,9191,164.08281,0.006382082315630644,3.201026727106647,long,2h_wick_r75_v1p5_macd2h,2019-10-25 11:05:00,2h_wick_r75_v1p5_macd2h_armATR2p5
10667,0.009543440705395768,0.7121440172195435,10628,182.553482,0.01014542939353702,2.5745944017876488,short,2h_wick_r75_v1p5_macd2h,2019-10-30 13:45:00,2h_wick_r75_v1p5_macd2h_armATR2p5
11828,0.002188090187110703,0.16785867512226105,11781,181.153762,0.0027886078051480023,3.0011079238715315,short,2h_wick_r75_v1p5_macd2h,2019-11-03 14:30:00,2h_wick_r75_v1p5_macd2h_armATR2p5
12405,0.009634097668359055,0.2892870306968689,12405,188.767746,0.010236144897338484,6.679366148372977,long,2h_wick_r75_v1p5_macd2h,2019-11-05 14:35:00,2h_wick_r75_v1p5_macd2h_armATR2p5
12915,0.0027736996072320165,0.22571346163749695,12871,188.04238400000003,0.003374334347153507,2.801711494796262,short,2h_wick_r75_v1p5_macd2h,2019-11-07 09:05:00,2h_wick_r75_v1p5_macd2h_armATR2p5
13737,0.005716656331018877,0.27285656332969666,13737,187.177428,0.006317919915001857,4.334042713024654,long,2h_wick_r75_v1p5_macd2h,2019-11-10 05:35:00,2h_wick_r75_v1p5_macd2h_armATR2p5
15723,0.0015084982695549702,0.08071572333574295,15687,182.253542,0.0021088799692088323,4.751763152820109,short,2h_wick_r75_v1p5_macd2h,2019-11-17 03:05:00,2h_wick_r75_v1p5_macd2h_armATR2p5
30753,0.005290933532021658,0.25499942898750305,30663,143.62127,0.005892071718728076,3.299105426786024,short,2h_wick_r75_v1p5_macd2h,2020-01-08 07:35:00,2h_wick_r75_v1p5_macd2h_armATR2p5
48869,0.008533226657213523,0.5749980211257935,48807,201.029786,0.009135013302544959,3.164856109308027,short,2h_wick_r75_v1p5_macd2h,2020-03-11 05:15:00,2h_wick_r75_v1p5_macd2h_armATR2p5
57453,0.0015632007404666308,0.0678580179810524,57447,169.23384,0.0021636334671599755,5.395972515764439,long,2h_wick_r75_v1p5_macd2h,2020-04-10 00:35:00,2h_wick_r75_v1p5_macd2h_armATR2p5
57494,0.022128406818636214,0.5842841267585754,57493,163.63726599999998,0.02273291249999998,6.2251665472727975,short,2h_wick_r75_v1p5_macd2h,2020-04-10 04:00:00,2h_wick_r75_v1p5_macd2h_armATR2p5
58193,0.0015692437736491542,0.1135711669921875,58193,160.362066,0.0021696777091908537,3.0635768673922623,long,2h_wick_r75_v1p5_macd2h,2020-04-12 14:15:00,2h_wick_r75_v1p5_macd2h_armATR2p5
59164,0.005230454237021354,0.31428417563438416,59163,153.38931599999998,0.0058315803278687905,2.829655671351861,short,2h_wick_r75_v1p5_macd2h,2020-04-15 23:10:00,2h_wick_r75_v1p5_macd2h_armATR2p5
60992,0.003140459641161231,0.16499873995780945,60992,175.075008,0.003741207882737907,3.9696787997743246,long,2h_wick_r75_v1p5_macd2h,2020-04-22 07:30:00,2h_wick_r75_v1p5_macd2h_armATR2p5
101760,0.006971928778220571,0.7314257025718689,101495,370.494084,0.0075734434669139095,3.836228327954225,long,2h_wick_r75_v1p5_macd2h,2020-09-11 22:10:00,2h_wick_r75_v1p5_macd2h_armATR2p5
109853,0.005467079335597491,0.7292851209640503,109847,365.333052,0.0060682929941964225,3.03989199322947,long,2h_wick_r75_v1p5_macd2h,2020-10-10 00:35:00,2h_wick_r75_v1p5_macd2h_armATR2p5
150991,0.010821567384966714,5.375,150989,1576.9353239999998,0.011423852155397762,3.351567627907021,long,2h_wick_r75_v1p5_macd2h,2021-03-02 00:15:00,2h_wick_r75_v1p5_macd2h_armATR2p5
184389,0.014245018081807405,10.523576736450195,184304,1804.359056,0.014847947085423696,2.508563073290696,short,2h_wick_r75_v1p5_macd2h,2021-06-26 07:10:00,2h_wick_r75_v1p5_macd2h_armATR2p5
189493,0.013314598000168277,5.4350152015686035,189488,1942.36145,0.01391734091976815,4.905496859016195,short,2h_wick_r75_v1p5_macd2h,2021-07-14 00:30:00,2h_wick_r75_v1p5_macd2h_armATR2p5
192945,0.01635670437402643,6.963553428649902,192656,2182.9765079999997,0.01696009639330498,5.316752772754756,long,2h_wick_r75_v1p5_macd2h,2021-07-26 00:10:00,2h_wick_r75_v1p5_macd2h_armATR2p5
212541,0.006862551242323889,7.374215126037598,212528,3305.06088,0.007464044051133989,3.345321444840399,long,2h_wick_r75_v1p5_macd2h,2021-10-02 01:10:00,2h_wick_r75_v1p5_macd2h_armATR2p5
231639,0.011197870593219373,16.516462326049805,231536,4354.9308120000005,0.011800230639347209,3.1113919546165794,long,2h_wick_r75_v1p5_macd2h,2021-12-07 08:40:00,2h_wick_r75_v1p5_macd2h_armATR2p5
240466,0.0051467252395982046,6.412178993225098,240464,3406.5785480000004,0.0057478345846460055,3.0361828670987077,short,2h_wick_r75_v1p5_macd2h,2022-01-07 00:15:00,2h_wick_r75_v1p5_macd2h_armATR2p5
246226,0.011237444164167344,9.597847938537598,246224,2465.162934,0.011839812126592575,3.0410010855461755,long,2h_wick_r75_v1p5_macd2h,2022-01-27 00:15:00,2h_wick_r75_v1p5_macd2h_armATR2p5
248599,0.009798267010357976,8.381417274475098,248591,2752.75044,0.010400347079773997,3.4158375680911663,long,2h_wick_r75_v1p5_macd2h,2022-02-04 06:00:00,2h_wick_r75_v1p5_macd2h_armATR2p5
249753,0.0063222661491739275,8.390694618225098,249750,3195.0088739999997,0.006923650879349763,2.6363879281164673,long,2h_wick_r75_v1p5_macd2h,2022-02-08 06:10:00,2h_wick_r75_v1p5_macd2h_armATR2p5
251714,0.017891330055734133,8.489954948425293,251580,2959.0816979999995,0.01849502906154643,6.4462417447988205,long,2h_wick_r75_v1p5_macd2h,2022-02-15 01:35:00,2h_wick_r75_v1p5_macd2h_armATR2p5
252431,0.007985085315961494,7.269984722137451,252179,3050.369804,0.008586762333024689,3.572195127304813,short,2h_wick_r75_v1p5_macd2h,2022-02-17 13:20:00,2h_wick_r75_v1p5_macd2h_armATR2p5
254085,0.007769216435086834,8.419276237487793,254066,2666.013096,0.008370890613209392,2.6506915048862774,long,2h_wick_r75_v1p5_macd2h,2022-02-23 07:40:00,2h_wick_r75_v1p5_macd2h_armATR2p5
255384,0.0161967289943314,12.058610916137695,255380,2650.31983,0.01680004834013027,3.6314157828408766,short,2h_wick_r75_v1p5_macd2h,2022-02-27 19:55:00,2h_wick_r75_v1p5_macd2h_armATR2p5
258066,0.011858052859293934,9.232840538024902,258056,2632.596414,0.012460544968287746,3.5529245701688863,long,2h_wick_r75_v1p5_macd2h,2022-03-09 03:25:00,2h_wick_r75_v1p5_macd2h_armATR2p5
259451,0.01059497687624207,10.048566818237305,258628,2534.323034,0.011197175871617393,2.7927399506432837,short,2h_wick_r75_v1p5_macd2h,2022-03-13 22:50:00,2h_wick_r75_v1p5_macd2h_armATR2p5
261360,0.004257196087305637,5.132864952087402,261337,2885.982688,0.004858127526522926,2.718304130391285,short,2h_wick_r75_v1p5_macd2h,2022-03-20 13:55:00,2h_wick_r75_v1p5_macd2h_armATR2p5
261808,0.016433052059530117,12.202863693237305,261799,2964.072696,0.017036459351400524,4.1381519346139255,long,2h_wick_r75_v1p5_macd2h,2022-03-22 03:15:00,2h_wick_r75_v1p5_macd2h_armATR2p5
266761,0.005815192847109918,6.5513739585876465,266698,3272.1543,0.006416476142338423,3.204778132452421,long,2h_wick_r75_v1p5_macd2h,2022-04-08 08:00:00,2h_wick_r75_v1p5_macd2h_armATR2p5
267829,0.007288977925985885,7.342825889587402,267818,2984.2630280000003,0.007890515721571179,3.1817488731593766,short,2h_wick_r75_v1p5_macd2h,2022-04-12 01:00:00,2h_wick_r75_v1p5_macd2h_armATR2p5
269539,0.006417433206755874,8.192818641662598,269538,3012.587362,0.007018796693397222,2.562898425851033,short,2h_wick_r75_v1p5_macd2h,2022-04-17 23:30:00,2h_wick_r75_v1p5_macd2h_armATR2p5
270263,0.009252515509601001,9.051408767700195,270002,3118.02348,0.009854486406882357,3.394667149454928,long,2h_wick_r75_v1p5_macd2h,2022-04-20 11:50:00,2h_wick_r75_v1p5_macd2h_armATR2p5
271795,0.0076994683690442935,7.473580360412598,271787,2971.384158,0.008301128594763174,3.3004050014173663,long,2h_wick_r75_v1p5_macd2h,2022-04-25 19:30:00,2h_wick_r75_v1p5_macd2h_armATR2p5
272916,0.007106617574170482,8.485037803649902,272853,2837.23244,0.007708118897685301,2.5577305018799747,short,2h_wick_r75_v1p5_macd2h,2022-04-29 16:55:00,2h_wick_r75_v1p5_macd2h_armATR2p5
273635,0.008324822963988466,9.637137413024902,273570,2835.677022,0.00892660828564562,2.6266075614724165,long,2h_wick_r75_v1p5_macd2h,2022-05-02 04:50:00,2h_wick_r75_v1p5_macd2h_armATR2p5
274631,0.010923694250531258,7.962855815887451,274101,2762.4773940000005,0.011525958989381246,3.9530282511453887,short,2h_wick_r75_v1p5_macd2h,2022-05-05 15:50:00,2h_wick_r75_v1p5_macd2h_armATR2p5
277563,0.016331625390101977,7.621425151824951,277466,2089.877892,0.01693501239258044,4.643765082640137,long,2h_wick_r75_v1p5_macd2h,2022-05-15 20:10:00,2h_wick_r75_v1p5_macd2h_armATR2p5
278360,0.008791071796934792,6.490714073181152,278340,2001.989522,0.009392910011294164,2.8701806596249737,short,2h_wick_r75_v1p5_macd2h,2022-05-18 14:35:00,2h_wick_r75_v1p5_macd2h_armATR2p5
279895,0.012771984902704104,10.33001708984375,279862,1989.082104,0.013374619299684642,2.5413417782058314,short,2h_wick_r75_v1p5_macd2h,2022-05-23 22:30:00,2h_wick_r75_v1p5_macd2h_armATR2p5
281664,0.004818961327755345,3.2178518772125244,281661,1836.297186,0.005420045336822721,3.0929994231498465,long,2h_wick_r75_v1p5_macd2h,2022-05-30 01:55:00,2h_wick_r75_v1p5_macd2h_armATR2p5
282394,0.006235597864407039,4.3500189781188965,282267,1916.876548,0.0068369249839799195,2.992296830306905,short,2h_wick_r75_v1p5_macd2h,2022-06-01 14:45:00,2h_wick_r75_v1p5_macd2h_armATR2p5
283346,0.006903183119361733,3.097874164581299,283346,1796.319192,0.007504684056172994,4.3516318881280505,long,2h_wick_r75_v1p5_macd2h,2022-06-04 22:05:00,2h_wick_r75_v1p5_macd2h_armATR2p5
283952,0.01334069184249649,9.680009841918945,283952,1780.423844,0.013943439980864891,2.529320155644205,short,2h_wick_r75_v1p5_macd2h,2022-06-07 00:35:00,2h_wick_r75_v1p5_macd2h_armATR2p5
288859,0.015954964352788047,7.140006065368652,288796,1141.5282599999998,0.016558276007989647,2.6473002721496024,long,2h_wick_r75_v1p5_macd2h,2022-06-24 01:30:00,2h_wick_r75_v1p5_macd2h_armATR2p5
290001,0.010939638287894083,5.250706195831299,289870,1192.91137,0.011541906215551734,2.5922932063512856,short,2h_wick_r75_v1p5_macd2h,2022-06-28 00:40:00,2h_wick_r75_v1p5_macd2h_armATR2p5
291865,0.012793667093557738,3.721435546875,291864,1092.208398,0.013396346362830158,3.931709098733826,long,2h_wick_r75_v1p5_macd2h,2022-07-04 12:00:00,2h_wick_r75_v1p5_macd2h_armATR2p5
293583,0.007124736584322289,3.5906982421875,293479,1188.502252,0.007726241531639255,2.5377381738568476,short,2h_wick_r75_v1p5_macd2h,2022-07-10 11:10:00,2h_wick_r75_v1p5_macd2h_armATR2p5
294599,0.011099539835214679,4.95001220703125,294463,1099.829922,0.011701880211256954,2.6000093457787505,long,2h_wick_r75_v1p5_macd2h,2022-07-13 23:50:00,2h_wick_r75_v1p5_macd2h_armATR2p5
297739,0.011849386344223013,7.85357666015625,297550,1606.881312,0.012451876719566934,2.547716647563995,long,2h_wick_r75_v1p5_macd2h,2022-07-24 21:30:00,2h_wick_r75_v1p5_macd2h_armATR2p5
299918,0.014070364545162485,6.627162456512451,299769,1670.405852,0.014673258618071339,3.6449765881719656,short,2h_wick_r75_v1p5_macd2h,2022-08-01 11:05:00,2h_wick_r75_v1p5_macd2h_armATR2p5
301072,0.009601120741530479,3.8128488063812256,300509,1681.2261780000001,0.010203161373805392,4.498951537572423,long,2h_wick_r75_v1p5_macd2h,2022-08-05 11:15:00,2h_wick_r75_v1p5_macd2h_armATR2p5
302230,0.008110137998811063,5.8042778968811035,302229,1711.05772,0.008711840026410789,2.5460049057852263,short,2h_wick_r75_v1p5_macd2h,2022-08-09 11:45:00,2h_wick_r75_v1p5_macd2h_armATR2p5
302810,0.010425069118720166,7.3214287757873535,302683,1891.82829,0.011027274573634838,2.8494042131491804,long,2h_wick_r75_v1p5_macd2h,2022-08-11 12:05:00,2h_wick_r75_v1p5_macd2h_armATR2p5
303732,0.008122920048348982,4.76141357421875,303731,1958.368248,0.00872462463235868,3.5573990236248587,short,2h_wick_r75_v1p5_macd2h,2022-08-14 16:55:00,2h_wick_r75_v1p5_macd2h_armATR2p5
304465,0.009788192183739232,4.6656928062438965,304463,1919.6938619999999,0.010390270237786714,4.275064567754479,long,2h_wick_r75_v1p5_macd2h,2022-08-17 06:00:00,2h_wick_r75_v1p5_macd2h_armATR2p5
305047,0.01464667247102276,7.469979286193848,304974,1821.865554,0.01524968180551678,3.6634042681453605,short,2h_wick_r75_v1p5_macd2h,2022-08-19 06:30:00,2h_wick_r75_v1p5_macd2h_armATR2p5
306345,0.011100950120398868,7.6235527992248535,305802,1643.248584,0.011703290778554587,2.522631705516028,long,2h_wick_r75_v1p5_macd2h,2022-08-23 18:40:00,2h_wick_r75_v1p5_macd2h_armATR2p5
307070,0.004608217753291966,3.3350131511688232,307070,1653.579218,0.0052092193968427125,2.5694705272741833,short,2h_wick_r75_v1p5_macd2h,2022-08-26 07:05:00,2h_wick_r75_v1p5_macd2h_armATR2p5
308041,0.014417443485352078,7.596435546875,308019,1510.4720340000001,0.015020447574867202,2.9866594483689486,long,2h_wick_r75_v1p5_macd2h,2022-08-29 16:00:00,2h_wick_r75_v1p5_macd2h_armATR2p5
309865,0.00692947039077203,2.6028616428375244,309722,1574.194776,0.007530976586089144,4.5546885031798565,long,2h_wick_r75_v1p5_macd2h,2022-09-05 00:00:00,2h_wick_r75_v1p5_macd2h_armATR2p5
312173,0.013812379410928345,6.3071112632751465,312072,1707.098512,0.014415221886810548,3.8462159596346157,short,2h_wick_r75_v1p5_macd2h,2022-09-13 00:20:00,2h_wick_r75_v1p5_macd2h_armATR2p5
312730,0.008293759792102852,5.7278618812561035,312729,1631.57625,0.008895538899882816,2.5338861691994956,long,2h_wick_r75_v1p5_macd2h,2022-09-14 22:45:00,2h_wick_r75_v1p5_macd2h_armATR2p5
313803,0.0170939966234926,7.116428852081299,313231,1422.985346,0.01769749542281729,3.4772139951575296,short,2h_wick_r75_v1p5_macd2h,2022-09-18 16:10:00,2h_wick_r75_v1p5_macd2h_armATR2p5
315829,0.011446447896356028,3.527858257293701,315789,1303.549238,0.012048817185935201,4.399053722726729,short,2h_wick_r75_v1p5_macd2h,2022-09-25 17:00:00,2h_wick_r75_v1p5_macd2h_armATR2p5
317764,0.01375096525303472,2.3335483074188232,317554,1307.948358,0.01435379544608506,7.931422692711448,short,2h_wick_r75_v1p5_macd2h,2022-10-02 10:15:00,2h_wick_r75_v1p5_macd2h_armATR2p5
318261,0.009516434745775638,5.2778754234313965,318102,1316.0931659999999,0.010118458437463174,2.5231429186220344,long,2h_wick_r75_v1p5_macd2h,2022-10-04 03:40:00,2h_wick_r75_v1p5_macd2h_armATR2p5
319629,0.007107285898399107,2.602146625518799,318664,1324.864974,0.007708787355578783,3.894851235748259,short,2h_wick_r75_v1p5_macd2h,2022-10-08 21:40:00,2h_wick_r75_v1p5_macd2h_armATR2p5
319957,0.003218580316819164,1.980712890625,319955,1331.0761619999998,0.003819344185656215,2.566670830519042,long,2h_wick_r75_v1p5_macd2h,2022-10-10 01:00:00,2h_wick_r75_v1p5_macd2h_armATR2p5
321909,0.004357951228407275,1.3914445638656616,321908,1294.848918,0.00495894301701072,4.6146876179969745,long,2h_wick_r75_v1p5_macd2h,2022-10-16 19:40:00,2h_wick_r75_v1p5_macd2h_armATR2p5
322474,0.007851081734847788,3.933558940887451,322432,1305.068934,0.008452731951194892,2.7809254073441836,short,2h_wick_r75_v1p5_macd2h,2022-10-18 18:45:00,2h_wick_r75_v1p5_macd2h_armATR2p5
323581,0.006432932531756652,2.8721401691436768,322997,1309.0417559999999,0.007034339399636602,3.206056619007411,long,2h_wick_r75_v1p5_macd2h,2022-10-22 15:00:00,2h_wick_r75_v1p5_macd2h_armATR2p5
327316,0.017822433517848468,11.787833213806152,326789,1612.792494,0.01842611874159683,2.521032106663522,long,2h_wick_r75_v1p5_macd2h,2022-11-04 14:15:00,2h_wick_r75_v1p5_macd2h_armATR2p5
327859,0.002925305373233389,2.0114047527313232,327744,1618.366262,0.0035259704343080234,2.827010323147772,short,2h_wick_r75_v1p5_macd2h,2022-11-06 11:30:00,2h_wick_r75_v1p5_macd2h_armATR2p5
329845,0.013326655580008851,4.194998741149902,329822,1241.9215660000002,0.013929400911124823,4.06712064836604,short,2h_wick_r75_v1p5_macd2h,2022-11-13 09:00:00,2h_wick_r75_v1p5_macd2h_armATR2p5
331731,0.0027641557855266454,1.0542863607406616,331730,1217.463444,0.0033648287512770825,3.8856198396819197,long,2h_wick_r75_v1p5_macd2h,2022-11-19 22:10:00,2h_wick_r75_v1p5_macd2h_armATR2p5
332275,0.016045404514573657,4.319266319274902,332258,1100.37988,0.016648693595476605,4.171977059989472,short,2h_wick_r75_v1p5_macd2h,2022-11-21 19:30:00,2h_wick_r75_v1p5_macd2h_armATR2p5
334072,0.008803653087145992,3.79571533203125,334054,1193.541244,0.009405493817763455,2.9299468024248485,short,2h_wick_r75_v1p5_macd2h,2022-11-28 01:15:00,2h_wick_r75_v1p5_macd2h_armATR2p5
334641,0.03245479764723021,2.3435757160186768,334641,1230.2560019999999,0.03306140992921591,17.355529724082558,long,2h_wick_r75_v1p5_macd2h,2022-11-30 00:40:00,2h_wick_r75_v1p5_macd2h_armATR2p5
335732,0.0013274607675383802,0.9650093913078308,335631,1266.39667,0.001927806259691911,2.525022058798565,short,2h_wick_r75_v1p5_macd2h,2022-12-03 19:35:00,2h_wick_r75_v1p5_macd2h_armATR2p5
336114,0.006014600177385932,3.0143258571624756,336080,1288.167582,0.006615923362058407,2.827304811704254,long,2h_wick_r75_v1p5_macd2h,2022-12-05 03:25:00,2h_wick_r75_v1p5_macd2h_armATR2p5
338512,0.00535071963238849,2.43572998046875,338497,1279.2858059999999,0.005951910014391437,3.1260419098404713,long,2h_wick_r75_v1p5_macd2h,2022-12-13 11:15:00,2h_wick_r75_v1p5_macd2h_armATR2p5
338975,0.007711589433162924,2.7221243381500244,338974,1294.301088,0.008313211751049598,3.920132468031191,short,2h_wick_r75_v1p5_macd2h,2022-12-15 01:50:00,2h_wick_r75_v1p5_macd2h_armATR2p5
340449,0.006072788714475319,2.0635898113250732,340449,1200.1599840000001,0.006674123539182952,3.881593113147111,long,2h_wick_r75_v1p5_macd2h,2022-12-20 04:40:00,2h_wick_r75_v1p5_macd2h_armATR2p5
341149,0.008850613557574062,2.9471261501312256,341144,1199.290094,0.009452463680285517,3.8105236857607774,short,2h_wick_r75_v1p5_macd2h,2022-12-22 15:00:00,2h_wick_r75_v1p5_macd2h_armATR2p5
345493,0.005203970253713619,2.6999948024749756,345478,1258.931736,0.005805131279969622,2.7067696550011204,long,2h_wick_r75_v1p5_macd2h,2023-01-06 17:00:00,2h_wick_r75_v1p5_macd2h_armATR2p5
356616,0.006226646165608152,3.5378506183624268,356059,1548.099558,0.00682801176796155,2.9878146762717046,long,2h_wick_r75_v1p5_macd2h,2023-02-14 15:05:00,2h_wick_r75_v1p5_macd2h_armATR2p5
363281,0.017058142672663656,5.3571343421936035,363060,1532.313476,0.01766163430119816,4.964123410261668,short,2h_wick_r75_v1p5_macd2h,2023-03-09 18:30:00,2h_wick_r75_v1p5_macd2h_armATR2p5
364219,0.022437893760636828,5.87286376953125,364213,1576.855308,0.02304250226108895,6.186878059134723,long,2h_wick_r75_v1p5_macd2h,2023-03-13 00:40:00,2h_wick_r75_v1p5_macd2h_armATR2p5
386390,0.0052452884432540705,3.5685861110687256,386388,1910.2219679999998,0.005846457734800969,3.129539725932422,long,2h_wick_r75_v1p5_macd2h,2023-05-29 00:15:00,2h_wick_r75_v1p5_macd2h_armATR2p5
392633,0.0075105724522543495,3.1628592014312744,392436,1721.8555600000002,0.008112154566744856,4.38070717587751,short,2h_wick_r75_v1p5_macd2h,2023-06-19 16:30:00,2h_wick_r75_v1p5_macd2h_armATR2p5
393304,0.005826081562490826,3.845703125,393300,1889.1477539999998,0.006427367035897857,3.1573539624175004,long,2h_wick_r75_v1p5_macd2h,2023-06-22 00:25:00,2h_wick_r75_v1p5_macd2h_armATR2p5
409923,0.024295557047458293,14.259294509887695,409716,1687.652402,0.024900496158867913,2.8754860187204856,short,2h_wick_r75_v1p5_macd2h,2023-08-18 17:20:00,2h_wick_r75_v1p5_macd2h_armATR2p5
415402,0.003468622409753941,2.1414358615875244,415082,1641.9183179999998,0.004069436297013285,3.1201877767409587,long,2h_wick_r75_v1p5_macd2h,2023-09-06 17:55:00,2h_wick_r75_v1p5_macd2h_armATR2p5
417501,0.00511279603411281,2.1871249675750732,417501,1623.294594,0.005713938821877207,4.240912676463969,long,2h_wick_r75_v1p5_macd2h,2023-09-14 00:50:00,2h_wick_r75_v1p5_macd2h_armATR2p5
418649,0.0026915358258365442,1.9957101345062256,417955,1614.2970759999998,0.003292154133001768,2.6542311473055804,short,2h_wick_r75_v1p5_macd2h,2023-09-18 00:30:00,2h_wick_r75_v1p5_macd2h_armATR2p5
420526,0.00032849489505566465,0.40142822265625,420483,1594.838904,0.0009286806311816775,3.689566194921646,long,2h_wick_r75_v1p5_macd2h,2023-09-24 12:55:00,2h_wick_r75_v1p5_macd2h_armATR2p5
423257,0.007264271173986048,4.150015830993652,422900,1652.8293680000002,0.00786580402822068,3.108269588675655,short,2h_wick_r75_v1p5_macd2h,2023-10-04 00:30:00,2h_wick_r75_v1p5_macd2h_armATR2p5
424527,0.0007389679696920397,0.6300048828125,424516,1626.07472,0.0013391957632860052,3.4519097539236254,short,2h_wick_r75_v1p5_macd2h,2023-10-08 10:20:00,2h_wick_r75_v1p5_macd2h_armATR2p5
426095,0.008446771089723538,2.1064016819000244,426094,1555.921122,0.009048580805884887,6.6838524299413535,long,2h_wick_r75_v1p5_macd2h,2023-10-13 21:00:00,2h_wick_r75_v1p5_macd2h_armATR2p5
427160,0.003175406817853732,1.9585832357406616,427152,1572.455446,0.0037761218992173884,3.020267860999524,short,2h_wick_r75_v1p5_macd2h,2023-10-17 13:45:00,2h_wick_r75_v1p5_macd2h_armATR2p5
427892,0.0022739589248485627,1.5607038736343384,427888,1577.495436,0.002874533831614956,2.9054608478933406,long,2h_wick_r75_v1p5_macd2h,2023-10-20 02:45:00,2h_wick_r75_v1p5_macd2h_armATR2p5
457254,0.004006452766981594,2.622105121612549,457236,2311.052118,0.004607374241829998,4.060814309935634,long,2h_wick_r75_v1p5_macd2h,2024-01-30 01:35:00,2h_wick_r75_v1p5_macd2h_armATR2p5
459544,0.0027447014765642043,2.9450161457061768,459540,2377.7754600000003,0.003345370550674076,2.701017449971341,long,2h_wick_r75_v1p5_macd2h,2024-02-07 00:25:00,2h_wick_r75_v1p5_macd2h_armATR2p5
476835,0.007649299263536147,8.854265213012695,476820,3359.401746,0.008250949453426859,3.1304973742218247,long,2h_wick_r75_v1p5_macd2h,2024-04-07 01:20:00,2h_wick_r75_v1p5_macd2h_armATR2p5
502486,0.01569348130373922,12.714320182800293,502452,3048.8901,0.016296700000000053,3.8452783394693597,short,2h_wick_r75_v1p5_macd2h,2024-07-05 02:55:00,2h_wick_r75_v1p5_macd2h_armATR2p5
505922,0.004907150174491237,6.034981727600098,505620,3487.957452,0.005508251824856147,3.1835304342570283,long,2h_wick_r75_v1p5_macd2h,2024-07-17 01:15:00,2h_wick_r75_v1p5_macd2h_armATR2p5
510813,0.008417302981225073,8.375017166137695,510804,2991.741532,0.009019066441821266,3.1930122015895988,short,2h_wick_r75_v1p5_macd2h,2024-08-03 00:50:00,2h_wick_r75_v1p5_macd2h_armATR2p5
514098,0.007295560034285176,6.4999823570251465,514048,2738.0174939999997,0.007897139462177627,3.326548413878488,long,2h_wick_r75_v1p5_macd2h,2024-08-14 10:35:00,2h_wick_r75_v1p5_macd2h_armATR2p5
516626,0.0037334905866290404,2.1085903644561768,516626,2653.100514,0.004334357458120719,5.453636796336931,long,2h_wick_r75_v1p5_macd2h,2024-08-23 05:15:00,2h_wick_r75_v1p5_macd2h_armATR2p5
517581,0.0039905719934673735,4.560756206512451,517456,2733.4631980000004,0.004591450107866102,2.7392821353093013,short,2h_wick_r75_v1p5_macd2h,2024-08-26 12:50:00,2h_wick_r75_v1p5_macd2h_armATR2p5
518432,0.0056539831522734564,3.9771206378936768,518370,2556.081114,0.006255234199113113,4.0202164972466035,long,2h_wick_r75_v1p5_macd2h,2024-08-29 11:45:00,2h_wick_r75_v1p5_macd2h_armATR2p5
519220,0.0031338914810836284,3.44140625,519181,2484.223056,0.003734598259379718,2.6858369307604404,short,2h_wick_r75_v1p5_macd2h,2024-09-01 05:25:00,2h_wick_r75_v1p5_macd2h_armATR2p5
521568,0.006521481348042713,5.931344032287598,521440,2316.0331140000003,0.007122905929228374,2.781306548768407,long,2h_wick_r75_v1p5_macd2h,2024-09-09 09:05:00,2h_wick_r75_v1p5_macd2h_armATR2p5
522201,0.005317509082179939,3.9657156467437744,522161,2314.3170440000004,0.0059186525839964865,3.4336914728572148,short,2h_wick_r75_v1p5_macd2h,2024-09-11 13:50:00,2h_wick_r75_v1p5_macd2h_armATR2p5
523943,0.006584124316794737,6.368599891662598,523935,2345.1289319999996,0.007185561429080778,2.645961166764588,long,2h_wick_r75_v1p5_macd2h,2024-09-17 15:00:00,2h_wick_r75_v1p5_macd2h_armATR2p5
525467,0.004556072732179795,4.33642578125,525467,2549.4100160000003,0.005157063946726215,3.0163126638892805,short,2h_wick_r75_v1p5_macd2h,2024-09-22 22:00:00,2h_wick_r75_v1p5_macd2h_armATR2p5
526544,0.00521482647090572,5.5864434242248535,526527,2637.987492,0.00581598966883945,2.74638206009015,long,2h_wick_r75_v1p5_macd2h,2024-09-26 15:45:00,2h_wick_r75_v1p5_macd2h_armATR2p5
527319,0.002461219976212137,2.9778878688812256,527308,2644.1310679999997,0.0030617922202074155,2.7103330801478407,short,2h_wick_r75_v1p5_macd2h,2024-09-29 08:20:00,2h_wick_r75_v1p5_macd2h_armATR2p5
528850,0.007127618967493099,5.205723285675049,528850,2396.22915,0.007729164800453159,3.557786110330719,long,2h_wick_r75_v1p5_macd2h,2024-10-04 15:55:00,2h_wick_r75_v1p5_macd2h_armATR2p5
530348,0.00799096861308053,6.307181358337402,529800,2412.987306,0.008592646806803161,3.2593491184181107,short,2h_wick_r75_v1p5_macd2h,2024-10-09 20:45:00,2h_wick_r75_v1p5_macd2h_armATR2p5
530837,0.004302989594457474,2.003574848175049,530796,2419.7038439999997,0.004903970388535184,5.922491995149949,long,2h_wick_r75_v1p5_macd2h,2024-10-11 13:30:00,2h_wick_r75_v1p5_macd2h_armATR2p5
533849,0.005845643864145167,5.127127647399902,533849,2644.710952,0.0064468929929180074,3.304179877126936,short,2h_wick_r75_v1p5_macd2h,2024-10-22 00:30:00,2h_wick_r75_v1p5_macd2h_armATR2p5
535559,0.0026766454420312337,2.253574848175049,535544,2513.472594,0.0032773009022115662,3.655261775161746,long,2h_wick_r75_v1p5_macd2h,2024-10-27 23:00:00,2h_wick_r75_v1p5_macd2h_armATR2p5
536603,0.013581864692097058,4.424961566925049,536601,2609.557984,0.014184661065035353,8.248203616684272,short,2h_wick_r75_v1p5_macd2h,2024-10-31 14:00:00,2h_wick_r75_v1p5_macd2h_armATR2p5
538190,0.008784856466765368,8.712193489074707,538173,2485.7370479999995,0.009386733813527837,2.6781948804581446,long,2h_wick_r75_v1p5_macd2h,2024-11-06 02:15:00,2h_wick_r75_v1p5_macd2h_armATR2p5
552350,0.0044872559541954795,3.4300014972686768,552276,3488.8776359999997,0.005088273608917282,5.175614067264015,long,2h_wick_r75_v1p5_macd2h,2024-12-25 06:15:00,2h_wick_r75_v1p5_macd2h_armATR2p5
554890,0.0019458763545844974,2.785679340362549,554868,3455.500962,0.0025463856317109457,3.1586686495133134,long,2h_wick_r75_v1p5_macd2h,2025-01-03 01:55:00,2h_wick_r75_v1p5_macd2h_armATR2p5
559142,0.004359759028287291,6.6042656898498535,558612,3447.199302,0.004960751178523015,2.5893413140967945,long,2h_wick_r75_v1p5_macd2h,2025-01-17 20:15:00,2h_wick_r75_v1p5_macd2h_armATR2p5
562588,0.007873590884505744,9.642891883850098,562356,3085.752726,0.008475245602682424,2.689310044368754,short,2h_wick_r75_v1p5_macd2h,2025-01-29 19:25:00,2h_wick_r75_v1p5_macd2h_armATR2p5
563545,0.006596254461910212,8.849295616149902,563508,3119.955884,0.007197653712802676,2.5195094578273873,short,2h_wick_r75_v1p5_macd2h,2025-02-02 03:10:00,2h_wick_r75_v1p5_macd2h_armATR2p5
566968,0.0016522273229752752,1.9214390516281128,566964,2670.594012,0.00225267785854677,3.130980394565478,long,2h_wick_r75_v1p5_macd2h,2025-02-14 00:25:00,2h_wick_r75_v1p5_macd2h_armATR2p5
568328,0.007472205094975104,8.128592491149902,568315,2634.862922,0.008073779535993975,2.5961348195244907,short,2h_wick_r75_v1p5_macd2h,2025-02-18 17:45:00,2h_wick_r75_v1p5_macd2h_armATR2p5
569891,0.006960470215348469,7.674961566925049,569885,2737.1024700000003,0.007561942309391334,2.6765567255121256,short,2h_wick_r75_v1p5_macd2h,2025-02-24 04:00:00,2h_wick_r75_v1p5_macd2h_armATR2p5
571769,0.01662597886635959,12.414986610412598,571759,2263.9927079999998,0.01722942475130984,3.1419519991495077,long,2h_wick_r75_v1p5_macd2h,2025-03-02 16:30:00,2h_wick_r75_v1p5_macd2h_armATR2p5
573015,0.010475012288652953,7.246425151824951,573015,2162.987316,0.011077187291110624,3.2702077926013295,short,2h_wick_r75_v1p5_macd2h,2025-03-07 00:20:00,2h_wick_r75_v1p5_macd2h_armATR2p5
575574,0.008572203551652403,5.868565082550049,575212,1933.006524,0.009174038359324399,3.021773764208548,long,2h_wick_r75_v1p5_macd2h,2025-03-15 21:35:00,2h_wick_r75_v1p5_macd2h_armATR2p5
575736,0.0023471793615709837,1.1657191514968872,575736,1898.630198,0.0029477287974433164,4.786914577867781,short,2h_wick_r75_v1p5_macd2h,2025-03-16 11:05:00,2h_wick_r75_v1p5_macd2h_armATR2p5
578650,0.0025567252230027206,2.4171142578125,578650,2034.403038,0.003157316568047408,2.649042336043603,short,2h_wick_r75_v1p5_macd2h,2025-03-26 13:55:00,2h_wick_r75_v1p5_macd2h_armATR2p5
580310,0.006117113894467297,2.0564138889312744,580291,1860.251976,0.006718457585984661,6.077581982533319,long,2h_wick_r75_v1p5_macd2h,2025-04-01 08:15:00,2h_wick_r75_v1p5_macd2h_armATR2p5
580766,0.010076662477737043,6.523594379425049,580765,1845.6308000000001,0.010678757810232531,2.9892723038550892,short,2h_wick_r75_v1p5_macd2h,2025-04-02 22:15:00,2h_wick_r75_v1p5_macd2h_armATR2p5
582730,0.024137164263321863,14.996424674987793,582726,1596.499236,0.02474211268585913,2.6340120966220932,long,2h_wick_r75_v1p5_macd2h,2025-04-09 17:55:00,2h_wick_r75_v1p5_macd2h_armATR2p5
584597,0.006469573542507279,4.230721473693848,583835,1575.8847600000001,0.007070947457215704,2.6153364311027434,short,2h_wick_r75_v1p5_macd2h,2025-04-16 05:30:00,2h_wick_r75_v1p5_macd2h_armATR2p5
587302,0.004672373640525374,2.8992831707000732,587270,1797.7894860000001,0.005273428326190599,3.269951033348237,long,2h_wick_r75_v1p5_macd2h,2025-04-25 14:55:00,2h_wick_r75_v1p5_macd2h_armATR2p5
587999,0.003995786211243813,2.301417827606201,587989,1779.8539580000001,0.004596665368485908,3.5386699026621233,short,2h_wick_r75_v1p5_macd2h,2025-04-28 01:00:00,2h_wick_r75_v1p5_macd2h_armATR2p5
590904,0.008888896924262158,4.708565711975098,590584,1839.897906,0.009490795083278991,3.7085802913590795,long,2h_wick_r75_v1p5_macd2h,2025-05-08 03:05:00,2h_wick_r75_v1p5_macd2h_armATR2p5
600233,0.0019421643907068912,2.201416015625,599778,2537.7074399999997,0.0025426729252919777,2.931095237884077,long,2h_wick_r75_v1p5_macd2h,2025-06-09 12:30:00,2h_wick_r75_v1p5_macd2h_armATR2p5
603797,0.012369088823929798,10.4564208984375,603796,2310.547798,0.012971642641694814,2.8296295919401366,short,2h_wick_r75_v1p5_macd2h,2025-06-21 21:30:00,2h_wick_r75_v1p5_macd2h_armATR2p5
604358,0.014078649973761249,10.114240646362305,604284,2309.571822,0.014681586291019455,3.3525184129562486,long,2h_wick_r75_v1p5_macd2h,2025-06-23 20:15:00,2h_wick_r75_v1p5_macd2h_armATR2p5
605984,0.0019368135498995635,1.7849992513656616,605958,2454.9909,0.0025373210141024227,3.4896933403385333,long,2h_wick_r75_v1p5_macd2h,2025-06-29 11:45:00,2h_wick_r75_v1p5_macd2h_armATR2p5
608021,0.0019838552697648117,2.1328647136688232,608021,2535.617022,0.002584372144193603,3.07238333402222,long,2h_wick_r75_v1p5_macd2h,2025-07-06 13:30:00,2h_wick_r75_v1p5_macd2h_armATR2p5
632628,0.0018149005870124583,3.232142925262451,632628,4209.771786,0.002415383663745052,3.1459666961273656,long,2h_wick_r75_v1p5_macd2h,2025-09-30 00:05:00,2h_wick_r75_v1p5_macd2h_armATR2p5
640409,0.007001839054324455,11.617117881774902,640404,4153.360506,0.007603359726269687,2.7183587462379086,long,2h_wick_r75_v1p5_macd2h,2025-10-27 00:30:00,2h_wick_r75_v1p5_macd2h_armATR2p5
642711,0.005973043772460285,9.234322547912598,642708,3602.5093540000003,0.006574318381214805,2.5480325035125624,short,2h_wick_r75_v1p5_macd2h,2025-11-04 00:20:00,2h_wick_r75_v1p5_macd2h_armATR2p5
649063,0.008438503031555201,8.667149543762207,649044,2955.54099,0.00904031109377379,3.082790929715764,long,2h_wick_r75_v1p5_macd2h,2025-11-26 01:40:00,2h_wick_r75_v1p5_macd2h_armATR2p5
650120,0.0023734135712540462,2.3214111328125,650032,2988.7621280000003,0.002973968253968229,3.81756073912824,short,2h_wick_r75_v1p5_macd2h,2025-11-29 17:45:00,2h_wick_r75_v1p5_macd2h_armATR2p5
650948,0.015966121753616846,5.8271484375,650941,2859.97188,0.016569435640744867,8.132300130718967,long,2h_wick_r75_v1p5_macd2h,2025-12-02 14:45:00,2h_wick_r75_v1p5_macd2h_armATR2p5
651835,0.015848754560505007,17.577131271362305,651829,3064.856906,0.016452004311416912,2.82224131083452,short,2h_wick_r75_v1p5_macd2h,2025-12-05 16:40:00,2h_wick_r75_v1p5_macd2h_armATR2p5
652421,0.014093514790929974,9.698573112487793,652419,3079.935864,0.014696454081746246,4.667092310900673,long,2h_wick_r75_v1p5_macd2h,2025-12-07 17:30:00,2h_wick_r75_v1p5_macd2h_armATR2p5
653372,0.006221358316268422,8.445748329162598,653371,3282.453378,0.006822682587931395,2.633677577532738,short,2h_wick_r75_v1p5_macd2h,2025-12-11 00:45:00,2h_wick_r75_v1p5_macd2h_armATR2p5
654628,0.006005473298317865,8.235734939575195,654541,3127.77543,0.0066067946572494485,2.509134904366629,long,2h_wick_r75_v1p5_macd2h,2025-12-15 09:25:00,2h_wick_r75_v1p5_macd2h_armATR2p5
657711,0.0043728945572032,4.0871758460998535,657584,2966.84325,0.004973889335070147,3.6105003933416495,long,2h_wick_r75_v1p5_macd2h,2025-12-26 02:20:00,2h_wick_r75_v1p5_macd2h_armATR2p5
661322,0.00790108768255733,10.308524131774902,661320,3175.724728,0.008502747900093865,2.5973386352630383,short,2h_wick_r75_v1p5_macd2h,2026-01-07 15:15:00,2h_wick_r75_v1p5_macd2h_armATR2p5
662422,0.000535454306209671,0.7907366156578064,662399,3107.1213,0.0011356814424980932,4.462547870082893,long,2h_wick_r75_v1p5_macd2h,2026-01-11 10:55:00,2h_wick_r75_v1p5_macd2h_armATR2p5
663920,0.010884276482139478,7.815743446350098,663918,3287.4323820000004,0.011486533337435878,4.776561853170154,short,2h_wick_r75_v1p5_macd2h,2026-01-16 15:45:00,2h_wick_r75_v1p5_macd2h_armATR2p5
664528,0.005473645548270634,3.5407192707061768,664479,3341.928252,0.0060748605203748696,5.733792048402298,long,2h_wick_r75_v1p5_macd2h,2026-01-18 18:25:00,2h_wick_r75_v1p5_macd2h_armATR2p5
667098,0.009629083293587649,8.605730056762695,667093,2966.133108,0.010231129519491455,3.526358809750526,long,2h_wick_r75_v1p5_macd2h,2026-01-27 16:35:00,2h_wick_r75_v1p5_macd2h_armATR2p5
667611,0.003981025459342824,5.119315147399902,667528,2940.531776,0.004581901664434618,2.6198379302379444,short,2h_wick_r75_v1p5_macd2h,2026-01-29 11:20:00,2h_wick_r75_v1p5_macd2h_armATR2p5
670119,0.009407489270038828,7.299996376037598,670116,2093.158548,0.010009491168272655,2.870063342602999,long,2h_wick_r75_v1p5_macd2h,2026-02-07 04:20:00,2h_wick_r75_v1p5_macd2h_armATR2p5
670766,0.011465715567199287,7.252144813537598,670665,2055.38884,0.012068088710312841,3.3795298673916783,short,2h_wick_r75_v1p5_macd2h,2026-02-09 10:15:00,2h_wick_r75_v1p5_macd2h_armATR2p5
671980,0.013047805517930123,9.585693359375,671977,2012.20236,0.013650535625055138,2.86548285765225,long,2h_wick_r75_v1p5_macd2h,2026-02-13 15:25:00,2h_wick_r75_v1p5_macd2h_armATR2p5
672526,0.0068195361290718905,4.192147254943848,672526,2026.074704,0.007420980036297653,3.5601573829256936,short,2h_wick_r75_v1p5_macd2h,2026-02-15 12:55:00,2h_wick_r75_v1p5_macd2h_armATR2p5
673335,0.004524859692001293,2.36572265625,673329,2022.214362,0.005125884868975028,4.381594762435496,long,2h_wick_r75_v1p5_macd2h,2026-02-18 08:20:00,2h_wick_r75_v1p5_macd2h_armATR2p5
674597,0.006814940673621939,2.961452007293701,674551,1951.90954,0.007416383661756676,4.852194114444431,short,2h_wick_r75_v1p5_macd2h,2026-02-22 17:30:00,2h_wick_r75_v1p5_macd2h_armATR2p5
675276,0.014561903940563293,7.2735772132873535,675266,1904.340792,0.015164936927948736,3.9704270887842634,long,2h_wick_r75_v1p5_macd2h,2026-02-25 02:05:00,2h_wick_r75_v1p5_macd2h_armATR2p5
675990,0.009878483055024435,6.615016460418701,675963,1969.376046,0.01048053875163557,3.087829958129411,short,2h_wick_r75_v1p5_macd2h,2026-02-27 13:35:00,2h_wick_r75_v1p5_macd2h_armATR2p5
676426,0.009684042389776338,7.266427040100098,676425,1989.307782,0.010286099609698285,2.8159944202395817,long,2h_wick_r75_v1p5_macd2h,2026-03-01 01:55:00,2h_wick_r75_v1p5_macd2h_armATR2p5
677988,0.005770686375633449,4.354282855987549,677958,2051.559606,0.006371920512908469,2.9831791892292747,short,2h_wick_r75_v1p5_macd2h,2026-03-06 12:05:00,2h_wick_r75_v1p5_macd2h_armATR2p5
678746,0.01054472674064928,6.7407050132751465,678745,1982.0363280000001,0.011146956131875774,3.277650031634478,long,2h_wick_r75_v1p5_macd2h,2026-03-09 03:15:00,2h_wick_r75_v1p5_macd2h_armATR2p5
680706,0.00741771860406022,3.6635916233062744,680700,2147.389392,0.00801932246855408,4.700471496454355,long,2h_wick_r75_v1p5_macd2h,2026-03-15 22:35:00,2h_wick_r75_v1p5_macd2h_armATR2p5
681437,0.006278760015343732,4.3600029945373535,681437,2292.011506,0.006880095767346717,3.5920860649917477,short,2h_wick_r75_v1p5_macd2h,2026-03-18 11:30:00,2h_wick_r75_v1p5_macd2h_armATR2p5
683671,0.00427366792677093,2.4456787109375,683665,2140.17188,0.004874602660356109,4.2449893166957455,short,2h_wick_r75_v1p5_macd2h,2026-03-26 05:40:00,2h_wick_r75_v1p5_macd2h_armATR2p5
684816,0.008217147882321153,5.618556499481201,684789,2039.05773,0.008818911664653983,3.2005142249010747,long,2h_wick_r75_v1p5_macd2h,2026-03-30 05:05:00,2h_wick_r75_v1p5_macd2h_armATR2p5
685674,0.01745402084447951,12.677839279174805,685646,2081.13369,0.018057591648648508,2.9116704500771036,short,2h_wick_r75_v1p5_macd2h,2026-04-02 04:35:00,2h_wick_r75_v1p5_macd2h_armATR2p5
686762,0.01113025430689958,5.220005512237549,686759,2086.727262,0.011732600827064843,4.690174740736175,long,2h_wick_r75_v1p5_macd2h,2026-04-05 23:15:00,2h_wick_r75_v1p5_macd2h_armATR2p5
687204,0.006455288476166121,4.485682964324951,687192,2089.562004,0.007056659533861476,3.2641638110515205,short,2h_wick_r75_v1p5_macd2h,2026-04-07 12:05:00,2h_wick_r75_v1p5_macd2h_armATR2p5
688433,0.003498258389616993,3.0850131511688232,688412,2265.623034,0.0040990782052579,3.0103489174693143,long,2h_wick_r75_v1p5_macd2h,2026-04-11 18:30:00,2h_wick_r75_v1p5_macd2h_armATR2p5
690763,0.008867298761040266,6.1207098960876465,689818,2298.450218,0.009469152220792365,3.5225028413422033,short,2h_wick_r75_v1p5_macd2h,2026-04-19 20:40:00,2h_wick_r75_v1p5_macd2h_armATR2p5
691411,0.007004227714312261,4.9671454429626465,691407,2345.71905,0.007605748864084827,3.5917913427070065,long,2h_wick_r75_v1p5_macd2h,2026-04-22 02:40:00,2h_wick_r75_v1p5_macd2h_armATR2p5
693612,0.012430363971562787,2.627842426300049,693265,2263.2472599999996,0.013032930044357016,11.08029146214679,short,2h_wick_r75_v1p5_macd2h,2026-04-29 18:05:00,2h_wick_r75_v1p5_macd2h_armATR2p5
694118,0.0027848345950413746,2.1257150173187256,694011,2287.00731,0.003385511697380661,3.6423932356493838,long,2h_wick_r75_v1p5_macd2h,2026-05-01 12:15:00,2h_wick_r75_v1p5_macd2h_armATR2p5
695710,0.0021137404059412114,1.9971400499343872,695708,2335.7927480000003,0.0027142431540223555,3.1659011596148328,short,2h_wick_r75_v1p5_macd2h,2026-05-07 00:55:00,2h_wick_r75_v1p5_macd2h_armATR2p5
696480,0.003170181489305213,1.8193185329437256,696325,2321.8942859999997,0.003770935676440379,4.812633874417406,long,2h_wick_r75_v1p5_macd2h,2026-05-09 17:05:00,2h_wick_r75_v1p5_macd2h_armATR2p5
697235,0.007197648530075052,5.3850274085998535,697026,2308.8981280000003,0.007799168059781092,3.3181127307661957,short,2h_wick_r75_v1p5_macd2h,2026-05-12 08:00:00,2h_wick_r75_v1p5_macd2h_armATR2p5
700252,0.004883986388902484,4.098598003387451,700245,2095.43083,0.005485043186180372,2.7889610033851375,short,2h_wick_r75_v1p5_macd2h,2026-05-22 19:25:00,2h_wick_r75_v1p5_macd2h_armATR2p5
702809,0.0025542246033193996,2.3514230251312256,702783,2006.018716,0.0031548154482399227,2.682935368317206,short,2h_wick_r75_v1p5_macd2h,2026-05-31 16:30:00,2h_wick_r75_v1p5_macd2h_armATR2p5
704730,0.006733942474966348,4.2978692054748535,704704,1609.741884,0.0073354095568776145,2.747434934724892,long,2h_wick_r75_v1p5_macd2h,2026-06-07 08:35:00,2h_wick_r75_v1p5_macd2h_armATR2p5
705396,0.012710264776259096,6.459987163543701,705375,1648.6702,0.013312886829214277,3.352978798818244,short,2h_wick_r75_v1p5_macd2h,2026-06-09 16:05:00,2h_wick_r75_v1p5_macd2h_armATR2p5
705991,0.0053771513750215496,2.530735492706299,705922,1667.1233579999998,0.005978347044430343,3.9382393097676283,long,2h_wick_r75_v1p5_macd2h,2026-06-11 17:40:00,2h_wick_r75_v1p5_macd2h_armATR2p5
2033,0.008902692269496094,0.5399987101554871,1982,173.114616,0.009504593188133681,3.04701468550954,long,2h_wick_r75_v1p5_macd2h,2019-09-30 14:15:00,2h_wick_r75_v1p5_macd2h_armATR3p0
2902,0.012842483569878117,0.3664289116859436,2899,172.275538,0.013445132066592258,6.237329880669667,short,2h_wick_r75_v1p5_macd2h,2019-10-03 14:40:00,2h_wick_r75_v1p5_macd2h_armATR3p0
4028,0.004992229512968249,0.3057141900062561,4027,176.065206,0.005593348182604707,3.2212897935155365,long,2h_wick_r75_v1p5_macd2h,2019-10-07 12:30:00,2h_wick_r75_v1p5_macd2h_armATR3p0
5224,0.024243865443566114,1.3600006103515625,5104,185.71285,0.024848794216654646,3.3109176317472393,short,2h_wick_r75_v1p5_macd2h,2019-10-11 16:10:00,2h_wick_r75_v1p5_macd2h_armATR3p0
6182,0.011768577023357275,0.6542870402336121,6094,185.347062,0.012371051233604158,3.5044832909747115,long,2h_wick_r75_v1p5_macd2h,2019-10-15 00:00:00,2h_wick_r75_v1p5_macd2h_armATR3p0
6619,0.008381186315078849,0.3221392035484314,6611,176.86462,0.008982942552342,4.888011091649939,short,2h_wick_r75_v1p5_macd2h,2019-10-16 12:25:00,2h_wick_r75_v1p5_macd2h_armATR3p0
8039,0.008596958584581938,0.4000004231929779,7835,175.555104,0.009198798344250969,4.037235728675443,long,2h_wick_r75_v1p5_macd2h,2019-10-21 10:45:00,2h_wick_r75_v1p5_macd2h_armATR3p0
8526,0.005836282853293584,0.26428550481796265,8379,171.305732,0.0064375301098642534,4.14601625902536,short,2h_wick_r75_v1p5_macd2h,2019-10-23 03:20:00,2h_wick_r75_v1p5_macd2h_armATR3p0
9195,0.005780805899167474,0.3271419107913971,9191,164.08281,0.006382082315630644,3.201026727106647,long,2h_wick_r75_v1p5_macd2h,2019-10-25 11:05:00,2h_wick_r75_v1p5_macd2h_armATR3p0
10907,0.01771222515914057,0.7121440172195435,10628,182.553482,0.018315847604172486,4.6106994099590155,short,2h_wick_r75_v1p5_macd2h,2019-10-31 09:45:00,2h_wick_r75_v1p5_macd2h_armATR3p0
11828,0.002188090187110703,0.16785867512226105,11781,181.153762,0.0027886078051480023,3.0011079238715315,short,2h_wick_r75_v1p5_macd2h,2019-11-03 14:30:00,2h_wick_r75_v1p5_macd2h_armATR3p0
12405,0.009634097668359055,0.2892870306968689,12405,188.767746,0.010236144897338484,6.679366148372977,long,2h_wick_r75_v1p5_macd2h,2019-11-05 14:35:00,2h_wick_r75_v1p5_macd2h_armATR3p0
12922,0.004167368652905967,0.22571346163749695,12871,188.04238400000003,0.004768282126636603,3.9536144345401003,short,2h_wick_r75_v1p5_macd2h,2019-11-07 09:40:00,2h_wick_r75_v1p5_macd2h_armATR3p0
13737,0.005716656331018877,0.27285656332969666,13737,187.177428,0.006317919915001857,4.334042713024654,long,2h_wick_r75_v1p5_macd2h,2019-11-10 05:35:00,2h_wick_r75_v1p5_macd2h_armATR3p0
15723,0.0015084982695549702,0.08071572333574295,15687,182.253542,0.0021088799692088323,4.751763152820109,short,2h_wick_r75_v1p5_macd2h,2019-11-17 03:05:00,2h_wick_r75_v1p5_macd2h_armATR3p0
30753,0.005290933532021658,0.25499942898750305,30663,143.62127,0.005892071718728076,3.299105426786024,short,2h_wick_r75_v1p5_macd2h,2020-01-08 07:35:00,2h_wick_r75_v1p5_macd2h_armATR3p0
48869,0.008533226657213523,0.5749980211257935,48807,201.029786,0.009135013302544959,3.164856109308027,short,2h_wick_r75_v1p5_macd2h,2020-03-11 05:15:00,2h_wick_r75_v1p5_macd2h_armATR3p0
57453,0.0015632007404666308,0.0678580179810524,57447,169.23384,0.0021636334671599755,5.395972515764439,long,2h_wick_r75_v1p5_macd2h,2020-04-10 00:35:00,2h_wick_r75_v1p5_macd2h_armATR3p0
57494,0.022128406818636214,0.5842841267585754,57493,163.63726599999998,0.02273291249999998,6.2251665472727975,short,2h_wick_r75_v1p5_macd2h,2020-04-10 04:00:00,2h_wick_r75_v1p5_macd2h_armATR3p0
58193,0.0015692437736491542,0.1135711669921875,58193,160.362066,0.0021696777091908537,3.0635768673922623,long,2h_wick_r75_v1p5_macd2h,2020-04-12 14:15:00,2h_wick_r75_v1p5_macd2h_armATR3p0
59174,0.015220160736064426,0.31428417563438416,59163,153.38931599999998,0.01582328476821182,7.602406310076329,short,2h_wick_r75_v1p5_macd2h,2020-04-16 00:00:00,2h_wick_r75_v1p5_macd2h_armATR3p0
60992,0.003140459641161231,0.16499873995780945,60992,175.075008,0.003741207882737907,3.9696787997743246,long,2h_wick_r75_v1p5_macd2h,2020-04-22 07:30:00,2h_wick_r75_v1p5_macd2h_armATR3p0
101760,0.006971928778220571,0.7314257025718689,101495,370.494084,0.0075734434669139095,3.836228327954225,long,2h_wick_r75_v1p5_macd2h,2020-09-11 22:10:00,2h_wick_r75_v1p5_macd2h_armATR3p0
109853,0.005467079335597491,0.7292851209640503,109847,365.333052,0.0060682929941964225,3.03989199322947,long,2h_wick_r75_v1p5_macd2h,2020-10-10 00:35:00,2h_wick_r75_v1p5_macd2h_armATR3p0
150991,0.010821567384966714,5.375,150989,1576.9353239999998,0.011423852155397762,3.351567627907021,long,2h_wick_r75_v1p5_macd2h,2021-03-02 00:15:00,2h_wick_r75_v1p5_macd2h_armATR3p0
184390,0.020180360229421667,10.523576736450195,184304,1804.359056,0.020784476301467514,3.491118744138403,short,2h_wick_r75_v1p5_macd2h,2021-06-26 07:15:00,2h_wick_r75_v1p5_macd2h_armATR3p0
189493,0.013314598000168277,5.4350152015686035,189488,1942.36145,0.01391734091976815,4.905496859016195,short,2h_wick_r75_v1p5_macd2h,2021-07-14 00:30:00,2h_wick_r75_v1p5_macd2h_armATR3p0
192945,0.01635670437402643,6.963553428649902,192656,2182.9765079999997,0.01696009639330498,5.316752772754756,long,2h_wick_r75_v1p5_macd2h,2021-07-26 00:10:00,2h_wick_r75_v1p5_macd2h_armATR3p0
212541,0.006862551242323889,7.374215126037598,212528,3305.06088,0.007464044051133989,3.345321444840399,long,2h_wick_r75_v1p5_macd2h,2021-10-02 01:10:00,2h_wick_r75_v1p5_macd2h_armATR3p0
231639,0.011197870593219373,16.516462326049805,231536,4354.9308120000005,0.011800230639347209,3.1113919546165794,long,2h_wick_r75_v1p5_macd2h,2021-12-07 08:40:00,2h_wick_r75_v1p5_macd2h_armATR3p0
240466,0.0051467252395982046,6.412178993225098,240464,3406.5785480000004,0.0057478345846460055,3.0361828670987077,short,2h_wick_r75_v1p5_macd2h,2022-01-07 00:15:00,2h_wick_r75_v1p5_macd2h_armATR3p0
246226,0.011237444164167344,9.597847938537598,246224,2465.162934,0.011839812126592575,3.0410010855461755,long,2h_wick_r75_v1p5_macd2h,2022-01-27 00:15:00,2h_wick_r75_v1p5_macd2h_armATR3p0
248599,0.009798267010357976,8.381417274475098,248591,2752.75044,0.010400347079773997,3.4158375680911663,long,2h_wick_r75_v1p5_macd2h,2022-02-04 06:00:00,2h_wick_r75_v1p5_macd2h_armATR3p0
249754,0.007658458369089472,8.390694618225098,249750,3195.0088739999997,0.008260110391167697,3.145285009262203,long,2h_wick_r75_v1p5_macd2h,2022-02-08 06:15:00,2h_wick_r75_v1p5_macd2h_armATR3p0
251714,0.017891330055734133,8.489954948425293,251580,2959.0816979999995,0.01849502906154643,6.4462417447988205,long,2h_wick_r75_v1p5_macd2h,2022-02-15 01:35:00,2h_wick_r75_v1p5_macd2h_armATR3p0
252431,0.007985085315961494,7.269984722137451,252179,3050.369804,0.008586762333024689,3.572195127304813,short,2h_wick_r75_v1p5_macd2h,2022-02-17 13:20:00,2h_wick_r75_v1p5_macd2h_armATR3p0
254087,0.010109321969212283,8.419276237487793,254066,2666.013096,0.010711464262064485,3.391847849444248,long,2h_wick_r75_v1p5_macd2h,2022-02-23 07:50:00,2h_wick_r75_v1p5_macd2h_armATR3p0
255384,0.0161967289943314,12.058610916137695,255380,2650.31983,0.01680004834013027,3.6314157828408766,short,2h_wick_r75_v1p5_macd2h,2022-02-27 19:55:00,2h_wick_r75_v1p5_macd2h_armATR3p0
258066,0.011858052859293934,9.232840538024902,258056,2632.596414,0.012460544968287746,3.5529245701688863,long,2h_wick_r75_v1p5_macd2h,2022-03-09 03:25:00,2h_wick_r75_v1p5_macd2h_armATR3p0
259467,0.011539786712774848,10.048566818237305,258628,2534.323034,0.012142174670117134,3.025608979861783,short,2h_wick_r75_v1p5_macd2h,2022-03-14 00:10:00,2h_wick_r75_v1p5_macd2h_armATR3p0
261369,0.007380159084157523,5.132864952087402,261337,2885.982688,0.007981715115974453,4.452228572798579,short,2h_wick_r75_v1p5_macd2h,2022-03-20 14:40:00,2h_wick_r75_v1p5_macd2h_armATR3p0
261808,0.016433052059530117,12.202863693237305,261799,2964.072696,0.017036459351400524,4.1381519346139255,long,2h_wick_r75_v1p5_macd2h,2022-03-22 03:15:00,2h_wick_r75_v1p5_macd2h_armATR3p0
266761,0.005815192847109918,6.5513739585876465,266698,3272.1543,0.006416476142338423,3.204778132452421,long,2h_wick_r75_v1p5_macd2h,2022-04-08 08:00:00,2h_wick_r75_v1p5_macd2h_armATR3p0
267829,0.007288977925985885,7.342825889587402,267818,2984.2630280000003,0.007890515721571179,3.1817488731593766,short,2h_wick_r75_v1p5_macd2h,2022-04-12 01:00:00,2h_wick_r75_v1p5_macd2h_armATR3p0
269542,0.008366453661485097,8.192818641662598,269538,3012.587362,0.00896820695221745,3.2683943305946586,short,2h_wick_r75_v1p5_macd2h,2022-04-17 23:45:00,2h_wick_r75_v1p5_macd2h_armATR3p0
270263,0.009252515509601001,9.051408767700195,270002,3118.02348,0.009854486406882357,3.394667149454928,long,2h_wick_r75_v1p5_macd2h,2022-04-20 11:50:00,2h_wick_r75_v1p5_macd2h_armATR3p0
271795,0.0076994683690442935,7.473580360412598,271787,2971.384158,0.008301128594763174,3.3004050014173663,long,2h_wick_r75_v1p5_macd2h,2022-04-25 19:30:00,2h_wick_r75_v1p5_macd2h_armATR3p0
272933,0.008540010235922947,8.485037803649902,272853,2837.23244,0.009141798237970011,3.0291485547588164,short,2h_wick_r75_v1p5_macd2h,2022-04-29 18:20:00,2h_wick_r75_v1p5_macd2h_armATR3p0
273649,0.010806978705066595,9.637137413024902,273570,2835.677022,0.011409260557177836,3.357114941234962,long,2h_wick_r75_v1p5_macd2h,2022-05-02 06:00:00,2h_wick_r75_v1p5_macd2h_armATR3p0
274631,0.010923694250531258,7.962855815887451,274101,2762.4773940000005,0.011525958989381246,3.9530282511453887,short,2h_wick_r75_v1p5_macd2h,2022-05-05 15:50:00,2h_wick_r75_v1p5_macd2h_armATR3p0
277563,0.016331625390101977,7.621425151824951,277466,2089.877892,0.01693501239258044,4.643765082640137,long,2h_wick_r75_v1p5_macd2h,2022-05-15 20:10:00,2h_wick_r75_v1p5_macd2h_armATR3p0
278361,0.014975392719029436,6.490714073181152,278340,2001.989522,0.015578467797573214,4.731301002286966,short,2h_wick_r75_v1p5_macd2h,2022-05-18 14:40:00,2h_wick_r75_v1p5_macd2h_armATR3p0
280022,0.016413767832383196,10.33001708984375,279862,1989.082104,0.017017130585949447,3.2218827626841358,short,2h_wick_r75_v1p5_macd2h,2022-05-24 09:05:00,2h_wick_r75_v1p5_macd2h_armATR3p0
281664,0.004818961327755345,3.2178518772125244,281661,1836.297186,0.005420045336822721,3.0929994231498465,long,2h_wick_r75_v1p5_macd2h,2022-05-30 01:55:00,2h_wick_r75_v1p5_macd2h_armATR3p0
282398,0.006568810574722983,4.3500189781188965,282267,1916.876548,0.007170204336837793,3.1371237846647726,short,2h_wick_r75_v1p5_macd2h,2022-06-01 15:05:00,2h_wick_r75_v1p5_macd2h_armATR3p0
283346,0.006903183119361733,3.097874164581299,283346,1796.319192,0.007504684056172994,4.3516318881280505,long,2h_wick_r75_v1p5_macd2h,2022-06-04 22:05:00,2h_wick_r75_v1p5_macd2h_armATR3p0
283966,0.016810680553108925,9.680009841918945,283952,1780.423844,0.017414122689219713,3.148121179384958,short,2h_wick_r75_v1p5_macd2h,2022-06-07 01:45:00,2h_wick_r75_v1p5_macd2h_armATR3p0
288974,0.027209552127951796,7.140006065368652,288796,1141.5282599999998,0.027815115150982006,4.447018631259489,long,2h_wick_r75_v1p5_macd2h,2022-06-24 11:05:00,2h_wick_r75_v1p5_macd2h_armATR3p0
290016,0.017499492560308427,5.250706195831299,289870,1192.91137,0.01810307245882048,4.039717555867126,short,2h_wick_r75_v1p5_macd2h,2022-06-28 01:55:00,2h_wick_r75_v1p5_macd2h_armATR3p0
291865,0.012793667093557738,3.721435546875,291864,1092.208398,0.013396346362830158,3.931709098733826,long,2h_wick_r75_v1p5_macd2h,2022-07-04 12:00:00,2h_wick_r75_v1p5_macd2h_armATR3p0
293585,0.01038147915530403,3.5906982421875,293479,1188.502252,0.010983635451135232,3.596028161958207,short,2h_wick_r75_v1p5_macd2h,2022-07-10 11:20:00,2h_wick_r75_v1p5_macd2h_armATR3p0
294600,0.013472159408298002,4.95001220703125,294463,1099.829922,0.01407497440317873,3.1272807727648337,long,2h_wick_r75_v1p5_macd2h,2022-07-13 23:55:00,2h_wick_r75_v1p5_macd2h_armATR3p0
297752,0.02080905243311455,7.85357666015625,297550,1606.881312,0.021413335100134656,4.381276135568454,long,2h_wick_r75_v1p5_macd2h,2022-07-24 22:35:00,2h_wick_r75_v1p5_macd2h_armATR3p0
299918,0.014070364545162485,6.627162456512451,299769,1670.405852,0.014673258618071339,3.6449765881719656,short,2h_wick_r75_v1p5_macd2h,2022-08-01 11:05:00,2h_wick_r75_v1p5_macd2h_armATR3p0
301072,0.009601120741530479,3.8128488063812256,300509,1681.2261780000001,0.010203161373805392,4.498951537572423,long,2h_wick_r75_v1p5_macd2h,2022-08-05 11:15:00,2h_wick_r75_v1p5_macd2h_armATR3p0
302256,0.014018629556821162,5.8042778968811035,302229,1711.05772,0.014621513282732312,4.248197697985759,short,2h_wick_r75_v1p5_macd2h,2022-08-09 13:55:00,2h_wick_r75_v1p5_macd2h_armATR3p0
302811,0.013907775257975442,7.3214287757873535,302683,1891.82829,0.014510677393454241,3.749501749000879,long,2h_wick_r75_v1p5_macd2h,2022-08-11 12:10:00,2h_wick_r75_v1p5_macd2h_armATR3p0
303732,0.008122920048348982,4.76141357421875,303731,1958.368248,0.00872462463235868,3.5573990236248587,short,2h_wick_r75_v1p5_macd2h,2022-08-14 16:55:00,2h_wick_r75_v1p5_macd2h_armATR3p0
304465,0.009788192183739232,4.6656928062438965,304463,1919.6938619999999,0.010390270237786714,4.275064567754479,long,2h_wick_r75_v1p5_macd2h,2022-08-17 06:00:00,2h_wick_r75_v1p5_macd2h_armATR3p0
305047,0.01464667247102276,7.469979286193848,304974,1821.865554,0.01524968180551678,3.6634042681453605,short,2h_wick_r75_v1p5_macd2h,2022-08-19 06:30:00,2h_wick_r75_v1p5_macd2h_armATR3p0
306401,0.014708933755819454,7.6235527992248535,305802,1643.248584,0.015311996155050522,3.3004842574919273,long,2h_wick_r75_v1p5_macd2h,2022-08-23 23:20:00,2h_wick_r75_v1p5_macd2h_armATR3p0
307117,0.006064370117642337,3.3350131511688232,307070,1653.579218,0.006665662991665711,3.283110891530547,short,2h_wick_r75_v1p5_macd2h,2022-08-26 11:00:00,2h_wick_r75_v1p5_macd2h_armATR3p0
308043,0.014933735070000021,7.596435546875,308019,1510.4720340000001,0.01553684243848763,3.0893391848304588,long,2h_wick_r75_v1p5_macd2h,2022-08-29 16:10:00,2h_wick_r75_v1p5_macd2h_armATR3p0
309865,0.00692947039077203,2.6028616428375244,309722,1574.194776,0.007530976586089144,4.5546885031798565,long,2h_wick_r75_v1p5_macd2h,2022-09-05 00:00:00,2h_wick_r75_v1p5_macd2h_armATR3p0
312173,0.013812379410928345,6.3071112632751465,312072,1707.098512,0.014415221886810548,3.8462159596346157,short,2h_wick_r75_v1p5_macd2h,2022-09-13 00:20:00,2h_wick_r75_v1p5_macd2h_armATR3p0
312748,0.010898081839570707,5.7278618812561035,312729,1631.57625,0.011500381915953817,3.2758733344116546,long,2h_wick_r75_v1p5_macd2h,2022-09-15 00:15:00,2h_wick_r75_v1p5_macd2h_armATR3p0
313803,0.0170939966234926,7.116428852081299,313231,1422.985346,0.01769749542281729,3.4772139951575296,short,2h_wick_r75_v1p5_macd2h,2022-09-18 16:10:00,2h_wick_r75_v1p5_macd2h_armATR3p0
315829,0.011446447896356028,3.527858257293701,315789,1303.549238,0.012048817185935201,4.399053722726729,short,2h_wick_r75_v1p5_macd2h,2022-09-25 17:00:00,2h_wick_r75_v1p5_macd2h_armATR3p0
317764,0.01375096525303472,2.3335483074188232,317554,1307.948358,0.01435379544608506,7.931422692711448,short,2h_wick_r75_v1p5_macd2h,2022-10-02 10:15:00,2h_wick_r75_v1p5_macd2h_armATR3p0
318281,0.011689098561583134,5.2778754234313965,318102,1316.0931659999999,0.012291556872957798,3.0650276299024077,long,2h_wick_r75_v1p5_macd2h,2022-10-04 05:20:00,2h_wick_r75_v1p5_macd2h_armATR3p0
319629,0.007107285898399107,2.602146625518799,318664,1324.864974,0.007708787355578783,3.894851235748259,short,2h_wick_r75_v1p5_macd2h,2022-10-08 21:40:00,2h_wick_r75_v1p5_macd2h_armATR3p0
321909,0.004357951228407275,1.3914445638656616,321908,1294.848918,0.00495894301701072,4.6146876179969745,long,2h_wick_r75_v1p5_macd2h,2022-10-16 19:40:00,2h_wick_r75_v1p5_macd2h_armATR3p0
322475,0.00974002555180249,3.933558940887451,322432,1305.068934,0.010342053556912756,3.3961443569944194,short,2h_wick_r75_v1p5_macd2h,2022-10-18 18:50:00,2h_wick_r75_v1p5_macd2h_armATR3p0
323581,0.006432932531756652,2.8721401691436768,322997,1309.0417559999999,0.007034339399636602,3.206056619007411,long,2h_wick_r75_v1p5_macd2h,2022-10-22 15:00:00,2h_wick_r75_v1p5_macd2h_armATR3p0
327317,0.03074773548791083,11.787833213806152,326789,1612.792494,0.03135400628916862,4.289805011897705,long,2h_wick_r75_v1p5_macd2h,2022-11-04 14:20:00,2h_wick_r75_v1p5_macd2h_armATR3p0
327939,0.003373451865620725,2.0114047527313232,327744,1618.366262,0.003974206555994009,3.1849691074363773,short,2h_wick_r75_v1p5_macd2h,2022-11-06 18:10:00,2h_wick_r75_v1p5_macd2h_armATR3p0
329845,0.013326655580008851,4.194998741149902,329822,1241.9215660000002,0.013929400911124823,4.06712064836604,short,2h_wick_r75_v1p5_macd2h,2022-11-13 09:00:00,2h_wick_r75_v1p5_macd2h_armATR3p0
331731,0.0027641557855266454,1.0542863607406616,331730,1217.463444,0.0033648287512770825,3.8856198396819197,long,2h_wick_r75_v1p5_macd2h,2022-11-19 22:10:00,2h_wick_r75_v1p5_macd2h_armATR3p0
332275,0.016045404514573657,4.319266319274902,332258,1100.37988,0.016648693595476605,4.171977059989472,short,2h_wick_r75_v1p5_macd2h,2022-11-21 19:30:00,2h_wick_r75_v1p5_macd2h_armATR3p0
334073,0.010308064542970242,3.79571533203125,334054,1193.541244,0.010910206155878788,3.3936275176638757,short,2h_wick_r75_v1p5_macd2h,2022-11-28 01:20:00,2h_wick_r75_v1p5_macd2h_armATR3p0
334641,0.03245479764723021,2.3435757160186768,334641,1230.2560019999999,0.03306140992921591,17.355529724082558,long,2h_wick_r75_v1p5_macd2h,2022-11-30 00:40:00,2h_wick_r75_v1p5_macd2h_armATR3p0
335747,0.0019063427180622931,0.9650093913078308,335631,1266.39667,0.0025068039866058545,3.2814913808335398,short,2h_wick_r75_v1p5_macd2h,2022-12-03 20:50:00,2h_wick_r75_v1p5_macd2h_armATR3p0
336132,0.009181256485928114,3.0143258571624756,336080,1288.167582,0.009783213128554014,4.18084128829495,long,2h_wick_r75_v1p5_macd2h,2022-12-05 04:55:00,2h_wick_r75_v1p5_macd2h_armATR3p0
338512,0.00535071963238849,2.43572998046875,338497,1279.2858059999999,0.005951910014391437,3.1260419098404713,long,2h_wick_r75_v1p5_macd2h,2022-12-13 11:15:00,2h_wick_r75_v1p5_macd2h_armATR3p0
338975,0.007711589433162924,2.7221243381500244,338974,1294.301088,0.008313211751049598,3.920132468031191,short,2h_wick_r75_v1p5_macd2h,2022-12-15 01:50:00,2h_wick_r75_v1p5_macd2h_armATR3p0
340449,0.006072788714475319,2.0635898113250732,340449,1200.1599840000001,0.006674123539182952,3.881593113147111,long,2h_wick_r75_v1p5_macd2h,2022-12-20 04:40:00,2h_wick_r75_v1p5_macd2h_armATR3p0
341149,0.008850613557574062,2.9471261501312256,341144,1199.290094,0.009452463680285517,3.8105236857607774,short,2h_wick_r75_v1p5_macd2h,2022-12-22 15:00:00,2h_wick_r75_v1p5_macd2h_armATR3p0
345506,0.0062522685547740766,2.6999948024749756,345478,1258.931736,0.006853639282630608,3.19565948500744,long,2h_wick_r75_v1p5_macd2h,2023-01-06 18:05:00,2h_wick_r75_v1p5_macd2h_armATR3p0
356617,0.008177034940281392,3.5378506183624268,356059,1548.099558,0.008778790698421135,3.841440316745427,long,2h_wick_r75_v1p5_macd2h,2023-02-14 15:10:00,2h_wick_r75_v1p5_macd2h_armATR3p0
363281,0.017058142672663656,5.3571343421936035,363060,1532.313476,0.01766163430119816,4.964123410261668,short,2h_wick_r75_v1p5_macd2h,2023-03-09 18:30:00,2h_wick_r75_v1p5_macd2h_armATR3p0
364219,0.022437893760636828,5.87286376953125,364213,1576.855308,0.02304250226108895,6.186878059134723,long,2h_wick_r75_v1p5_macd2h,2023-03-13 00:40:00,2h_wick_r75_v1p5_macd2h_armATR3p0
386390,0.0052452884432540705,3.5685861110687256,386388,1910.2219679999998,0.005846457734800969,3.129539725932422,long,2h_wick_r75_v1p5_macd2h,2023-05-29 00:15:00,2h_wick_r75_v1p5_macd2h_armATR3p0
392633,0.0075105724522543495,3.1628592014312744,392436,1721.8555600000002,0.008112154566744856,4.38070717587751,short,2h_wick_r75_v1p5_macd2h,2023-06-19 16:30:00,2h_wick_r75_v1p5_macd2h_armATR3p0
393304,0.005826081562490826,3.845703125,393300,1889.1477539999998,0.006427367035897857,3.1573539624175004,long,2h_wick_r75_v1p5_macd2h,2023-06-22 00:25:00,2h_wick_r75_v1p5_macd2h_armATR3p0
411061,0.02644071969632451,14.259294509887695,409716,1687.652402,0.027046087840263855,3.1167321755773125,short,2h_wick_r75_v1p5_macd2h,2023-08-22 16:10:00,2h_wick_r75_v1p5_macd2h_armATR3p0
415402,0.003468622409753941,2.1414358615875244,415082,1641.9183179999998,0.004069436297013285,3.1201877767409587,long,2h_wick_r75_v1p5_macd2h,2023-09-06 17:55:00,2h_wick_r75_v1p5_macd2h_armATR3p0
417501,0.00511279603411281,2.1871249675750732,417501,1623.294594,0.005713938821877207,4.240912676463969,long,2h_wick_r75_v1p5_macd2h,2023-09-14 00:50:00,2h_wick_r75_v1p5_macd2h_armATR3p0
420526,0.00032849489505566465,0.40142822265625,420483,1594.838904,0.0009286806311816775,3.689566194921646,long,2h_wick_r75_v1p5_macd2h,2023-09-24 12:55:00,2h_wick_r75_v1p5_macd2h_armATR3p0
423257,0.007264271173986048,4.150015830993652,422900,1652.8293680000002,0.00786580402822068,3.108269588675655,short,2h_wick_r75_v1p5_macd2h,2023-10-04 00:30:00,2h_wick_r75_v1p5_macd2h_armATR3p0
424527,0.0007389679696920397,0.6300048828125,424516,1626.07472,0.0013391957632860052,3.4519097539236254,short,2h_wick_r75_v1p5_macd2h,2023-10-08 10:20:00,2h_wick_r75_v1p5_macd2h_armATR3p0
426095,0.008446771089723538,2.1064016819000244,426094,1555.921122,0.009048580805884887,6.6838524299413535,long,2h_wick_r75_v1p5_macd2h,2023-10-13 21:00:00,2h_wick_r75_v1p5_macd2h_armATR3p0
427160,0.003175406817853732,1.9585832357406616,427152,1572.455446,0.0037761218992173884,3.020267860999524,short,2h_wick_r75_v1p5_macd2h,2023-10-17 13:45:00,2h_wick_r75_v1p5_macd2h_armATR3p0
427893,0.005766138917437891,1.5607038736343384,427888,1577.495436,0.006367412399917782,6.435919183444922,long,2h_wick_r75_v1p5_macd2h,2023-10-20 02:50:00,2h_wick_r75_v1p5_macd2h_armATR3p0
457254,0.004006452766981594,2.622105121612549,457236,2311.052118,0.004607374241829998,4.060814309935634,long,2h_wick_r75_v1p5_macd2h,2024-01-30 01:35:00,2h_wick_r75_v1p5_macd2h_armATR3p0
459553,0.003291321635559186,2.9450161457061768,459540,2377.7754600000003,0.00389210005557028,3.142441175914432,long,2h_wick_r75_v1p5_macd2h,2024-02-07 01:10:00,2h_wick_r75_v1p5_macd2h_armATR3p0
476835,0.007649299263536147,8.854265213012695,476820,3359.401746,0.008250949453426859,3.1304973742218247,long,2h_wick_r75_v1p5_macd2h,2024-04-07 01:20:00,2h_wick_r75_v1p5_macd2h_armATR3p0
502486,0.01569348130373922,12.714320182800293,502452,3048.8901,0.016296700000000053,3.8452783394693597,short,2h_wick_r75_v1p5_macd2h,2024-07-05 02:55:00,2h_wick_r75_v1p5_macd2h_armATR3p0
505922,0.004907150174491237,6.034981727600098,505620,3487.957452,0.005508251824856147,3.1835304342570283,long,2h_wick_r75_v1p5_macd2h,2024-07-17 01:15:00,2h_wick_r75_v1p5_macd2h_armATR3p0
510813,0.008417302981225073,8.375017166137695,510804,2991.741532,0.009019066441821266,3.1930122015895988,short,2h_wick_r75_v1p5_macd2h,2024-08-03 00:50:00,2h_wick_r75_v1p5_macd2h_armATR3p0
514098,0.007295560034285176,6.4999823570251465,514048,2738.0174939999997,0.007897139462177627,3.326548413878488,long,2h_wick_r75_v1p5_macd2h,2024-08-14 10:35:00,2h_wick_r75_v1p5_macd2h_armATR3p0
516626,0.0037334905866290404,2.1085903644561768,516626,2653.100514,0.004334357458120719,5.453636796336931,long,2h_wick_r75_v1p5_macd2h,2024-08-23 05:15:00,2h_wick_r75_v1p5_macd2h_armATR3p0
517593,0.004607397005503344,4.560756206512451,517456,2733.4631980000004,0.005208398484904286,3.1054494822100125,short,2h_wick_r75_v1p5_macd2h,2024-08-26 13:50:00,2h_wick_r75_v1p5_macd2h_armATR3p0
518432,0.0056539831522734564,3.9771206378936768,518370,2556.081114,0.006255234199113113,4.0202164972466035,long,2h_wick_r75_v1p5_macd2h,2024-08-29 11:45:00,2h_wick_r75_v1p5_macd2h_armATR3p0
519221,0.005792700951958452,3.44140625,519181,2484.223056,0.006393939492148837,4.58622285584556,short,2h_wick_r75_v1p5_macd2h,2024-09-01 05:30:00,2h_wick_r75_v1p5_macd2h_armATR3p0
521653,0.009064114251002132,5.931344032287598,521440,2316.0331140000003,0.009666047460493932,3.774336116424124,long,2h_wick_r75_v1p5_macd2h,2024-09-09 16:10:00,2h_wick_r75_v1p5_macd2h_armATR3p0
522201,0.005317509082179939,3.9657156467437744,522161,2314.3170440000004,0.0059186525839964865,3.4336914728572148,short,2h_wick_r75_v1p5_macd2h,2024-09-11 13:50:00,2h_wick_r75_v1p5_macd2h_armATR3p0
523945,0.00794411862520157,6.368599891662598,523935,2345.1289319999996,0.008545827790759741,3.1468561914585114,long,2h_wick_r75_v1p5_macd2h,2024-09-17 15:10:00,2h_wick_r75_v1p5_macd2h_armATR3p0
525467,0.004556072732179795,4.33642578125,525467,2549.4100160000003,0.005157063946726215,3.0163126638892805,short,2h_wick_r75_v1p5_macd2h,2024-09-22 22:00:00,2h_wick_r75_v1p5_macd2h_armATR3p0
526553,0.005851548216211322,5.5864434242248535,526527,2637.987492,0.006452838783967962,3.04711006759403,long,2h_wick_r75_v1p5_macd2h,2024-09-26 16:30:00,2h_wick_r75_v1p5_macd2h_armATR3p0
527513,0.004626782263586771,2.9778878688812256,527308,2644.1310679999997,0.0052277876200395035,4.617725248723274,short,2h_wick_r75_v1p5_macd2h,2024-09-30 00:30:00,2h_wick_r75_v1p5_macd2h_armATR3p0
528850,0.007127618967493099,5.205723285675049,528850,2396.22915,0.007729164800453159,3.557786110330719,long,2h_wick_r75_v1p5_macd2h,2024-10-04 15:55:00,2h_wick_r75_v1p5_macd2h_armATR3p0
530348,0.00799096861308053,6.307181358337402,529800,2412.987306,0.008592646806803161,3.2593491184181107,short,2h_wick_r75_v1p5_macd2h,2024-10-09 20:45:00,2h_wick_r75_v1p5_macd2h_armATR3p0
530837,0.004302989594457474,2.003574848175049,530796,2419.7038439999997,0.004903970388535184,5.922491995149949,long,2h_wick_r75_v1p5_macd2h,2024-10-11 13:30:00,2h_wick_r75_v1p5_macd2h_armATR3p0
533849,0.005845643864145167,5.127127647399902,533849,2644.710952,0.0064468929929180074,3.304179877126936,short,2h_wick_r75_v1p5_macd2h,2024-10-22 00:30:00,2h_wick_r75_v1p5_macd2h_armATR3p0
535559,0.0026766454420312337,2.253574848175049,535544,2513.472594,0.0032773009022115662,3.655261775161746,long,2h_wick_r75_v1p5_macd2h,2024-10-27 23:00:00,2h_wick_r75_v1p5_macd2h_armATR3p0
536603,0.013581864692097058,4.424961566925049,536601,2609.557984,0.014184661065035353,8.248203616684272,short,2h_wick_r75_v1p5_macd2h,2024-10-31 14:00:00,2h_wick_r75_v1p5_macd2h_armATR3p0
538191,0.016394758735076297,8.712193489074707,538173,2485.7370479999995,0.01699815836674956,4.849863820516206,long,2h_wick_r75_v1p5_macd2h,2024-11-06 02:20:00,2h_wick_r75_v1p5_macd2h_armATR3p0
552350,0.0044872559541954795,3.4300014972686768,552276,3488.8776359999997,0.005088273608917282,5.175614067264015,long,2h_wick_r75_v1p5_macd2h,2024-12-25 06:15:00,2h_wick_r75_v1p5_macd2h_armATR3p0
554890,0.0019458763545844974,2.785679340362549,554868,3455.500962,0.0025463856317109457,3.1586686495133134,long,2h_wick_r75_v1p5_macd2h,2025-01-03 01:55:00,2h_wick_r75_v1p5_macd2h_armATR3p0
559144,0.011419151267628004,6.6042656898498535,558612,3447.199302,0.012021555578743737,6.2748381040590795,long,2h_wick_r75_v1p5_macd2h,2025-01-17 20:25:00,2h_wick_r75_v1p5_macd2h_armATR3p0
563547,0.011394476623671502,8.849295616149902,563508,3119.955884,0.01199683551899633,4.179528586716121,short,2h_wick_r75_v1p5_macd2h,2025-02-02 03:20:00,2h_wick_r75_v1p5_macd2h_armATR3p0
566968,0.0016522273229752752,1.9214390516281128,566964,2670.594012,0.00225267785854677,3.130980394565478,long,2h_wick_r75_v1p5_macd2h,2025-02-14 00:25:00,2h_wick_r75_v1p5_macd2h_armATR3p0
569895,0.009052534358395993,7.674961566925049,569885,2737.1024700000003,0.009654424865267908,3.410110887432933,short,2h_wick_r75_v1p5_macd2h,2025-02-24 04:20:00,2h_wick_r75_v1p5_macd2h_armATR3p0
571769,0.01662597886635959,12.414986610412598,571759,2263.9927079999998,0.01722942475130984,3.1419519991495077,long,2h_wick_r75_v1p5_macd2h,2025-03-02 16:30:00,2h_wick_r75_v1p5_macd2h_armATR3p0
573015,0.010475012288652953,7.246425151824951,573015,2162.987316,0.011077187291110624,3.2702077926013295,short,2h_wick_r75_v1p5_macd2h,2025-03-07 00:20:00,2h_wick_r75_v1p5_macd2h_armATR3p0
575574,0.008572203551652403,5.868565082550049,575212,1933.006524,0.009174038359324399,3.021773764208548,long,2h_wick_r75_v1p5_macd2h,2025-03-15 21:35:00,2h_wick_r75_v1p5_macd2h_armATR3p0
575736,0.0023471793615709837,1.1657191514968872,575736,1898.630198,0.0029477287974433164,4.786914577867781,short,2h_wick_r75_v1p5_macd2h,2025-03-16 11:05:00,2h_wick_r75_v1p5_macd2h_armATR3p0
578654,0.004394885491826495,2.4171142578125,578650,2034.403038,0.0049958444689248704,4.183930473006398,short,2h_wick_r75_v1p5_macd2h,2025-03-26 14:15:00,2h_wick_r75_v1p5_macd2h_armATR3p0
580310,0.006117113894467297,2.0564138889312744,580291,1860.251976,0.006718457585984661,6.077581982533319,long,2h_wick_r75_v1p5_macd2h,2025-04-01 08:15:00,2h_wick_r75_v1p5_macd2h_armATR3p0
580767,0.013842310523247426,6.523594379425049,580765,1845.6308000000001,0.014445158985352036,4.028576651376118,short,2h_wick_r75_v1p5_macd2h,2025-04-02 22:20:00,2h_wick_r75_v1p5_macd2h_armATR3p0
582733,0.03771416042544225,14.996424674987793,582726,1596.499236,0.03832182479040025,4.079690014516727,long,2h_wick_r75_v1p5_macd2h,2025-04-09 18:10:00,2h_wick_r75_v1p5_macd2h_armATR3p0
584627,0.008804231405832709,4.230721473693848,583835,1575.8847600000001,0.009406072252113873,3.4709824533021827,short,2h_wick_r75_v1p5_macd2h,2025-04-16 08:00:00,2h_wick_r75_v1p5_macd2h_armATR3p0
587302,0.004672373640525374,2.8992831707000732,587270,1797.7894860000001,0.005273428326190599,3.269951033348237,long,2h_wick_r75_v1p5_macd2h,2025-04-25 14:55:00,2h_wick_r75_v1p5_macd2h_armATR3p0
587999,0.003995786211243813,2.301417827606201,587989,1779.8539580000001,0.004596665368485908,3.5386699026621233,short,2h_wick_r75_v1p5_macd2h,2025-04-28 01:00:00,2h_wick_r75_v1p5_macd2h_armATR3p0
590904,0.008888896924262158,4.708565711975098,590584,1839.897906,0.009490795083278991,3.7085802913590795,long,2h_wick_r75_v1p5_macd2h,2025-05-08 03:05:00,2h_wick_r75_v1p5_macd2h_armATR3p0
600234,0.0025804081750259835,2.201416015625,599778,2537.7074399999997,0.0031810443839028757,3.6669852234670217,long,2h_wick_r75_v1p5_macd2h,2025-06-09 12:35:00,2h_wick_r75_v1p5_macd2h_armATR3p0
603802,0.013685066217660814,10.4564208984375,603796,2310.547798,0.014287883230904352,3.1127092449830194,short,2h_wick_r75_v1p5_macd2h,2025-06-21 21:55:00,2h_wick_r75_v1p5_macd2h_armATR3p0
604358,0.014078649973761249,10.114240646362305,604284,2309.571822,0.014681586291019455,3.3525184129562486,long,2h_wick_r75_v1p5_macd2h,2025-06-23 20:15:00,2h_wick_r75_v1p5_macd2h_armATR3p0
605984,0.0019368135498995635,1.7849992513656616,605958,2454.9909,0.0025373210141024227,3.4896933403385333,long,2h_wick_r75_v1p5_macd2h,2025-06-29 11:45:00,2h_wick_r75_v1p5_macd2h_armATR3p0
608021,0.0019838552697648117,2.1328647136688232,608021,2535.617022,0.002584372144193603,3.07238333402222,long,2h_wick_r75_v1p5_macd2h,2025-07-06 13:30:00,2h_wick_r75_v1p5_macd2h_armATR3p0
632628,0.0018149005870124583,3.232142925262451,632628,4209.771786,0.002415383663745052,3.1459666961273656,long,2h_wick_r75_v1p5_macd2h,2025-09-30 00:05:00,2h_wick_r75_v1p5_macd2h_armATR3p0
640419,0.00821988598107022,11.617117881774902,640404,4153.360506,0.008821650311132467,3.1539228897281455,long,2h_wick_r75_v1p5_macd2h,2025-10-27 01:20:00,2h_wick_r75_v1p5_macd2h_armATR3p0
642712,0.008987969083443305,9.234322547912598,642708,3602.5093540000003,0.00958984667726015,3.7056702126714773,short,2h_wick_r75_v1p5_macd2h,2025-11-04 00:25:00,2h_wick_r75_v1p5_macd2h_armATR3p0
649063,0.008438503031555201,8.667149543762207,649044,2955.54099,0.00904031109377379,3.082790929715764,long,2h_wick_r75_v1p5_macd2h,2025-11-26 01:40:00,2h_wick_r75_v1p5_macd2h_armATR3p0
650120,0.0023734135712540462,2.3214111328125,650032,2988.7621280000003,0.002973968253968229,3.81756073912824,short,2h_wick_r75_v1p5_macd2h,2025-11-29 17:45:00,2h_wick_r75_v1p5_macd2h_armATR3p0
650948,0.015966121753616846,5.8271484375,650941,2859.97188,0.016569435640744867,8.132300130718967,long,2h_wick_r75_v1p5_macd2h,2025-12-02 14:45:00,2h_wick_r75_v1p5_macd2h_armATR3p0
651859,0.019237118353191817,17.577131271362305,651829,3064.856906,0.0198410457768623,3.3923002041378405,short,2h_wick_r75_v1p5_macd2h,2025-12-05 18:40:00,2h_wick_r75_v1p5_macd2h_armATR3p0
652421,0.014093514790929974,9.698573112487793,652419,3079.935864,0.014696454081746246,4.667092310900673,long,2h_wick_r75_v1p5_macd2h,2025-12-07 17:30:00,2h_wick_r75_v1p5_macd2h_armATR3p0
653377,0.007430058224451264,8.445748329162598,653371,3282.453378,0.008031624236096269,3.0966324096698608,short,2h_wick_r75_v1p5_macd2h,2025-12-11 01:10:00,2h_wick_r75_v1p5_macd2h_armATR3p0
654633,0.009396982131802246,8.235734939575195,654541,3127.77543,0.009998981928187822,3.797423087248265,long,2h_wick_r75_v1p5_macd2h,2025-12-15 09:50:00,2h_wick_r75_v1p5_macd2h_armATR3p0
657711,0.0043728945572032,4.0871758460998535,657584,2966.84325,0.004973889335070147,3.6105003933416495,long,2h_wick_r75_v1p5_macd2h,2025-12-26 02:20:00,2h_wick_r75_v1p5_macd2h_armATR3p0
661366,0.011519504494704248,10.308524131774902,661320,3175.724728,0.012121888395603131,3.6896385470702038,short,2h_wick_r75_v1p5_macd2h,2026-01-07 18:55:00,2h_wick_r75_v1p5_macd2h_armATR3p0
662422,0.000535454306209671,0.7907366156578064,662399,3107.1213,0.0011356814424980932,4.462547870082893,long,2h_wick_r75_v1p5_macd2h,2026-01-11 10:55:00,2h_wick_r75_v1p5_macd2h_armATR3p0
663920,0.010884276482139478,7.815743446350098,663918,3287.4323820000004,0.011486533337435878,4.776561853170154,short,2h_wick_r75_v1p5_macd2h,2026-01-16 15:45:00,2h_wick_r75_v1p5_macd2h_armATR3p0
664528,0.005473645548270634,3.5407192707061768,664479,3341.928252,0.0060748605203748696,5.733792048402298,long,2h_wick_r75_v1p5_macd2h,2026-01-18 18:25:00,2h_wick_r75_v1p5_macd2h_armATR3p0
667098,0.009629083293587649,8.605730056762695,667093,2966.133108,0.010231129519491455,3.526358809750526,long,2h_wick_r75_v1p5_macd2h,2026-01-27 16:35:00,2h_wick_r75_v1p5_macd2h_armATR3p0
667612,0.004839582319259028,5.119315147399902,667528,2940.531776,0.005440630235722832,3.1081845016088727,short,2h_wick_r75_v1p5_macd2h,2026-01-29 11:25:00,2h_wick_r75_v1p5_macd2h_armATR3p0
670457,0.013491408287147079,7.299996376037598,670116,2093.158548,0.014094227132573689,4.041296800754471,long,2h_wick_r75_v1p5_macd2h,2026-02-08 08:30:00,2h_wick_r75_v1p5_macd2h_armATR3p0
670766,0.011465715567199287,7.252144813537598,670665,2055.38884,0.012068088710312841,3.3795298673916783,short,2h_wick_r75_v1p5_macd2h,2026-02-09 10:15:00,2h_wick_r75_v1p5_macd2h_armATR3p0
671981,0.015969392390534586,9.585693359375,671977,2012.20236,0.016572706931921033,3.4788970134732398,long,2h_wick_r75_v1p5_macd2h,2026-02-13 15:30:00,2h_wick_r75_v1p5_macd2h_armATR3p0
672526,0.0068195361290718905,4.192147254943848,672526,2026.074704,0.007420980036297653,3.5601573829256936,short,2h_wick_r75_v1p5_macd2h,2026-02-15 12:55:00,2h_wick_r75_v1p5_macd2h_armATR3p0
673335,0.004524859692001293,2.36572265625,673329,2022.214362,0.005125884868975028,4.381594762435496,long,2h_wick_r75_v1p5_macd2h,2026-02-18 08:20:00,2h_wick_r75_v1p5_macd2h_armATR3p0
674597,0.006814940673621939,2.961452007293701,674551,1951.90954,0.007416383661756676,4.852194114444431,short,2h_wick_r75_v1p5_macd2h,2026-02-22 17:30:00,2h_wick_r75_v1p5_macd2h_armATR3p0
675276,0.014561903940563293,7.2735772132873535,675266,1904.340792,0.015164936927948736,3.9704270887842634,long,2h_wick_r75_v1p5_macd2h,2026-02-25 02:05:00,2h_wick_r75_v1p5_macd2h_armATR3p0
675990,0.009878483055024435,6.615016460418701,675963,1969.376046,0.01048053875163557,3.087829958129411,short,2h_wick_r75_v1p5_macd2h,2026-02-27 13:35:00,2h_wick_r75_v1p5_macd2h_armATR3p0
676427,0.02612868524293539,7.266427040100098,676425,1989.307782,0.026734032049345213,7.318895202072698,long,2h_wick_r75_v1p5_macd2h,2026-03-01 02:00:00,2h_wick_r75_v1p5_macd2h_armATR3p0
678010,0.015327212734922392,4.354282855987549,677958,2051.559606,0.01593035817746924,7.388037723769705,short,2h_wick_r75_v1p5_macd2h,2026-03-06 13:55:00,2h_wick_r75_v1p5_macd2h_armATR3p0
678746,0.01054472674064928,6.7407050132751465,678745,1982.0363280000001,0.011146956131875774,3.277650031634478,long,2h_wick_r75_v1p5_macd2h,2026-03-09 03:15:00,2h_wick_r75_v1p5_macd2h_armATR3p0
680706,0.00741771860406022,3.6635916233062744,680700,2147.389392,0.00801932246855408,4.700471496454355,long,2h_wick_r75_v1p5_macd2h,2026-03-15 22:35:00,2h_wick_r75_v1p5_macd2h_armATR3p0
681437,0.006278760015343732,4.3600029945373535,681437,2292.011506,0.006880095767346717,3.5920860649917477,short,2h_wick_r75_v1p5_macd2h,2026-03-18 11:30:00,2h_wick_r75_v1p5_macd2h_armATR3p0
683671,0.00427366792677093,2.4456787109375,683665,2140.17188,0.004874602660356109,4.2449893166957455,short,2h_wick_r75_v1p5_macd2h,2026-03-26 05:40:00,2h_wick_r75_v1p5_macd2h_armATR3p0
684816,0.008217147882321153,5.618556499481201,684789,2039.05773,0.008818911664653983,3.2005142249010747,long,2h_wick_r75_v1p5_macd2h,2026-03-30 05:05:00,2h_wick_r75_v1p5_macd2h_armATR3p0
685677,0.018026948900772898,12.677839279174805,685646,2081.13369,0.018630634290553116,3.0023799136281313,short,2h_wick_r75_v1p5_macd2h,2026-04-02 04:50:00,2h_wick_r75_v1p5_macd2h_armATR3p0
686762,0.01113025430689958,5.220005512237549,686759,2086.727262,0.011732600827064843,4.690174740736175,long,2h_wick_r75_v1p5_macd2h,2026-04-05 23:15:00,2h_wick_r75_v1p5_macd2h_armATR3p0
687204,0.006455288476166121,4.485682964324951,687192,2089.562004,0.007056659533861476,3.2641638110515205,short,2h_wick_r75_v1p5_macd2h,2026-04-07 12:05:00,2h_wick_r75_v1p5_macd2h_armATR3p0
688433,0.003498258389616993,3.0850131511688232,688412,2265.623034,0.0040990782052579,3.0103489174693143,long,2h_wick_r75_v1p5_macd2h,2026-04-11 18:30:00,2h_wick_r75_v1p5_macd2h_armATR3p0
690763,0.008867298761040266,6.1207098960876465,689818,2298.450218,0.009469152220792365,3.5225028413422033,short,2h_wick_r75_v1p5_macd2h,2026-04-19 20:40:00,2h_wick_r75_v1p5_macd2h_armATR3p0
691411,0.007004227714312261,4.9671454429626465,691407,2345.71905,0.007605748864084827,3.5917913427070065,long,2h_wick_r75_v1p5_macd2h,2026-04-22 02:40:00,2h_wick_r75_v1p5_macd2h_armATR3p0
693612,0.012430363971562787,2.627842426300049,693265,2263.2472599999996,0.013032930044357016,11.08029146214679,short,2h_wick_r75_v1p5_macd2h,2026-04-29 18:05:00,2h_wick_r75_v1p5_macd2h_armATR3p0
694118,0.0027848345950413746,2.1257150173187256,694011,2287.00731,0.003385511697380661,3.6423932356493838,long,2h_wick_r75_v1p5_macd2h,2026-05-01 12:15:00,2h_wick_r75_v1p5_macd2h_armATR3p0
695710,0.0021137404059412114,1.9971400499343872,695708,2335.7927480000003,0.0027142431540223555,3.1659011596148328,short,2h_wick_r75_v1p5_macd2h,2026-05-07 00:55:00,2h_wick_r75_v1p5_macd2h_armATR3p0
696480,0.003170181489305213,1.8193185329437256,696325,2321.8942859999997,0.003770935676440379,4.812633874417406,long,2h_wick_r75_v1p5_macd2h,2026-05-09 17:05:00,2h_wick_r75_v1p5_macd2h_armATR3p0
697235,0.007197648530075052,5.3850274085998535,697026,2308.8981280000003,0.007799168059781092,3.3181127307661957,short,2h_wick_r75_v1p5_macd2h,2026-05-12 08:00:00,2h_wick_r75_v1p5_macd2h_armATR3p0
700253,0.012049838170580208,4.098598003387451,700245,2095.43083,0.012652328138214264,6.387752587192398,short,2h_wick_r75_v1p5_macd2h,2026-05-22 19:30:00,2h_wick_r75_v1p5_macd2h_armATR3p0
702841,0.0029556250564075183,2.3514230251312256,702783,2006.018716,0.0035562961814188387,3.023154882819625,short,2h_wick_r75_v1p5_macd2h,2026-05-31 19:10:00,2h_wick_r75_v1p5_macd2h_armATR3p0
704732,0.011795853381920197,4.2978692054748535,704704,1609.741884,0.012398333048529997,4.6437234466270665,long,2h_wick_r75_v1p5_macd2h,2026-06-07 08:45:00,2h_wick_r75_v1p5_macd2h_armATR3p0
705396,0.012710264776259096,6.459987163543701,705375,1648.6702,0.013312886829214277,3.352978798818244,short,2h_wick_r75_v1p5_macd2h,2026-06-09 16:05:00,2h_wick_r75_v1p5_macd2h_armATR3p0
705991,0.0053771513750215496,2.530735492706299,705922,1667.1233579999998,0.005978347044430343,3.9382393097676283,long,2h_wick_r75_v1p5_macd2h,2026-06-11 17:40:00,2h_wick_r75_v1p5_macd2h_armATR3p0
