add_count,add_number,drawdown,entry_notional,entry_price,entry_size,entry_step,event,exit_price,notional,pnl,position,price,size,step,throttle,time,type,variant
,,0.0,,,,,open,,10000.0,,1,173.114616,1.0,1982,1.0,2019-09-30 10:00:00,,baseline_100
0,,,10000.0,173.114616,1.0,1982,close,172.275538,,-52.4497206046708,,,,2899,,2019-10-03 14:25:00,sell,baseline_100
,,0.06914979757085016,,,,,open,,9947.55027939533,,-1,172.275538,1.0,2899,1.0,2019-10-03 14:25:00,,baseline_100
0,,,9947.55027939533,172.275538,1.0,2899,close,176.065206,,-218.8229585764857,,,,4027,,2019-10-07 12:25:00,buy_cover,baseline_100
,,0.09115406042189977,,,,,open,,9726.737810762965,,1,176.065206,1.0,4027,1.0,2019-10-07 12:25:00,,baseline_100
0,,,9726.737810762965,176.065206,1.0,4027,close,185.71285,,528.8814636934749,,,,5104,,2019-10-11 06:10:00,sell,baseline_100
,,0.0524033064598427,,,,,open,,10255.61927445644,,-1,185.71285,1.0,5104,1.0,2019-10-11 06:10:00,,baseline_100
0,,,10255.61927445644,185.71285,1.0,5104,close,185.347062,,20.200317302334952,,,,6094,,2019-10-14 16:40:00,buy_cover,baseline_100
,,0.05030498434621877,,,,,open,,10273.768467903883,,1,185.347062,1.0,6094,1.0,2019-10-14 16:40:00,,baseline_100
0,,,10273.768467903883,185.347062,1.0,6094,close,176.86462,,-474.10192523146,,,,6611,,2019-10-16 11:45:00,sell,baseline_100
,,0.09341577548277746,,,,,open,,9799.666542672423,,-1,176.86462,1.0,6611,1.0,2019-10-16 11:45:00,,baseline_100
0,,,9799.666542672423,176.86462,1.0,6611,close,175.555104,,72.55769383132247,,,,7835,,2019-10-20 17:45:00,buy_cover,baseline_100
,,0.08779468996783513,,,,,open,,9870.26430319521,,1,175.555104,1.0,7835,1.0,2019-10-20 17:45:00,,baseline_100
0,,,9870.26430319521,175.555104,1.0,7835,close,171.305732,,-242.7653158399753,,,,8379,,2019-10-22 15:05:00,sell,baseline_100
,,0.11050828431882365,,,,,open,,9627.498987355235,,-1,171.305732,1.0,8379,1.0,2019-10-22 15:05:00,,baseline_100
0,,,9627.498987355235,171.305732,1.0,8379,close,164.08281,,405.93351207319574,,,,9191,,2019-10-25 10:45:00,buy_cover,baseline_100
,,0.07358634182987034,,,,,open,,10031.50699963096,,1,164.08281,1.0,9191,1.0,2019-10-25 10:45:00,,baseline_100
0,,,10031.50699963096,164.08281,1.0,9191,close,182.553482,,1124.774948054297,,,,10628,,2019-10-30 10:30:00,sell,baseline_100
,,0.06608357628765793,,,,,open,,11156.281947685256,,-1,182.553482,1.0,10628,1.0,2019-10-30 10:30:00,,baseline_100
0,,,11156.281947685256,182.553482,1.0,10628,close,184.24684200000002,,-103.48484822953833,,,,11330,,2019-11-01 21:00:00,buy_cover,baseline_100
,,0.0751132297566438,,,,,open,,11050.56584306618,,1,184.24684200000002,1.0,11330,1.0,2019-11-01 21:00:00,,baseline_100
0,,,11050.56584306618,184.24684200000002,1.0,11330,close,181.153762,,-189.85912797185483,,,,11781,,2019-11-03 10:35:00,sell,baseline_100
,,0.09082681650457802,,,,,open,,10860.706715094326,,-1,181.153762,1.0,11781,1.0,2019-11-03 10:35:00,,baseline_100
0,,,10860.706715094326,181.153762,1.0,11781,close,188.767746,,-456.48052923888827,,,,12405,,2019-11-05 14:35:00,buy_cover,baseline_100
,,0.128169182234537,,,,,open,,10402.054044512419,,1,188.767746,1.0,12405,1.0,2019-11-05 14:35:00,,baseline_100
0,,,10402.054044512419,188.767746,1.0,12405,close,188.04238400000003,,-44.11552014380868,,,,12871,,2019-11-07 05:25:00,sell,baseline_100
,,0.1340210727909823,,,,,open,,10357.93852436861,,-1,188.04238400000003,1.0,12871,1.0,2019-11-07 05:25:00,,baseline_100
0,,,10357.93852436861,188.04238400000003,1.0,12871,close,187.177428,,47.644783237674346,,,,13737,,2019-11-10 05:35:00,buy_cover,baseline_100
,,0.128262434360373,,,,,open,,10403.511719901411,,1,187.177428,1.0,13737,1.0,2019-11-10 05:35:00,,baseline_100
0,,,10403.511719901411,187.177428,1.0,13737,close,184.603072,,-147.18908353427105,,,,14236,,2019-11-11 23:10:00,sell,baseline_100
,,0.14323461737218568,,,,,open,,10256.32263636714,,-1,184.603072,1.0,14236,1.0,2019-11-11 23:10:00,,baseline_100
0,,,10256.32263636714,184.603072,1.0,14236,close,184.51689599999997,,4.788244033688898,,,,14247,,2019-11-12 00:05:00,buy_cover,baseline_100
,,0.1415354816635126,,,,,open,,10259.059615873555,,-1,182.253542,1.0,15687,1.0,2019-11-17 00:05:00,,baseline_100
0,,,10259.059615873555,182.253542,1.0,15687,close,144.60891600000002,,2119.0179211623936,,,,30375,,2020-01-07 00:05:00,buy_cover,baseline_100
,,0.11000728707940088,,,,,open,,12376.025725112773,,-1,143.62127,1.0,30663,1.0,2020-01-08 00:05:00,,baseline_100
0,,,12376.025725112773,143.62127,1.0,30663,close,143.75874599999997,,-11.845984554431197,,,,31527,,2020-01-11 00:05:00,buy_cover,baseline_100
,,0.11103716167371469,,,,,open,,12361.704535413319,,-1,201.029786,1.0,48807,1.0,2020-03-11 00:05:00,,baseline_100
0,,,12361.704535413319,201.029786,1.0,48807,close,142.47849,,3600.431091184704,,,,55344,,2020-04-02 16:50:00,buy_cover,baseline_100
,,0.1696207673715322,,,,,open,,15959.66328569094,,1,169.23384,1.0,57447,1.0,2020-04-10 00:05:00,,baseline_100
0,,,15959.66328569094,169.23384,1.0,57447,close,163.63726599999998,,-533.9592270444609,,,,57493,,2020-04-10 03:55:00,sell,baseline_100
,,0.19771920521262876,,,,,open,,15425.70405864648,,-1,163.63726599999998,1.0,57493,1.0,2020-04-10 03:55:00,,baseline_100
0,,,15425.70405864648,163.63726599999998,1.0,57493,close,160.362066,,308.74608281948167,,,,58193,,2020-04-12 14:15:00,buy_cover,baseline_100
,,0.1810018355563574,,,,,open,,15731.365000654232,,1,160.362066,1.0,58193,1.0,2020-04-12 14:15:00,,baseline_100
0,,,15731.365000654232,160.362066,1.0,58193,close,153.38931599999998,,-690.0384291273622,,,,59163,,2020-04-15 23:05:00,sell,baseline_100
,,0.21759888147817408,,,,,open,,15041.32657152687,,-1,153.38931599999998,1.0,59163,1.0,2020-04-15 23:05:00,,baseline_100
0,,,15041.32657152687,153.38931599999998,1.0,59163,close,179.475888,,-2558.0434859063516,,,,59905,,2020-04-18 12:55:00,buy_cover,baseline_100
,,0.35065290271068517,,,,,open,,12480.274820306213,,1,175.075008,1.0,60992,1.0,2020-04-22 07:30:00,,baseline_100
0,,,12480.274820306213,175.075008,1.0,60992,close,390.4219,,15339.936809933251,,,,95701,,2020-08-21 21:15:00,sell,baseline_100
,,0.1204312498704343,,,,,open,,27820.211630239464,,1,370.494084,1.0,101495,1.0,2020-09-11 00:05:00,,baseline_100
0,,,27820.211630239464,370.494084,1.0,101495,close,317.596468,,-3981.593289927441,,,,105239,,2020-09-24 00:05:00,sell,baseline_100
,,0.2463140102207947,,,,,open,,23838.618340312023,,1,365.333052,1.0,109847,1.0,2020-10-10 00:05:00,,baseline_100
0,,,23838.618340312023,365.333052,1.0,109847,close,934.813,,37135.162257610704,,,,136783,,2021-01-11 16:15:00,sell,baseline_100
,,0.3055909019042594,,,,,open,,60973.78059792273,,1,1576.9353239999998,1.0,150989,1.0,2021-03-02 00:05:00,,baseline_100
0,,,60973.78059792273,1576.9353239999998,1.0,150989,close,3432.533356,,71695.46912793307,,,,172818,,2021-05-16 19:10:00,sell,baseline_100
,,0.21296580896396722,,,,,open,,132669.2497258558,,1,2871.4441739999997,1.0,175757,1.0,2021-05-27 00:05:00,,baseline_100
0,,,132669.2497258558,2871.4441739999997,1.0,175757,close,2256.79855,,-28440.157623351377,,,,176621,,2021-05-30 00:05:00,sell,baseline_100
,,0.3816814419707417,,,,,open,,104229.09210250442,,1,2843.838654,1.0,178061,1.0,2021-06-04 00:05:00,,baseline_100
0,,,104229.09210250442,2843.838654,1.0,178061,close,2703.819128,,-5171.469001386868,,,,178925,,2021-06-07 00:05:00,sell,baseline_100
,,0.412360163154323,,,,,open,,99057.62310111756,,-1,1804.359056,1.0,184304,1.0,2021-06-26 00:05:00,,baseline_100
0,,,99057.62310111756,1804.359056,1.0,184304,close,1985.537028,,-9946.49670065318,,,,184880,,2021-06-28 00:05:00,buy_cover,baseline_100
,,0.47148332355435596,,,,,open,,89091.31487584415,,-1,1942.36145,1.0,189488,1.0,2021-07-14 00:05:00,,baseline_100
0,,,89091.31487584415,1942.36145,1.0,189488,close,2023.494618,,-3721.374003860561,,,,192080,,2021-07-23 00:05:00,buy_cover,baseline_100
,,0.4936653451376416,,,,,open,,85352.12260900842,,1,2182.9765079999997,1.0,192656,1.0,2021-07-25 00:05:00,,baseline_100
0,,,85352.12260900842,2182.9765079999997,1.0,192656,close,3060.8077160000003,,34274.42691055476,,,,209936,,2021-09-23 00:05:00,sell,baseline_100
,,0.2903390588089497,,,,,open,,119626.54951956318,,1,3305.06088,1.0,212528,1.0,2021-10-02 00:05:00,,baseline_100
0,,,119626.54951956318,3305.06088,1.0,212528,close,4179.51393,,31590.289119135792,,,,231248,,2021-12-06 00:05:00,sell,baseline_100
,,0.14080669905479382,,,,,open,,151216.83863869897,,1,4354.9308120000005,1.0,231536,1.0,2021-12-07 00:05:00,,baseline_100
0,,,151216.83863869897,4354.9308120000005,1.0,231536,close,4078.8540660000003,,-9642.895940220042,,,,232976,,2021-12-12 00:05:00,sell,baseline_100
,,0.19559630891659185,,,,,open,,141573.94269847893,,-1,3406.5785480000004,1.0,240464,1.0,2022-01-07 00:05:00,,baseline_100
0,,,141573.94269847893,3406.5785480000004,1.0,240464,close,2465.162934,,39124.28035168935,,,,246224,,2022-01-27 00:05:00,buy_cover,baseline_100
,,0.06453989861178122,,,,,open,,180669.9082616286,,1,2465.162934,1.0,246224,1.0,2022-01-27 00:05:00,,baseline_100
0,,,180669.9082616286,2465.162934,1.0,246224,close,2337.842338,,-9399.757836988516,,,,246475,,2022-01-27 21:00:00,sell,baseline_100
,,0.11321258220605379,,,,,open,,171270.15042464007,,-1,2337.842338,1.0,246475,1.0,2022-01-27 21:00:00,,baseline_100
0,,,171270.15042464007,2337.842338,1.0,246475,close,2591.588214,,-18589.395825067797,,,,246962,,2022-01-29 13:35:00,buy_cover,baseline_100
,,0.20981464873524658,,,,,open,,152646.50056948734,,1,2752.75044,1.0,248591,1.0,2022-02-04 05:20:00,,baseline_100
0,,,152646.50056948734,2752.75044,1.0,248591,close,2959.8379139999997,,11417.843141022488,,,,249284,,2022-02-06 15:05:00,sell,baseline_100
,,0.15005673687829935,,,,,open,,164064.34371050983,,-1,2959.8379139999997,1.0,249284,1.0,2022-02-06 15:05:00,,baseline_100
0,,,164064.34371050983,2959.8379139999997,1.0,249284,close,3195.0088739999997,,-13035.561191439367,,,,249750,,2022-02-08 05:55:00,buy_cover,baseline_100
,,0.21836568362845066,,,,,open,,150995.96965032836,,1,3195.0088739999997,1.0,249750,1.0,2022-02-08 05:55:00,,baseline_100
0,,,150995.96965032836,3195.0088739999997,1.0,249750,close,3076.8845,,-5640.711929682555,,,,250537,,2022-02-10 23:30:00,sell,baseline_100
,,0.24755828039515326,,,,,open,,145355.2577206458,,1,2959.0816979999995,1.0,251580,1.0,2022-02-14 14:25:00,,baseline_100
0,,,145355.2577206458,2959.0816979999995,1.0,251580,close,3050.369804,,4424.30129698629,,,,252179,,2022-02-16 16:20:00,sell,baseline_100
,,0.22504702100517016,,,,,open,,149779.5590176321,,-1,3050.369804,1.0,252179,1.0,2022-02-16 16:20:00,,baseline_100
0,,,149779.5590176321,3050.369804,1.0,252179,close,2666.013096,,18872.726227091713,,,,254066,,2022-02-23 06:05:00,buy_cover,baseline_100
,,0.12715121558064002,,,,,open,,168622.3293329203,,1,2666.013096,1.0,254066,1.0,2022-02-23 06:05:00,,baseline_100
0,,,168622.3293329203,2666.013096,1.0,254066,close,2650.31983,,-1059.6266151731543,,,,255380,,2022-02-27 19:35:00,sell,baseline_100
,,0.13329377729138703,,,,,open,,167562.70271774713,,-1,2650.31983,1.0,255380,1.0,2022-02-27 19:35:00,,baseline_100
0,,,167562.70271774713,2650.31983,1.0,255380,close,2995.9490699999997,,-21851.909666429943,,,,255884,,2022-03-01 13:35:00,buy_cover,baseline_100
,,0.24589130676272075,,,,,open,,145677.28051077365,,1,2632.596414,1.0,258056,1.0,2022-03-09 02:35:00,,baseline_100
0,,,145677.28051077365,2632.596414,1.0,258056,close,2534.323034,,-5494.143050322455,,,,258628,,2022-03-11 02:15:00,sell,baseline_100
,,0.27358926925597316,,,,,open,,140183.1374604512,,-1,2534.323034,1.0,258628,1.0,2022-03-11 02:15:00,,baseline_100
0,,,140183.1374604512,2534.323034,1.0,258628,close,2606.341164,,-3983.593514871318,,,,259955,,2022-03-15 16:50:00,buy_cover,baseline_100
,,0.29509861057435494,,,,,open,,136171.5073180878,,-1,2885.982688,1.0,261337,1.0,2022-03-20 12:00:00,,baseline_100
0,,,136171.5073180878,2885.982688,1.0,261337,close,2964.072696,,-3684.5744068966887,,,,261799,,2022-03-22 02:30:00,buy_cover,baseline_100
,,0.31409370838404926,,,,,open,,132459.6986097275,,1,2964.072696,1.0,261799,1.0,2022-03-22 02:30:00,,baseline_100
0,,,132459.6986097275,2964.072696,1.0,261799,close,3176.894494,,9453.885492086352,,,,266378,,2022-04-07 00:05:00,sell,baseline_100
,,0.26657451800186116,,,,,open,,141913.58410181385,,-1,3176.894494,1.0,266378,1.0,2022-04-07 00:05:00,,baseline_100
0,,,141913.58410181385,3176.894494,1.0,266378,close,3228.6756060000002,,-2313.084327748016,,,,266666,,2022-04-08 00:05:00,buy_cover,baseline_100
,,0.27749511497356705,,,,,open,,139572.11705724546,,1,3272.1543,1.0,266698,1.0,2022-04-08 02:45:00,,baseline_100
0,,,139572.11705724546,3272.1543,1.0,266698,close,2984.2630280000003,,-12330.77108191885,,,,267818,,2022-04-12 00:05:00,sell,baseline_100
,,0.33990368120781034,,,,,open,,127241.3459753266,,-1,2984.2630280000003,1.0,267818,1.0,2022-04-12 00:05:00,,baseline_100
0,,,127241.3459753266,2984.2630280000003,1.0,267818,close,3096.8892539999997,,-4802.0890557596285,,,,268277,,2022-04-13 14:20:00,buy_cover,baseline_100
,,0.36631630579688623,,,,,open,,122413.80865037191,,-1,3012.587362,1.0,269538,1.0,2022-04-17 23:25:00,,baseline_100
0,,,122413.80865037191,3012.587362,1.0,269538,close,3118.02348,,-4284.297832795855,,,,270002,,2022-04-19 14:05:00,buy_cover,baseline_100
,,0.3880038880142026,,,,,open,,118105.02805584598,,1,3118.02348,1.0,270002,1.0,2022-04-19 14:05:00,,baseline_100
0,,,118105.02805584598,3118.02348,1.0,270002,close,3025.524774,,-3549.5178020271414,,,,270647,,2022-04-21 19:50:00,sell,baseline_100
,,0.40699534040074126,,,,,open,,114555.51025381884,,1,2971.384158,1.0,271787,1.0,2022-04-25 18:50:00,,baseline_100
0,,,114555.51025381884,2971.384158,1.0,271787,close,2837.23244,,-5215.688354639584,,,,272853,,2022-04-29 11:40:00,sell,baseline_100
,,0.43303197524732284,,,,,open,,109339.82189917925,,-1,2837.23244,1.0,272853,1.0,2022-04-29 11:40:00,,baseline_100
0,,,109339.82189917925,2837.23244,1.0,272853,close,2835.677022,,59.94627962015511,,,,273570,,2022-05-01 23:25:00,buy_cover,baseline_100
,,0.4334392678991197,,,,,open,,109377.90021441957,,1,2835.677022,1.0,273570,1.0,2022-05-01 23:25:00,,baseline_100
0,,,109377.90021441957,2835.677022,1.0,273570,close,2762.4773940000005,,-2866.07785322587,,,,274101,,2022-05-03 19:40:00,sell,baseline_100
,,0.4479682669953218,,,,,open,,106511.8223611937,,-1,2762.4773940000005,1.0,274101,1.0,2022-05-03 19:40:00,,baseline_100
0,,,106511.8223611937,2762.4773940000005,1.0,274101,close,2089.877892,,25933.17423582128,,,,277466,,2022-05-15 12:05:00,buy_cover,baseline_100
,,0.3145706163078643,,,,,open,,132423.69423254274,,1,2089.877892,1.0,277466,1.0,2022-05-15 12:05:00,,baseline_100
0,,,132423.69423254274,2089.877892,1.0,277466,close,2001.989522,,-5619.723724207841,,,,278340,,2022-05-18 12:55:00,sell,baseline_100
,,0.343445741297816,,,,,open,,126803.9705083349,,-1,2001.989522,1.0,278340,1.0,2022-05-18 12:55:00,,baseline_100
0,,,126803.9705083349,2001.989522,1.0,278340,close,2050.10994,,-3047.8929082214745,,,,278781,,2022-05-20 01:40:00,buy_cover,baseline_100
,,0.35949923806414785,,,,,open,,123730.71680601175,,-1,1989.082104,1.0,279862,1.0,2022-05-23 19:45:00,,baseline_100
0,,,123730.71680601175,1989.082104,1.0,279862,close,1836.297186,,9503.979987315004,,,,281661,,2022-05-30 01:40:00,buy_cover,baseline_100
,,0.3093808911404491,,,,,open,,133209.95064996555,,1,1836.297186,1.0,281661,1.0,2022-05-30 01:40:00,,baseline_100
0,,,133209.95064996555,1836.297186,1.0,281661,close,1916.876548,,5789.827658736322,,,,282267,,2022-06-01 04:10:00,sell,baseline_100
,,0.2793890332315371,,,,,open,,138999.77830870188,,-1,1916.876548,1.0,282267,1.0,2022-06-01 04:10:00,,baseline_100
0,,,138999.77830870188,1916.876548,1.0,282267,close,1796.319192,,8742.063103900015,,,,283346,,2022-06-04 22:05:00,buy_cover,baseline_100
,,0.23497069537288007,,,,,open,,147714.04145694018,,1,1796.319192,1.0,283346,1.0,2022-06-04 22:05:00,,baseline_100
0,,,147714.04145694018,1796.319192,1.0,283346,close,1780.423844,,-1365.6554053572763,,,,283952,,2022-06-07 00:35:00,sell,baseline_100
,,0.24045860454312595,,,,,open,,146348.3860515829,,-1,1780.423844,1.0,283952,1.0,2022-06-07 00:35:00,,baseline_100
0,,,146348.3860515829,1780.423844,1.0,283952,close,1248.729696,,43704.53024715526,,,,286538,,2022-06-16 00:05:00,buy_cover,baseline_100
,,0.0899648119843065,,,,,open,,190023.64662152785,,1,1141.5282599999998,1.0,288796,1.0,2022-06-23 20:15:00,,baseline_100
0,,,190023.64662152785,1141.5282599999998,1.0,288796,close,1192.91137,,8474.028016407072,,,,289870,,2022-06-27 13:45:00,sell,baseline_100
,,0.06408032216788195,,,,,open,,198497.67463793492,,-1,1192.91137,1.0,289870,1.0,2022-06-27 13:45:00,,baseline_100
0,,,198497.67463793492,1192.91137,1.0,289870,close,1092.208398,,16756.747354300227,,,,291864,,2022-07-04 11:55:00,buy_cover,baseline_100
,,0.06774366299939649,,,,,open,,215214.72245730757,,1,1092.208398,1.0,291864,1.0,2022-07-04 11:55:00,,baseline_100
0,,,215214.72245730757,1092.208398,1.0,291864,close,1188.502252,,18880.601961238688,,,,293479,,2022-07-10 02:30:00,sell,baseline_100
,,0.06750862880451836,,,,,open,,234095.32441854625,,-1,1188.502252,1.0,293479,1.0,2022-07-10 02:30:00,,baseline_100
0,,,234095.32441854625,1188.502252,1.0,293479,close,1099.829922,,17465.501745553338,,,,294463,,2022-07-13 12:30:00,buy_cover,baseline_100
,,0.04663177418596709,,,,,open,,251514.00709921587,,1,1099.829922,1.0,294463,1.0,2022-07-13 12:30:00,,baseline_100
0,,,251514.00709921587,1099.829922,1.0,294463,close,1481.893562,,87236.47471089859,,,,296666,,2022-07-21 04:05:00,sell,baseline_100
,,0.07984856947806118,,,,,open,,338750.48181011446,,-1,1481.893562,1.0,296666,1.0,2022-07-21 04:05:00,,baseline_100
0,,,338750.48181011446,1481.893562,1.0,296666,close,1606.881312,,-28571.30892885907,,,,297550,,2022-07-24 05:45:00,buy_cover,baseline_100
,,0.15851510742413877,,,,,open,,310111.42278489337,,1,1606.881312,1.0,297550,1.0,2022-07-24 05:45:00,,baseline_100
0,,,310111.42278489337,1606.881312,1.0,297550,close,1479.1741060000002,,-24760.34055638779,,,,297999,,2022-07-25 19:10:00,sell,baseline_100
,,0.2254430788134294,,,,,open,,285351.0822285056,,-1,1670.405852,1.0,299769,1.0,2022-07-31 22:40:00,,baseline_100
0,,,285351.0822285056,1670.405852,1.0,299769,close,1681.2261780000001,,-1848.3966282086913,,,,300509,,2022-08-03 12:20:00,buy_cover,baseline_100
,,0.2300365758530437,,,,,open,,283445.61538385117,,1,1681.2261780000001,1.0,300509,1.0,2022-08-03 12:20:00,,baseline_100
0,,,283445.61538385117,1681.2261780000001,1.0,300509,close,1711.05772,,4914.057706488122,,,,302229,,2022-08-09 11:40:00,sell,baseline_100
,,0.22003805631724627,,,,,open,,288359.6730903393,,-1,1711.05772,1.0,302229,1.0,2022-08-09 11:40:00,,baseline_100
0,,,288359.6730903393,1711.05772,1.0,302229,close,1891.82829,,-30464.735373436066,,,,302683,,2022-08-11 01:30:00,buy_cover,baseline_100
,,0.29840948089077646,,,,,open,,257837.26578228513,,1,1891.82829,1.0,302683,1.0,2022-08-11 01:30:00,,baseline_100
0,,,257837.26578228513,1891.82829,1.0,302683,close,1958.368248,,8961.978736356134,,,,303731,,2022-08-14 16:50:00,sell,baseline_100
,,0.2767051016552232,,,,,open,,266799.24451864127,,-1,1958.368248,1.0,303731,1.0,2022-08-14 16:50:00,,baseline_100
0,,,266799.24451864127,1958.368248,1.0,303731,close,1919.6938619999999,,5268.834124774468,,,,304463,,2022-08-17 05:50:00,buy_cover,baseline_100
,,0.2619886049006338,,,,,open,,272014.718794512,,1,1919.6938619999999,1.0,304463,1.0,2022-08-17 05:50:00,,baseline_100
0,,,272014.718794512,1919.6938619999999,1.0,304463,close,1821.865554,,-13965.221276690223,,,,304974,,2022-08-19 00:25:00,sell,baseline_100
,,0.30080456635655395,,,,,open,,258049.49751782176,,-1,1821.865554,1.0,304974,1.0,2022-08-19 00:25:00,,baseline_100
0,,,258049.49751782176,1821.865554,1.0,304974,close,1643.248584,,25299.36208357266,,,,305802,,2022-08-21 21:25:00,buy_cover,baseline_100
,,0.23072094848043456,,,,,open,,283297.24970189086,,1,1643.248584,1.0,305802,1.0,2022-08-21 21:25:00,,baseline_100
0,,,283297.24970189086,1643.248584,1.0,305802,close,1653.579218,,1666.9889065336902,,,,307070,,2022-08-26 07:05:00,sell,baseline_100
,,0.22630527789984545,,,,,open,,284964.23860842455,,-1,1653.579218,1.0,307070,1.0,2022-08-26 07:05:00,,baseline_100
0,,,284964.23860842455,1653.579218,1.0,307070,close,1510.4720340000001,,24661.925174954784,,,,308019,,2022-08-29 14:10:00,buy_cover,baseline_100
,,0.159568310259674,,,,,open,,309569.1709356577,,1,1510.4720340000001,1.0,308019,1.0,2022-08-29 14:10:00,,baseline_100
0,,,309569.1709356577,1510.4720340000001,1.0,308019,close,1519.925954,,1812.9776975369896,,,,308891,,2022-09-01 14:50:00,sell,baseline_100
,,0.1529944843313703,,,,,open,,311382.1486331947,,-1,1519.925954,1.0,308891,1.0,2022-09-01 14:50:00,,baseline_100
0,,,311382.1486331947,1519.925954,1.0,308891,close,1574.194776,,-11117.859226388566,,,,309722,,2022-09-04 12:05:00,buy_cover,baseline_100
,,0.18535101062234138,,,,,open,,300202.0129770795,,1,1574.194776,1.0,309722,1.0,2022-09-04 12:05:00,,baseline_100
0,,,300202.0129770795,1574.194776,1.0,309722,close,1559.867964,,-2851.12702726468,,,,310395,,2022-09-06 20:10:00,sell,baseline_100
,,0.19287081396469308,,,,,open,,297350.8859498148,,-1,1707.098512,1.0,312072,1.0,2022-09-12 15:55:00,,baseline_100
0,,,297350.8859498148,1707.098512,1.0,312072,close,1631.57625,,13154.853549927822,,,,312729,,2022-09-14 22:40:00,buy_cover,baseline_100
,,0.15719656617055267,,,,,open,,310446.26932255266,,1,1631.57625,1.0,312729,1.0,2022-09-14 22:40:00,,baseline_100
0,,,310446.26932255266,1631.57625,1.0,312729,close,1422.985346,,-39797.68306126399,,,,313231,,2022-09-16 16:30:00,sell,baseline_100
,,0.2655739593540072,,,,,open,,270648.58626128867,,-1,1422.985346,1.0,313231,1.0,2022-09-16 16:30:00,,baseline_100
0,,,270648.58626128867,1422.985346,1.0,313231,close,1356.501246,,12645.135390775773,,,,315107,,2022-09-23 04:50:00,buy_cover,baseline_100
,,0.23040134145607927,,,,,open,,283239.59193481214,,1,1356.501246,1.0,315107,1.0,2022-09-23 04:50:00,,baseline_100
0,,,283239.59193481214,1356.501246,1.0,315107,close,1303.549238,,-11165.324850039906,,,,315789,,2022-09-25 13:40:00,sell,baseline_100
,,0.26095950419806635,,,,,open,,272074.26708477223,,-1,1303.549238,1.0,315789,1.0,2022-09-25 13:40:00,,baseline_100
0,,,272074.26708477223,1303.549238,1.0,315789,close,1386.92733,,-17402.501966663112,,,,316243,,2022-09-27 03:30:00,buy_cover,baseline_100
,,0.3088667147798837,,,,,open,,254617.35026469216,,-1,1307.948358,1.0,317554,1.0,2022-10-01 16:45:00,,baseline_100
0,,,254617.35026469216,1307.948358,1.0,317554,close,1316.0931659999999,,-1585.5335684196907,,,,318102,,2022-10-03 14:25:00,buy_cover,baseline_100
,,0.3132692265689636,,,,,open,,252980.89322621952,,1,1316.0931659999999,1.0,318102,1.0,2022-10-03 14:25:00,,baseline_100
0,,,252980.89322621952,1316.0931659999999,1.0,318102,close,1324.864974,,1584.2700758004503,,,,318664,,2022-10-05 13:15:00,sell,baseline_100
,,0.3095039491537347,,,,,open,,254565.16330201997,,-1,1324.864974,1.0,318664,1.0,2022-10-05 13:15:00,,baseline_100
0,,,254565.16330201997,1324.864974,1.0,318664,close,1331.0761619999998,,-1193.4337194536347,,,,319955,,2022-10-10 00:50:00,buy_cover,baseline_100
,,0.3130652943853286,,,,,open,,253320.81654990593,,1,1331.0761619999998,1.0,319955,1.0,2022-10-10 00:50:00,,baseline_100
0,,,253320.81654990593,1331.0761619999998,1.0,319955,close,1278.314286,,-10138.56185757072,,,,320900,,2022-10-13 07:35:00,sell,baseline_100
,,0.3399061359407479,,,,,open,,243182.2546923352,,1,1294.848918,1.0,321908,1.0,2022-10-16 19:35:00,,baseline_100
0,,,243182.2546923352,1294.848918,1.0,321908,close,1305.068934,,1821.3641402574722,,,,322432,,2022-10-18 15:15:00,sell,baseline_100
,,0.33489490672139755,,,,,open,,245003.61883259268,,-1,1305.068934,1.0,322432,1.0,2022-10-18 15:15:00,,baseline_100
0,,,245003.61883259268,1305.068934,1.0,322432,close,1309.0417559999999,,-745.8172613118368,,,,322997,,2022-10-20 14:20:00,buy_cover,baseline_100
,,0.3369553732334286,,,,,open,,244208.80084751433,,1,1309.0417559999999,1.0,322997,1.0,2022-10-20 14:20:00,,baseline_100
0,,,244208.80084751433,1309.0417559999999,1.0,322997,close,1488.7022,,33405.54589574665,,,,325224,,2022-10-28 07:55:00,sell,baseline_100
,,0.2459143310113564,,,,,open,,277614.346743261,,-1,1488.7022,1.0,325224,1.0,2022-10-28 07:55:00,,baseline_100
0,,,277614.346743261,1488.7022,1.0,325224,close,1612.792494,,-23140.442726971058,,,,326789,,2022-11-02 18:20:00,buy_cover,baseline_100
,,0.30919563247024484,,,,,open,,254418.38114694128,,1,1612.792494,1.0,326789,1.0,2022-11-02 18:20:00,,baseline_100
0,,,254418.38114694128,1612.792494,1.0,326789,close,1618.366262,,777.154318366549,,,,327744,,2022-11-06 01:55:00,sell,baseline_100
,,0.30754670195392453,,,,,open,,255195.53546530782,,-1,1618.366262,1.0,327744,1.0,2022-11-06 01:55:00,,baseline_100
0,,,255195.53546530782,1618.366262,1.0,327744,close,1325.36502,,46202.53407956901,,,,329053,,2022-11-10 15:00:00,buy_cover,baseline_100
,,0.18202368015659576,,,,,open,,301347.0304377838,,-1,1241.9215660000002,1.0,329822,1.0,2022-11-13 07:05:00,,baseline_100
0,,,301347.0304377838,1241.9215660000002,1.0,329822,close,1217.463444,,5934.671972629847,,,,331730,,2022-11-19 22:05:00,buy_cover,baseline_100
,,0.16553262905190602,,,,,open,,307221.43300432607,,1,1217.463444,1.0,331730,1.0,2022-11-19 22:05:00,,baseline_100
0,,,307221.43300432607,1217.463444,1.0,331730,close,1100.37988,,-29656.570866496942,,,,332258,,2022-11-21 18:05:00,sell,baseline_100
,,0.2468928804975492,,,,,open,,277564.8621378291,,-1,1100.37988,1.0,332258,1.0,2022-11-21 18:05:00,,baseline_100
0,,,277564.8621378291,1100.37988,1.0,332258,close,1173.78471,,-18515.958767934877,,,,332748,,2022-11-23 10:55:00,buy_cover,baseline_100
,,0.2969883923086325,,,,,open,,258993.39039746666,,-1,1193.541244,1.0,334054,1.0,2022-11-27 23:45:00,,baseline_100
0,,,258993.39039746666,1193.541244,1.0,334054,close,1230.2560019999999,,-7966.9361697529675,,,,334641,,2022-11-30 00:40:00,buy_cover,baseline_100
,,0.31965940187759645,,,,,open,,250974.6555496342,,1,1230.2560019999999,1.0,334641,1.0,2022-11-30 00:40:00,,baseline_100
0,,,250974.6555496342,1230.2560019999999,1.0,334641,close,1266.39667,,7269.439055136987,,,,335631,,2022-12-03 11:10:00,sell,baseline_100
,,0.3005189647147012,,,,,open,,258244.09460477118,,-1,1266.39667,1.0,335631,1.0,2022-12-03 11:10:00,,baseline_100
0,,,258244.09460477118,1266.39667,1.0,335631,close,1288.167582,,-4439.522216757934,,,,336080,,2022-12-05 00:35:00,buy_cover,baseline_100
,,0.31105711595806673,,,,,open,,253752.9235690923,,1,1288.167582,1.0,336080,1.0,2022-12-05 00:35:00,,baseline_100
0,,,253752.9235690923,1288.167582,1.0,336080,close,1229.414068,,-11670.57038575114,,,,336736,,2022-12-07 07:15:00,sell,baseline_100
,,0.3428917083793086,,,,,open,,242082.35318334115,,1,1279.2858059999999,1.0,338497,1.0,2022-12-13 10:00:00,,baseline_100
0,,,242082.35318334115,1279.2858059999999,1.0,338497,close,1294.301088,,2743.4185040315497,,,,338974,,2022-12-15 01:45:00,sell,baseline_100
,,0.3338130296955846,,,,,open,,244825.7716873727,,-1,1294.301088,1.0,338974,1.0,2022-12-15 01:45:00,,baseline_100
0,,,244825.7716873727,1294.301088,1.0,338974,close,1200.1599840000001,,17807.43321719661,,,,340449,,2022-12-20 04:40:00,buy_cover,baseline_100
,,0.2870508874055532,,,,,open,,262584.23975023185,,1,1200.1599840000001,1.0,340449,1.0,2022-12-20 04:40:00,,baseline_100
0,,,262584.23975023185,1200.1599840000001,1.0,340449,close,1199.290094,,-295.2712000756874,,,,341144,,2022-12-22 14:35:00,sell,baseline_100
,,0.2876926928843053,,,,,open,,262288.96855015616,,-1,1199.290094,1.0,341144,1.0,2022-12-22 14:35:00,,baseline_100
0,,,262288.96855015616,1199.290094,1.0,341144,close,1230.0859679999999,,-6735.155373960268,,,,342408,,2022-12-26 23:55:00,buy_cover,baseline_100
,,0.30646717146291413,,,,,open,,255501.35538248584,,-1,1209.748002,1.0,344605,1.0,2023-01-03 15:00:00,,baseline_100
0,,,255501.35538248584,1209.748002,1.0,344605,close,1258.931736,,-10387.698770856136,,,,345478,,2023-01-06 15:45:00,buy_cover,baseline_100
,,0.3346523469902749,,,,,open,,245062.55634055322,,1,1258.931736,1.0,345478,1.0,2023-01-06 15:45:00,,baseline_100
0,,,245062.55634055322,1258.931736,1.0,345478,close,1511.387662,,49025.1805000442,,,,355572,,2023-02-11 00:05:00,sell,baseline_100
,,0.20124513488714257,,,,,open,,294087.7368405974,,-1,1511.387662,1.0,355572,1.0,2023-02-11 00:05:00,,baseline_100
0,,,294087.7368405974,1511.387662,1.0,355572,close,1537.567452,,-5094.084925031464,,,,355860,,2023-02-12 00:05:00,buy_cover,baseline_100
,,0.21571534271396375,,,,,open,,288934.83436819783,,1,1548.099558,1.0,356059,1.0,2023-02-12 16:40:00,,baseline_100
0,,,288934.83436819783,1548.099558,1.0,356059,close,1564.277082,,2902.577303465514,,,,362196,,2023-03-06 00:05:00,sell,baseline_100
,,0.20783658745528233,,,,,open,,291837.41167166334,,-1,1532.313476,1.0,363060,1.0,2023-03-09 00:05:00,,baseline_100
0,,,291837.41167166334,1532.313476,1.0,363060,close,1578.505638,,-8797.535740603402,,,,364212,,2023-03-13 00:05:00,buy_cover,baseline_100
,,0.23187504941279458,,,,,open,,282981.5084487256,,1,1576.855308,1.0,364213,1.0,2023-03-13 00:10:00,,baseline_100
0,,,282981.5084487256,1576.855308,1.0,364213,close,1839.3320600000002,,46971.89962416631,,,,381204,,2023-05-11 00:05:00,sell,baseline_100
,,0.13900124372591682,,,,,open,,329953.40807289194,,1,1853.100546,1.0,384948,1.0,2023-05-24 00:05:00,,baseline_100
0,,,329953.40807289194,1853.100546,1.0,384948,close,1826.914544,,-4792.646131925867,,,,385812,,2023-05-27 00:05:00,sell,baseline_100
,,0.1515074408370507,,,,,open,,325160.76194096607,,1,1910.2219679999998,1.0,386388,1.0,2023-05-29 00:05:00,,baseline_100
0,,,325160.76194096607,1910.2219679999998,1.0,386388,close,1839.392048,,-12182.001081157709,,,,389844,,2023-06-10 00:05:00,sell,baseline_100
,,0.18329583132850213,,,,,open,,312978.76085980836,,-1,1721.8555600000002,1.0,392436,1.0,2023-06-19 00:05:00,,baseline_100
0,,,312978.76085980836,1721.8555600000002,1.0,392436,close,1735.1169539999999,,-2410.4884495674632,,,,392724,,2023-06-20 00:05:00,buy_cover,baseline_100
,,0.18974923465685423,,,,,open,,310505.67665806896,,1,1889.1477539999998,1.0,393300,1.0,2023-06-22 00:05:00,,baseline_100
0,,,310505.67665806896,1889.1477539999998,1.0,393300,close,1830.393848,,-9777.285888807732,,,,405972,,2023-08-05 00:05:00,sell,baseline_100
,,0.21526262771185145,,,,,open,,300728.3907692612,,-1,1687.652402,1.0,409716,1.0,2023-08-18 00:05:00,,baseline_100
0,,,300728.3907692612,1687.652402,1.0,409716,close,1641.9183179999998,,8149.520137668995,,,,415082,,2023-09-05 15:15:00,buy_cover,baseline_100
,,0.19361025459009396,,,,,open,,308817.7652287764,,1,1641.9183179999998,1.0,415082,1.0,2023-09-05 15:15:00,,baseline_100
0,,,308817.7652287764,1641.9183179999998,1.0,415082,close,1618.866162,,-4457.51111620228,,,,415885,,2023-09-08 10:10:00,sell,baseline_100
,,0.2057854417060655,,,,,open,,304360.2541125741,,1,1623.294594,1.0,417501,1.0,2023-09-14 00:50:00,,baseline_100
0,,,304360.2541125741,1623.294594,1.0,417501,close,1614.2970759999998,,-1808.0503501347266,,,,417955,,2023-09-15 14:40:00,sell,baseline_100
,,0.21001147667958786,,,,,open,,302552.20376243937,,-1,1614.2970759999998,1.0,417955,1.0,2023-09-15 14:40:00,,baseline_100
0,,,302552.20376243937,1614.2970759999998,1.0,417955,close,1648.6596659999998,,-6440.238004408369,,,,418770,,2023-09-18 10:35:00,buy_cover,baseline_100
,,0.22746688294549255,,,,,open,,296051.4553172785,,1,1594.838904,1.0,420483,1.0,2023-09-24 09:20:00,,baseline_100
0,,,296051.4553172785,1594.838904,1.0,420483,close,1652.8293680000002,,10642.110482847143,,,,422900,,2023-10-02 18:45:00,sell,baseline_100
,,0.19821907699136365,,,,,open,,306693.56580012565,,-1,1652.8293680000002,1.0,422900,1.0,2023-10-02 18:45:00,,baseline_100
0,,,306693.56580012565,1652.8293680000002,1.0,422900,close,1653.1205579999998,,-54.019986028957646,,,,424061,,2023-10-06 19:30:00,buy_cover,baseline_100
,,0.20044774339789018,,,,,open,,306578.2071009367,,1,1653.1205579999998,1.0,424061,1.0,2023-10-06 19:30:00,,baseline_100
0,,,306578.2071009367,1653.1205579999998,1.0,424061,close,1626.07472,,-5136.378088480211,,,,424516,,2023-10-08 09:25:00,sell,baseline_100
,,0.21307653152312567,,,,,open,,301441.82901245647,,-1,1626.07472,1.0,424516,1.0,2023-10-08 09:25:00,,baseline_100
0,,,301441.82901245647,1626.07472,1.0,424516,close,1555.921122,,13005.089737643139,,,,426094,,2023-10-13 20:55:00,buy_cover,baseline_100
,,0.17968153392885522,,,,,open,,314386.6303842971,,1,1555.921122,1.0,426094,1.0,2023-10-13 20:55:00,,baseline_100
0,,,314386.6303842971,1555.921122,1.0,426094,close,1572.455446,,3213.8175412995042,,,,427152,,2023-10-17 13:05:00,sell,baseline_100
,,0.17246979380034666,,,,,open,,317600.4479255966,,-1,1572.455446,1.0,427152,1.0,2023-10-17 13:05:00,,baseline_100
0,,,317600.4479255966,1572.455446,1.0,427152,close,1577.495436,,-1017.9512844590354,,,,427888,,2023-10-20 02:25:00,buy_cover,baseline_100
,,0.1738910801702228,,,,,open,,316518.9765515525,,1,1577.495436,1.0,427888,1.0,2023-10-20 02:25:00,,baseline_100
0,,,316518.9765515525,1577.495436,1.0,427888,close,2233.033304,,131352.1926257087,,,,455796,,2024-01-25 00:05:00,sell,baseline_100
,,0.17505313547477408,,,,,open,,447871.1691772612,,1,2311.052118,1.0,457236,1.0,2024-01-30 00:05:00,,baseline_100
0,,,447871.1691772612,2311.052118,1.0,457236,close,2298.5402,,-2602.9123589087976,,,,459252,,2024-02-06 00:05:00,sell,baseline_100
,,0.179847515057323,,,,,open,,445268.2568183524,,1,2377.7754600000003,1.0,459540,1.0,2024-02-07 00:05:00,,baseline_100
0,,,445268.2568183524,2377.7754600000003,1.0,459540,close,3321.8055059999997,,176532.66314368148,,,,476244,,2024-04-05 00:05:00,sell,baseline_100
,,0.1882886976512943,,,,,open,,621800.9199620339,,1,3359.401746,1.0,476820,1.0,2024-04-07 00:05:00,,baseline_100
0,,,621800.9199620339,3359.401746,1.0,476820,close,3139.372,,-40958.318344077445,,,,479124,,2024-04-15 00:05:00,sell,baseline_100
,,0.24175650198827403,,,,,open,,580842.6016179564,,-1,3048.8901,1.0,502452,1.0,2024-07-05 00:05:00,,baseline_100
0,,,580842.6016179564,3048.8901,1.0,502452,close,3098.409558,,-9433.904760260251,,,,504180,,2024-07-11 00:05:00,buy_cover,baseline_100
,,0.25422335781180927,,,,,open,,571292.5283373726,,1,3487.957452,1.0,505620,1.0,2024-07-16 00:05:00,,baseline_100
0,,,571292.5283373726,3487.957452,1.0,505620,close,3271.3156059999997,,-35698.06861718162,,,,508788,,2024-07-27 00:05:00,sell,baseline_100
,,0.30082432741210385,,,,,open,,535594.459720191,,-1,2991.741532,1.0,510804,1.0,2024-08-03 00:05:00,,baseline_100
0,,,535594.459720191,2991.741532,1.0,510804,close,2738.0174939999997,,45422.79012267146,,,,514048,,2024-08-14 06:25:00,buy_cover,baseline_100
,,0.24427672693981217,,,,,open,,580910.1309509184,,1,2738.0174939999997,1.0,514048,1.0,2024-08-14 06:25:00,,baseline_100
0,,,580910.1309509184,2738.0174939999997,1.0,514048,close,2544.34103,,-41307.177395039704,,,,514489,,2024-08-15 19:10:00,sell,baseline_100
,,0.29691578041131006,,,,,open,,539602.9535558787,,-1,2544.34103,1.0,514489,1.0,2024-08-15 19:10:00,,baseline_100
0,,,539602.9535558787,2544.34103,1.0,514489,close,2635.807056,,-19398.060364591773,,,,515159,,2024-08-18 03:00:00,buy_cover,baseline_100
,,0.3210550556872619,,,,,open,,520096.97260057577,,-1,2552.629372,1.0,516152,1.0,2024-08-21 13:45:00,,baseline_100
0,,,520096.97260057577,2552.629372,1.0,516152,close,2653.100514,,-20470.923889823956,,,,516626,,2024-08-23 05:15:00,buy_cover,baseline_100
,,0.3473846700802268,,,,,open,,499522.0293162317,,1,2653.100514,1.0,516626,1.0,2024-08-23 05:15:00,,baseline_100
0,,,499522.0293162317,2653.100514,1.0,516626,close,2733.4631980000004,,14924.732541245816,,,,517456,,2024-08-26 02:25:00,sell,baseline_100
,,0.32833917316694994,,,,,open,,514446.76185747754,,-1,2733.4631980000004,1.0,517456,1.0,2024-08-26 02:25:00,,baseline_100
0,,,514446.76185747754,2733.4631980000004,1.0,517456,close,2556.081114,,33383.91070741514,,,,518370,,2024-08-29 06:35:00,buy_cover,baseline_100
,,0.2844213828288237,,,,,open,,547727.7832125211,,1,2556.081114,1.0,518370,1.0,2024-08-29 06:35:00,,baseline_100
0,,,547727.7832125211,2556.081114,1.0,518370,close,2484.223056,,-15610.95669601846,,,,519181,,2024-09-01 02:10:00,sell,baseline_100
,,0.3052204052607246,,,,,open,,532116.8265165027,,-1,2484.223056,1.0,519181,1.0,2024-09-01 02:10:00,,baseline_100
0,,,532116.8265165027,2484.223056,1.0,519181,close,2542.038306,,-12383.91744795232,,,,519690,,2024-09-02 20:35:00,buy_cover,baseline_100
,,0.32166923865146857,,,,,open,,519626.485703247,,1,2316.0331140000003,1.0,521440,1.0,2024-09-08 22:25:00,,baseline_100
0,,,519626.485703247,2316.0331140000003,1.0,521440,close,2314.3170440000004,,-592.6942429088522,,,,522161,,2024-09-11 10:30:00,sell,baseline_100
,,0.32210742761454925,,,,,open,,519033.79146033817,,-1,2314.3170440000004,1.0,522161,1.0,2024-09-11 10:30:00,,baseline_100
0,,,519033.79146033817,2314.3170440000004,1.0,522161,close,2383.196544,,-15447.640872367192,,,,522796,,2024-09-13 15:25:00,buy_cover,baseline_100
,,0.34274412291876166,,,,,open,,503482.3438296789,,1,2345.1289319999996,1.0,523935,1.0,2024-09-17 14:20:00,,baseline_100
0,,,503482.3438296789,2345.1289319999996,1.0,523935,close,2549.4100160000003,,43638.76789338485,,,,525467,,2024-09-22 22:00:00,sell,baseline_100
,,0.2867271498113395,,,,,open,,547121.1117230637,,-1,2549.4100160000003,1.0,525467,1.0,2024-09-22 22:00:00,,baseline_100
0,,,547121.1117230637,2549.4100160000003,1.0,525467,close,2637.987492,,-19009.319452990196,,,,526527,,2024-09-26 14:20:00,buy_cover,baseline_100
,,0.3105741102164651,,,,,open,,528002.3680477289,,1,2637.987492,1.0,526527,1.0,2024-09-26 14:20:00,,baseline_100
0,,,528002.3680477289,2637.987492,1.0,526527,close,2644.1310679999997,,1017.9864546706667,,,,527308,,2024-09-29 07:25:00,sell,baseline_100
,,0.30866236947506265,,,,,open,,529020.3545023996,,-1,2644.1310679999997,1.0,527308,1.0,2024-09-29 07:25:00,,baseline_100
0,,,529020.3545023996,2644.1310679999997,1.0,527308,close,2396.22915,,49598.604560681444,,,,528850,,2024-10-04 15:55:00,buy_cover,baseline_100
,,0.24465915038155617,,,,,open,,578513.1549921806,,1,2396.22915,1.0,528850,1.0,2024-10-04 15:55:00,,baseline_100
0,,,578513.1549921806,2396.22915,1.0,528850,close,2412.987306,,3812.8622120580403,,,,529800,,2024-10-07 23:05:00,sell,baseline_100
,,0.24116067995400203,,,,,open,,582326.0172042387,,-1,2412.987306,1.0,529800,1.0,2024-10-07 23:05:00,,baseline_100
0,,,582326.0172042387,2412.987306,1.0,529800,close,2419.7038439999997,,-1620.878174930811,,,,530796,,2024-10-11 10:05:00,buy_cover,baseline_100
,,0.24197928981049233,,,,,open,,580588.673825867,,1,2419.7038439999997,1.0,530796,1.0,2024-10-11 10:05:00,,baseline_100
0,,,580588.673825867,2419.7038439999997,1.0,530796,close,2442.21146,,5166.151034196257,,,,531435,,2024-10-13 15:20:00,sell,baseline_100
,,0.23501611239387243,,,,,open,,585754.8248600633,,-1,2442.21146,1.0,531435,1.0,2024-10-13 15:20:00,,baseline_100
0,,,585754.8248600633,2442.21146,1.0,531435,close,2658.08151,,-51775.55798174837,,,,531995,,2024-10-15 14:00:00,buy_cover,baseline_100
,,0.30523489351577604,,,,,open,,533862.1159133429,,1,2658.08151,1.0,531995,1.0,2024-10-15 14:00:00,,baseline_100
0,,,533862.1159133429,2658.08151,1.0,531995,close,2587.992298,,-14284.95402815839,,,,532573,,2024-10-17 14:10:00,sell,baseline_100
,,0.3217336269457135,,,,,open,,519577.1618851845,,-1,2644.710952,1.0,533849,1.0,2024-10-22 00:30:00,,baseline_100
0,,,519577.1618851845,2644.710952,1.0,533849,close,2513.472594,,25782.971014758456,,,,535544,,2024-10-27 21:45:00,buy_cover,baseline_100
,,0.28680238463108043,,,,,open,,545256.217467566,,1,2513.472594,1.0,535544,1.0,2024-10-27 21:45:00,,baseline_100
0,,,545256.217467566,2513.472594,1.0,535544,close,2609.557984,,20617.715211163973,,,,536601,,2024-10-31 13:50:00,sell,baseline_100
,,0.2609984992472473,,,,,open,,565873.93267873,,-1,2609.557984,1.0,536601,1.0,2024-10-31 13:50:00,,baseline_100
0,,,565873.93267873,2609.557984,1.0,536601,close,2485.7370479999995,,26850.177959806402,,,,538173,,2024-11-06 00:50:00,buy_cover,baseline_100
,,0.22691119270914273,,,,,open,,592610.9358520006,,1,2485.7370479999995,1.0,538173,1.0,2024-11-06 00:50:00,,baseline_100
0,,,592610.9358520006,2485.7370479999995,1.0,538173,close,3423.8650900000002,,223327.4877437218,,,,551988,,2024-12-24 00:05:00,sell,baseline_100
,,0.16220289701928314,,,,,open,,815938.4235957224,,1,3488.8776359999997,1.0,552276,1.0,2024-12-25 00:05:00,,baseline_100
0,,,815938.4235957224,3488.8776359999997,1.0,552276,close,3399.0700500000003,,-21321.103722944506,,,,553428,,2024-12-29 00:05:00,sell,baseline_100
,,0.18409518498473487,,,,,open,,794617.3198727779,,1,3455.500962,1.0,554868,1.0,2025-01-03 00:05:00,,baseline_100
0,,,794617.3198727779,3455.500962,1.0,554868,close,3221.045662,,-54210.9353360011,,,,556884,,2025-01-10 00:05:00,sell,baseline_100
,,0.23975841061667313,,,,,open,,740406.3845367768,,1,3447.199302,1.0,558612,1.0,2025-01-16 00:05:00,,baseline_100
0,,,740406.3845367768,3447.199302,1.0,558612,close,3269.8059080000003,,-38382.31768156483,,,,560052,,2025-01-21 00:05:00,sell,baseline_100
,,0.2791689759600615,,,,,open,,702024.066855212,,-1,3085.752726,1.0,562356,1.0,2025-01-29 00:05:00,,baseline_100
0,,,702024.066855212,3085.752726,1.0,562356,close,3258.45156,,-39289.81258408725,,,,562932,,2025-01-31 00:05:00,buy_cover,baseline_100
,,0.31965551385334035,,,,,open,,662593.8494577537,,-1,3119.955884,1.0,563508,1.0,2025-02-02 00:05:00,,baseline_100
0,,,662593.8494577537,3119.955884,1.0,563508,close,2670.594012,,95432.27353813092,,,,566964,,2025-02-14 00:05:00,buy_cover,baseline_100
,,0.2223207239459425,,,,,open,,757893.604225993,,1,2670.594012,1.0,566964,1.0,2025-02-14 00:05:00,,baseline_100
0,,,757893.604225993,2670.594012,1.0,566964,close,2634.862922,,-10439.274139970425,,,,568315,,2025-02-18 16:40:00,sell,baseline_100
,,0.23267779494603247,,,,,open,,747454.3300860226,,-1,2634.862922,1.0,568315,1.0,2025-02-18 16:40:00,,baseline_100
0,,,747454.3300860226,2634.862922,1.0,568315,close,2760.552,,-35655.27537533059,,,,568861,,2025-02-20 14:10:00,buy_cover,baseline_100
,,0.26928561557486996,,,,,open,,711649.5638446748,,-1,2737.1024700000003,1.0,569885,1.0,2025-02-24 03:30:00,,baseline_100
0,,,711649.5638446748,2737.1024700000003,1.0,569885,close,2263.9927079999998,,123009.06667361094,,,,571759,,2025-03-02 15:40:00,buy_cover,baseline_100
,,0.14814583032094608,,,,,open,,834516.3006055169,,1,2263.9927079999998,1.0,571759,1.0,2025-03-02 15:40:00,,baseline_100
0,,,834516.3006055169,2263.9927079999998,1.0,571759,close,2162.987316,,-37549.85289484635,,,,573015,,2025-03-07 00:20:00,sell,baseline_100
,,0.18011832260409422,,,,,open,,796966.4477106705,,-1,2162.987316,1.0,573015,1.0,2025-03-07 00:20:00,,baseline_100
0,,,796966.4477106705,2162.987316,1.0,573015,close,1933.006524,,84737.91552441102,,,,575212,,2025-03-14 15:25:00,buy_cover,baseline_100
,,0.096154924617604,,,,,open,,881544.9699455394,,1,1933.006524,1.0,575212,1.0,2025-03-14 15:25:00,,baseline_100
0,,,881544.9699455394,1933.006524,1.0,575212,close,1898.630198,,-16023.58869313635,,,,575736,,2025-03-16 11:05:00,sell,baseline_100
,,0.11094072252710763,,,,,open,,865521.381252403,,-1,1898.630198,1.0,575736,1.0,2025-03-16 11:05:00,,baseline_100
0,,,865521.381252403,1898.630198,1.0,575736,close,1980.706062,,-37415.57817728666,,,,576594,,2025-03-19 10:35:00,buy_cover,baseline_100
,,0.149887299754892,,,,,open,,827932.6987988659,,-1,2034.403038,1.0,578650,1.0,2025-03-26 13:55:00,,baseline_100
0,,,827932.6987988659,2034.403038,1.0,578650,close,1860.251976,,70873.57700204442,,,,580291,,2025-04-01 06:40:00,buy_cover,baseline_100
,,0.07531435134618747,,,,,open,,898640.6892611505,,1,1860.251976,1.0,580291,1.0,2025-04-01 06:40:00,,baseline_100
0,,,898640.6892611505,1860.251976,1.0,580291,close,1845.6308000000001,,-7419.715763164102,,,,580765,,2025-04-02 22:10:00,sell,baseline_100
,,0.0824148835598898,,,,,open,,891220.9734979864,,-1,1845.6308000000001,1.0,580765,1.0,2025-04-02 22:10:00,,baseline_100
0,,,891220.9734979864,1845.6308000000001,1.0,580765,close,1596.499236,,120301.05474534782,,,,582726,,2025-04-09 17:35:00,buy_cover,baseline_100
,,0.08717212359428039,,,,,open,,1011343.7840486347,,1,1596.499236,1.0,582726,1.0,2025-04-09 17:35:00,,baseline_100
0,,,1011343.7840486347,1596.499236,1.0,582726,close,1575.8847600000001,,-13458.047728204867,,,,583835,,2025-04-13 14:00:00,sell,baseline_100
,,0.10247384885319599,,,,,open,,997885.7363204298,,-1,1575.8847600000001,1.0,583835,1.0,2025-04-13 14:00:00,,baseline_100
0,,,997885.7363204298,1575.8847600000001,1.0,583835,close,1598.859708,,-14548.214225215022,,,,585438,,2025-04-19 03:35:00,buy_cover,baseline_100
,,0.11317200678694139,,,,,open,,983137.9449479508,,1,1797.7894860000001,1.0,587270,1.0,2025-04-25 12:15:00,,baseline_100
0,,,983137.9449479508,1797.7894860000001,1.0,587270,close,1779.8539580000001,,-10197.503697509179,,,,587989,,2025-04-28 00:10:00,sell,baseline_100
,,0.12246325806991265,,,,,open,,972940.4412504416,,-1,1779.8539580000001,1.0,587989,1.0,2025-04-28 00:10:00,,baseline_100
0,,,972940.4412504416,1779.8539580000001,1.0,587989,close,1831.326192,,-28136.772999918903,,,,588975,,2025-05-01 10:20:00,buy_cover,baseline_100
,,0.14792651505736443,,,,,open,,944609.0801622726,,1,1839.897906,1.0,590584,1.0,2025-05-07 00:25:00,,baseline_100
0,,,944609.0801622726,1839.897906,1.0,590584,close,2404.3390360000003,,289292.0533968997,,,,599220,,2025-06-06 00:05:00,sell,baseline_100
,,0.13207615201557665,,,,,open,,1233901.1335591723,,-1,2404.3390360000003,1.0,599220,1.0,2025-06-06 00:05:00,,baseline_100
0,,,1233901.1335591723,2404.3390360000003,1.0,599220,close,2474.4847979999995,,-35998.58914214582,,,,599508,,2025-06-07 00:05:00,buy_cover,baseline_100
,,0.1587056455357473,,,,,open,,1197655.7641903146,,1,2537.7074399999997,1.0,599778,1.0,2025-06-07 22:35:00,,baseline_100
0,,,1197655.7641903146,2537.7074399999997,1.0,599778,close,2310.547798,,-107642.76290987968,,,,603796,,2025-06-21 21:25:00,sell,baseline_100
,,0.23401635023923217,,,,,open,,1090013.001280435,,-1,2310.547798,1.0,603796,1.0,2025-06-21 21:25:00,,baseline_100
0,,,1090013.001280435,2310.547798,1.0,603796,close,2309.571822,,460.46536167361774,,,,604284,,2025-06-23 14:05:00,buy_cover,baseline_100
,,0.2339530953537754,,,,,open,,1090255.4640418524,,1,2309.571822,1.0,604284,1.0,2025-06-23 14:05:00,,baseline_100
0,,,1090255.4640418524,2309.571822,1.0,604284,close,2393.481208,,39158.32696935907,,,,605281,,2025-06-27 01:10:00,sell,baseline_100
,,0.20679230244121394,,,,,open,,1129413.7910112115,,-1,2393.481208,1.0,605281,1.0,2025-06-27 01:10:00,,baseline_100
0,,,1129413.7910112115,2393.481208,1.0,605281,close,2454.9909,,-29024.578628581483,,,,605958,,2025-06-29 09:35:00,buy_cover,baseline_100
,,0.2270225634633365,,,,,open,,1100163.3296244277,,1,2454.9909,1.0,605958,1.0,2025-06-29 09:35:00,,baseline_100
0,,,1100163.3296244277,2454.9909,1.0,605958,close,2402.759352,,-23837.35887314356,,,,606708,,2025-07-02 00:05:00,sell,baseline_100
,,0.2439338666160994,,,,,open,,1076325.9707512842,,1,2535.617022,1.0,608021,1.0,2025-07-06 13:30:00,,baseline_100
0,,,1076325.9707512842,2535.617022,1.0,608021,close,4157.91825,,687933.1530731546,,,,631188,,2025-09-25 00:05:00,sell,baseline_100
,,0.16054573156399377,,,,,open,,1764259.1238244388,,1,4209.771786,1.0,632628,1.0,2025-09-30 00:05:00,,baseline_100
0,,,1764259.1238244388,4209.771786,1.0,632628,close,4134.812872,,-32107.348223629175,,,,636372,,2025-10-13 00:05:00,sell,baseline_100
,,0.17582276777172534,,,,,open,,1732151.7756008096,,1,4153.360506,1.0,640404,1.0,2025-10-27 00:05:00,,baseline_100
0,,,1732151.7756008096,4153.360506,1.0,640404,close,3899.2200000000003,,-106639.25615344523,,,,641268,,2025-10-30 00:05:00,sell,baseline_100
,,0.2265629212741188,,,,,open,,1625512.5194473644,,-1,3602.5093540000003,1.0,642708,1.0,2025-11-04 00:05:00,,baseline_100
0,,,1625512.5194473644,3602.5093540000003,1.0,642708,close,2955.54099,,291923.008158589,,,,649044,,2025-11-26 00:05:00,buy_cover,baseline_100
,,0.08860697307863363,,,,,open,,1917110.425102064,,1,2955.54099,1.0,649044,1.0,2025-11-26 00:05:00,,baseline_100
0,,,1917110.425102064,2955.54099,1.0,649044,close,2988.7621280000003,,20773.49107296276,,,,650032,,2025-11-29 10:25:00,sell,baseline_100
,,0.07756417159813955,,,,,open,,1937883.9161750267,,-1,2988.7621280000003,1.0,650032,1.0,2025-11-29 10:25:00,,baseline_100
0,,,1937883.9161750267,2988.7621280000003,1.0,650032,close,2859.97188,,83506.40203613206,,,,650941,,2025-12-02 14:10:00,buy_cover,baseline_100
,,0.04400758263638305,,,,,open,,2021002.7414279238,,1,2859.97188,1.0,650941,1.0,2025-12-02 14:10:00,,baseline_100
0,,,2021002.7414279238,2859.97188,1.0,650941,close,3064.856906,,143916.03504271363,,,,651829,,2025-12-05 16:10:00,sell,baseline_100
,,0.052790127881504945,,,,,open,,2164918.7764706374,,-1,3064.856906,1.0,651829,1.0,2025-12-05 16:10:00,,baseline_100
0,,,2164918.7764706374,3064.856906,1.0,651829,close,3079.935864,,-10651.215894440655,,,,652419,,2025-12-07 17:20:00,buy_cover,baseline_100
,,0.05811547076900303,,,,,open,,2153834.5768209025,,1,3079.935864,1.0,652419,1.0,2025-12-07 17:20:00,,baseline_100
0,,,2153834.5768209025,3079.935864,1.0,652419,close,3282.453378,,140704.73586541507,,,,653371,,2025-12-11 00:40:00,sell,baseline_100
,,0.043911728789905236,,,,,open,,2294539.3126863176,,-1,3282.453378,1.0,653371,1.0,2025-12-11 00:40:00,,baseline_100
0,,,2294539.3126863176,3282.453378,1.0,653371,close,3127.77543,,108124.89278371586,,,,654541,,2025-12-15 02:10:00,buy_cover,baseline_100
,,0.023300732881320618,,,,,open,,2402205.2976074964,,1,3127.77543,1.0,654541,1.0,2025-12-15 02:10:00,,baseline_100
0,,,2402205.2976074964,3127.77543,1.0,654541,close,2862.9073040000003,,-204304.39176057372,,,,655288,,2025-12-17 16:25:00,sell,baseline_100
,,0.10583294964834289,,,,,open,,2197900.9058469227,,1,2966.84325,1.0,657584,1.0,2025-12-25 15:45:00,,baseline_100
0,,,2197900.9058469227,2966.84325,1.0,657584,close,3175.724728,,153802.9006437799,,,,661320,,2026-01-07 15:05:00,sell,baseline_100
,,0.04556969836970992,,,,,open,,2351703.8064907026,,-1,3175.724728,1.0,661320,1.0,2026-01-07 15:05:00,,baseline_100
0,,,2351703.8064907026,3175.724728,1.0,661320,close,3107.1213,,50802.65100579942,,,,662399,,2026-01-11 09:00:00,buy_cover,baseline_100
,,0.022023800379808667,,,,,open,,2402036.1167352037,,1,3107.1213,1.0,662399,1.0,2026-01-11 09:00:00,,baseline_100
0,,,2402036.1167352037,3107.1213,1.0,662399,close,3287.4323820000004,,138377.4217465222,,,,663918,,2026-01-16 15:35:00,sell,baseline_100
,,0.037564686720409024,,,,,open,,2540413.538481726,,-1,3287.4323820000004,1.0,663918,1.0,2026-01-16 15:35:00,,baseline_100
0,,,2540413.538481726,3287.4323820000004,1.0,663918,close,3341.928252,,-42112.411833068356,,,,664479,,2026-01-18 14:20:00,buy_cover,baseline_100
,,0.047493147256107204,,,,,open,,2497793.0439409614,,1,3341.928252,1.0,664479,1.0,2026-01-18 14:20:00,,baseline_100
0,,,2497793.0439409614,3341.928252,1.0,664479,close,3166.056662,,-132394.75720662205,,,,664944,,2026-01-20 05:05:00,sell,baseline_100
,,0.09862983461825825,,,,,open,,2365398.2867343393,,1,2966.133108,1.0,667093,1.0,2026-01-27 16:10:00,,baseline_100
0,,,2365398.2867343393,2966.133108,1.0,667093,close,2940.531776,,-21354.159727001563,,,,667528,,2026-01-29 04:25:00,sell,baseline_100
,,0.1066862362664206,,,,,open,,2344044.1270073378,,-1,2940.531776,1.0,667528,1.0,2026-01-29 04:25:00,,baseline_100
0,,,2344044.1270073378,2940.531776,1.0,667528,close,2093.158548,,675483.411179737,,,,670116,,2026-02-07 04:05:00,buy_cover,baseline_100
,,0.0831793066198957,,,,,open,,3019058.729361673,,1,2093.158548,1.0,670116,1.0,2026-02-07 04:05:00,,baseline_100
0,,,3019058.729361673,2093.158548,1.0,670116,close,2055.38884,,-55662.69902890781,,,,670665,,2026-02-09 01:50:00,sell,baseline_100
,,0.09888845464890184,,,,,open,,2963396.030332765,,-1,2055.38884,1.0,670665,1.0,2026-02-09 01:50:00,,baseline_100
0,,,2963396.030332765,2055.38884,1.0,670665,close,2012.20236,,62265.046605071984,,,,671977,,2026-02-13 15:10:00,buy_cover,baseline_100
,,0.08248147297420327,,,,,open,,3025068.3977317703,,1,2012.20236,1.0,671977,1.0,2026-02-13 15:10:00,,baseline_100
0,,,3025068.3977317703,2012.20236,1.0,671977,close,2026.074704,,19636.90608833218,,,,672526,,2026-02-15 12:55:00,sell,baseline_100
,,0.07473253247513478,,,,,open,,3044705.3038201025,,-1,2026.074704,1.0,672526,1.0,2026-02-15 12:55:00,,baseline_100
0,,,3044705.3038201025,2026.074704,1.0,672526,close,2022.214362,,5801.291542027611,,,,673329,,2026-02-18 07:50:00,buy_cover,baseline_100
,,0.07323596071586835,,,,,open,,3049897.654301366,,1,2022.214362,1.0,673329,1.0,2026-02-18 07:50:00,,baseline_100
0,,,3049897.654301366,2022.214362,1.0,673329,close,1951.90954,,-107210.95022560377,,,,674551,,2026-02-22 13:40:00,sell,baseline_100
,,0.10469015330404341,,,,,open,,2942686.704075762,,-1,1951.90954,1.0,674551,1.0,2026-02-22 13:40:00,,baseline_100
0,,,2942686.704075762,1951.90954,1.0,674551,close,1904.340792,,71714.46399317449,,,,675266,,2026-02-25 01:15:00,buy_cover,baseline_100
,,0.0843229435132371,,,,,open,,3013812.6307281214,,1,1904.340792,1.0,675266,1.0,2026-02-25 01:15:00,,baseline_100
0,,,3013812.6307281214,1904.340792,1.0,675266,close,1969.376046,,101678.32145045651,,,,675963,,2026-02-27 11:20:00,sell,baseline_100
,,0.07126029790147059,,,,,open,,3115490.952178578,,-1,1969.376046,1.0,675963,1.0,2026-02-27 11:20:00,,baseline_100
0,,,3115490.952178578,1969.376046,1.0,675963,close,1989.307782,,-31531.253458942287,,,,676425,,2026-03-01 01:50:00,buy_cover,baseline_100
,,0.07972893838241679,,,,,open,,3083336.6005292,,1,1989.307782,1.0,676425,1.0,2026-03-01 01:50:00,,baseline_100
0,,,3083336.6005292,1989.307782,1.0,676425,close,2051.559606,,95215.6939213723,,,,677958,,2026-03-06 09:35:00,sell,baseline_100
,,0.06727505982330495,,,,,open,,3178552.294450572,,-1,2051.559606,1.0,677958,1.0,2026-03-06 09:35:00,,baseline_100
0,,,3178552.294450572,2051.559606,1.0,677958,close,1982.0363280000001,,107714.94338189298,,,,678745,,2026-03-09 03:10:00,buy_cover,baseline_100
,,0.03534771162584349,,,,,open,,3285631.527373575,,1,1982.0363280000001,1.0,678745,1.0,2026-03-09 03:10:00,,baseline_100
0,,,3285631.527373575,1982.0363280000001,1.0,678745,close,2066.33665,,138375.05150027527,,,,680265,,2026-03-14 09:50:00,sell,baseline_100
,,0.06280638367406222,,,,,open,,3424006.5788738504,,-1,2066.33665,1.0,680265,1.0,2026-03-14 09:50:00,,baseline_100
0,,,3424006.5788738504,2066.33665,1.0,680265,close,2147.389392,,-134307.6539521031,,,,680700,,2026-03-15 22:05:00,buy_cover,baseline_100
,,0.09789385861426847,,,,,open,,3289014.1236059726,,1,2147.389392,1.0,680700,1.0,2026-03-15 22:05:00,,baseline_100
0,,,3289014.1236059726,2147.389392,1.0,680700,close,2292.011506,,220104.04612457938,,,,681437,,2026-03-18 11:30:00,sell,baseline_100
,,0.03757758057187044,,,,,open,,3509118.169730552,,-1,2292.011506,1.0,681437,1.0,2026-03-18 11:30:00,,baseline_100
0,,,3509118.169730552,2292.011506,1.0,681437,close,2157.371388,,206137.00499778846,,,,682873,,2026-03-23 11:10:00,buy_cover,baseline_100
,,0.05037341181532584,,,,,open,,3714553.3510943945,,-1,2140.17188,1.0,683665,1.0,2026-03-26 05:10:00,,baseline_100
0,,,3714553.3510943945,2140.17188,1.0,683665,close,2039.05773,,175497.21646333812,,,,684789,,2026-03-30 02:50:00,buy_cover,baseline_100
,,0.04250230316592474,,,,,open,,3889307.6568875136,,1,2039.05773,1.0,684789,1.0,2026-03-30 02:50:00,,baseline_100
0,,,3889307.6568875136,2039.05773,1.0,684789,close,2081.13369,,78668.204007864,,,,685646,,2026-04-02 02:15:00,sell,baseline_100
,,0.040212471131639727,,,,,open,,3967975.8608953776,,-1,2081.13369,1.0,685646,1.0,2026-04-02 02:15:00,,baseline_100
0,,,3967975.8608953776,2081.13369,1.0,685646,close,2086.727262,,-10664.777364131529,,,,686759,,2026-04-05 23:00:00,buy_cover,baseline_100
,,0.041105437357276786,,,,,open,,3956517.488359067,,1,2086.727262,1.0,686759,1.0,2026-04-05 23:00:00,,baseline_100
0,,,3956517.488359067,2086.727262,1.0,686759,close,2089.562004,,3790.1846076501533,,,,687192,,2026-04-07 11:05:00,sell,baseline_100
,,0.042088114411225064,,,,,open,,3960307.6729667173,,-1,2089.562004,1.0,687192,1.0,2026-04-07 11:05:00,,baseline_100
0,,,3960307.6729667173,2089.562004,1.0,687192,close,2265.623034,,-333684.99608152965,,,,688412,,2026-04-11 16:45:00,buy_cover,baseline_100
,,0.12052898566214243,,,,,open,,3625830.6153505943,,1,2265.623034,1.0,688412,1.0,2026-04-11 16:45:00,,baseline_100
0,,,3625830.6153505943,2265.623034,1.0,688412,close,2298.450218,,51064.37563137896,,,,689818,,2026-04-16 13:55:00,sell,baseline_100
,,0.10884633682261147,,,,,open,,3676894.9909819732,,-1,2298.450218,1.0,689818,1.0,2026-04-16 13:55:00,,baseline_100
0,,,3676894.9909819732,2298.450218,1.0,689818,close,2345.71905,,-75617.12028860021,,,,691407,,2026-04-22 02:20:00,buy_cover,baseline_100
,,0.12868043026807985,,,,,open,,3600542.491695177,,1,2345.71905,1.0,691407,1.0,2026-04-22 02:20:00,,baseline_100
0,,,3600542.491695177,2345.71905,1.0,691407,close,2294.710966,,-79703.20448626671,,,,691879,,2026-04-23 17:40:00,sell,baseline_100
,,0.14722906147165082,,,,,open,,3520839.28720891,,-1,2263.2472599999996,1.0,693265,1.0,2026-04-28 13:10:00,,baseline_100
0,,,3520839.28720891,2263.2472599999996,1.0,693265,close,2287.00731,,-36962.37565251347,,,,694011,,2026-05-01 03:20:00,buy_cover,baseline_100
,,0.15557537479636085,,,,,open,,3483172.743698955,,1,2287.00731,1.0,694011,1.0,2026-05-01 03:20:00,,baseline_100
0,,,3483172.743698955,2287.00731,1.0,694011,close,2335.7927480000003,,72878.66758759832,,,,695708,,2026-05-07 00:45:00,sell,baseline_100
,,0.13833369635048853,,,,,open,,3556051.4112865534,,-1,2335.7927480000003,1.0,695708,1.0,2026-05-07 00:45:00,,baseline_100
0,,,3556051.4112865534,2335.7927480000003,1.0,695708,close,2321.8942859999997,,21159.40111688059,,,,696325,,2026-05-09 04:10:00,buy_cover,baseline_100
,,0.134311297170025,,,,,open,,3576499.6021211767,,1,2321.8942859999997,1.0,696325,1.0,2026-05-09 04:10:00,,baseline_100
0,,,3576499.6021211767,2321.8942859999997,1.0,696325,close,2308.8981280000003,,-21440.91279254062,,,,697026,,2026-05-11 14:35:00,sell,baseline_100
,,0.13877167781017397,,,,,open,,3555058.689328636,,-1,2308.8981280000003,1.0,697026,1.0,2026-05-11 14:35:00,,baseline_100
0,,,3555058.689328636,2308.8981280000003,1.0,697026,close,2320.053918,,-17176.660060382914,,,,697536,,2026-05-13 09:05:00,buy_cover,baseline_100
,,0.14327340662405952,,,,,open,,3537171.0175303873,,1,2144.9289,1.0,699627,1.0,2026-05-20 15:20:00,,baseline_100
0,,,3537171.0175303873,2144.9289,1.0,699627,close,2095.43083,,-83008.62608184712,,,,700245,,2026-05-22 18:50:00,sell,baseline_100
,,0.16309981234991444,,,,,open,,3454162.39144854,,-1,2095.43083,1.0,700245,1.0,2026-05-22 18:50:00,,baseline_100
0,,,3454162.39144854,2095.43083,1.0,700245,close,2041.50822,,88887.55997676263,,,,702222,,2026-05-29 15:35:00,buy_cover,baseline_100
,,0.1410398798293233,,,,,open,,3542359.1189470133,,1,2041.50822,1.0,702222,1.0,2026-05-29 15:35:00,,baseline_100
0,,,3542359.1189470133,2041.50822,1.0,702222,close,2006.018716,,-62972.413285859395,,,,702783,,2026-05-31 14:20:00,sell,baseline_100
,,0.1565748043872881,,,,,open,,3479386.705661154,,-1,2006.018716,1.0,702783,1.0,2026-05-31 14:20:00,,baseline_100
0,,,3479386.705661154,2006.018716,1.0,702783,close,1609.741884,,687331.8549132114,,,,704704,,2026-06-07 06:25:00,buy_cover,baseline_100
,,0.03864545005961473,,,,,open,,4166022.683233233,,1,1609.741884,1.0,704704,1.0,2026-06-07 06:25:00,,baseline_100
0,,,4166022.683233233,1609.741884,1.0,704704,close,1648.6702,,99040.20316329226,,,,705375,,2026-06-09 14:20:00,sell,baseline_100
,,0.03807983747621113,,,,,open,,4265062.886396525,,-1,1648.6702,1.0,705375,1.0,2026-06-09 14:20:00,,baseline_100
0,,,4265062.886396525,1648.6702,1.0,705375,close,1667.1233579999998,,-47737.622058779,,,,705922,,2026-06-11 11:55:00,buy_cover,baseline_100
,,0.050006843653273236,,,,,open,,4216472.251760467,,1,1667.1233579999998,1.0,705922,1.0,2026-06-11 11:55:00,,baseline_100
0,,,4216472.251760467,1667.1233579999998,1.0,705922,close_final,1676.504632,,22031.117243972607,,,,706102,,2026-06-12 02:55:00,sell_final,baseline_100
,,0.0,,,,,open,,5000.0,,1,173.114616,0.5,1982,1.0,2019-09-30 10:00:00,,V0_constant_50
0,,,5000.0,173.114616,0.5,1982,close,172.275538,,-26.2248603023354,,,,2899,,2019-10-03 14:25:00,sell,V0_constant_50
,,0.03574226270942271,,,,,open,,4986.887569848832,,-1,172.275538,0.5,2899,1.0,2019-10-03 14:25:00,,V0_constant_50
0,,,4986.887569848832,172.275538,0.5,2899,close,176.065206,,-109.69992223944337,,,,4027,,2019-10-07 12:25:00,buy_cover,V0_constant_50
,,0.047144383974656034,,,,,open,,4931.538919972125,,1,176.065206,0.5,4027,1.0,2019-10-07 12:25:00,,V0_constant_50
0,,,4931.538919972125,176.065206,0.5,4027,close,185.71285,,268.147406972369,,,,5104,,2019-10-11 06:10:00,sell,V0_constant_50
,,0.027601559447923973,,,,,open,,5065.61262345831,,-1,185.71285,0.5,5104,1.0,2019-10-11 06:10:00,,V0_constant_50
0,,,5065.61262345831,185.71285,0.5,5104,close,185.347062,,9.977650260421797,,,,6094,,2019-10-14 16:40:00,buy_cover,V0_constant_50
,,0.02652721804307001,,,,,open,,5070.094887326175,,1,185.347062,0.5,6094,1.0,2019-10-14 16:40:00,,V0_constant_50
0,,,5070.094887326175,185.347062,0.5,6094,close,176.86462,,-233.9688454822599,,,,6611,,2019-10-16 11:45:00,sell,V0_constant_50
,,0.048629509101155155,,,,,open,,4953.110464585045,,-1,176.86462,0.5,6611,1.0,2019-10-16 11:45:00,,V0_constant_50
0,,,4953.110464585045,176.86462,0.5,6611,close,175.555104,,36.6733164885909,,,,7835,,2019-10-20 17:45:00,buy_cover,V0_constant_50
,,0.045662062653545776,,,,,open,,4970.951811782881,,1,175.555104,0.5,7835,1.0,2019-10-20 17:45:00,,V0_constant_50
0,,,4970.951811782881,175.555104,0.5,7835,close,171.305732,,-122.26366483642323,,,,8379,,2019-10-22 15:05:00,sell,V0_constant_50
,,0.057546608524362775,,,,,open,,4909.819979364669,,-1,171.305732,0.5,8379,1.0,2019-10-22 15:05:00,,V0_constant_50
0,,,4909.819979364669,171.305732,0.5,8379,close,164.08281,,207.0174684503554,,,,9191,,2019-10-25 10:45:00,buy_cover,V0_constant_50
,,0.037984737362519505,,,,,open,,5012.83773159191,,1,164.08281,0.5,9191,1.0,2019-10-25 10:45:00,,V0_constant_50
0,,,5012.83773159191,164.08281,0.5,9191,close,182.553482,,562.0605457747606,,,,10628,,2019-10-30 10:30:00,sell,V0_constant_50
,,0.03592624888184981,,,,,open,,5293.86800447929,,-1,182.553482,0.5,10628,1.0,2019-10-30 10:30:00,,V0_constant_50
0,,,5293.86800447929,182.553482,0.5,10628,close,184.24684200000002,,-49.10552902478503,,,,11330,,2019-11-01 21:00:00,buy_cover,V0_constant_50
,,0.04059798440678242,,,,,open,,5268.78585316645,,1,184.24684200000002,0.5,11330,1.0,2019-11-01 21:00:00,,V0_constant_50
0,,,5268.78585316645,184.24684200000002,0.5,11330,close,181.153762,,-90.52270279718778,,,,11781,,2019-11-03 10:35:00,sell,V0_constant_50
,,0.04874835246393139,,,,,open,,5223.524501767855,,-1,181.153762,0.5,11781,1.0,2019-11-03 10:35:00,,V0_constant_50
0,,,5223.524501767855,181.153762,0.5,11781,close,188.767746,,-219.54715209696042,,,,12405,,2019-11-05 14:35:00,buy_cover,V0_constant_50
,,0.06828596994014424,,,,,open,,5113.228573269198,,1,188.767746,0.5,12405,1.0,2019-11-05 14:35:00,,V0_constant_50
0,,,5113.228573269198,188.767746,0.5,12405,close,188.04238400000003,,-21.685403398087146,,,,12871,,2019-11-07 05:25:00,sell,V0_constant_50
,,0.07139929892011276,,,,,open,,5102.385871570154,,-1,188.04238400000003,0.5,12871,1.0,2019-11-07 05:25:00,,V0_constant_50
0,,,5102.385871570154,188.04238400000003,0.5,12871,close,187.177428,,23.470120842483084,,,,13737,,2019-11-10 05:35:00,buy_cover,V0_constant_50
,,0.06831398831049418,,,,,open,,5113.610693404239,,1,187.177428,0.5,13737,1.0,2019-11-10 05:35:00,,V0_constant_50
0,,,5113.610693404239,187.177428,0.5,13737,close,184.603072,,-72.34746225867275,,,,14236,,2019-11-11 23:10:00,sell,V0_constant_50
,,0.0763217137525729,,,,,open,,5077.436962274903,,-1,184.603072,0.5,14236,1.0,2019-11-11 23:10:00,,V0_constant_50
0,,,5077.436962274903,184.603072,0.5,14236,close,184.51689599999997,,2.370440956569837,,,,14247,,2019-11-12 00:05:00,buy_cover,V0_constant_50
,,0.07541222678406534,,,,,open,,5078.114439056961,,-1,182.253542,0.5,15687,1.0,2019-11-17 00:05:00,,V0_constant_50
0,,,5078.114439056961,182.253542,0.5,15687,close,144.60891600000002,,1048.8890702443737,,,,30375,,2020-01-07 00:05:00,buy_cover,V0_constant_50
,,0.0633042162613412,,,,,open,,5602.051162735242,,-1,143.62127,0.5,30663,1.0,2020-01-08 00:05:00,,V0_constant_50
0,,,5602.051162735242,143.62127,0.5,30663,close,143.75874599999997,,-5.3621261801527,,,,31527,,2020-01-11 00:05:00,buy_cover,V0_constant_50
,,0.06384617530003223,,,,,open,,5598.809894528892,,-1,201.029786,0.5,48807,1.0,2020-03-11 00:05:00,,V0_constant_50
0,,,5598.809894528892,201.029786,0.5,48807,close,142.47849,,1630.6917189410387,,,,55344,,2020-04-02 16:50:00,buy_cover,V0_constant_50
,,0.1032272691297692,,,,,open,,6413.595873009959,,1,169.23384,0.5,57447,1.0,2020-04-10 00:05:00,,V0_constant_50
0,,,6413.595873009959,169.23384,0.5,57447,close,163.63726599999998,,-214.57838010895648,,,,57493,,2020-04-10 03:55:00,sell,V0_constant_50
,,0.11839980226031643,,,,,open,,6306.306682955481,,-1,163.63726599999998,0.5,57493,1.0,2020-04-10 03:55:00,,V0_constant_50
0,,,6306.306682955481,163.63726599999998,0.5,57493,close,160.362066,,126.22098012631432,,,,58193,,2020-04-12 14:15:00,buy_cover,V0_constant_50
,,0.10921951787720452,,,,,open,,6368.786542350343,,1,160.362066,0.5,58193,1.0,2020-04-12 14:15:00,,V0_constant_50
0,,,6368.786542350343,160.362066,0.5,58193,close,153.38931599999998,,-279.35957629538916,,,,59163,,2020-04-15 23:05:00,sell,V0_constant_50
,,0.12913048041876196,,,,,open,,6229.1067542026485,,-1,153.38931599999998,0.5,59163,1.0,2020-04-15 23:05:00,,V0_constant_50
0,,,6229.1067542026485,153.38931599999998,0.5,59163,close,179.475888,,-1059.3697224662974,,,,59905,,2020-04-18 12:55:00,buy_cover,V0_constant_50
,,0.20317281799142473,,,,,open,,5698.79898229408,,1,175.075008,0.5,60992,1.0,2020-04-22 07:30:00,,V0_constant_50
0,,,5698.79898229408,175.075008,0.5,60992,close,390.4219,,7004.590647208059,,,,95701,,2020-08-21 21:15:00,sell,V0_constant_50
,,0.08635673257194965,,,,,open,,9201.09430589811,,1,370.494084,0.5,101495,1.0,2020-09-11 00:05:00,,V0_constant_50
0,,,9201.09430589811,370.494084,0.5,101495,close,317.596468,,-1316.8489095364284,,,,105239,,2020-09-24 00:05:00,sell,V0_constant_50
,,0.15173646352670644,,,,,open,,8542.669851129896,,1,365.333052,0.5,109847,1.0,2020-10-10 00:05:00,,V0_constant_50
0,,,8542.669851129896,365.333052,0.5,109847,close,934.813,,13307.542681634939,,,,136783,,2021-01-11 16:15:00,sell,V0_constant_50
,,0.24034083930928596,,,,,open,,15196.441191947366,,1,1576.9353239999998,0.5,150989,1.0,2021-03-02 00:05:00,,V0_constant_50
0,,,15196.441191947366,1576.9353239999998,0.5,150989,close,3432.533356,,17868.598103113705,,,,172818,,2021-05-16 19:10:00,sell,V0_constant_50
,,0.15639529409337005,,,,,open,,24130.740243504217,,1,2871.4441739999997,0.5,175757,1.0,2021-05-27 00:05:00,,V0_constant_50
0,,,24130.740243504217,2871.4441739999997,0.5,175757,close,2256.79855,,-5172.879604818176,,,,176621,,2021-05-30 00:05:00,sell,V0_constant_50
,,0.24681658937227802,,,,,open,,21544.30044109513,,1,2843.838654,0.5,178061,1.0,2021-06-04 00:05:00,,V0_constant_50
0,,,21544.30044109513,2843.838654,0.5,178061,close,2703.819128,,-1068.949941328443,,,,178925,,2021-06-07 00:05:00,sell,V0_constant_50
,,0.26550170204978985,,,,,open,,21009.825470430907,,-1,1804.359056,0.5,184304,1.0,2021-06-26 00:05:00,,V0_constant_50
0,,,21009.825470430907,1804.359056,0.5,184304,close,1985.537028,,-2109.62218939597,,,,184880,,2021-06-28 00:05:00,buy_cover,V0_constant_50
,,0.30245108665615184,,,,,open,,19952.91339318588,,-1,1942.36145,0.5,189488,1.0,2021-07-14 00:05:00,,V0_constant_50
0,,,19952.91339318588,1942.36145,0.5,189488,close,2023.494618,,-833.4398623048655,,,,192080,,2021-07-23 00:05:00,buy_cover,V0_constant_50
,,0.3170892671912007,,,,,open,,19534.19817069413,,1,2182.9765079999997,0.5,192656,1.0,2021-07-25 00:05:00,,V0_constant_50
0,,,19534.19817069413,2182.9765079999997,0.5,192656,close,3060.8077160000003,,7844.250699244869,,,,209936,,2021-09-23 00:05:00,sell,V0_constant_50
,,0.17997273579975892,,,,,open,,23456.323520316564,,1,3305.06088,0.5,212528,1.0,2021-10-02 00:05:00,,V0_constant_50
0,,,23456.323520316564,3305.06088,0.5,212528,close,4179.51393,,6194.210605043045,,,,231248,,2021-12-06 00:05:00,sell,V0_constant_50
,,0.08382839994116653,,,,,open,,26553.428822838086,,1,4354.9308120000005,0.5,231536,1.0,2021-12-07 00:05:00,,V0_constant_50
0,,,26553.428822838086,4354.9308120000005,0.5,231536,close,4078.8540660000003,,-1693.2767097879223,,,,232976,,2021-12-12 00:05:00,sell,V0_constant_50
,,0.11303991990906015,,,,,open,,25706.790467944127,,-1,3406.5785480000004,0.5,240464,1.0,2022-01-07 00:05:00,,V0_constant_50
0,,,25706.790467944127,3406.5785480000004,0.5,240464,close,2465.162934,,7104.129884635808,,,,246224,,2022-01-27 00:05:00,buy_cover,V0_constant_50
,,0.03724456687762179,,,,,open,,29256.284731215237,,1,2465.162934,0.5,246224,1.0,2022-01-27 00:05:00,,V0_constant_50
0,,,29256.284731215237,2465.162934,0.5,246224,close,2337.842338,,-1522.1239349121497,,,,246475,,2022-01-27 21:00:00,sell,V0_constant_50
,,0.06230656031353832,,,,,open,,28495.222763759164,,-1,2337.842338,0.5,246475,1.0,2022-01-27 21:00:00,,V0_constant_50
0,,,28495.222763759164,2337.842338,0.5,246475,close,2591.588214,,-3092.827172543857,,,,246962,,2022-01-29 13:35:00,buy_cover,V0_constant_50
,,0.11338333273162671,,,,,open,,26945.959655210856,,1,2752.75044,0.5,248591,1.0,2022-02-04 05:20:00,,V0_constant_50
0,,,26945.959655210856,2752.75044,0.5,248591,close,2959.8379139999997,,2015.537463876968,,,,249284,,2022-02-06 15:05:00,sell,V0_constant_50
,,0.07985805883941832,,,,,open,,27953.728387149342,,-1,2959.8379139999997,0.5,249284,1.0,2022-02-06 15:05:00,,V0_constant_50
0,,,27953.728387149342,2959.8379139999997,0.5,249284,close,3195.0088739999997,,-2221.0343129920257,,,,249750,,2022-02-08 05:55:00,buy_cover,V0_constant_50
,,0.11685985511729247,,,,,open,,26840.415857814616,,1,3195.0088739999997,0.5,249750,1.0,2022-02-08 05:55:00,,V0_constant_50
0,,,26840.415857814616,3195.0088739999997,0.5,249750,close,3076.8845,,-1002.6695035464909,,,,250537,,2022-02-10 23:30:00,sell,V0_constant_50
,,0.1333517674649306,,,,,open,,26339.08110604137,,1,2959.0816979999995,0.5,251580,1.0,2022-02-14 14:25:00,,V0_constant_50
0,,,26339.08110604137,2959.0816979999995,0.5,251580,close,3050.369804,,801.704957400616,,,,252179,,2022-02-16 16:20:00,sell,V0_constant_50
,,0.1203877447013384,,,,,open,,26739.933584741677,,-1,3050.369804,0.5,252179,1.0,2022-02-16 16:20:00,,V0_constant_50
0,,,26739.933584741677,3050.369804,0.5,252179,close,2666.013096,,3369.3212156943046,,,,254066,,2022-02-23 06:05:00,buy_cover,V0_constant_50
,,0.06483979789970051,,,,,open,,28421.920199230353,,1,2666.013096,0.5,254066,1.0,2022-02-23 06:05:00,,V0_constant_50
0,,,28421.920199230353,2666.013096,0.5,254066,close,2650.31983,,-178.6040034945254,,,,255380,,2022-02-27 19:35:00,sell,V0_constant_50
,,0.06812910894997248,,,,,open,,28332.61819748309,,-1,2650.31983,0.5,255380,1.0,2022-02-27 19:35:00,,V0_constant_50
0,,,28332.61819748309,2650.31983,0.5,255380,close,2995.9490699999997,,-3694.8664793724165,,,,255884,,2022-03-01 13:35:00,buy_cover,V0_constant_50
,,0.12863766210027505,,,,,open,,26482.351695977133,,1,2632.596414,0.5,258056,1.0,2022-03-09 02:35:00,,V0_constant_50
0,,,26482.351695977133,2632.596414,0.5,258056,close,2534.323034,,-998.7681539393343,,,,258628,,2022-03-11 02:15:00,sell,V0_constant_50
,,0.14463997156150898,,,,,open,,25982.967619007468,,-1,2534.323034,0.5,258628,1.0,2022-03-11 02:15:00,,V0_constant_50
0,,,25982.967619007468,2534.323034,0.5,258628,close,2606.341164,,-738.3597141517166,,,,259955,,2022-03-15 16:50:00,buy_cover,V0_constant_50
,,0.15730195773537947,,,,,open,,25611.189465169708,,-1,2885.982688,0.5,261337,1.0,2022-03-20 12:00:00,,V0_constant_50
0,,,25611.189465169708,2885.982688,0.5,261337,close,2964.072696,,-692.9961714612764,,,,261799,,2022-03-22 02:30:00,buy_cover,V0_constant_50
,,0.1686561215779966,,,,,open,,25262.13026049255,,1,2964.072696,0.5,261799,1.0,2022-03-22 02:30:00,,V0_constant_50
0,,,25262.13026049255,2964.072696,0.5,261799,close,3176.894494,,1803.0033985848713,,,,266378,,2022-04-07 00:05:00,sell,V0_constant_50
,,0.1398521046815988,,,,,open,,26163.631959784987,,-1,3176.894494,0.5,266378,1.0,2022-04-07 00:05:00,,V0_constant_50
0,,,26163.631959784987,3176.894494,0.5,266378,close,3228.6756060000002,,-426.44745692369906,,,,266666,,2022-04-08 00:05:00,buy_cover,V0_constant_50
,,0.14622655702509346,,,,,open,,25947.79186812716,,1,3272.1543,0.5,266698,1.0,2022-04-08 02:45:00,,V0_constant_50
0,,,25947.79186812716,3272.1543,0.5,266698,close,2984.2630280000003,,-2292.4083144480865,,,,267818,,2022-04-12 00:05:00,sell,V0_constant_50
,,0.18310020145933703,,,,,open,,24801.587710903113,,-1,2984.2630280000003,0.5,267818,1.0,2022-04-12 00:05:00,,V0_constant_50
0,,,24801.587710903113,2984.2630280000003,0.5,267818,close,3096.8892539999997,,-936.0120485921761,,,,268277,,2022-04-13 14:20:00,buy_cover,V0_constant_50
,,0.1994213446613463,,,,,open,,24331.101527835934,,-1,3012.587362,0.5,269538,1.0,2022-04-17 23:25:00,,V0_constant_50
0,,,24331.101527835934,3012.587362,0.5,269538,close,3118.02348,,-851.5516892621927,,,,270002,,2022-04-19 14:05:00,buy_cover,V0_constant_50
,,0.2131210938957967,,,,,open,,23902.892573052057,,1,3118.02348,0.5,270002,1.0,2022-04-19 14:05:00,,V0_constant_50
0,,,23902.892573052057,3118.02348,0.5,270002,close,3025.524774,,-718.3753655930086,,,,270647,,2022-04-21 19:50:00,sell,V0_constant_50
,,0.22532945821761508,,,,,open,,23543.704890255554,,1,2971.384158,0.5,271787,1.0,2022-04-25 18:50:00,,V0_constant_50
0,,,23543.704890255554,2971.384158,0.5,271787,close,2837.23244,,-1071.9399455259554,,,,272853,,2022-04-29 11:40:00,sell,V0_constant_50
,,0.24233591313857794,,,,,open,,23007.734917492577,,-1,2837.23244,0.5,272853,1.0,2022-04-29 11:40:00,,V0_constant_50
0,,,23007.734917492577,2837.23244,0.5,272853,close,2835.677022,,12.614142650265421,,,,273570,,2022-05-01 23:25:00,buy_cover,V0_constant_50
,,0.2425932929271275,,,,,open,,23011.74121532596,,1,2835.677022,0.5,273570,1.0,2022-05-01 23:25:00,,V0_constant_50
0,,,23011.74121532596,2835.677022,0.5,273570,close,2762.4773940000005,,-602.9869080693497,,,,274101,,2022-05-03 19:40:00,sell,V0_constant_50
,,0.25230795235224135,,,,,open,,22710.247761291284,,-1,2762.4773940000005,0.5,274101,1.0,2022-05-03 19:40:00,,V0_constant_50
0,,,22710.247761291284,2762.4773940000005,0.5,274101,close,2089.877892,,5529.42198411595,,,,277466,,2022-05-15 12:05:00,buy_cover,V0_constant_50
,,0.1619073900953496,,,,,open,,25472.68772857313,,1,2089.877892,0.5,277466,1.0,2022-05-15 12:05:00,,V0_constant_50
0,,,25472.68772857313,2089.877892,0.5,277466,close,2001.989522,,-1080.9958774916995,,,,278340,,2022-05-18 12:55:00,sell,V0_constant_50
,,0.1795550422372887,,,,,open,,24932.18978982728,,-1,2001.989522,0.5,278340,1.0,2022-05-18 12:55:00,,V0_constant_50
0,,,24932.18978982728,2001.989522,0.5,278340,close,2050.10994,,-599.2765379681186,,,,278781,,2022-05-20 01:40:00,buy_cover,V0_constant_50
,,0.18958461729895604,,,,,open,,24630.058301864236,,-1,1989.082104,0.5,279862,1.0,2022-05-23 19:45:00,,V0_constant_50
0,,,24630.058301864236,1989.082104,0.5,279862,close,1836.297186,,1891.879294244467,,,,281661,,2022-05-30 01:40:00,buy_cover,V0_constant_50
,,0.1578776454135885,,,,,open,,25573.53494315628,,1,1836.297186,0.5,281661,1.0,2022-05-30 01:40:00,,V0_constant_50
0,,,25573.53494315628,1836.297186,0.5,281661,close,1916.876548,,1111.5262727978807,,,,282267,,2022-06-01 04:10:00,sell,V0_constant_50
,,0.13960223531917504,,,,,open,,26129.29807955522,,-1,1916.876548,0.5,282267,1.0,2022-06-01 04:10:00,,V0_constant_50
0,,,26129.29807955522,1916.876548,0.5,282267,close,1796.319192,,1643.3405538588922,,,,283346,,2022-06-04 22:05:00,buy_cover,V0_constant_50
,,0.11307916945743002,,,,,open,,26948.355426676713,,1,1796.319192,0.5,283346,1.0,2022-06-04 22:05:00,,V0_constant_50
0,,,26948.355426676713,1796.319192,0.5,283346,close,1780.423844,,-249.1446777228557,,,,283952,,2022-06-07 00:35:00,sell,V0_constant_50
,,0.11626772342413216,,,,,open,,26823.783087815285,,-1,1780.423844,0.5,283952,1.0,2022-06-07 00:35:00,,V0_constant_50
0,,,26823.783087815285,1780.423844,0.5,283952,close,1248.729696,,8010.480135335089,,,,286538,,2022-06-16 00:05:00,buy_cover,V0_constant_50
,,0.05289335828448427,,,,,open,,30826.340777174046,,1,1141.5282599999998,0.5,288796,1.0,2022-06-23 20:15:00,,V0_constant_50
0,,,30826.340777174046,1141.5282599999998,0.5,288796,close,1192.91137,,1374.68825608513,,,,289870,,2022-06-27 13:45:00,sell,V0_constant_50
,,0.033792474224862534,,,,,open,,31513.68490521661,,-1,1192.91137,0.5,289870,1.0,2022-06-27 13:45:00,,V0_constant_50
0,,,31513.68490521661,1192.91137,0.5,289870,close,1092.208398,,2660.3175937599663,,,,291864,,2022-07-04 11:55:00,buy_cover,V0_constant_50
,,0.03640941258677255,,,,,open,,32840.69233360607,,1,1092.208398,0.5,291864,1.0,2022-07-04 11:55:00,,V0_constant_50
0,,,32840.69233360607,1092.208398,0.5,291864,close,1188.502252,,2881.085610698967,,,,293479,,2022-07-10 02:30:00,sell,V0_constant_50
,,0.036354774696222614,,,,,open,,34281.235138955555,,-1,1188.502252,0.5,293479,1.0,2022-07-10 02:30:00,,V0_constant_50
0,,,34281.235138955555,1188.502252,0.5,293479,close,1099.829922,,2557.671639304721,,,,294463,,2022-07-13 12:30:00,buy_cover,V0_constant_50
,,0.02470747621699565,,,,,open,,35556.64283509402,,1,1099.829922,0.5,294463,1.0,2022-07-13 12:30:00,,V0_constant_50
0,,,35556.64283509402,1099.829922,0.5,294463,close,1481.893562,,12332.657768298915,,,,296666,,2022-07-21 04:05:00,sell,V0_constant_50
,,0.04745237731292784,,,,,open,,41722.97171924348,,-1,1481.893562,0.5,296666,1.0,2022-07-21 04:05:00,,V0_constant_50
0,,,41722.97171924348,1481.893562,0.5,296666,close,1606.881312,,-3519.050092713289,,,,297550,,2022-07-24 05:45:00,buy_cover,V0_constant_50
,,0.08823220098953011,,,,,open,,39959.274375714915,,1,1606.881312,0.5,297550,1.0,2022-07-24 05:45:00,,V0_constant_50
0,,,39959.274375714915,1606.881312,0.5,297550,close,1479.1741060000002,,-3190.4830626478943,,,,297999,,2022-07-25 19:10:00,sell,V0_constant_50
,,0.12449158043498776,,,,,open,,38364.03284439097,,-1,1670.405852,0.5,299769,1.0,2022-07-31 22:40:00,,V0_constant_50
0,,,38364.03284439097,1670.405852,0.5,299769,close,1681.2261780000001,,-248.5077273941206,,,,300509,,2022-08-03 12:20:00,buy_cover,V0_constant_50
,,0.12708767455242753,,,,,open,,38235.94257740947,,1,1681.2261780000001,0.5,300509,1.0,2022-08-03 12:20:00,,V0_constant_50
0,,,38235.94257740947,1681.2261780000001,0.5,300509,close,1711.05772,,662.8912852749636,,,,302229,,2022-08-09 11:40:00,sell,V0_constant_50
,,0.12141674544957559,,,,,open,,38567.38822004695,,-1,1711.05772,0.5,302229,1.0,2022-08-09 11:40:00,,V0_constant_50
0,,,38567.38822004695,1711.05772,0.5,302229,close,1891.82829,,-4074.5824947589354,,,,302683,,2022-08-11 01:30:00,buy_cover,V0_constant_50
,,0.16546656939695104,,,,,open,,36526.240233845485,,1,1891.82829,0.5,302683,1.0,2022-08-11 01:30:00,,V0_constant_50
0,,,36526.240233845485,1891.82829,0.5,302683,close,1958.368248,,1269.5891235953823,,,,303731,,2022-08-14 16:50:00,sell,V0_constant_50
,,0.1524841784640164,,,,,open,,37161.03479564318,,-1,1958.368248,0.5,303731,1.0,2022-08-14 16:50:00,,V0_constant_50
0,,,37161.03479564318,1958.368248,0.5,303731,close,1919.6938619999999,,733.8676261863875,,,,304463,,2022-08-17 05:50:00,buy_cover,V0_constant_50
,,0.1438584487890331,,,,,open,,37524.25250525681,,1,1919.6938619999999,0.5,304463,1.0,2022-08-17 05:50:00,,V0_constant_50
0,,,37524.25250525681,1919.6938619999999,0.5,304463,close,1821.865554,,-1926.4931390502534,,,,304974,,2022-08-19 00:25:00,sell,V0_constant_50
,,0.16636582432885927,,,,,open,,36561.00593573168,,-1,1821.865554,0.5,304974,1.0,2022-08-19 00:25:00,,V0_constant_50
0,,,36561.00593573168,1821.865554,0.5,304974,close,1643.248584,,3584.46784901739,,,,305802,,2022-08-21 21:25:00,buy_cover,V0_constant_50
,,0.12464440231017415,,,,,open,,38349.583759646805,,1,1643.248584,0.5,305802,1.0,2022-08-21 21:25:00,,V0_constant_50
0,,,38349.583759646805,1643.248584,0.5,305802,close,1653.579218,,225.65814092720393,,,,307070,,2022-08-26 07:05:00,sell,V0_constant_50
,,0.1221395479375329,,,,,open,,38462.41283011041,,-1,1653.579218,0.5,307070,1.0,2022-08-26 07:05:00,,V0_constant_50
0,,,38462.41283011041,1653.579218,0.5,307070,close,1510.4720340000001,,3328.6883712023846,,,,308019,,2022-08-29 14:10:00,buy_cover,V0_constant_50
,,0.08427425607394523,,,,,open,,40122.91077442859,,1,1510.4720340000001,0.5,308019,1.0,2022-08-29 14:10:00,,V0_constant_50
0,,,40122.91077442859,1510.4720340000001,0.5,308019,close,1519.925954,,234.9779927195268,,,,308891,,2022-09-01 14:50:00,sell,V0_constant_50
,,0.08069568267186722,,,,,open,,40240.39977078835,,-1,1519.925954,0.5,308891,1.0,2022-09-01 14:50:00,,V0_constant_50
0,,,40240.39977078835,1519.925954,0.5,308891,close,1574.194776,,-1436.7782540811022,,,,309722,,2022-09-04 12:05:00,buy_cover,V0_constant_50
,,0.09827624916053634,,,,,open,,39517.986603770725,,1,1574.194776,0.5,309722,1.0,2022-09-04 12:05:00,,V0_constant_50
0,,,39517.986603770725,1574.194776,0.5,309722,close,1559.867964,,-375.31660281604854,,,,310395,,2022-09-06 20:10:00,sell,V0_constant_50
,,0.10243968060805464,,,,,open,,39330.3283023627,,-1,1707.098512,0.5,312072,1.0,2022-09-12 15:55:00,,V0_constant_50
0,,,39330.3283023627,1707.098512,0.5,312072,close,1631.57625,,1739.9803845732822,,,,312729,,2022-09-14 22:40:00,buy_cover,V0_constant_50
,,0.08260407696605276,,,,,open,,40196.3854618191,,1,1631.57625,0.5,312729,1.0,2022-09-14 22:40:00,,V0_constant_50
0,,,40196.3854618191,1631.57625,0.5,312729,close,1422.985346,,-5152.9786855185885,,,,313231,,2022-09-16 16:30:00,sell,V0_constant_50
,,0.1415946456967122,,,,,open,,37619.896119059806,,-1,1422.985346,0.5,313231,1.0,2022-09-16 16:30:00,,V0_constant_50
0,,,37619.896119059806,1422.985346,0.5,313231,close,1356.501246,,1757.661794520427,,,,315107,,2022-09-23 04:50:00,buy_cover,V0_constant_50
,,0.1210517979157848,,,,,open,,38494.965026708116,,1,1356.501246,0.5,315107,1.0,2022-09-23 04:50:00,,V0_constant_50
0,,,38494.965026708116,1356.501246,0.5,315107,close,1303.549238,,-1517.4742580233724,,,,315789,,2022-09-25 13:40:00,sell,V0_constant_50
,,0.13852044155422294,,,,,open,,37736.22789769643,,-1,1303.549238,0.5,315789,1.0,2022-09-25 13:40:00,,V0_constant_50
0,,,37736.22789769643,1303.549238,0.5,315789,close,1386.92733,,-2413.6967719901804,,,,316243,,2022-09-27 03:30:00,buy_cover,V0_constant_50
,,0.16644645741067077,,,,,open,,36525.60588891157,,-1,1307.948358,0.5,317554,1.0,2022-10-01 16:45:00,,V0_constant_50
0,,,36525.60588891157,1307.948358,0.5,317554,close,1316.0931659999999,,-227.4494420098781,,,,318102,,2022-10-03 14:25:00,buy_cover,V0_constant_50
,,0.16910132107919607,,,,,open,,36408.22860731774,,1,1316.0931659999999,0.5,318102,1.0,2022-10-03 14:25:00,,V0_constant_50
0,,,36408.22860731774,1316.0931659999999,0.5,318102,close,1324.864974,,228.0032549489697,,,,318664,,2022-10-05 13:15:00,sell,V0_constant_50
,,0.1668233104175223,,,,,open,,36522.23023479222,,-1,1324.864974,0.5,318664,1.0,2022-10-05 13:15:00,,V0_constant_50
0,,,36522.23023479222,1324.864974,0.5,318664,close,1331.0761619999998,,-171.2208399078445,,,,319955,,2022-10-10 00:50:00,buy_cover,V0_constant_50
,,0.16897023097515662,,,,,open,,36432.96759181483,,1,1331.0761619999998,0.5,319955,1.0,2022-10-10 00:50:00,,V0_constant_50
0,,,36432.96759181483,1331.0761619999998,0.5,319955,close,1278.314286,,-1458.1426848974152,,,,320900,,2022-10-13 07:35:00,sell,V0_constant_50
,,0.1851987536246219,,,,,open,,35703.896249366124,,1,1294.848918,0.5,321908,1.0,2022-10-16 19:35:00,,V0_constant_50
0,,,35703.896249366124,1294.848918,0.5,321908,close,1305.068934,,267.4117664479345,,,,322432,,2022-10-18 15:15:00,sell,V0_constant_50
,,0.18210589362688612,,,,,open,,35837.602132590095,,-1,1305.068934,0.5,322432,1.0,2022-10-18 15:15:00,,V0_constant_50
0,,,35837.602132590095,1305.068934,0.5,322432,close,1309.0417559999999,,-109.09349993223441,,,,322997,,2022-10-20 14:20:00,buy_cover,V0_constant_50
,,0.18337301203955947,,,,,open,,35779.47162241072,,1,1309.0417559999999,0.5,322997,1.0,2022-10-20 14:20:00,,V0_constant_50
0,,,35779.47162241072,1309.0417559999999,0.5,322997,close,1488.7022,,4894.306745948597,,,,325224,,2022-10-28 07:55:00,sell,V0_constant_50
,,0.1273013579131541,,,,,open,,38226.62499538502,,-1,1488.7022,0.5,325224,1.0,2022-10-28 07:55:00,,V0_constant_50
0,,,38226.62499538502,1488.7022,0.5,325224,close,1612.792494,,-3186.366399028986,,,,326789,,2022-11-02 18:20:00,buy_cover,V0_constant_50
,,0.1639505339275119,,,,,open,,36629.61913337099,,1,1612.792494,0.5,326789,1.0,2022-11-02 18:20:00,,V0_constant_50
0,,,36629.61913337099,1612.792494,0.5,326789,close,1618.366262,,111.88997650754754,,,,327744,,2022-11-06 01:55:00,sell,V0_constant_50
,,0.16294698952663866,,,,,open,,36685.56412162476,,-1,1618.366262,0.5,327744,1.0,2022-11-06 01:55:00,,V0_constant_50
0,,,36685.56412162476,1618.366262,0.5,327744,close,1325.36502,,6641.832598940589,,,,329053,,2022-11-10 15:00:00,buy_cover,V0_constant_50
,,0.08709288369495383,,,,,open,,40002.81186468289,,-1,1241.9215660000002,0.5,329822,1.0,2022-11-13 07:05:00,,V0_constant_50
0,,,40002.81186468289,1241.9215660000002,0.5,329822,close,1217.463444,,787.8078840028102,,,,331730,,2022-11-19 22:05:00,buy_cover,V0_constant_50
,,0.07789041808341646,,,,,open,,40392.71552549783,,1,1217.463444,0.5,331730,1.0,2022-11-19 22:05:00,,V0_constant_50
0,,,40392.71552549783,1217.463444,0.5,331730,close,1100.37988,,-3899.1727196823194,,,,332258,,2022-11-21 18:05:00,sell,V0_constant_50
,,0.1228605534630477,,,,,open,,38443.12916565667,,-1,1100.37988,0.5,332258,1.0,2022-11-21 18:05:00,,V0_constant_50
0,,,38443.12916565667,1100.37988,0.5,332258,close,1173.78471,,-2564.486689919104,,,,332748,,2022-11-23 10:55:00,buy_cover,V0_constant_50
,,0.1520364186387989,,,,,open,,37157.04150778055,,-1,1193.541244,0.5,334054,1.0,2022-11-27 23:45:00,,V0_constant_50
0,,,37157.04150778055,1193.541244,0.5,334054,close,1230.2560019999999,,-1142.9935624806749,,,,334641,,2022-11-30 00:40:00,buy_cover,V0_constant_50
,,0.16570915907213501,,,,,open,,36581.82902238943,,1,1230.2560019999999,0.5,334641,1.0,2022-11-30 00:40:00,,V0_constant_50
0,,,36581.82902238943,1230.2560019999999,0.5,334641,close,1266.39667,,1059.5865786579743,,,,335631,,2022-12-03 11:10:00,sell,V0_constant_50
,,0.15398999386263934,,,,,open,,37111.62231171841,,-1,1266.39667,0.5,335631,1.0,2022-12-03 11:10:00,,V0_constant_50
0,,,37111.62231171841,1266.39667,0.5,335631,close,1288.167582,,-637.9927951690697,,,,336080,,2022-12-05 00:35:00,buy_cover,V0_constant_50
,,0.1603432271304993,,,,,open,,36788.9147519027,,1,1288.167582,0.5,336080,1.0,2022-12-05 00:35:00,,V0_constant_50
0,,,36788.9147519027,1288.167582,0.5,336080,close,1229.414068,,-1691.9908270951346,,,,336736,,2022-12-07 07:15:00,sell,V0_constant_50
,,0.17974399010356235,,,,,open,,35942.91933835513,,1,1279.2858059999999,0.5,338497,1.0,2022-12-13 10:00:00,,V0_constant_50
0,,,35942.91933835513,1279.2858059999999,0.5,338497,close,1294.301088,,407.3261380067488,,,,338974,,2022-12-15 01:45:00,sell,V0_constant_50
,,0.17407761756862106,,,,,open,,36146.58240735851,,-1,1294.301088,0.5,338974,1.0,2022-12-15 01:45:00,,V0_constant_50
0,,,36146.58240735851,1294.301088,0.5,338974,close,1200.1599840000001,,2629.126206006069,,,,340449,,2022-12-20 04:40:00,buy_cover,V0_constant_50
,,0.14506069398293941,,,,,open,,37457.530852120806,,1,1200.1599840000001,0.5,340449,1.0,2022-12-20 04:40:00,,V0_constant_50
0,,,37457.530852120806,1200.1599840000001,0.5,340449,close,1199.290094,,-42.12031193150324,,,,341144,,2022-12-22 14:35:00,sell,V0_constant_50
,,0.14544955509236612,,,,,open,,37436.470696155055,,-1,1199.290094,0.5,341144,1.0,2022-12-22 14:35:00,,V0_constant_50
0,,,37436.470696155055,1199.290094,0.5,341144,close,1230.0859679999999,,-961.3078589811048,,,,342408,,2022-12-26 23:55:00,buy_cover,V0_constant_50
,,0.15671401732424195,,,,,open,,36952.07311959489,,-1,1209.748002,0.5,344605,1.0,2023-01-03 15:00:00,,V0_constant_50
0,,,36952.07311959489,1209.748002,0.5,344605,close,1258.931736,,-1502.3286430335502,,,,345478,,2023-01-06 15:45:00,buy_cover,V0_constant_50
,,0.1738495893285371,,,,,open,,36197.21359076616,,1,1258.931736,0.5,345478,1.0,2023-01-06 15:45:00,,V0_constant_50
0,,,36197.21359076616,1258.931736,0.5,345478,close,1511.387662,,7241.3140399135955,,,,355572,,2023-02-11 00:05:00,sell,V0_constant_50
,,0.09101343512211013,,,,,open,,39817.87061072295,,-1,1511.387662,0.5,355572,1.0,2023-02-11 00:05:00,,V0_constant_50
0,,,39817.87061072295,1511.387662,0.5,355572,close,1537.567452,,-689.7112290502628,,,,355860,,2023-02-12 00:05:00,buy_cover,V0_constant_50
,,0.09927428571309616,,,,,open,,39469.033209136745,,1,1548.099558,0.5,356059,1.0,2023-02-12 16:40:00,,V0_constant_50
0,,,39469.033209136745,1548.099558,0.5,356059,close,1564.277082,,396.49743248533196,,,,362196,,2023-03-06 00:05:00,sell,V0_constant_50
,,0.09475003715605768,,,,,open,,39667.281925379415,,-1,1532.313476,0.5,363060,1.0,2023-03-09 00:05:00,,V0_constant_50
0,,,39667.281925379415,1532.313476,0.5,363060,close,1578.505638,,-1195.783393472986,,,,364212,,2023-03-13 00:05:00,buy_cover,V0_constant_50
,,0.1084850926062706,,,,,open,,39065.423500450386,,1,1576.855308,0.5,364213,1.0,2023-03-13 00:10:00,,V0_constant_50
0,,,39065.423500450386,1576.855308,0.5,364213,close,1839.3320600000002,,6484.4419039881905,,,,381204,,2023-05-11 00:05:00,sell,V0_constant_50
,,0.07995802529242413,,,,,open,,42307.64445244448,,1,1853.100546,0.5,384948,1.0,2023-05-24 00:05:00,,V0_constant_50
0,,,42307.64445244448,1853.100546,0.5,384948,close,1826.914544,,-614.5278805276321,,,,385812,,2023-05-27 00:05:00,sell,V0_constant_50
,,0.0866399317425578,,,,,open,,42000.380512180665,,1,1910.2219679999998,0.5,386388,1.0,2023-05-29 00:05:00,,V0_constant_50
0,,,42000.380512180665,1910.2219679999998,0.5,386388,close,1839.392048,,-1573.525285628748,,,,389844,,2023-06-10 00:05:00,sell,V0_constant_50
,,0.10374924295308208,,,,,open,,41213.617869366295,,-1,1721.8555600000002,0.5,392436,1.0,2023-06-19 00:05:00,,V0_constant_50
0,,,41213.617869366295,1721.8555600000002,0.5,392436,close,1735.1169539999999,,-317.4175447754751,,,,392724,,2023-06-20 00:05:00,buy_cover,V0_constant_50
,,0.10729022378826802,,,,,open,,41050.787735191625,,1,1889.1477539999998,0.5,393300,1.0,2023-06-22 00:05:00,,V0_constant_50
0,,,41050.787735191625,1889.1477539999998,0.5,393300,close,1830.393848,,-1292.618196123076,,,,405972,,2023-08-05 00:05:00,sell,V0_constant_50
,,0.1213451660226531,,,,,open,,40404.47863713009,,-1,1687.652402,0.5,409716,1.0,2023-08-18 00:05:00,,V0_constant_50
0,,,40404.47863713009,1687.652402,0.5,409716,close,1641.9183179999998,,1094.9319133555036,,,,415082,,2023-09-05 15:15:00,buy_cover,V0_constant_50
,,0.10922330017150839,,,,,open,,40947.90414594412,,1,1641.9183179999998,0.5,415082,1.0,2023-09-05 15:15:00,,V0_constant_50
0,,,40947.90414594412,1641.9183179999998,0.5,415082,close,1618.866162,,-591.046754646748,,,,415885,,2023-09-08 10:10:00,sell,V0_constant_50
,,0.11595416944171,,,,,open,,40652.380768620744,,1,1623.294594,0.5,417501,1.0,2023-09-14 00:50:00,,V0_constant_50
0,,,40652.380768620744,1623.294594,0.5,417501,close,1614.2970759999998,,-241.49523562735703,,,,417955,,2023-09-15 14:40:00,sell,V0_constant_50
,,0.11830618412031357,,,,,open,,40531.633150807065,,-1,1614.2970759999998,0.5,417955,1.0,2023-09-15 14:40:00,,V0_constant_50
0,,,40531.633150807065,1614.2970759999998,0.5,417955,close,1648.6596659999998,,-862.7713199654245,,,,418770,,2023-09-18 10:35:00,buy_cover,V0_constant_50
,,0.12804926190569643,,,,,open,,40096.19432750927,,1,1594.838904,0.5,420483,1.0,2023-09-24 09:20:00,,V0_constant_50
0,,,40096.19432750927,1594.838904,0.5,420483,close,1652.8293680000002,,1441.330965651774,,,,422900,,2023-10-02 18:45:00,sell,V0_constant_50
,,0.1115434025280575,,,,,open,,40816.859810335154,,-1,1652.8293680000002,0.5,422900,1.0,2023-10-02 18:45:00,,V0_constant_50
0,,,40816.859810335154,1652.8293680000002,0.5,422900,close,1653.1205579999998,,-7.189346118007961,,,,424061,,2023-10-06 19:30:00,buy_cover,V0_constant_50
,,0.11279378677396301,,,,,open,,40809.18345129512,,1,1653.1205579999998,0.5,424061,1.0,2023-10-06 19:30:00,,V0_constant_50
0,,,40809.18345129512,1653.1205579999998,0.5,424061,close,1626.07472,,-683.7126411238569,,,,424516,,2023-10-08 09:25:00,sell,V0_constant_50
,,0.11979849592007763,,,,,open,,40467.32713073319,,-1,1626.07472,0.5,424516,1.0,2023-10-08 09:25:00,,V0_constant_50
0,,,40467.32713073319,1626.07472,0.5,424516,close,1555.921122,,1745.8798684372305,,,,426094,,2023-10-13 20:55:00,buy_cover,V0_constant_50
,,0.101116341683822,,,,,open,,41336.22033223873,,1,1555.921122,0.5,426094,1.0,2023-10-13 20:55:00,,V0_constant_50
0,,,41336.22033223873,1555.921122,0.5,426094,close,1572.455446,,422.55954024630046,,,,427152,,2023-10-17 13:05:00,sell,V0_constant_50
,,0.09716457825570046,,,,,open,,41547.50010236188,,-1,1572.455446,0.5,427152,1.0,2023-10-17 13:05:00,,V0_constant_50
0,,,41547.50010236188,1572.455446,0.5,427152,close,1577.495436,,-133.16521236509288,,,,427888,,2023-10-20 02:25:00,buy_cover,V0_constant_50
,,0.09793589449259699,,,,,open,,41476.7627461691,,1,1577.495436,0.5,427888,1.0,2023-10-20 02:25:00,,V0_constant_50
0,,,41476.7627461691,1577.495436,0.5,427888,close,2233.033304,,17212.439484930153,,,,455796,,2024-01-25 00:05:00,sell,V0_constant_50
,,0.1105827742439256,,,,,open,,50082.98248863418,,1,2311.052118,0.5,457236,1.0,2024-01-30 00:05:00,,V0_constant_50
0,,,50082.98248863418,2311.052118,0.5,457236,close,2298.5402,,-291.06944823029335,,,,459252,,2024-02-06 00:05:00,sell,V0_constant_50
,,0.11316730663680075,,,,,open,,49937.447764519035,,1,2377.7754600000003,0.5,459540,1.0,2024-02-07 00:05:00,,V0_constant_50
0,,,49937.447764519035,2377.7754600000003,0.5,459540,close,3321.8055059999997,,19798.381109537208,,,,476244,,2024-04-05 00:05:00,sell,V0_constant_50
,,0.11907494890113224,,,,,open,,59836.63831928764,,1,3359.401746,0.5,476820,1.0,2024-04-07 00:05:00,,V0_constant_50
0,,,59836.63831928764,3359.401746,0.5,476820,close,3139.372,,-3941.4674411714514,,,,479124,,2024-04-15 00:05:00,sell,V0_constant_50
,,0.1480884221220976,,,,,open,,57865.90459870191,,-1,3048.8901,0.5,502452,1.0,2024-07-05 00:05:00,,V0_constant_50
0,,,57865.90459870191,3048.8901,0.5,502452,close,3098.409558,,-939.8439978917304,,,,504180,,2024-07-11 00:05:00,buy_cover,V0_constant_50
,,0.15509188396756934,,,,,open,,57390.196009296174,,1,3487.957452,0.5,505620,1.0,2024-07-16 00:05:00,,V0_constant_50
0,,,57390.196009296174,3487.957452,0.5,505620,close,3271.3156059999997,,-3586.112286564865,,,,508788,,2024-07-27 00:05:00,sell,V0_constant_50
,,0.18148955801830335,,,,,open,,55597.13986601374,,-1,2991.741532,0.5,510804,1.0,2024-08-03 00:05:00,,V0_constant_50
0,,,55597.13986601374,2991.741532,0.5,510804,close,2738.0174939999997,,4715.092118156099,,,,514048,,2024-08-14 06:25:00,buy_cover,V0_constant_50
,,0.14839000716846928,,,,,open,,57949.12621110519,,1,2738.0174939999997,0.5,514048,1.0,2024-08-14 06:25:00,,V0_constant_50
0,,,57949.12621110519,2738.0174939999997,0.5,514048,close,2544.34103,,-4120.628490970332,,,,514489,,2024-08-15 19:10:00,sell,V0_constant_50
,,0.17794039838617326,,,,,open,,55888.81196562003,,-1,2544.34103,0.5,514489,1.0,2024-08-15 19:10:00,,V0_constant_50
0,,,55888.81196562003,2544.34103,0.5,514489,close,2635.807056,,-2009.1338289944324,,,,515159,,2024-08-18 03:00:00,buy_cover,V0_constant_50
,,0.19206719580791753,,,,,open,,54878.65616992625,,-1,2552.629372,0.5,516152,1.0,2024-08-21 13:45:00,,V0_constant_50
0,,,54878.65616992625,2552.629372,0.5,516152,close,2653.100514,,-2160.014098934458,,,,516626,,2024-08-23 05:15:00,buy_cover,V0_constant_50
,,0.20773308990433603,,,,,open,,53793.16125484204,,1,2653.100514,0.5,516626,1.0,2024-08-23 05:15:00,,V0_constant_50
0,,,53793.16125484204,2653.100514,0.5,516626,close,2733.4631980000004,,1607.2335095523376,,,,517456,,2024-08-26 02:25:00,sell,V0_constant_50
,,0.19616132045383727,,,,,open,,54596.77800961821,,-1,2733.4631980000004,0.5,517456,1.0,2024-08-26 02:25:00,,V0_constant_50
0,,,54596.77800961821,2733.4631980000004,0.5,517456,close,2556.081114,,3542.939905782914,,,,518370,,2024-08-29 06:35:00,buy_cover,V0_constant_50
,,0.16988011731700003,,,,,open,,56362.7882847087,,1,2556.081114,0.5,518370,1.0,2024-08-29 06:35:00,,V0_constant_50
0,,,56362.7882847087,2556.081114,0.5,518370,close,2484.223056,,-1606.4130287837615,,,,519181,,2024-09-01 02:10:00,sell,V0_constant_50
,,0.18195911551502797,,,,,open,,55559.58177031682,,-1,2484.223056,0.5,519181,1.0,2024-09-01 02:10:00,,V0_constant_50
0,,,55559.58177031682,2484.223056,0.5,519181,close,2542.038306,,-1293.0342357159534,,,,519690,,2024-09-02 20:35:00,buy_cover,V0_constant_50
,,0.19164242409269128,,,,,open,,54907.508694281816,,1,2316.0331140000003,0.5,521440,1.0,2024-09-08 22:25:00,,V0_constant_50
0,,,54907.508694281816,2316.0331140000003,0.5,521440,close,2314.3170440000004,,-62.62837863533059,,,,522161,,2024-09-11 10:30:00,sell,V0_constant_50
,,0.1919035160172865,,,,,open,,54876.19450496415,,-1,2314.3170440000004,0.5,522161,1.0,2024-09-11 10:30:00,,V0_constant_50
0,,,54876.19450496415,2314.3170440000004,0.5,522161,close,2383.196544,,-1633.2419181606165,,,,522796,,2024-09-13 15:25:00,buy_cover,V0_constant_50
,,0.20420665758729784,,,,,open,,54054.08592643334,,1,2345.1289319999996,0.5,523935,1.0,2024-09-17 14:20:00,,V0_constant_50
0,,,54054.08592643334,2345.1289319999996,0.5,523935,close,2549.4100160000003,,4685.077318680866,,,,525467,,2024-09-22 22:00:00,sell,V0_constant_50
,,0.17029449657402473,,,,,open,,56396.624585773774,,-1,2549.4100160000003,0.5,525467,1.0,2024-09-22 22:00:00,,V0_constant_50
0,,,56396.624585773774,2549.4100160000003,0.5,525467,close,2637.987492,,-1959.4591212996093,,,,526527,,2024-09-26 14:20:00,buy_cover,V0_constant_50
,,0.1841325507546554,,,,,open,,55411.2553626654,,1,2637.987492,0.5,526527,1.0,2024-09-26 14:20:00,,V0_constant_50
0,,,55411.2553626654,2637.987492,0.5,526527,close,2644.1310679999997,,106.83267880796484,,,,527308,,2024-09-29 07:25:00,sell,V0_constant_50
,,0.18299954290670728,,,,,open,,55464.671702069376,,-1,2644.1310679999997,0.5,527308,1.0,2024-09-29 07:25:00,,V0_constant_50
0,,,55464.671702069376,2644.1310679999997,0.5,527308,close,2396.22915,,5200.121877024074,,,,528850,,2024-10-04 15:55:00,buy_cover,V0_constant_50
,,0.14516116015243008,,,,,open,,58059.1861734112,,1,2396.22915,0.5,528850,1.0,2024-10-04 15:55:00,,V0_constant_50
0,,,58059.1861734112,2396.22915,0.5,528850,close,2412.987306,,382.6562544224871,,,,529800,,2024-10-07 23:05:00,sell,V0_constant_50
,,0.14318482859227877,,,,,open,,58250.514300622446,,-1,2412.987306,0.5,529800,1.0,2024-10-07 23:05:00,,V0_constant_50
0,,,58250.514300622446,2412.987306,0.5,529800,close,2419.7038439999997,,-162.13767635125987,,,,530796,,2024-10-11 10:05:00,buy_cover,V0_constant_50
,,0.14364408963630004,,,,,open,,58163.62041101676,,1,2419.7038439999997,0.5,530796,1.0,2024-10-11 10:05:00,,V0_constant_50
0,,,58163.62041101676,2419.7038439999997,0.5,530796,close,2442.21146,,517.5472090402764,,,,531435,,2024-10-13 15:20:00,sell,V0_constant_50
,,0.1397104732348834,,,,,open,,58422.3940155369,,-1,2442.21146,0.5,531435,1.0,2024-10-13 15:20:00,,V0_constant_50
0,,,58422.3940155369,2442.21146,0.5,531435,close,2658.08151,,-5164.024128194957,,,,531995,,2024-10-15 14:00:00,buy_cover,V0_constant_50
,,0.1792032152979225,,,,,open,,55834.53971203787,,1,2658.08151,0.5,531995,1.0,2024-10-15 14:00:00,,V0_constant_50
0,,,55834.53971203787,2658.08151,0.5,531995,close,2587.992298,,-1494.0071774999524,,,,532573,,2024-10-17 14:10:00,sell,V0_constant_50
,,0.18899203001055487,,,,,open,,55087.53612328789,,-1,2644.710952,0.5,533849,1.0,2024-10-22 00:30:00,,V0_constant_50
0,,,55087.53612328789,2644.710952,0.5,533849,close,2513.472594,,2733.6081170077523,,,,535544,,2024-10-27 21:45:00,buy_cover,V0_constant_50
,,0.16810826144686375,,,,,open,,56448.83142817944,,1,2513.472594,0.5,535544,1.0,2024-10-27 21:45:00,,V0_constant_50
0,,,56448.83142817944,2513.472594,0.5,535544,close,2609.557984,,2134.493643730777,,,,536601,,2024-10-31 13:50:00,sell,V0_constant_50
,,0.1530644251182809,,,,,open,,57516.078250044826,,-1,2609.557984,0.5,536601,1.0,2024-10-31 13:50:00,,V0_constant_50
0,,,57516.078250044826,2609.557984,0.5,536601,close,2485.7370479999995,,2729.0830119234815,,,,538173,,2024-11-06 00:50:00,buy_cover,V0_constant_50
,,0.13353078159106935,,,,,open,,58874.86814818156,,1,2485.7370479999995,0.5,538173,1.0,2024-11-06 00:50:00,,V0_constant_50
0,,,58874.86814818156,2485.7370479999995,0.5,538173,close,3423.8650900000002,,22187.198378093963,,,,551988,,2024-12-24 00:05:00,sell,V0_constant_50
,,0.10084192258194646,,,,,open,,69968.46733722853,,1,3488.8776359999997,0.5,552276,1.0,2024-12-25 00:05:00,,V0_constant_50
0,,,69968.46733722853,3488.8776359999997,0.5,552276,close,3399.0700500000003,,-1828.3303081356862,,,,553428,,2024-12-29 00:05:00,sell,V0_constant_50
,,0.11258977148668958,,,,,open,,69054.30218316069,,1,3455.500962,0.5,554868,1.0,2025-01-03 00:05:00,,V0_constant_50
0,,,69054.30218316069,3455.500962,0.5,554868,close,3221.045662,,-4711.070620664752,,,,556884,,2025-01-10 00:05:00,sell,V0_constant_50
,,0.14286053032324708,,,,,open,,66698.76687282832,,1,3447.199302,0.5,558612,1.0,2025-01-16 00:05:00,,V0_constant_50
0,,,66698.76687282832,3447.199302,0.5,558612,close,3269.8059080000003,,-3457.632608993743,,,,560052,,2025-01-21 00:05:00,sell,V0_constant_50
,,0.16507738319595944,,,,,open,,64969.95056833145,,-1,3085.752726,0.5,562356,1.0,2025-01-29 00:05:00,,V0_constant_50
0,,,64969.95056833145,3085.752726,0.5,562356,close,3258.45156,,-3636.1391324688448,,,,562932,,2025-01-31 00:05:00,buy_cover,V0_constant_50
,,0.18852471345495747,,,,,open,,63145.38400704019,,-1,3119.955884,0.5,563508,1.0,2025-02-02 00:05:00,,V0_constant_50
0,,,63145.38400704019,3119.955884,0.5,563508,close,2670.594012,,9094.723055702605,,,,566964,,2025-02-14 00:05:00,buy_cover,V0_constant_50
,,0.13047707866169156,,,,,open,,67686.43099649079,,1,2670.594012,0.5,566964,1.0,2025-02-14 00:05:00,,V0_constant_50
0,,,67686.43099649079,2670.594012,0.5,566964,close,2634.862922,,-932.3171547940146,,,,568315,,2025-02-18 16:40:00,sell,V0_constant_50
,,0.13624597630930158,,,,,open,,67220.27241909379,,-1,2634.862922,0.5,568315,1.0,2025-02-18 16:40:00,,V0_constant_50
0,,,67220.27241909379,2634.862922,0.5,568315,close,2760.552,,-3206.5602237285784,,,,568861,,2025-02-20 14:10:00,buy_cover,V0_constant_50
,,0.15684869586326888,,,,,open,,65610.2702799876,,-1,2737.1024700000003,0.5,569885,1.0,2025-02-24 03:30:00,,V0_constant_50
0,,,65610.2702799876,2737.1024700000003,0.5,569885,close,2263.9927079999998,,11340.775743250706,,,,571759,,2025-03-02 15:40:00,buy_cover,V0_constant_50
,,0.08695875658142171,,,,,open,,71274.09712458495,,1,2263.9927079999998,0.5,571759,1.0,2025-03-02 15:40:00,,V0_constant_50
0,,,71274.09712458495,2263.9927079999998,0.5,571759,close,2162.987316,,-3207.0456386522565,,,,573015,,2025-03-07 00:20:00,sell,V0_constant_50
,,0.10383378564304224,,,,,open,,69670.57430525882,,-1,2162.987316,0.5,573015,1.0,2025-03-07 00:20:00,,V0_constant_50
0,,,69670.57430525882,2162.987316,0.5,573015,close,1933.006524,,7407.763848748014,,,,575212,,2025-03-14 15:25:00,buy_cover,V0_constant_50
,,0.05788142477336622,,,,,open,,73367.4891722023,,1,1933.006524,0.5,575212,1.0,2025-03-14 15:25:00,,V0_constant_50
0,,,73367.4891722023,1933.006524,0.5,575212,close,1898.630198,,-1333.579692498417,,,,575736,,2025-03-16 11:05:00,sell,V0_constant_50
,,0.06554751335105413,,,,,open,,72700.69932595309,,-1,1898.630198,0.5,575736,1.0,2025-03-16 11:05:00,,V0_constant_50
0,,,72700.69932595309,1898.630198,0.5,575736,close,1980.706062,,-3142.7746998434595,,,,576594,,2025-03-19 10:35:00,buy_cover,V0_constant_50
,,0.08601744620025753,,,,,open,,71122.04190609876,,-1,2034.403038,0.5,578650,1.0,2025-03-26 13:55:00,,V0_constant_50
0,,,71122.04190609876,2034.403038,0.5,578650,close,1860.251976,,6088.264808102562,,,,580291,,2025-04-01 06:40:00,buy_cover,V0_constant_50
,,0.04592960031152271,,,,,open,,74159.06210595944,,1,1860.251976,0.5,580291,1.0,2025-04-01 06:40:00,,V0_constant_50
0,,,74159.06210595944,1860.251976,0.5,580291,close,1845.6308000000001,,-612.3016336389846,,,,580765,,2025-04-02 22:10:00,sell,V0_constant_50
,,0.04963811267000895,,,,,open,,73852.91128913994,,-1,1845.6308000000001,0.5,580765,1.0,2025-04-02 22:10:00,,V0_constant_50
0,,,73852.91128913994,1845.6308000000001,0.5,580765,close,1596.499236,,9969.001390560537,,,,582726,,2025-04-09 17:35:00,buy_cover,V0_constant_50
,,0.04832384318749927,,,,,open,,78830.0266932913,,1,1596.499236,0.5,582726,1.0,2025-04-09 17:35:00,,V0_constant_50
0,,,78830.0266932913,1596.499236,0.5,582726,close,1575.8847600000001,,-1048.9986475290789,,,,583835,,2025-04-13 14:00:00,sell,V0_constant_50
,,0.056320935531426364,,,,,open,,78305.52736952675,,-1,1575.8847600000001,0.5,583835,1.0,2025-04-13 14:00:00,,V0_constant_50
0,,,78305.52736952675,1575.8847600000001,0.5,583835,close,1598.859708,,-1141.6192713516211,,,,585438,,2025-04-19 03:35:00,buy_cover,V0_constant_50
,,0.06194603176975011,,,,,open,,77726.887181114,,1,1797.7894860000001,0.5,587270,1.0,2025-04-25 12:15:00,,V0_constant_50
0,,,77726.887181114,1797.7894860000001,0.5,587270,close,1779.8539580000001,,-806.2146553271887,,,,587989,,2025-04-28 00:10:00,sell,V0_constant_50
,,0.06686000336430808,,,,,open,,77323.7798534504,,-1,1779.8539580000001,0.5,587989,1.0,2025-04-28 00:10:00,,V0_constant_50
0,,,77323.7798534504,1779.8539580000001,0.5,587989,close,1831.326192,,-2236.150897824802,,,,588975,,2025-05-01 10:20:00,buy_cover,V0_constant_50
,,0.08039788260074687,,,,,open,,76197.97202655266,,1,1839.897906,0.5,590584,1.0,2025-05-07 00:25:00,,V0_constant_50
0,,,76197.97202655266,1839.897906,0.5,590584,close,2404.3390360000003,,23336.074419752695,,,,599220,,2025-06-06 00:05:00,sell,V0_constant_50
,,0.07939456459135674,,,,,open,,87866.009236429,,-1,2404.3390360000003,0.5,599220,1.0,2025-06-06 00:05:00,,V0_constant_50
0,,,87866.009236429,2404.3390360000003,0.5,599220,close,2474.4847979999995,,-2563.4568929671223,,,,599508,,2025-06-07 00:05:00,buy_cover,V0_constant_50
,,0.0936081175761766,,,,,open,,86575.49418902179,,1,2537.7074399999997,0.5,599778,1.0,2025-06-07 22:35:00,,V0_constant_50
0,,,86575.49418902179,2537.7074399999997,0.5,599778,close,2310.547798,,-7781.222011731283,,,,603796,,2025-06-21 21:25:00,sell,V0_constant_50
,,0.13417715922053997,,,,,open,,82684.88318315614,,-1,2310.547798,0.5,603796,1.0,2025-06-21 21:25:00,,V0_constant_50
0,,,82684.88318315614,2310.547798,0.5,603796,close,2309.571822,,34.929422488683485,,,,604284,,2025-06-23 14:05:00,buy_cover,V0_constant_50
,,0.13413334127333043,,,,,open,,82694.07940608216,,1,2309.571822,0.5,604284,1.0,2025-06-23 14:05:00,,V0_constant_50
0,,,82694.07940608216,2309.571822,0.5,604284,close,2393.481208,,2970.0945389522094,,,,605281,,2025-06-27 01:10:00,sell,V0_constant_50
,,0.11878139974770408,,,,,open,,84179.12667555828,,-1,2393.481208,0.5,605281,1.0,2025-06-27 01:10:00,,V0_constant_50
0,,,84179.12667555828,2393.481208,0.5,605281,close,2454.9909,,-2163.302503055602,,,,605958,,2025-06-29 09:35:00,buy_cover,V0_constant_50
,,0.13001634763503234,,,,,open,,83089.05751136292,,1,2454.9909,0.5,605958,1.0,2025-06-29 09:35:00,,V0_constant_50
0,,,83089.05751136292,2454.9909,0.5,605958,close,2402.759352,,-1800.2996727820137,,,,606708,,2025-07-02 00:05:00,sell,V0_constant_50
,,0.13953296553839356,,,,,open,,82188.90767497191,,1,2535.617022,0.5,608021,1.0,2025-07-06 13:30:00,,V0_constant_50
0,,,82188.90767497191,2535.617022,0.5,608021,close,4157.91825,,52530.995201217826,,,,631188,,2025-09-25 00:05:00,sell,V0_constant_50
,,0.10617205391824258,,,,,open,,108454.40527558082,,1,4209.771786,0.5,632628,1.0,2025-09-30 00:05:00,,V0_constant_50
0,,,108454.40527558082,4209.771786,0.5,632628,close,4134.812872,,-1973.73691287548,,,,636372,,2025-10-13 00:05:00,sell,V0_constant_50
,,0.11430533908290919,,,,,open,,107467.53681914308,,1,4153.360506,0.5,640404,1.0,2025-10-27 00:05:00,,V0_constant_50
0,,,107467.53681914308,4153.360506,0.5,640404,close,3899.2200000000003,,-6616.19746517959,,,,641268,,2025-10-30 00:05:00,sell,V0_constant_50
,,0.14156906422227122,,,,,open,,104159.43808655327,,-1,3602.5093540000003,0.5,642708,1.0,2025-11-04 00:05:00,,V0_constant_50
0,,,104159.43808655327,3602.5093540000003,0.5,642708,close,2955.54099,,18705.81501560654,,,,649044,,2025-11-26 00:05:00,buy_cover,V0_constant_50
,,0.0650110241677121,,,,,open,,113501.92965054789,,1,2955.54099,0.5,649044,1.0,2025-11-26 00:05:00,,V0_constant_50
0,,,113501.92965054789,2955.54099,0.5,649044,close,2988.7621280000003,,1229.8881125922635,,,,650032,,2025-11-29 10:25:00,sell,V0_constant_50
,,0.05931560055028717,,,,,open,,114116.87370684402,,-1,2988.7621280000003,0.5,650032,1.0,2025-11-29 10:25:00,,V0_constant_50
0,,,114116.87370684402,2988.7621280000003,0.5,650032,close,2859.97188,,4917.4718131101545,,,,650941,,2025-12-02 14:10:00,buy_cover,V0_constant_50
,,0.04002790581726634,,,,,open,,116564.19792602843,,1,2859.97188,0.5,650941,1.0,2025-12-02 14:10:00,,V0_constant_50
0,,,116564.19792602843,2859.97188,0.5,650941,close,3064.856906,,8300.561325115079,,,,651829,,2025-12-05 16:10:00,sell,V0_constant_50
,,0.02802300233419852,,,,,open,,120714.47858858597,,-1,3064.856906,0.5,651829,1.0,2025-12-05 16:10:00,,V0_constant_50
0,,,120714.47858858597,3064.856906,0.5,651829,close,3079.935864,,-593.9049478465749,,,,652419,,2025-12-07 17:20:00,buy_cover,V0_constant_50
,,0.030764036662346617,,,,,open,,120405.45466680382,,1,3079.935864,0.5,652419,1.0,2025-12-07 17:20:00,,V0_constant_50
0,,,120405.45466680382,3079.935864,0.5,652419,close,3282.453378,,7865.7933519917715,,,,653371,,2025-12-11 00:40:00,sell,V0_constant_50
,,0.023164281055002234,,,,,open,,124338.35134279971,,-1,3282.453378,0.5,653371,1.0,2025-12-11 00:40:00,,V0_constant_50
0,,,124338.35134279971,3282.453378,0.5,653371,close,3127.77543,,5859.159105931685,,,,654541,,2025-12-15 02:10:00,buy_cover,V0_constant_50
,,0.01205117505797837,,,,,open,,127255.49706063129,,1,3127.77543,0.5,654541,1.0,2025-12-15 02:10:00,,V0_constant_50
0,,,127255.49706063129,3127.77543,0.5,654541,close,2862.9073040000003,,-10822.912159529238,,,,655288,,2025-12-17 16:25:00,sell,V0_constant_50
,,0.05377360986680546,,,,,open,,121844.04098086667,,1,2966.84325,0.5,657584,1.0,2025-12-25 15:45:00,,V0_constant_50
0,,,121844.04098086667,2966.84325,0.5,657584,close,3175.724728,,8526.302018059243,,,,661320,,2026-01-07 15:05:00,sell,V0_constant_50
,,0.022177215585653887,,,,,open,,126107.1919898963,,-1,3175.724728,0.5,661320,1.0,2026-01-07 15:05:00,,V0_constant_50
0,,,126107.1919898963,3175.724728,0.5,661320,close,3107.1213,,2724.2289808358764,,,,662399,,2026-01-11 09:00:00,buy_cover,V0_constant_50
,,0.010089871377434445,,,,,open,,127456.69576111525,,1,3107.1213,0.5,662399,1.0,2026-01-11 09:00:00,,V0_constant_50
0,,,127456.69576111525,3107.1213,0.5,662399,close,3287.4323820000004,,7342.574418791846,,,,663918,,2026-01-16 15:35:00,sell,V0_constant_50
,,0.01961262875034564,,,,,open,,131127.98297051116,,-1,3287.4323820000004,0.5,663918,1.0,2026-01-16 15:35:00,,V0_constant_50
0,,,131127.98297051116,3287.4323820000004,0.5,663918,close,3341.928252,,-2173.7073661613395,,,,664479,,2026-01-18 14:20:00,buy_cover,V0_constant_50
,,0.024575113598085285,,,,,open,,130028.01648913344,,1,3341.928252,0.5,664479,1.0,2026-01-18 14:20:00,,V0_constant_50
0,,,130028.01648913344,3341.928252,0.5,664479,close,3166.056662,,-6892.095289838748,,,,664944,,2026-01-20 05:05:00,sell,V0_constant_50
,,0.050765187523986954,,,,,open,,126581.96884421408,,1,2966.133108,0.5,667093,1.0,2026-01-27 16:10:00,,V0_constant_50
0,,,126581.96884421408,2966.133108,0.5,667093,close,2940.531776,,-1142.7469092274987,,,,667528,,2026-01-29 04:25:00,sell,V0_constant_50
,,0.05500729426405526,,,,,open,,126010.59538960032,,-1,2940.531776,0.5,667528,1.0,2026-01-29 04:25:00,,V0_constant_50
0,,,126010.59538960032,2940.531776,0.5,667528,close,2093.158548,,36312.484836720134,,,,670116,,2026-02-07 04:05:00,buy_cover,V0_constant_50
,,0.048582164248067494,,,,,open,,144154.23674842142,,1,2093.158548,0.5,670116,1.0,2026-02-07 04:05:00,,V0_constant_50
0,,,144154.23674842142,2093.158548,0.5,670116,close,2055.38884,,-2657.786619330116,,,,670665,,2026-02-09 01:50:00,sell,V0_constant_50
,,0.05670615281561586,,,,,open,,142825.34343875636,,-1,2055.38884,0.5,670665,1.0,2026-02-09 01:50:00,,V0_constant_50
0,,,142825.34343875636,2055.38884,0.5,670665,close,2012.20236,,3000.9578789241205,,,,671977,,2026-02-13 15:10:00,buy_cover,V0_constant_50
,,0.048110786955973484,,,,,open,,144311.53984387452,,1,2012.20236,0.5,671977,1.0,2026-02-13 15:10:00,,V0_constant_50
0,,,144311.53984387452,2012.20236,0.5,671977,close,2026.074704,,936.7828368779155,,,,672526,,2026-02-15 12:55:00,sell,V0_constant_50
,,0.04408636254189602,,,,,open,,144779.93126231348,,-1,2026.074704,0.5,672526,1.0,2026-02-15 12:55:00,,V0_constant_50
0,,,144779.93126231348,2026.074704,0.5,672526,close,2022.214362,,275.8594040722528,,,,673329,,2026-02-18 07:50:00,buy_cover,V0_constant_50
,,0.043313625041612513,,,,,open,,144903.3829712234,,1,2022.214362,0.5,673329,1.0,2026-02-18 07:50:00,,V0_constant_50
0,,,144903.3829712234,2022.214362,0.5,673329,close,1951.90954,,-5093.688752912625,,,,674551,,2026-02-22 13:40:00,sell,V0_constant_50
,,0.05955019352615265,,,,,open,,142356.53859476707,,-1,1951.90954,0.5,674551,1.0,2026-02-22 13:40:00,,V0_constant_50
0,,,142356.53859476707,1951.90954,0.5,674551,close,1904.340792,,3469.2863657919806,,,,675266,,2026-02-25 01:15:00,buy_cover,V0_constant_50
,,0.048832991976020534,,,,,open,,144076.9461238036,,1,1904.340792,0.5,675266,1.0,2026-02-25 01:15:00,,V0_constant_50
0,,,144076.9461238036,1904.340792,0.5,675266,close,1969.376046,,4860.787260698737,,,,675963,,2026-02-27 11:20:00,sell,V0_constant_50
,,0.037520460480068074,,,,,open,,146507.33975415296,,-1,1969.376046,0.5,675963,1.0,2026-02-27 11:20:00,,V0_constant_50
0,,,146507.33975415296,1969.376046,0.5,675963,close,1989.307782,,-1482.77113761261,,,,676425,,2026-03-01 01:50:00,buy_cover,V0_constant_50
,,0.04189947631527857,,,,,open,,145751.30345137126,,1,1989.307782,0.5,676425,1.0,2026-03-01 01:50:00,,V0_constant_50
0,,,145751.30345137126,1989.307782,0.5,676425,close,2051.559606,,4500.907067909779,,,,677958,,2026-03-06 09:35:00,sell,V0_constant_50
,,0.03531171150425216,,,,,open,,148001.75698532615,,-1,2051.559606,0.5,677958,1.0,2026-03-06 09:35:00,,V0_constant_50
0,,,148001.75698532615,2051.559606,0.5,677958,close,1982.0363280000001,,5015.491141022969,,,,678745,,2026-03-09 03:10:00,buy_cover,V0_constant_50
,,0.01880132670336354,,,,,open,,150494.7023801391,,1,1982.0363280000001,0.5,678745,1.0,2026-03-09 03:10:00,,V0_constant_50
0,,,150494.7023801391,1982.0363280000001,0.5,678745,close,2066.33665,,6338.115524785244,,,,680265,,2026-03-14 09:50:00,sell,V0_constant_50
,,0.03305895448710272,,,,,open,,153663.7601425317,,-1,2066.33665,0.5,680265,1.0,2026-03-14 09:50:00,,V0_constant_50
0,,,153663.7601425317,2066.33665,0.5,680265,close,2147.389392,,-6027.505685748416,,,,680700,,2026-03-15 22:05:00,buy_cover,V0_constant_50
,,0.05114884661523056,,,,,open,,150634.64092364325,,1,2147.389392,0.5,680700,1.0,2026-03-15 22:05:00,,V0_constant_50
0,,,150634.64092364325,2147.389392,0.5,680700,close,2292.011506,,10080.617689007224,,,,681437,,2026-03-18 11:30:00,sell,V0_constant_50
,,0.019389463698034293,,,,,open,,155674.94976814685,,-1,2292.011506,0.5,681437,1.0,2026-03-18 11:30:00,,V0_constant_50
0,,,155674.94976814685,2292.011506,0.5,681437,close,2157.371388,,9144.852451877116,,,,682873,,2026-03-23 11:10:00,buy_cover,V0_constant_50
,,0.026552751682844433,,,,,open,,160231.8084991086,,-1,2140.17188,0.5,683665,1.0,2026-03-26 05:10:00,,V0_constant_50
0,,,160231.8084991086,2140.17188,0.5,683665,close,2039.05773,,7570.2873865563015,,,,684789,,2026-03-30 02:50:00,buy_cover,V0_constant_50
,,0.0221984486589496,,,,,open,,164000.92901153682,,1,2039.05773,0.5,684789,1.0,2026-03-30 02:50:00,,V0_constant_50
0,,,164000.92901153682,2039.05773,0.5,684789,close,2081.13369,,3317.2121310875227,,,,685646,,2026-04-02 02:15:00,sell,V0_constant_50
,,0.020706555316130637,,,,,open,,165659.5350770806,,-1,2081.13369,0.5,685646,1.0,2026-04-02 02:15:00,,V0_constant_50
0,,,165659.5350770806,2081.13369,0.5,685646,close,2086.727262,,-445.2451632213197,,,,686759,,2026-04-05 23:00:00,buy_cover,V0_constant_50
,,0.021155262727663326,,,,,open,,165420.34654196224,,1,2086.727262,0.5,686759,1.0,2026-04-05 23:00:00,,V0_constant_50
0,,,165420.34654196224,2086.727262,0.5,686759,close,2089.562004,,158.466038151033,,,,687192,,2026-04-07 11:05:00,sell,V0_constant_50
,,0.021656538260491853,,,,,open,,165499.57956103777,,-1,2089.562004,0.5,687192,1.0,2026-04-07 11:05:00,,V0_constant_50
0,,,165499.57956103777,2089.562004,0.5,687192,close,2265.623034,,-13944.554594656074,,,,688412,,2026-04-11 16:45:00,buy_cover,V0_constant_50
,,0.06168602415476243,,,,,open,,158510.75230575365,,1,2265.623034,0.5,688412,1.0,2026-04-11 16:45:00,,V0_constant_50
0,,,158510.75230575365,2265.623034,0.5,688412,close,2298.450218,,2232.38574992583,,,,689818,,2026-04-16 13:55:00,sell,V0_constant_50
,,0.055419265141044116,,,,,open,,159626.94518071658,,-1,2298.450218,0.5,689818,1.0,2026-04-16 13:55:00,,V0_constant_50
0,,,159626.94518071658,2298.450218,0.5,689818,close,2345.71905,,-3282.8051779113594,,,,691407,,2026-04-22 02:20:00,buy_cover,V0_constant_50
,,0.06593646129175146,,,,,open,,157969.57989724283,,1,2345.71905,0.5,691407,1.0,2026-04-22 02:20:00,,V0_constant_50
0,,,157969.57989724283,2345.71905,0.5,691407,close,2294.710966,,-3496.8846384122735,,,,691879,,2026-04-23 17:40:00,sell,V0_constant_50
,,0.07587851605721796,,,,,open,,156221.1375780367,,-1,2263.2472599999996,0.5,693265,1.0,2026-04-28 13:10:00,,V0_constant_50
0,,,156221.1375780367,2263.2472599999996,0.5,693265,close,2287.00731,,-1640.036338210688,,,,694011,,2026-05-01 03:20:00,buy_cover,V0_constant_50
,,0.08040083682743138,,,,,open,,155385.49729517355,,1,2287.00731,0.5,694011,1.0,2026-05-01 03:20:00,,V0_constant_50
0,,,155385.49729517355,2287.00731,0.5,694011,close,2335.7927480000003,,3251.1416569259018,,,,695708,,2026-05-07 00:45:00,sell,V0_constant_50
,,0.07100591209041485,,,,,open,,157011.0681236365,,-1,2335.7927480000003,0.5,695708,1.0,2026-05-07 00:45:00,,V0_constant_50
0,,,157011.0681236365,2335.7927480000003,0.5,695708,close,2321.8942859999997,,934.2553821559995,,,,696325,,2026-05-09 04:10:00,buy_cover,V0_constant_50
,,0.06883915448038358,,,,,open,,157462.49470790214,,1,2321.8942859999997,0.5,696325,1.0,2026-05-09 04:10:00,,V0_constant_50
0,,,157462.49470790214,2321.8942859999997,0.5,696325,close,2308.8981280000003,,-943.9787481384119,,,,697026,,2026-05-11 14:35:00,sell,V0_constant_50
,,0.07123636745395556,,,,,open,,156990.50533383293,,-1,2308.8981280000003,0.5,697026,1.0,2026-05-11 14:35:00,,V0_constant_50
0,,,156990.50533383293,2308.8981280000003,0.5,697026,close,2320.053918,,-758.5170255898847,,,,697536,,2026-05-13 09:05:00,buy_cover,V0_constant_50
,,0.07366370372112219,,,,,open,,156595.5477705046,,1,2144.9289,0.5,699627,1.0,2026-05-20 15:20:00,,V0_constant_50
0,,,156595.5477705046,2144.9289,0.5,699627,close,2095.43083,,-3674.908905037766,,,,700245,,2026-05-22 18:50:00,sell,V0_constant_50
,,0.08438236203674643,,,,,open,,154758.0933179857,,-1,2095.43083,0.5,700245,1.0,2026-05-22 18:50:00,,V0_constant_50
0,,,154758.0933179857,2095.43083,0.5,700245,close,2041.50822,,3982.4616629918164,,,,702222,,2026-05-29 15:35:00,buy_cover,V0_constant_50
,,0.07231108945186115,,,,,open,,156733.8483401498,,1,2041.50822,0.5,702222,1.0,2026-05-29 15:35:00,,V0_constant_50
0,,,156733.8483401498,2041.50822,0.5,702222,close,2006.018716,,-2786.252986256499,,,,702783,,2026-05-31 14:20:00,sell,V0_constant_50
,,0.08071142407459242,,,,,open,,155340.72184702154,,-1,2006.018716,0.5,702783,1.0,2026-05-31 14:20:00,,V0_constant_50
0,,,155340.72184702154,2006.018716,0.5,702783,close,1609.741884,,30686.622535215443,,,,704704,,2026-06-07 06:25:00,buy_cover,V0_constant_50
,,0.0214377617418664,,,,,open,,170668.49904244457,,1,1609.741884,0.5,704704,1.0,2026-06-07 06:25:00,,V0_constant_50
0,,,170668.49904244457,1609.741884,0.5,704704,close,1648.6702,,4057.357365519536,,,,705375,,2026-06-09 14:20:00,sell,V0_constant_50
,,0.01962959323625535,,,,,open,,172697.17772520432,,-1,1648.6702,0.5,705375,1.0,2026-06-09 14:20:00,,V0_constant_50
0,,,172697.17772520432,1648.6702,0.5,705375,close,1667.1233579999998,,-1932.9498346105102,,,,705922,,2026-06-11 11:55:00,buy_cover,V0_constant_50
,,0.02570434104297259,,,,,open,,171713.43309012655,,1,1667.1233579999998,0.5,705922,1.0,2026-06-11 11:55:00,,V0_constant_50
0,,,171713.43309012655,1667.1233579999998,0.5,705922,close_final,1676.504632,,897.204713061743,,,,706102,,2026-06-12 02:55:00,sell_final,V0_constant_50
,,0.0,,,,,open,,5000.0,,1,173.114616,0.5,1982,1.0,2019-09-30 10:00:00,,V1_50_reclaim_add2
,1,0.0,,,,,add,,2525.34485591904,,1,176.69533199999998,0.25,2041,1.0,2019-09-30 14:55:00,,V1_50_reclaim_add2
,2,0.0,,,,,add,,2474.65514408096,,1,177.25544399999998,0.24442142941802214,2042,1.0,2019-09-30 15:00:00,,V1_50_reclaim_add2
2,,,10000.0,175.0221086413258,0.9944214294180221,1982,close,172.275538,,-160.86390384394508,,,,2899,,2019-10-03 14:25:00,sell,V1_50_reclaim_add2
,,0.06914979757085016,,,,,open,,4919.5680480780275,,-1,172.275538,0.5,2899,1.0,2019-10-03 14:25:00,,V1_50_reclaim_add2
,1,0.06415022552107141,,,,,add,,2467.7145184801175,,-1,171.095774,0.25,2903,1.0,2019-10-03 14:45:00,,V1_50_reclaim_add2
,2,0.07016164662743574,,,,,add,,2461.2369812336788,,-1,171.675658,0.25,3069,1.0,2019-10-04 04:35:00,,V1_50_reclaim_add2
2,,,9848.519547791824,171.82861267250178,1.0,2899,close,176.065206,,-242.8239522725471,,,,4027,,2019-10-07 12:25:00,buy_cover,V1_50_reclaim_add2
,,0.0936481952772511,,,,,open,,4797.171219986974,,1,176.065206,0.5,4027,1.0,2019-10-07 12:25:00,,V1_50_reclaim_add2
,1,0.09091161271077752,,,,,add,,2405.937808152479,,1,177.215436,0.25,4029,1.0,2019-10-07 12:35:00,,V1_50_reclaim_add2
,2,0.09047504258132022,,,,,add,,2391.233411834495,,1,177.265446,0.24844422860163307,4030,1.0,2019-10-07 12:40:00,,V1_50_reclaim_add2
2,,,9594.342439973949,176.65082903011657,0.9984442286016331,4027,close,185.71285,,488.14651511729426,,,,5104,,2019-10-11 06:10:00,sell,V1_50_reclaim_add2
,,0.05240330645984281,,,,,open,,5041.2444775456215,,-1,185.71285,0.5,5104,1.0,2019-10-11 06:10:00,,V1_50_reclaim_add2
,1,0.05207920045966907,,,,,add,,2523.3070576688606,,-1,185.242944,0.25,5128,1.0,2019-10-11 08:10:00,,V1_50_reclaim_add2
,2,0.04821700339211066,,,,,add,,2532.225463396674,,-1,184.343124,0.25,5129,1.0,2019-10-11 08:15:00,,V1_50_reclaim_add2
2,,,10096.776998611156,185.2501988564129,1.0,5104,close,185.347062,,-5.278972491807508,,,,6094,,2019-10-14 16:40:00,buy_cover,V1_50_reclaim_add2
,,0.052664610925672206,,,,,open,,5037.595313599856,,1,185.347062,0.5,6094,1.0,2019-10-14 16:40:00,,V1_50_reclaim_add2
,1,0.048959337189653396,,,,,add,,2531.269497293063,,1,187.257444,0.25,6099,1.0,2019-10-14 17:05:00,,V1_50_reclaim_add2
,2,0.04706561694221756,,,,,add,,2506.325816306793,,1,187.527498,0.24729285124396427,6183,1.0,2019-10-15 00:05:00,,V1_50_reclaim_add2
2,,,10075.190627199712,186.36377565783692,0.9972928512439643,6094,close,176.86462,,-517.3672315700787,,,,6611,,2019-10-16 11:45:00,sell,V1_50_reclaim_add2
,,0.1006059789378917,,,,,open,,4778.911697814817,,-1,176.86462,0.5,6611,1.0,2019-10-16 11:45:00,,V1_50_reclaim_add2
,1,0.09797220269598172,,,,,add,,2399.9864739437294,,-1,175.234946,0.25,6620,1.0,2019-10-16 12:30:00,,V1_50_reclaim_add2
,2,0.09170006712592982,,,,,add,,2419.1844715938246,,-1,173.325328,0.25,6621,1.0,2019-10-16 12:35:00,,V1_50_reclaim_add2
2,,,9598.08264335237,175.55284450464433,1.0,6611,close,175.555104,,-0.1231505164232658,,,,7835,,2019-10-20 17:45:00,buy_cover,V1_50_reclaim_add2
,,0.1016857762887241,,,,,open,,4777.89031429227,,1,175.555104,0.5,7835,1.0,2019-10-20 17:45:00,,V1_50_reclaim_add2
,1,0.10092148136290269,,,,,add,,2392.004823157972,,1,176.07520799999998,0.25,7863,1.0,2019-10-20 20:05:00,,V1_50_reclaim_add2
,2,0.0966798713698852,,,,,add,,2385.885491134298,,1,176.97538799999998,0.24843201516168167,8040,1.0,2019-10-21 10:50:00,,V1_50_reclaim_add2
2,,,9555.78062858454,176.03800697755227,0.9984320151616817,7835,close,171.305732,,-260.59883809774874,,,,8379,,2019-10-22 15:05:00,sell,V1_50_reclaim_add2
,,0.1264647218352456,,,,,open,,4647.590895243396,,-1,171.305732,0.5,8379,1.0,2019-10-22 15:05:00,,V1_50_reclaim_add2
,1,0.12614766782775533,,,,,add,,2325.093811026575,,-1,171.04578400000003,0.25,8475,1.0,2019-10-22 23:05:00,,V1_50_reclaim_add2
,2,0.1228300371224813,,,,,add,,2333.7169540130412,,-1,170.175958,0.25,8527,1.0,2019-10-23 03:25:00,,V1_50_reclaim_add2
2,,,9306.401660283012,170.9562146970087,1.0,8379,close,164.08281,,374.1702287818607,,,,9191,,2019-10-25 10:45:00,buy_cover,V1_50_reclaim_add2
,,0.09187399521350104,,,,,open,,4833.745369468297,,1,164.08281,0.5,9191,1.0,2019-10-25 10:45:00,,V1_50_reclaim_add2
,1,0.08876704227218091,,,,,add,,2424.930861011897,,1,165.243042,0.25,9196,1.0,2019-10-25 11:10:00,,V1_50_reclaim_add2
,2,0.08656359678844483,,,,,add,,2408.8145084564003,,1,165.78315,0.2477546269471318,9197,1.0,2019-10-25 11:15:00,,V1_50_reclaim_add2
2,,,9667.490738936594,164.7941849242945,0.9977546269471318,9191,close,182.553482,,1037.5486067222591,,,,10628,,2019-10-30 10:30:00,sell,V1_50_reclaim_add2
,,0.06608357628765793,,,,,open,,5352.519672829427,,-1,182.553482,0.5,10628,1.0,2019-10-30 10:30:00,,V1_50_reclaim_add2
,1,0.0618633627602716,,,,,add,,2688.403070446109,,-1,180.82382800000002,0.25,10668,1.0,2019-10-30 13:50:00,,V1_50_reclaim_add2
,2,0.06543569665299664,,,,,add,,2676.537250100299,,-1,181.873618,0.25,10815,1.0,2019-10-31 02:05:00,,V1_50_reclaim_add2
2,,,10717.459993375835,181.94705959136897,1.0,10628,close,184.24684200000002,,-135.46658586844933,,,,11330,,2019-11-01 21:00:00,buy_cover,V1_50_reclaim_add2
,,0.07826598303253884,,,,,open,,5283.714633895865,,1,184.24684200000002,0.5,11330,1.0,2019-11-01 21:00:00,,V1_50_reclaim_add2
,1,0.0770415764409711,,,,,add,,2644.411251717724,,1,184.67692799999998,0.25,11564,1.0,2019-11-02 16:30:00,,V1_50_reclaim_add2
,2,0.07784631191965774,,,,,add,,2639.3033821781405,,1,184.346862,0.24987720781628653,11684,1.0,2019-11-03 02:30:00,,V1_50_reclaim_add2
2,,,10567.42926779173,184.37927920031734,0.9998772078162865,11330,close,181.153762,,-189.01842045908415,,,,11781,,2019-11-03 10:35:00,sell,V1_50_reclaim_add2
,,0.09457891471563351,,,,,open,,5189.2054236663225,,-1,181.153762,0.5,11781,1.0,2019-11-03 10:35:00,,V1_50_reclaim_add2
,1,0.09464752590966796,,,,,add,,2594.0121923418506,,-1,181.16376,0.25,11802,1.0,2019-11-03 12:20:00,,V1_50_reclaim_add2
,2,0.09407627227375714,,,,,add,,2599.2295944421808,,-1,180.653862,0.25,11817,1.0,2019-11-03 13:35:00,,V1_50_reclaim_add2
2,,,10382.447210450353,181.03084777600512,1.0,11781,close,188.767746,,-443.7247020342056,,,,12405,,2019-11-05 14:35:00,buy_cover,V1_50_reclaim_add2
,,0.1324210063508331,,,,,open,,4966.304827928175,,1,188.767746,0.5,12405,1.0,2019-11-05 14:35:00,,V1_50_reclaim_add2
,1,0.12995358225506137,,,,,add,,2495.3474727536436,,1,190.698132,0.25,12550,1.0,2019-11-06 02:40:00,,V1_50_reclaim_add2
,2,0.12965065424751587,,,,,add,,2470.957355174531,,1,190.508094,0.24776697311230444,12551,1.0,2019-11-06 02:45:00,,V1_50_reclaim_add2
2,,,9932.60965585635,189.68119743515726,0.9977669731123044,12405,close,188.04238400000003,,-89.75438952275181,,,,12871,,2019-11-07 05:25:00,sell,V1_50_reclaim_add2
,,0.14239696834089532,,,,,open,,4921.427633166799,,-1,188.04238400000003,0.5,12871,1.0,2019-11-07 05:25:00,,V1_50_reclaim_add2
,1,0.14028747407215614,,,,,add,,2464.4737579884663,,-1,187.392514,0.25,12916,1.0,2019-11-07 09:10:00,,V1_50_reclaim_add2
,2,0.1394590874769157,,,,,add,,2467.765700277627,,-1,187.032586,0.25,12923,1.0,2019-11-07 09:45:00,,V1_50_reclaim_add2
2,,,9853.667091432892,187.6259468333622,1.0,12871,close,187.177428,,23.55553226055963,,,,13737,,2019-11-10 05:35:00,buy_cover,V1_50_reclaim_add2
,,0.13858404613574826,,,,,open,,4932.220032587935,,1,187.177428,0.5,13737,1.0,2019-11-10 05:35:00,,V1_50_reclaim_add2
,1,0.13306495149308617,,,,,add,,2490.6448674912094,,1,190.978188,0.25,13866,1.0,2019-11-10 16:20:00,,V1_50_reclaim_add2
,2,0.13441629345156736,,,,,add,,2441.5751650967254,,1,189.867966,0.24617946197437535,13985,1.0,2019-11-11 02:15:00,,V1_50_reclaim_add2
2,,,9864.44006517587,188.78822243202492,0.9961794619743753,13737,close,184.603072,,-222.5376911485073,,,,14236,,2019-11-11 23:10:00,sell,V1_50_reclaim_add2
,,0.16060924816945465,,,,,open,,4820.951187013681,,-1,184.603072,0.5,14236,1.0,2019-11-11 23:10:00,,V1_50_reclaim_add2
,1,0.15849464786812095,,,,,add,,2412.408673782413,,-1,184.233146,0.25,14239,1.0,2019-11-11 23:25:00,,V1_50_reclaim_add2
1,,,7233.359860796094,184.4795324295683,0.75,14236,close,184.51689599999997,,-1.464719473068726,,,,14247,,2019-11-12 00:05:00,buy_cover,V1_50_reclaim_add2
,,0.15942284270225404,,,,,open,,4819.495491291067,,-1,182.253542,0.5,15687,1.0,2019-11-17 00:05:00,,V1_50_reclaim_add2
,1,0.15940650980252757,,,,,add,,2409.596278808792,,-1,182.203552,0.25,15719,1.0,2019-11-17 02:45:00,,V1_50_reclaim_add2
,2,0.1594213843582799,,,,,add,,2409.751926393337,,-1,182.16356,0.25,15720,1.0,2019-11-17 02:50:00,,V1_50_reclaim_add2
2,,,9638.843696493195,182.2185413939238,1.0,15687,close,144.60891600000002,,1989.4427517478225,,,,30375,,2020-01-07 00:05:00,buy_cover,V1_50_reclaim_add2
,,0.11003724936974868,,,,,open,,5813.252982795328,,-1,143.62127,0.5,30663,1.0,2020-01-08 00:05:00,,V1_50_reclaim_add2
,1,0.1075202624800965,,,,,add,,2905.6404843741634,,-1,143.661262,0.25,30754,1.0,2020-01-08 07:40:00,,V1_50_reclaim_add2
,2,0.10401724250963496,,,,,add,,2921.129258974611,,-1,142.62147000000002,0.25,30817,1.0,2020-01-08 12:55:00,,V1_50_reclaim_add2
2,,,11640.022726144103,143.37899527785206,1.0,30663,close,143.75874599999997,,-30.82906316439403,,,,31527,,2020-01-11 00:05:00,buy_cover,V1_50_reclaim_add2
,,0.11257529091628238,,,,,open,,5796.6744489405155,,-1,201.029786,0.5,48807,1.0,2020-03-11 00:05:00,,V1_50_reclaim_add2
,1,0.11200247894386905,,,,,add,,2900.2080336164017,,-1,200.689854,0.25,48841,1.0,2020-03-11 02:55:00,,V1_50_reclaim_add2
,2,0.11172687996051867,,,,,add,,2901.108142419204,,-1,200.579876,0.25,48844,1.0,2020-03-11 03:10:00,,V1_50_reclaim_add2
2,,,11597.99062497612,200.83204049810178,1.0,48807,close,142.47849,,3369.900520011992,,,,55344,,2020-04-02 16:50:00,buy_cover,V1_50_reclaim_add2
,,0.16987949219060305,,,,,open,,7480.464909884014,,1,169.23384,0.5,57447,1.0,2020-04-10 00:05:00,,V1_50_reclaim_add2
,1,0.1690646455927991,,,,,add,,3743.9038685045366,,1,169.63392,0.25,57454,1.0,2020-04-10 00:40:00,,V1_50_reclaim_add2
,2,0.16811831660830634,,,,,add,,3736.561041379477,,1,169.77394800000002,0.24938014159921995,57457,1.0,2020-04-10 00:55:00,,V1_50_reclaim_add2
2,,,14960.929819768027,169.4685123283408,0.99938014159922,57447,close,163.63726599999998,,-520.5688903644041,,,,57493,,2020-04-10 03:55:00,sell,V1_50_reclaim_add2
,,0.1990797912794292,,,,,open,,7220.180464701812,,-1,163.63726599999998,0.5,57493,1.0,2020-04-10 03:55:00,,V1_50_reclaim_add2
,1,0.18994083960706742,,,,,add,,3641.461336367554,,-1,160.727848,0.25,57495,1.0,2020-04-10 04:05:00,,V1_50_reclaim_add2
,2,0.18473212577125098,,,,,add,,3664.7990476987716,,-1,159.308132,0.25,57531,1.0,2020-04-10 07:05:00,,V1_50_reclaim_add2
2,,,14526.440848768136,161.79388514585185,1.0,57493,close,160.362066,,128.55448331191837,,,,58193,,2020-04-12 14:15:00,buy_cover,V1_50_reclaim_add2
,,0.1912850585783944,,,,,open,,7283.005062272894,,1,160.362066,0.5,58193,1.0,2020-04-12 14:15:00,,V1_50_reclaim_add2
,1,0.19021515612810447,,,,,add,,3648.6070709931737,,1,161.05220400000002,0.25,58195,1.0,2020-04-12 14:25:00,,V1_50_reclaim_add2
,2,0.18897444331186908,,,,,add,,3634.3979912797204,,1,161.212236,0.24886560251148082,58198,1.0,2020-04-12 14:40:00,,V1_50_reclaim_add2
2,,,14566.010124545788,160.74612307671006,0.9988656025114808,58193,close,153.38931599999998,,-672.1962748255701,,,,59163,,2020-04-15 23:05:00,sell,V1_50_reclaim_add2
,,0.22928359968825907,,,,,open,,6946.906924860109,,-1,153.38931599999998,0.5,59163,1.0,2020-04-15 23:05:00,,V1_50_reclaim_add2
,1,0.2269321283296114,,,,,add,,3480.116823981668,,-1,152.73944600000002,0.25,59165,1.0,2020-04-15 23:15:00,,V1_50_reclaim_add2
,2,0.22100350405721847,,,,,add,,3512.778119734202,,-1,150.799834,0.25,59175,1.0,2020-04-16 00:05:00,,V1_50_reclaim_add2
2,,,13939.801868575978,152.56706996113095,1.0,59163,close,179.475888,,-2458.613723135859,,,,59905,,2020-04-18 12:55:00,buy_cover,V1_50_reclaim_add2
,,0.3656624349402732,,,,,open,,5716.206083105322,,1,175.075008,0.5,60992,1.0,2020-04-22 07:30:00,,V1_50_reclaim_add2
,1,0.3640866981088384,,,,,add,,2861.938409147654,,1,175.615116,0.25,61011,1.0,2020-04-22 09:05:00,,V1_50_reclaim_add2
,2,0.35838512077290663,,,,,add,,2854.267673957668,,1,179.20583399999998,0.24558559822527315,61062,1.0,2020-04-22 13:20:00,,V1_50_reclaim_add2
2,,,11432.412166210645,176.2248509115329,0.9955855982252731,60992,close,390.4219,,13885.690526704395,,,,95701,,2020-08-21 21:15:00,sell,V1_50_reclaim_add2
,,0.12043124987043419,,,,,open,,12659.05134645752,,1,370.494084,0.5,101495,1.0,2020-09-11 00:05:00,,V1_50_reclaim_add2
,1,0.11949155156795399,,,,,add,,6339.191602662615,,1,371.77434,0.25,101499,1.0,2020-09-11 00:25:00,,V1_50_reclaim_add2
,2,0.118606827259083,,,,,add,,6319.859743794905,,1,373.20462599999996,0.2485446729399573,101760,1.0,2020-09-11 22:10:00,,V1_50_reclaim_add2
2,,,25318.10269291504,371.48787807681504,0.9985446729399573,101495,close,317.596468,,-3681.531456773653,,,,105239,,2020-09-24 00:05:00,sell,V1_50_reclaim_add2
,,0.2483302500946193,,,,,open,,10818.285618070693,,1,365.333052,0.5,109847,1.0,2020-10-10 00:05:00,,V1_50_reclaim_add2
,1,0.24753429705621377,,,,,add,,5414.870621887418,,1,366.253236,0.25,109850,1.0,2020-10-10 00:20:00,,V1_50_reclaim_add2
,2,0.24619083214558957,,,,,add,,5403.414996183275,,1,367.17342,0.24902648736821875,109852,1.0,2020-10-10 00:30:00,,V1_50_reclaim_add2
2,,,21636.571236141386,366.02135852454813,0.9990264873682188,109847,close,934.813,,33600.80206439567,,,,136783,,2021-01-11 16:15:00,sell,V1_50_reclaim_add2
,,0.3055909019042595,,,,,open,,27618.686650268526,,1,1576.9353239999998,0.5,150989,1.0,2021-03-02 00:05:00,,V1_50_reclaim_add2
,1,0.30338974482937386,,,,,add,,13853.116561750834,,1,1587.56745,0.25,150991,1.0,2021-03-02 00:15:00,,V1_50_reclaim_add2
,2,0.3009198660815853,,,,,add,,13765.570088517692,,1,1592.76849,0.2478347214791189,150992,1.0,2021-03-02 00:20:00,,V1_50_reclaim_add2
2,,,55237.37330053705,1583.51780707917,0.9978347214791189,150989,close,3432.533356,,64450.761204960065,,,,172818,,2021-05-16 19:10:00,sell,V1_50_reclaim_add2
,,0.21296580896396722,,,,,open,,59844.06725274856,,1,2871.4441739999997,0.5,175757,1.0,2021-05-27 00:05:00,,V1_50_reclaim_add2
0,,,59844.06725274856,2871.4441739999997,0.5,175757,close,2256.79855,,-12828.705287830635,,,,176621,,2021-05-30 00:05:00,sell,V1_50_reclaim_add2
,,0.2973236254673546,,,,,open,,53429.71460883324,,1,2843.838654,0.5,178061,1.0,2021-06-04 00:05:00,,V1_50_reclaim_add2
0,,,53429.71460883324,2843.838654,0.5,178061,close,2703.819128,,-2650.9883879712943,,,,178925,,2021-06-07 00:05:00,sell,V1_50_reclaim_add2
,,0.3147557502973817,,,,,open,,52104.22041484759,,-1,1804.359056,0.5,184304,1.0,2021-06-26 00:05:00,,V1_50_reclaim_add2
,1,0.31075791402427744,,,,,add,,26206.484695142866,,-1,1782.2534779999999,0.25,184389,1.0,2021-06-26 07:10:00,,V1_50_reclaim_add2
,2,0.30943188361842333,,,,,add,,26260.725859935694,,-1,1777.0345220000002,0.25,184390,1.0,2021-06-26 07:15:00,,V1_50_reclaim_add2
2,,,104571.43096992615,1791.8701002332073,1.0,184304,close,1985.537028,,-11302.169426382607,,,,184880,,2021-06-28 00:05:00,buy_cover,V1_50_reclaim_add2
,,0.3892130393726968,,,,,open,,46442.678558559295,,-1,1942.36145,0.5,189488,1.0,2021-07-14 00:05:00,,V1_50_reclaim_add2
,1,0.38902866360995836,,,,,add,,23245.859889993575,,-1,1937.482426,0.25,189490,1.0,2021-07-14 00:15:00,,V1_50_reclaim_add2
,2,0.3874039873334446,,,,,add,,23282.93688260911,,-1,1933.093304,0.25,189491,1.0,2021-07-14 00:20:00,,V1_50_reclaim_add2
2,,,92971.47533116197,1938.8128012730715,1.0,189488,close,2023.494618,,-4060.7251533334347,,,,192080,,2021-07-23 00:05:00,buy_cover,V1_50_reclaim_add2
,,0.41603745179514395,,,,,open,,44403.018834359464,,1,2182.9765079999997,0.5,192656,1.0,2021-07-25 00:05:00,,V1_50_reclaim_add2
,1,0.4154427933636856,,,,,add,,22239.21743405878,,1,2191.268166,0.25,192658,1.0,2021-07-25 00:15:00,,V1_50_reclaim_add2
,2,0.4150419682545733,,,,,add,,22163.801400300683,,1,2190.0979319999997,0.2492770839967764,192939,1.0,2021-07-25 23:40:00,,V1_50_reclaim_add2
2,,,88806.03766871893,2186.823406182133,0.9992770839967764,192656,close,3060.8077160000003,,35442.44446581449,,,,209936,,2021-09-23 00:05:00,sell,V1_50_reclaim_add2
,,0.23867967766443843,,,,,open,,62124.24106726671,,1,3305.06088,0.5,212528,1.0,2021-10-02 00:05:00,,V1_50_reclaim_add2
,1,0.23799360547399762,,,,,add,,31094.059023282724,,1,3313.182504,0.25,212540,1.0,2021-10-02 01:05:00,,V1_50_reclaim_add2
,2,0.23714955265931303,,,,,add,,31030.182043983987,,1,3317.633394,0.2492600641226328,212541,1.0,2021-10-02 01:10:00,,V1_50_reclaim_add2
2,,,124248.4821345334,3310.2244437140803,0.9992600641226328,212528,close,4179.51393,,32565.828241171228,,,,231248,,2021-12-06 00:05:00,sell,V1_50_reclaim_add2
,,0.14080669905479393,,,,,open,,78407.15518785232,,1,4354.9308120000005,0.5,231536,1.0,2021-12-07 00:05:00,,V1_50_reclaim_add2
,1,0.13986797116855143,,,,,add,,39249.69531782223,,1,4366.92321,0.25,231550,1.0,2021-12-07 01:15:00,,V1_50_reclaim_add2
,2,0.13633920642653252,,,,,add,,39157.459870030085,,1,4391.648154,0.24838192683227978,231637,1.0,2021-12-07 08:30:00,,V1_50_reclaim_add2
2,,,156814.31037570463,4367.049707858939,0.9983819268322798,231536,close,4078.8540660000003,,-10407.260590528313,,,,232976,,2021-12-12 00:05:00,sell,V1_50_reclaim_add2
,,0.1978285904826208,,,,,open,,73203.52489258816,,-1,3406.5785480000004,0.5,240464,1.0,2022-01-07 00:05:00,,V1_50_reclaim_add2
,1,0.19615620178562254,,,,,add,,36672.753360991206,,-1,3392.001464,0.25,240466,1.0,2022-01-07 00:15:00,,V1_50_reclaim_add2
,2,0.19536755587386878,,,,,add,,36710.74527921549,,-1,3386.842496,0.25,240467,1.0,2022-01-07 00:20:00,,V1_50_reclaim_add2
2,,,146587.02353279485,3397.9664164332526,1.0,240464,close,2465.162934,,40240.803977362695,,,,246224,,2022-01-27 00:05:00,buy_cover,V1_50_reclaim_add2
,,0.06483830246070987,,,,,open,,93309.26817891622,,1,2465.162934,0.5,246224,1.0,2022-01-27 00:05:00,,V1_50_reclaim_add2
,1,0.059609033619003604,,,,,add,,46854.7692788225,,1,2487.307362,0.25,246227,1.0,2022-01-27 00:20:00,,V1_50_reclaim_add2
,2,0.06346653352685283,,,,,add,,46454.49890009371,,1,2479.7858579999997,0.24845415834547557,246381,1.0,2022-01-27 13:10:00,,V1_50_reclaim_add2
2,,,186618.53635783243,2474.325805981148,0.9984541583454756,246224,close,2337.842338,,-10364.375380333746,,,,246475,,2022-01-27 21:00:00,sell,V1_50_reclaim_add2
,,0.11677967544325418,,,,,open,,88127.08048874934,,-1,2337.842338,0.5,246475,1.0,2022-01-27 21:00:00,,V1_50_reclaim_add2
,1,0.1135218629891841,,,,,add,,44235.82012958693,,-1,2318.626182,0.25,246478,1.0,2022-01-27 21:15:00,,V1_50_reclaim_add2
1,,,132362.90061833628,2331.384939707766,0.75,246475,close,2591.588214,,-14772.869905739528,,,,246962,,2022-01-29 13:35:00,buy_cover,V1_50_reclaim_add2
,,0.19111838387644597,,,,,open,,80727.40924581775,,1,2752.75044,0.5,248591,1.0,2022-02-04 05:20:00,,V1_50_reclaim_add2
,1,0.18699378852594706,,,,,add,,40599.284570470685,,1,2785.997088,0.25,248600,1.0,2022-02-04 06:05:00,,V1_50_reclaim_add2
,2,0.1828110372496513,,,,,add,,40128.12467534706,,1,2796.9292739999996,0.2463955066185327,248601,1.0,2022-02-04 06:10:00,,V1_50_reclaim_add2
2,,,161454.8184916355,2771.950647300163,0.9963955066185327,248591,close,2959.8379139999997,,10874.7143998424,,,,249284,,2022-02-06 15:05:00,sell,V1_50_reclaim_add2
,,0.13597308007694753,,,,,open,,86164.76644573895,,-1,2959.8379139999997,0.5,249284,1.0,2022-02-06 15:05:00,,V1_50_reclaim_add2
0,,,86164.76644573895,2959.8379139999997,0.5,249284,close,3195.0088739999997,,-6846.131585613737,,,,249750,,2022-02-08 05:55:00,buy_cover,V1_50_reclaim_add2
,,0.1710252258657523,,,,,open,,82733.0841762875,,1,3195.0088739999997,0.5,249750,1.0,2022-02-08 05:55:00,,V1_50_reclaim_add2
,1,0.16823538920049796,,,,,add,,41504.415522517535,,1,3217.5933899999995,0.25,249754,1.0,2022-02-08 06:15:00,,V1_50_reclaim_add2
,2,0.1681942134401968,,,,,add,,41228.66865376997,,1,3213.6426,0.248593312249491,250175,1.0,2022-02-09 17:20:00,,V1_50_reclaim_add2
2,,,165466.168352575,3205.282974993489,0.998593312249491,249750,close,3076.8845,,-6691.837069452478,,,,250537,,2022-02-10 23:30:00,sell,V1_50_reclaim_add2
,,0.20454750816939982,,,,,open,,79387.16564156127,,1,2959.0816979999995,0.5,251580,1.0,2022-02-14 14:25:00,,V1_50_reclaim_add2
,1,0.20248792347337552,,,,,add,,39797.02797436478,,1,2975.6950199999997,0.25,251714,1.0,2022-02-15 01:35:00,,V1_50_reclaim_add2
,2,0.1947591238312214,,,,,add,,39590.13766719649,,1,3013.35255,0.24638274644362335,251715,1.0,2022-02-15 01:40:00,,V1_50_reclaim_add2
2,,,158774.33128312253,2976.6145103975114,0.9963827464436233,251580,close,3050.369804,,3869.072929193644,,,,252179,,2022-02-16 16:20:00,sell,V1_50_reclaim_add2
,,0.18557500699504448,,,,,open,,81321.70210615809,,-1,3050.369804,0.5,252179,1.0,2022-02-16 16:20:00,,V1_50_reclaim_add2
,1,0.18495134991939366,,,,,add,,40665.1797628921,,-1,3048.5001780000002,0.25,252375,1.0,2022-02-17 08:40:00,,V1_50_reclaim_add2
,2,0.1802076367549924,,,,,add,,40887.6624091791,,-1,3025.84471,0.25,252432,1.0,2022-02-17 13:25:00,,V1_50_reclaim_add2
2,,,162874.5442782293,3043.710667498992,1.0,252179,close,2666.013096,,20211.295987758087,,,,254066,,2022-02-23 06:05:00,buy_cover,V1_50_reclaim_add2
,,0.08410731941596594,,,,,open,,91411.0626456093,,1,2666.013096,0.5,254066,1.0,2022-02-23 06:05:00,,V1_50_reclaim_add2
,1,0.08320289534660597,,,,,add,,45731.18694929656,,1,2670.073908,0.25,254068,1.0,2022-02-23 06:15:00,,V1_50_reclaim_add2
,2,0.08311350148799079,,,,,add,,45679.87569631274,,1,2674.78485,0.24941431189246166,254080,1.0,2022-02-23 07:15:00,,V1_50_reclaim_add2
2,,,182822.12529121863,2669.2156865670268,0.9994143118924617,254066,close,2650.31983,,-1366.834510701854,,,,255380,,2022-02-27 19:35:00,sell,V1_50_reclaim_add2
,,0.09164413180513642,,,,,open,,90727.64539025839,,-1,2650.31983,0.5,255380,1.0,2022-02-27 19:35:00,,V1_50_reclaim_add2
,1,0.0880653981593309,,,,,add,,45478.73314179646,,-1,2635.8327280000003,0.25,255383,1.0,2022-02-27 19:50:00,,V1_50_reclaim_add2
,2,0.08101224043991839,,,,,add,,45822.16604987999,,-1,2608.7981360000003,0.25,255385,1.0,2022-02-27 20:00:00,,V1_50_reclaim_add2
2,,,182028.5445819348,2636.138073326868,1.0,255380,close,2995.9490699999997,,-24845.37926816498,,,,255884,,2022-03-01 13:35:00,buy_cover,V1_50_reclaim_add2
,,0.21557354806989037,,,,,open,,78286.7529017177,,1,2632.596414,0.5,258056,1.0,2022-03-09 02:35:00,,V1_50_reclaim_add2
,1,0.21425427154958387,,,,,add,,39239.31234925914,,1,2646.5592060000004,0.25,258066,1.0,2022-03-09 03:25:00,,V1_50_reclaim_add2
,2,0.2094058748775287,,,,,add,,39047.44055245856,,1,2664.9928919999998,0.24750741950163058,258067,1.0,2022-03-09 03:30:00,,V1_50_reclaim_add2
2,,,156573.5058034354,2644.108382253349,0.9975074195016306,258056,close,2534.323034,,-6561.071491210372,,,,258628,,2022-03-11 02:15:00,sell,V1_50_reclaim_add2
,,0.24767487411941458,,,,,open,,75006.21715611251,,-1,2534.323034,0.5,258628,1.0,2022-03-11 02:15:00,,V1_50_reclaim_add2
,1,0.24808309395050476,,,,,add,,37450.33489572165,,-1,2540.44181,0.25,258636,1.0,2022-03-11 02:55:00,,V1_50_reclaim_add2
,2,0.24690960185047273,,,,,add,,37613.7100019395,,-1,2525.364826,0.25,258637,1.0,2022-03-11 03:00:00,,V1_50_reclaim_add2
2,,,150070.26205377368,2533.5932633870475,1.0,258628,close,2606.341164,,-4309.010850810679,,,,259955,,2022-03-15 16:50:00,buy_cover,V1_50_reclaim_add2
,,0.27018255676842773,,,,,open,,72836.70470450181,,-1,2885.982688,0.5,261337,1.0,2022-03-20 12:00:00,,V1_50_reclaim_add2
,1,0.2686990119767586,,,,,add,,36476.485356627476,,-1,2875.614762,0.25,261339,1.0,2022-03-20 12:10:00,,V1_50_reclaim_add2
,2,0.2666098823311728,,,,,add,,36577.86300882369,,-1,2864.536978,0.25,261370,1.0,2022-03-20 14:45:00,,V1_50_reclaim_add2
2,,,145891.05306995296,2877.986182466105,1.0,261337,close,2964.072696,,-4363.896843504452,,,,261799,,2022-03-22 02:30:00,buy_cover,V1_50_reclaim_add2
,,0.29196320009972565,,,,,open,,70640.16717744258,,1,2964.072696,0.5,261799,1.0,2022-03-22 02:30:00,,V1_50_reclaim_add2
,1,0.29168500388599616,,,,,add,,35349.65555672312,,1,2970.223926,0.25,261802,1.0,2022-03-22 02:45:00,,V1_50_reclaim_add2
,2,0.29038117160449906,,,,,add,,35290.51162071946,,1,2976.885258,0.24918731786728432,261803,1.0,2022-03-22 02:50:00,,V1_50_reclaim_add2
2,,,141280.33435488516,2968.802823859731,0.9991873178672843,261799,close,3176.894494,,9842.265496997512,,,,266378,,2022-04-07 00:05:00,sell,V1_50_reclaim_add2
,,0.244119267277787,,,,,open,,75561.29992594133,,-1,3176.894494,0.5,266378,1.0,2022-04-07 00:05:00,,V1_50_reclaim_add2
,1,0.23971344758158497,,,,,add,,37954.59380990504,,-1,3146.3706,0.25,266388,1.0,2022-04-07 00:55:00,,V1_50_reclaim_add2
1,,,113515.89373584637,3166.622988646587,0.75,266378,close,3228.6756060000002,,-2224.4339419426396,,,,266666,,2022-04-08 00:05:00,buy_cover,V1_50_reclaim_add2
,,0.254140408938071,,,,,open,,74437.73136559644,,1,3272.1543,0.5,266698,1.0,2022-04-08 02:45:00,,V1_50_reclaim_add2
,1,0.2525814715551211,,,,,add,,37297.96544191296,,1,3287.3773439999995,0.25,266761,1.0,2022-04-08 08:00:00,,V1_50_reclaim_add2
,2,0.2515318867483112,,,,,add,,37139.76592368348,,1,3293.948658,0.24859130876704638,266762,1.0,2022-04-08 08:05:00,,V1_50_reclaim_add2
2,,,148875.46273119288,3281.3774481780965,0.9985913087670464,266698,close,2984.2630280000003,,-13534.176769917947,,,,267818,,2022-04-12 00:05:00,sell,V1_50_reclaim_add2
,,0.3204816524158671,,,,,open,,67670.64298063747,,-1,2984.2630280000003,0.5,267818,1.0,2022-04-12 00:05:00,,V1_50_reclaim_add2
,1,0.31936022690048715,,,,,add,,33953.13319459896,,-1,2962.287424,0.25,267830,1.0,2022-04-12 01:05:00,,V1_50_reclaim_add2
,2,0.3185724802290829,,,,,add,,33986.769797960056,,-1,2957.948292,0.25,267847,1.0,2022-04-12 02:30:00,,V1_50_reclaim_add2
2,,,135610.54597319648,2972.1160903695577,1.0,267818,close,3096.8892539999997,,-5693.095265935408,,,,268277,,2022-04-13 14:20:00,buy_cover,V1_50_reclaim_add2
,,0.35060408589134306,,,,,open,,64810.534293072444,,-1,3012.587362,0.5,269538,1.0,2022-04-17 23:25:00,,V1_50_reclaim_add2
,1,0.3484063734279781,,,,,add,,32520.096535997316,,-1,2990.0318740000002,0.25,269540,1.0,2022-04-17 23:35:00,,V1_50_reclaim_add2
,2,0.34340201650285185,,,,,add,,32721.2618291948,,-1,2964.786924,0.25,269596,1.0,2022-04-18 04:15:00,,V1_50_reclaim_add2
2,,,130051.89265826457,2994.7899065103816,1.0,269538,close,3118.02348,,-5351.541761354092,,,,270002,,2022-04-19 14:05:00,buy_cover,V1_50_reclaim_add2
,,0.3769063155232293,,,,,open,,62121.75822312957,,1,3118.02348,0.5,270002,1.0,2022-04-19 14:05:00,,V1_50_reclaim_add2
,1,0.3767367652073399,,,,,add,,31090.07501231153,,1,3125.1349020000002,0.25,270015,1.0,2022-04-19 15:10:00,,V1_50_reclaim_add2
,2,0.3760604994175609,,,,,add,,31031.68321081804,,1,3131.406156,0.24918016580956215,270250,1.0,2022-04-20 10:45:00,,V1_50_reclaim_add2
2,,,124243.51644625913,3123.1355641598147,0.9991801658095621,270002,close,3025.524774,,-3931.2585890230403,,,,270647,,2022-04-21 19:50:00,sell,V1_50_reclaim_add2
,,0.3972408226387082,,,,,open,,60156.12892861805,,1,2971.384158,0.5,271787,1.0,2022-04-25 18:50:00,,V1_50_reclaim_add2
,1,0.3959081872896475,,,,,add,,30138.54208307939,,1,2984.526786,0.25,271795,1.0,2022-04-25 19:30:00,,V1_50_reclaim_add2
,2,0.3942471424269861,,,,,add,,30017.58684553866,,1,3001.590198,0.2479569514583677,271796,1.0,2022-04-25 19:35:00,,V1_50_reclaim_add2
2,,,120312.25785723611,2982.161356863671,0.9979569514583677,271787,close,2837.23244,,-5892.790830530008,,,,272853,,2022-04-29 11:40:00,sell,V1_50_reclaim_add2
,,0.4257884054113432,,,,,open,,57209.73351335305,,-1,2837.23244,0.5,272853,1.0,2022-04-29 11:40:00,,V1_50_reclaim_add2
,1,0.42499545250298,,,,,add,,28686.89170097861,,-1,2819.825922,0.25,272914,1.0,2022-04-29 16:45:00,,V1_50_reclaim_add2
,2,0.42219120218160644,,,,,add,,28818.086646845943,,-1,2802.1494580000003,0.25,272939,1.0,2022-04-29 18:50:00,,V1_50_reclaim_add2
2,,,114714.71186117761,2823.9910573228763,1.0,272853,close,2835.677022,,-474.696637415007,,,,273570,,2022-05-01 23:25:00,buy_cover,V1_50_reclaim_add2
,,0.42889050622521063,,,,,open,,56960.91372345942,,1,2835.677022,0.5,273570,1.0,2022-05-01 23:25:00,,V1_50_reclaim_add2
,1,0.426766783404559,,,,,add,,28588.78438300719,,1,2858.391564,0.25,273636,1.0,2022-05-02 04:55:00,,V1_50_reclaim_add2
,2,0.42560422500808714,,,,,add,,28372.129340452233,,1,2869.513788,0.24740641909855166,273650,1.0,2022-05-02 06:05:00,,V1_50_reclaim_add2
2,,,113921.82744691885,2849.72889467281,0.9974064190985517,273570,close,2762.4773940000005,,-3532.167717389617,,,,274101,,2022-05-03 19:40:00,sell,V1_50_reclaim_add2
,,0.44628478737194743,,,,,open,,55194.829864764615,,-1,2762.4773940000005,0.5,274101,1.0,2022-05-03 19:40:00,,V1_50_reclaim_add2
,1,0.4466739063154659,,,,,add,,27616.266408971012,,-1,2757.59837,0.25,274109,1.0,2022-05-03 20:20:00,,V1_50_reclaim_add2
,2,0.4454117023518236,,,,,add,,27616.503662464824,,-1,2757.19845,0.25,274623,1.0,2022-05-05 15:10:00,,V1_50_reclaim_add2
2,,,110427.59993620045,2759.9346851435976,1.0,274101,close,2089.877892,,26809.610066968962,,,,277466,,2022-05-15 12:05:00,buy_cover,V1_50_reclaim_add2
,,0.3128196681143033,,,,,open,,68588.59213825548,,1,2089.877892,0.5,277466,1.0,2022-05-15 12:05:00,,V1_50_reclaim_add2
,1,0.31219032391982315,,,,,add,,34299.66137242674,,1,2091.3681899999997,0.25,277470,1.0,2022-05-15 12:25:00,,V1_50_reclaim_add2
,2,0.31226570403959797,,,,,add,,34288.93076582874,,1,2095.148946,0.249608323765236,277546,1.0,2022-05-15 18:45:00,,V1_50_reclaim_add2
2,,,137177.18427651096,2091.5658640868905,0.999608323765236,277466,close,2001.989522,,-5927.458717548841,,,,278340,,2022-05-18 12:55:00,sell,V1_50_reclaim_add2
,,0.342299750227958,,,,,open,,65624.86277948106,,-1,2001.989522,0.5,278340,1.0,2022-05-18 12:55:00,,V1_50_reclaim_add2
,1,0.3399063240168103,,,,,add,,32925.32746289966,,-1,1987.412438,0.25,278350,1.0,2022-05-18 13:45:00,,V1_50_reclaim_add2
,2,0.3361623358812068,,,,,add,,33186.974009715734,,-1,1965.936734,0.25,278362,1.0,2022-05-18 14:45:00,,V1_50_reclaim_add2
2,,,131737.16425209644,1989.1534440864946,1.0,278340,close,2050.10994,,-4037.0063633028185,,,,278781,,2022-05-20 01:40:00,buy_cover,V1_50_reclaim_add2
,,0.3628018110483222,,,,,open,,63593.18588140444,,-1,1989.082104,0.5,279862,1.0,2022-05-23 19:45:00,,V1_50_reclaim_add2
,1,0.36248085338403746,,,,,add,,31815.965227676603,,-1,1985.862748,0.25,279864,1.0,2022-05-23 19:55:00,,V1_50_reclaim_add2
,2,0.36163117431684333,,,,,add,,31871.082677096714,,-1,1981.0037200000002,0.25,279865,1.0,2022-05-23 20:00:00,,V1_50_reclaim_add2
2,,,127280.23378617775,1986.2490214693996,1.0,279862,close,1836.297186,,9609.023751747678,,,,281661,,2022-05-30 01:40:00,buy_cover,V1_50_reclaim_add2
,,0.3137430933666576,,,,,open,,68384.96973389966,,1,1836.297186,0.5,281661,1.0,2022-05-30 01:40:00,,V1_50_reclaim_add2
,1,0.31300050778530386,,,,,add,,34277.055340134786,,1,1846.11915,0.25,281665,1.0,2022-05-30 02:00:00,,V1_50_reclaim_add2
,2,0.3069483099434709,,,,,add,,34107.91439376488,,1,1868.353596,0.2465604941294689,281666,1.0,2022-05-30 02:05:00,,V1_50_reclaim_add2
2,,,136769.93946779933,1846.660935229036,0.9965604941294689,281661,close,1916.876548,,5143.62272913396,,,,282267,,2022-06-01 04:10:00,sell,V1_50_reclaim_add2
,,0.28796311152282517,,,,,open,,70956.78109846664,,-1,1916.876548,0.5,282267,1.0,2022-06-01 04:10:00,,V1_50_reclaim_add2
,1,0.2876465764061462,,,,,add,,35540.31753719309,,-1,1909.41804,0.25,282393,1.0,2022-06-01 14:40:00,,V1_50_reclaim_add2
,2,0.28207584991807455,,,,,add,,35837.80089450896,,-1,1887.7723700000001,0.25,282405,1.0,2022-06-01 15:40:00,,V1_50_reclaim_add2
2,,,142334.89953016868,1907.6109511518498,1.0,282267,close,1796.319192,,8303.952949633589,,,,283346,,2022-06-04 22:05:00,buy_cover,V1_50_reclaim_add2
,,0.24718310098125518,,,,,open,,75094.52408333041,,1,1796.319192,0.5,283346,1.0,2022-06-04 22:05:00,,V1_50_reclaim_add2
,1,0.24441394175034337,,,,,add,,37722.19496302819,,1,1813.782684,0.25,283349,1.0,2022-06-04 22:20:00,,V1_50_reclaim_add2
,2,0.24718981548162045,,,,,add,,37372.32912030222,,1,1798.90971,0.24924359737399493,283554,1.0,2022-06-05 15:25:00,,V1_50_reclaim_add2
2,,,150189.04816666082,1801.32074546314,0.9992435973739949,283346,close,1780.423844,,-1801.6975141903386,,,,283952,,2022-06-07 00:35:00,sell,V1_50_reclaim_add2
,,0.25466378384026045,,,,,open,,74193.67532623524,,-1,1780.423844,0.5,283952,1.0,2022-06-07 00:35:00,,V1_50_reclaim_add2
,1,0.24691572404878104,,,,,add,,37599.27639248905,,-1,1731.483634,0.25,283968,1.0,2022-06-07 01:55:00,,V1_50_reclaim_add2
,2,0.24888476087350653,,,,,add,,37474.78841745153,,-1,1739.10211,0.25,284095,1.0,2022-06-07 12:30:00,,V1_50_reclaim_add2
2,,,149267.74013617582,1757.428054107516,1.0,283952,close,1248.729696,,43206.469592893525,,,,286538,,2022-06-16 00:05:00,buy_cover,V1_50_reclaim_add2
,,0.09200749158224153,,,,,open,,95781.9833486684,,1,1141.5282599999998,0.5,288796,1.0,2022-06-23 20:15:00,,V1_50_reclaim_add2
,1,0.09054684341659258,,,,,add,,47981.663963470564,,1,1146.3092159999999,0.25,288823,1.0,2022-06-23 22:30:00,,V1_50_reclaim_add2
,2,0.08843044956421131,,,,,add,,47800.31938519783,,1,1148.92974,0.24865319029503596,288824,1.0,2022-06-23 22:35:00,,V1_50_reclaim_add2
2,,,191563.9666973368,1144.56378713387,0.998653190295036,288796,close,1192.91137,,8012.009871637361,,,,289870,,2022-06-27 13:45:00,sell,V1_50_reclaim_add2
,,0.06408032216788206,,,,,open,,99787.98828448707,,-1,1192.91137,0.5,289870,1.0,2022-06-27 13:45:00,,V1_50_reclaim_add2
,1,0.05962770032447995,,,,,add,,50095.19136522151,,-1,1182.81339,0.25,289873,1.0,2022-06-27 14:00:00,,V1_50_reclaim_add2
,2,0.0603250702732705,,,,,add,,50088.922064371945,,-1,1182.853382,0.25,290001,1.0,2022-06-28 00:40:00,,V1_50_reclaim_add2
2,,,199972.10171408055,1187.84102014834,1.0,289870,close,1092.208398,,16099.684095344885,,,,291864,,2022-07-04 11:55:00,buy_cover,V1_50_reclaim_add2
,,0.0683597161067967,,,,,open,,107817.83312198811,,1,1092.208398,0.5,291864,1.0,2022-07-04 11:55:00,,V1_50_reclaim_add2
,1,0.061370721880969925,,,,,add,,54259.363186120216,,1,1106.851326,0.25,291866,1.0,2022-07-04 12:05:00,,V1_50_reclaim_add2
,2,0.05865433272031528,,,,,add,,53558.46993586789,,1,1112.02236,0.245929917930799,291870,1.0,2022-07-04 12:25:00,,V1_50_reclaim_add2
2,,,215635.66624397621,1100.7439734038066,0.995929917930799,291864,close,1188.502252,,17098.718857097992,,,,293479,,2022-07-10 02:30:00,sell,V1_50_reclaim_add2
,,0.06750862880451824,,,,,open,,116367.1925505371,,-1,1188.502252,0.5,293479,1.0,2022-07-10 02:30:00,,V1_50_reclaim_add2
,1,0.06505697929644627,,,,,add,,58316.838541304474,,-1,1182.583436,0.25,293579,1.0,2022-07-10 10:50:00,,V1_50_reclaim_add2
,2,0.06157817023401013,,,,,add,,58556.82155478521,,-1,1175.904772,0.25,293586,1.0,2022-07-10 11:25:00,,V1_50_reclaim_add2
2,,,233240.8526466268,1183.8367881824947,1.0,293479,close,1099.829922,,16551.13572511013,,,,294463,,2022-07-13 12:30:00,buy_cover,V1_50_reclaim_add2
,,0.04704978788211034,,,,,open,,124619.4363278275,,1,1099.829922,0.5,294463,1.0,2022-07-13 12:30:00,,V1_50_reclaim_add2
,1,0.042211771043567214,,,,,add,,62623.23703152433,,1,1111.3422239999998,0.25,294593,1.0,2022-07-13 23:20:00,,V1_50_reclaim_add2
,2,0.0369872860535182,,,,,add,,61996.199296303166,,1,1119.663888,0.24613468284322404,294602,1.0,2022-07-14 00:05:00,,V1_50_reclaim_add2
2,,,249238.87265565497,1107.593075736206,0.996134682843224,294463,close,1481.893562,,84094.51977698982,,,,296666,,2022-07-21 04:05:00,sell,V1_50_reclaim_add2
,,0.07984856947806107,,,,,open,,166666.6962163224,,-1,1481.893562,0.5,296666,1.0,2022-07-21 04:05:00,,V1_50_reclaim_add2
0,,,166666.6962163224,1481.893562,0.5,296666,close,1606.881312,,-14057.207063747046,,,,297550,,2022-07-24 05:45:00,buy_cover,V1_50_reclaim_add2
,,0.11950543328520902,,,,,open,,159621.42601482724,,1,1606.881312,0.5,297550,1.0,2022-07-24 05:45:00,,V1_50_reclaim_add2
,1,0.11639839799009488,,,,,add,,80085.75080700063,,1,1618.603656,0.25,297559,1.0,2022-07-24 06:30:00,,V1_50_reclaim_add2
,2,0.11288450187189802,,,,,add,,79535.67520782661,,1,1625.1649679999998,0.24755335409765145,297740,1.0,2022-07-24 21:35:00,,V1_50_reclaim_add2
2,,,319242.8520296545,1614.3390674710276,0.9975533540976514,297550,close,1479.1741060000002,,-26846.476111026597,,,,297999,,2022-07-25 19:10:00,sell,V1_50_reclaim_add2
,,0.19342102000247585,,,,,open,,146198.18795931395,,-1,1670.405852,0.5,299769,1.0,2022-07-31 22:40:00,,V1_50_reclaim_add2
,1,0.1930488777063143,,,,,add,,73117.50731739924,,-1,1668.896154,0.25,299771,1.0,2022-07-31 22:50:00,,V1_50_reclaim_add2
,2,0.18862232584705385,,,,,add,,73525.7859740943,,-1,1656.238686,0.25,299915,1.0,2022-08-01 10:50:00,,V1_50_reclaim_add2
2,,,292841.48125080747,1666.4504763333998,1.0,299769,close,1681.2261780000001,,-2596.4880029180786,,,,300509,,2022-08-03 12:20:00,buy_cover,V1_50_reclaim_add2
,,0.20013966520229765,,,,,open,,144870.6598097298,,1,1681.2261780000001,0.5,300509,1.0,2022-08-03 12:20:00,,V1_50_reclaim_add2
,1,0.19674830253161635,,,,,add,,72817.36219915099,,1,1699.63986,0.25,301073,1.0,2022-08-05 11:20:00,,V1_50_reclaim_add2
,2,0.1937314799874268,,,,,add,,72053.29761057883,,1,1706.971326,0.24660095609757315,301078,1.0,2022-08-05 11:45:00,,V1_50_reclaim_add2
2,,,289741.3196194596,1692.180432332717,0.9966009560975732,300509,close,1711.05772,,3115.060498695122,,,,302229,,2022-08-09 11:40:00,sell,V1_50_reclaim_add2
,,0.19500222938611833,,,,,open,,146428.19005907737,,-1,1711.05772,0.5,302229,1.0,2022-08-09 11:40:00,,V1_50_reclaim_add2
,1,0.18874504593026575,,,,,add,,73472.17621182605,,-1,1698.3102700000002,0.25,302231,1.0,2022-08-09 11:50:00,,V1_50_reclaim_add2
,2,0.1850326368389863,,,,,add,,73820.67696854277,,-1,1687.2624799999999,0.25,302257,1.0,2022-08-09 14:00:00,,V1_50_reclaim_add2
2,,,293721.04323944624,1701.8303551062613,1.0,302229,close,1891.82829,,-32791.969690806,,,,302683,,2022-08-11 01:30:00,buy_cover,V1_50_reclaim_add2
,,0.28098322797851705,,,,,open,,130002.83310935041,,1,1891.82829,0.5,302683,1.0,2022-08-11 01:30:00,,V1_50_reclaim_add2
,1,0.27990879046082273,,,,,add,,65291.405053390896,,1,1909.471818,0.25,302687,1.0,2022-08-11 01:50:00,,V1_50_reclaim_add2
,2,0.2804580505739578,,,,,add,,64711.42805595951,,1,1908.3816,0.24791052024677884,302808,1.0,2022-08-11 11:55:00,,V1_50_reclaim_add2
2,,,260005.66621870082,1900.3401671469946,0.9979105202467788,302683,close,1958.368248,,7832.269037910388,,,,303731,,2022-08-14 16:50:00,sell,V1_50_reclaim_add2
,,0.2620889835396333,,,,,open,,133918.9676283056,,-1,1958.368248,0.5,303731,1.0,2022-08-14 16:50:00,,V1_50_reclaim_add2
,1,0.25804515231090286,,,,,add,,67237.85772553073,,-1,1941.301662,0.25,303733,1.0,2022-08-14 17:00:00,,V1_50_reclaim_add2
,2,0.2552817125231852,,,,,add,,67495.58074344278,,-1,1931.0337160000001,0.25,303734,1.0,2022-08-14 17:05:00,,V1_50_reclaim_add2
2,,,268652.40609727916,1947.1591547381804,1.0,303731,close,1919.6938619999999,,3789.4373397974414,,,,304463,,2022-08-17 05:50:00,buy_cover,V1_50_reclaim_add2
,,0.25121531969875666,,,,,open,,135786.8210575946,,1,1919.6938619999999,0.5,304463,1.0,2022-08-17 05:50:00,,V1_50_reclaim_add2
,1,0.24704459879117302,,,,,add,,68273.56501160646,,1,1941.968316,0.25,304466,1.0,2022-08-17 06:05:00,,V1_50_reclaim_add2
,2,0.24448981929600544,,,,,add,,67513.25604598815,,1,1950.770076,0.24639999840971827,304472,1.0,2022-08-17 06:35:00,,V1_50_reclaim_add2
2,,,271573.6421151892,1932.9224425093835,0.9963999984097183,304463,close,1821.865554,,-15705.758028145705,,,,304974,,2022-08-19 00:25:00,sell,V1_50_reclaim_add2
,,0.29544898871431335,,,,,open,,127933.94204352176,,-1,1821.865554,0.5,304974,1.0,2022-08-19 00:25:00,,V1_50_reclaim_add2
,1,0.2914001534980145,,,,,add,,64151.986840283585,,-1,1810.597808,0.25,304987,1.0,2022-08-19 01:30:00,,V1_50_reclaim_add2
,2,0.2874184068012604,,,,,add,,64716.774786433176,,-1,1788.9721339999999,0.25,305048,1.0,2022-08-19 06:35:00,,V1_50_reclaim_add2
2,,,256802.70367023852,1810.6606977419299,1.0,304974,close,1643.248584,,23743.76401350036,,,,305802,,2022-08-21 21:25:00,buy_cover,V1_50_reclaim_add2
,,0.22852636907751056,,,,,open,,139780.14377990493,,1,1643.248584,0.5,305802,1.0,2022-08-21 21:25:00,,V1_50_reclaim_add2
,1,0.2249368590108498,,,,,add,,70243.92185416569,,1,1660.552044,0.25,306342,1.0,2022-08-23 18:25:00,,V1_50_reclaim_add2
,2,0.22809025978243858,,,,,add,,69536.22192573924,,1,1650.209976,0.24867144634707805,306551,1.0,2022-08-24 11:50:00,,V1_50_reclaim_add2
2,,,279560.28755980986,1649.2974623732293,0.998671446347078,305802,close,1653.579218,,613.6657065809122,,,,307070,,2022-08-26 07:05:00,sell,V1_50_reclaim_add2
,,0.22694902955165552,,,,,open,,140086.9766331954,,-1,1653.579218,0.5,307070,1.0,2022-08-26 07:05:00,,V1_50_reclaim_add2
,1,0.22325620585295458,,,,,add,,70458.69931897169,,-1,1633.313272,0.25,307119,1.0,2022-08-26 11:10:00,,V1_50_reclaim_add2
,2,0.21178989339479548,,,,,add,,71432.43192296848,,-1,1602.62941,0.25,307166,1.0,2022-08-26 15:05:00,,V1_50_reclaim_add2
2,,,281978.10787513555,1635.3386805279292,1.0,307070,close,1510.4720340000001,,21530.511190559017,,,,308019,,2022-08-29 14:10:00,buy_cover,V1_50_reclaim_add2
,,0.16775887597133787,,,,,open,,150824.0344176874,,1,1510.4720340000001,0.5,308019,1.0,2022-08-29 14:10:00,,V1_50_reclaim_add2
,1,0.16372362085645054,,,,,add,,75811.2417903689,,1,1527.075354,0.25,308022,1.0,2022-08-29 14:25:00,,V1_50_reclaim_add2
,2,0.16094404183219913,,,,,add,,75012.79262731849,,1,1533.6366659999999,0.24659430612533173,308042,1.0,2022-08-29 16:05:00,,V1_50_reclaim_add2
2,,,301648.0688353748,1520.3369702505659,0.9965943061253317,308019,close,1519.925954,,-202.1637416355661,,,,308891,,2022-09-01 14:50:00,sell,V1_50_reclaim_add2
,,0.16669686564970665,,,,,open,,150722.9525468696,,-1,1519.925954,0.5,308891,1.0,2022-09-01 14:50:00,,V1_50_reclaim_add2
0,,,150722.9525468696,1519.925954,0.5,308891,close,1574.194776,,-5381.543469840079,,,,309722,,2022-09-04 12:05:00,buy_cover,V1_50_reclaim_add2
,,0.18349386461402417,,,,,open,,148017.1085166949,,1,1574.194776,0.5,309722,1.0,2022-09-04 12:05:00,,V1_50_reclaim_add2
,1,0.18232527507453034,,,,,add,,74008.09178562212,,1,1574.8048979999999,0.25,309835,1.0,2022-09-04 21:30:00,,V1_50_reclaim_add2
,2,0.17897666279411661,,,,,add,,74009.01673107277,,1,1586.297196,0.24866716796542054,309866,1.0,2022-09-05 00:05:00,,V1_50_reclaim_add2
2,,,296034.2170333898,1577.3561227997188,0.9986671679654205,309722,close,1559.867964,,-3399.2226395274047,,,,310395,,2022-09-06 20:10:00,sell,V1_50_reclaim_add2
,,0.1927627880194065,,,,,open,,146317.4971969312,,-1,1707.098512,0.5,312072,1.0,2022-09-12 15:55:00,,V1_50_reclaim_add2
,1,0.18710908663820647,,,,,add,,73659.1382598371,,-1,1683.0633200000002,0.25,312174,1.0,2022-09-13 00:25:00,,V1_50_reclaim_add2
,2,0.1862657531776052,,,,,add,,73747.565530555,,-1,1680.103912,0.25,312175,1.0,2022-09-13 00:30:00,,V1_50_reclaim_add2
2,,,293724.2009873233,1694.196588059836,1.0,312072,close,1631.57625,,10856.54879790661,,,,312729,,2022-09-14 22:40:00,buy_cover,V1_50_reclaim_add2
,,0.1628460641181998,,,,,open,,151716.39917578574,,1,1631.57625,0.5,312729,1.0,2022-09-14 22:40:00,,V1_50_reclaim_add2
,1,0.15933847488098207,,,,,add,,76172.37375866537,,1,1645.749084,0.25,312731,1.0,2022-09-14 22:50:00,,V1_50_reclaim_add2
,2,0.15919486191665644,,,,,add,,75544.02541712037,,1,1645.9791300000002,0.24793646992522522,312748,1.0,2022-09-15 00:15:00,,V1_50_reclaim_add2
2,,,303432.7983515715,1638.6887947565588,0.9979364699252252,312729,close,1422.985346,,-40046.77165015921,,,,313231,,2022-09-16 16:30:00,sell,V1_50_reclaim_add2
,,0.27366640073149273,,,,,open,,131693.01335070614,,-1,1422.985346,0.5,313231,1.0,2022-09-16 16:30:00,,V1_50_reclaim_add2
,1,0.2731731387714137,,,,,add,,65849.7611796696,,-1,1422.275488,0.25,313449,1.0,2022-09-17 10:40:00,,V1_50_reclaim_add2
,2,0.2704005737702252,,,,,add,,66047.58585887773,,-1,1416.386666,0.25,313468,1.0,2022-09-17 12:15:00,,V1_50_reclaim_add2
2,,,263590.3603892535,1421.1491662444532,1.0,313231,close,1356.501246,,11990.7067483344,,,,315107,,2022-09-23 04:50:00,buy_cover,V1_50_reclaim_add2
,,0.23974891870249093,,,,,open,,137662.00768883442,,1,1356.501246,0.5,315107,1.0,2022-09-23 04:50:00,,V1_50_reclaim_add2
0,,,137662.00768883442,1356.501246,0.5,315107,close,1303.549238,,-5426.646129712986,,,,315789,,2022-09-25 13:40:00,sell,V1_50_reclaim_add2
,,0.2552268976159259,,,,,open,,134948.68462397793,,-1,1303.549238,0.5,315789,1.0,2022-09-25 13:40:00,,V1_50_reclaim_add2
,1,0.2511282780309908,,,,,add,,67853.38384563763,,-1,1288.382272,0.25,315830,1.0,2022-09-25 17:05:00,,V1_50_reclaim_add2
,2,0.244420460937389,,,,,add,,68507.14841545299,,-1,1271.465656,0.25,315890,1.0,2022-09-25 22:05:00,,V1_50_reclaim_add2
2,,,271309.2168850685,1291.5177527261603,1.0,315789,close,1386.92733,,-20042.68434360635,,,,316243,,2022-09-27 03:30:00,buy_cover,V1_50_reclaim_add2
,,0.31092247705716813,,,,,open,,124900.21153048624,,-1,1307.948358,0.5,317554,1.0,2022-10-01 16:45:00,,V1_50_reclaim_add2
,1,0.31017274726997734,,,,,add,,62526.64537026032,,-1,1304.219104,0.25,317595,1.0,2022-10-01 20:10:00,,V1_50_reclaim_add2
,2,0.30419728069730245,,,,,add,,62982.51972528767,,-1,1291.331682,0.25,317765,1.0,2022-10-02 10:20:00,,V1_50_reclaim_add2
2,,,250409.3766260342,1302.8016645568753,1.0,317554,close,1316.0931659999999,,-2554.7276295860647,,,,318102,,2022-10-03 14:25:00,buy_cover,V1_50_reclaim_add2
,,0.31806770887739366,,,,,open,,123597.8067780306,,1,1316.0931659999999,0.5,318102,1.0,2022-10-03 14:25:00,,V1_50_reclaim_add2
,1,0.3161851182443889,,,,,add,,62001.7977882367,,1,1325.2649999999999,0.25,318111,1.0,2022-10-03 15:10:00,,V1_50_reclaim_add2
,2,0.3144280643905287,,,,,add,,61596.0089897939,,1,1328.205588,0.2479750816090045,318140,1.0,2022-10-03 17:35:00,,V1_50_reclaim_add2
2,,,247195.61355606117,1321.389600834603,0.9979750816090045,318102,close,1324.864974,,551.0182443378726,,,,318664,,2022-10-05 13:15:00,sell,V1_50_reclaim_add2
,,0.3170780274516104,,,,,open,,123873.31590019952,,-1,1324.864974,0.5,318664,1.0,2022-10-05 13:15:00,,V1_50_reclaim_add2
,1,0.31630940343445657,,,,,add,,61959.55936508731,,-1,1323.355276,0.25,318667,1.0,2022-10-05 13:30:00,,V1_50_reclaim_add2
,2,0.3148671906904733,,,,,add,,62126.271830936385,,-1,1318.4262620000002,0.25,318670,1.0,2022-10-05 13:45:00,,V1_50_reclaim_add2
2,,,247959.1470962232,1322.86921363326,1.0,318664,close,1331.0761619999998,,-1538.3037825712818,,,,319955,,2022-10-10 00:50:00,buy_cover,V1_50_reclaim_add2
,,0.32164131697709186,,,,,open,,123079.36809420427,,1,1331.0761619999998,0.5,319955,1.0,2022-10-10 00:50:00,,V1_50_reclaim_add2
,1,0.3205530557406665,,,,,add,,61601.10550580194,,1,1334.2667999999999,0.25,319957,1.0,2022-10-10 01:00:00,,V1_50_reclaim_add2
,2,0.3195324717236271,,,,,add,,61478.26258840233,,1,1336.96734,0.2491479626104487,319958,1.0,2022-10-10 01:05:00,,V1_50_reclaim_add2
2,,,246158.7361884085,1333.341398053072,0.9991479626104487,319955,close,1278.314286,,-10253.382280001824,,,,320900,,2022-10-13 07:35:00,sell,V1_50_reclaim_add2
,,0.34925219529960816,,,,,open,,117952.67695420334,,1,1294.848918,0.5,321908,1.0,2022-10-16 19:35:00,,V1_50_reclaim_add2
,1,0.3477040821412294,,,,,add,,59121.423214895454,,1,1301.740296,0.25,321910,1.0,2022-10-16 19:45:00,,V1_50_reclaim_add2
,2,0.34775419421990617,,,,,add,,58831.25373930789,,1,1300.8601199999998,0.24892430391481113,321911,1.0,2022-10-16 19:50:00,,V1_50_reclaim_add2
2,,,235905.3539084067,1298.067012031819,0.9989243039148111,321908,close,1305.068934,,1177.6388130840205,,,,322432,,2022-10-18 15:15:00,sell,V1_50_reclaim_add2
,,0.3459374631447266,,,,,open,,118541.49636074535,,-1,1305.068934,0.5,322432,1.0,2022-10-18 15:15:00,,V1_50_reclaim_add2
,1,0.34361182818316305,,,,,add,,59482.06803831057,,-1,1295.2409,0.25,322474,1.0,2022-10-18 18:45:00,,V1_50_reclaim_add2
,2,0.3432208668954464,,,,,add,,59569.77837634086,,-1,1292.501448,0.25,322475,1.0,2022-10-18 18:50:00,,V1_50_reclaim_add2
2,,,237593.3427753968,1299.4326618484463,1.0,322432,close,1309.0417559999999,,-1756.954728596087,,,,322997,,2022-10-20 14:20:00,buy_cover,V1_50_reclaim_add2
,,0.3508181293396426,,,,,open,,117639.25966216977,,1,1309.0417559999999,0.5,322997,1.0,2022-10-20 14:20:00,,V1_50_reclaim_add2
,1,0.35012714419109703,,,,,add,,58945.56142739764,,1,1315.172982,0.25,323561,1.0,2022-10-22 13:20:00,,V1_50_reclaim_add2
,2,0.3495045201657352,,,,,add,,58693.698234772135,,1,1313.1425760000002,0.24924568469372466,323564,1.0,2022-10-22 13:35:00,,V1_50_reclaim_add2
2,,,235278.51932433955,1311.5954705428774,0.9992456846937247,322997,close,1488.7022,,31663.207255902264,,,,325224,,2022-10-28 07:55:00,sell,V1_50_reclaim_add2
,,0.26312071879441623,,,,,open,,133470.8632901209,,-1,1488.7022,0.5,325224,1.0,2022-10-28 07:55:00,,V1_50_reclaim_add2
0,,,133470.8632901209,1488.7022,0.5,325224,close,1612.792494,,-11125.415180868702,,,,326789,,2022-11-02 18:20:00,buy_cover,V1_50_reclaim_add2
,,0.29429803878360816,,,,,open,,127894.80861335754,,1,1612.792494,0.5,326789,1.0,2022-11-02 18:20:00,,V1_50_reclaim_add2
,1,0.292414285159586,,,,,add,,64141.747788203196,,1,1623.244584,0.25,327307,1.0,2022-11-04 13:30:00,,V1_50_reclaim_add2
,2,0.28790708671825527,,,,,add,,63753.060825154345,,1,1636.967328,0.24694107117882924,327316,1.0,2022-11-04 14:15:00,,V1_50_reclaim_add2
2,,,255789.61722671508,1621.3784059126233,0.9969410711788292,326789,close,1618.366262,,-577.3131622159272,,,,327744,,2022-11-06 01:55:00,sell,V1_50_reclaim_add2
,,0.2962472200023454,,,,,open,,127606.15203224958,,-1,1618.366262,0.5,327744,1.0,2022-11-06 01:55:00,,V1_50_reclaim_add2
,1,0.29514073823877873,,,,,add,,63841.16267128266,,-1,1615.786778,0.25,327748,1.0,2022-11-06 02:15:00,,V1_50_reclaim_add2
,2,0.29452427076001597,,,,,add,,63927.672282307205,,-1,1612.647406,0.25,327860,1.0,2022-11-06 11:35:00,,V1_50_reclaim_add2
2,,,255374.98698583944,1616.2863938505614,1.0,327744,close,1325.36502,,45965.89805015814,,,,329053,,2022-11-10 15:00:00,buy_cover,V1_50_reclaim_add2
,,0.1693371360135556,,,,,open,,150563.56355863006,,-1,1241.9215660000002,0.5,329822,1.0,2022-11-13 07:05:00,,V1_50_reclaim_add2
,1,0.16910203709759375,,,,,add,,75293.08862209778,,-1,1241.0517399999999,0.25,329844,1.0,2022-11-13 08:55:00,,V1_50_reclaim_add2
,2,0.1651666144532069,,,,,add,,75670.6621608115,,-1,1232.583434,0.25,329845,1.0,2022-11-13 09:00:00,,V1_50_reclaim_add2
2,,,301527.31434153934,1239.3483236932066,1.0,329822,close,1217.463444,,5324.494781947229,,,,331730,,2022-11-19 22:05:00,buy_cover,V1_50_reclaim_add2
,,0.15425953620908917,,,,,open,,153195.65821816953,,1,1217.463444,0.5,331730,1.0,2022-11-19 22:05:00,,V1_50_reclaim_add2
,1,0.15347865814788253,,,,,add,,76714.92412444766,,1,1221.674286,0.25,331732,1.0,2022-11-19 22:15:00,,V1_50_reclaim_add2
,2,0.1527084145052664,,,,,add,,76480.73409372187,,1,1223.69469,0.24895264620029312,331733,1.0,2022-11-19 22:20:00,,V1_50_reclaim_add2
2,,,306391.31643633905,1220.0671960313246,0.9989526462002931,331730,close,1100.37988,,-30167.19053624675,,,,332258,,2022-11-21 18:05:00,sell,V1_50_reclaim_add2
,,0.23835082851393097,,,,,open,,138112.06295004615,,-1,1100.37988,0.5,332258,1.0,2022-11-21 18:05:00,,V1_50_reclaim_add2
,1,0.2318708026715166,,,,,add,,69548.87795922489,,-1,1084.2331100000001,0.25,332276,1.0,2022-11-21 19:35:00,,V1_50_reclaim_add2
,2,0.23732112245583015,,,,,add,,69120.49077459432,,-1,1093.121332,0.25,332406,1.0,2022-11-22 06:25:00,,V1_50_reclaim_add2
2,,,276781.4316838654,1094.469349901766,1.0,332258,close,1173.78471,,-20058.127648077498,,,,332748,,2022-11-23 10:55:00,buy_cover,V1_50_reclaim_add2
,,0.29351566101258453,,,,,open,,128055.32098283901,,-1,1193.541244,0.5,334054,1.0,2022-11-27 23:45:00,,V1_50_reclaim_add2
,1,0.2927071117076576,,,,,add,,64070.90289546819,,-1,1191.4516620000002,0.25,334056,1.0,2022-11-27 23:55:00,,V1_50_reclaim_add2
,2,0.2909459014023762,,,,,add,,64279.4755506649,,-1,1186.1127299999998,0.25,334072,1.0,2022-11-28 01:15:00,,V1_50_reclaim_add2
2,,,256405.69942897212,1191.1490355470755,1.0,334054,close,1230.2560019999999,,-8418.120796711271,,,,334641,,2022-11-30 00:40:00,buy_cover,V1_50_reclaim_add2
,,0.31779062960332294,,,,,open,,123820.62001454047,,1,1230.2560019999999,0.5,334641,1.0,2022-11-30 00:40:00,,V1_50_reclaim_add2
,1,0.3008768038317178,,,,,add,,63367.82608678832,,1,1288.697688,0.25,334862,1.0,2022-11-30 19:05:00,,V1_50_reclaim_add2
,2,0.29899031760410155,,,,,add,,60452.79392775215,,1,1295.018952,0.2376357968892746,334864,1.0,2022-11-30 19:15:00,,V1_50_reclaim_add2
2,,,247641.24002908095,1260.2657586582184,0.9876357968892746,334641,close,1266.39667,,1105.1908737573249,,,,335631,,2022-12-03 11:10:00,sell,V1_50_reclaim_add2
,,0.31529499500716596,,,,,open,,124373.21545141914,,-1,1266.39667,0.5,335631,1.0,2022-12-03 11:10:00,,V1_50_reclaim_add2
,1,0.31353378505937357,,,,,add,,62211.97381311622,,-1,1264.856978,0.25,335704,1.0,2022-12-03 17:15:00,,V1_50_reclaim_add2
,2,0.3131511946783999,,,,,add,,62241.48882767693,,-1,1263.8871720000002,0.25,335733,1.0,2022-12-03 19:40:00,,V1_50_reclaim_add2
2,,,248826.67809221227,1265.3830854302073,1.0,335631,close,1288.167582,,-4480.36475082094,,,,336080,,2022-12-05 00:35:00,buy_cover,V1_50_reclaim_add2
,,0.3261733618829238,,,,,open,,122108.15040819944,,1,1288.167582,0.5,336080,1.0,2022-12-05 00:35:00,,V1_50_reclaim_add2
,1,0.32309902655148237,,,,,add,,61379.73319158256,,1,1302.430434,0.25,336133,1.0,2022-12-05 05:00:00,,V1_50_reclaim_add2
1,,,183487.883599782,1292.9038434831373,0.75,336080,close,1229.414068,,-9080.202370546933,,,,336736,,2022-12-07 07:15:00,sell,V1_50_reclaim_add2
,,0.35137419590373875,,,,,open,,117568.04922292597,,1,1279.2858059999999,0.5,338497,1.0,2022-12-13 10:00:00,,V1_50_reclaim_add2
,1,0.35089812524069475,,,,,add,,58838.65557856425,,1,1282.176384,0.25,338499,1.0,2022-12-13 10:10:00,,V1_50_reclaim_add2
,2,0.34399210680423153,,,,,add,,58729.39364436172,,1,1298.689686,0.24717179264811473,338537,1.0,2022-12-13 13:20:00,,V1_50_reclaim_add2
2,,,235136.09844585194,1284.8052528144917,0.9971717926481147,338497,close,1294.301088,,1643.121432324784,,,,338974,,2022-12-15 01:45:00,sell,V1_50_reclaim_add2
,,0.3452376679860151,,,,,open,,118389.60993908836,,-1,1294.301088,0.5,338974,1.0,2022-12-15 01:45:00,,V1_50_reclaim_add2
,1,0.3442149413799135,,,,,add,,59417.768044391494,,-1,1284.033142,0.25,338976,1.0,2022-12-15 01:55:00,,V1_50_reclaim_add2
,2,0.34511181477164066,,,,,add,,59352.60809020403,,-1,1285.752798,0.25,339053,1.0,2022-12-15 08:20:00,,V1_50_reclaim_add2
2,,,237159.9860736839,1289.5717894631287,1.0,338974,close,1200.1599840000001,,16443.376085703203,,,,340449,,2022-12-20 04:40:00,buy_cover,V1_50_reclaim_add2
,,0.3014245071611902,,,,,open,,126587.5819833326,,1,1200.1599840000001,0.5,340449,1.0,2022-12-20 04:40:00,,V1_50_reclaim_add2
,1,0.29472768746688216,,,,,add,,63949.18898755606,,1,1225.505052,0.25,340580,1.0,2022-12-20 15:35:00,,V1_50_reclaim_add2
,2,0.29786535038766937,,,,,add,,62638.392995776536,,1,1217.933538,0.24604798764426594,340788,1.0,2022-12-21 08:55:00,,V1_50_reclaim_add2
2,,,253175.16396666522,1210.8571719849108,0.9960479876442659,340449,close,1199.290094,,-2518.824661791936,,,,341144,,2022-12-22 14:35:00,sell,V1_50_reclaim_add2
,,0.3082213311271522,,,,,open,,125328.16965243664,,-1,1199.290094,0.5,341144,1.0,2022-12-22 14:35:00,,V1_50_reclaim_add2
,1,0.30744022163239926,,,,,add,,62765.95877337687,,-1,1194.9109700000001,0.25,341147,1.0,2022-12-22 14:50:00,,V1_50_reclaim_add2
,2,0.30632428275573764,,,,,add,,62852.31116616865,,-1,1192.551442,0.25,341148,1.0,2022-12-22 14:55:00,,V1_50_reclaim_add2
2,,,250946.43959198217,1196.4999861715212,1.0,341144,close,1230.0859679999999,,-7044.103894725617,,,,342408,,2022-12-26 23:55:00,buy_cover,V1_50_reclaim_add2
,,0.3281311161597673,,,,,open,,121781.02306111463,,-1,1209.748002,0.5,344605,1.0,2023-01-03 15:00:00,,V1_50_reclaim_add2
,1,0.3275214306431975,,,,,add,,60925.88880754887,,-1,1207.85838,0.25,344609,1.0,2023-01-03 15:20:00,,V1_50_reclaim_add2
1,,,182706.9118686635,1209.11722735885,0.75,344605,close,1258.931736,,-7527.347748852277,,,,345478,,2023-01-06 15:45:00,buy_cover,V1_50_reclaim_add2
,,0.34888715425314976,,,,,open,,117999.07849550163,,1,1258.931736,0.5,345478,1.0,2023-01-06 15:45:00,,V1_50_reclaim_add2
,1,0.3464095119804458,,,,,add,,59232.09256599167,,1,1269.3638219999998,0.25,345510,1.0,2023-01-06 18:25:00,,V1_50_reclaim_add2
,2,0.3447996151881958,,,,,add,,58766.98592950996,,1,1273.544658,0.24744889600426578,345525,1.0,2023-01-06 19:40:00,,V1_50_reclaim_add2
2,,,235998.15699100326,1265.1562213943857,0.9974488960042658,345478,close,1511.387662,,45818.457501297235,,,,355572,,2023-02-11 00:05:00,sell,V1_50_reclaim_add2
,,0.22213488725407016,,,,,open,,140908.30724615025,,-1,1511.387662,0.5,355572,1.0,2023-02-11 00:05:00,,V1_50_reclaim_add2
,1,0.2217452460431809,,,,,add,,70518.1282074281,,-1,1508.0383319999999,0.25,355574,1.0,2023-02-11 00:15:00,,V1_50_reclaim_add2
1,,,211426.43545357836,1510.2688906825408,0.75,355572,close,1537.567452,,-3821.587364126055,,,,355860,,2023-02-12 00:05:00,buy_cover,V1_50_reclaim_add2
,,0.23326396130132832,,,,,open,,138976.37092054184,,1,1548.099558,0.5,356059,1.0,2023-02-12 16:40:00,,V1_50_reclaim_add2
,1,0.23190698918443564,,,,,add,,69638.7653373548,,1,1555.4310239999998,0.25,356615,1.0,2023-02-14 15:00:00,,V1_50_reclaim_add2
,2,0.2318648129358184,,,,,add,,69337.60558318705,,1,1554.270792,0.24908328356658505,356851,1.0,2023-02-15 10:40:00,,V1_50_reclaim_add2
2,,,277952.7418410837,1551.46840632935,0.999083283566585,356059,close,1564.277082,,2182.6457170660724,,,,362196,,2023-03-06 00:05:00,sell,V1_50_reclaim_add2
,,0.227243106389443,,,,,open,,140067.69377907488,,-1,1532.313476,0.5,363060,1.0,2023-03-09 00:05:00,,V1_50_reclaim_add2
,1,0.22061608097870522,,,,,add,,70623.47775858967,,-1,1505.89876,0.25,363282,1.0,2023-03-09 18:35:00,,V1_50_reclaim_add2
,2,0.21343022686331536,,,,,add,,71265.98348083909,,-1,1487.1125180000001,0.25,363297,1.0,2023-03-09 19:50:00,,V1_50_reclaim_add2
2,,,281957.15501850366,1514.0299549010783,1.0,363060,close,1578.505638,,-12007.267301918066,,,,364212,,2023-03-13 00:05:00,buy_cover,V1_50_reclaim_add2
,,0.2605208565847674,,,,,open,,134035.864412614,,1,1576.855308,0.5,364213,1.0,2023-03-13 00:10:00,,V1_50_reclaim_add2
,1,0.2588846939678009,,,,,add,,67171.52683612447,,1,1584.71688,0.25,364215,1.0,2023-03-13 00:20:00,,V1_50_reclaim_add2
,2,0.24878528029535507,,,,,add,,66864.33757648953,,1,1614.3628079999999,0.24543288856653422,364220,1.0,2023-03-13 00:45:00,,V1_50_reclaim_add2
2,,,268071.728825228,1588.032122278529,0.9954328885665342,364213,close,1839.3320600000002,,42297.12886104948,,,,381204,,2023-05-11 00:05:00,sell,V1_50_reclaim_add2
,,0.1438437091803707,,,,,open,,155184.42884313874,,1,1853.100546,0.5,384948,1.0,2023-05-24 00:05:00,,V1_50_reclaim_add2
0,,,155184.42884313874,1853.100546,0.5,384948,close,1826.914544,,-2254.088105875504,,,,385812,,2023-05-27 00:05:00,sell,V1_50_reclaim_add2
,,0.15006163879577616,,,,,open,,154057.38479020097,,1,1910.2219679999998,0.5,386388,1.0,2023-05-29 00:05:00,,V1_50_reclaim_add2
,1,0.14917729037050542,,,,,add,,77123.95827484858,,1,1915.7130659999998,0.25,386390,1.0,2023-05-29 00:15:00,,V1_50_reclaim_add2
,2,0.14707479517032007,,,,,add,,76933.42651535239,,1,1920.424008,0.24894781572105684,386391,1.0,2023-05-29 00:20:00,,V1_50_reclaim_add2
2,,,308114.76958040195,1914.1343202318913,0.9989478157210568,386388,close,1839.392048,,-12149.551164668635,,,,389844,,2023-06-10 00:05:00,sell,V1_50_reclaim_add2
,,0.18357632431483784,,,,,open,,147982.60920786666,,-1,1721.8555600000002,0.5,392436,1.0,2023-06-19 00:05:00,,V1_50_reclaim_add2
,1,0.18347650654155234,,,,,add,,73970.9211208557,,-1,1722.115508,0.25,392444,1.0,2023-06-19 00:45:00,,V1_50_reclaim_add2
,2,0.182581750708523,,,,,add,,74094.65070162059,,-1,1718.0463220000001,0.25,392446,1.0,2023-06-19 00:55:00,,V1_50_reclaim_add2
2,,,296048.18103034294,1720.9654752493143,1.0,392436,close,1735.1169539999999,,-2434.3887522173463,,,,392724,,2023-06-20 00:05:00,buy_cover,V1_50_reclaim_add2
,,0.19045494597469648,,,,,open,,146735.81001365493,,1,1889.1477539999998,0.5,393300,1.0,2023-06-22 00:05:00,,V1_50_reclaim_add2
,1,0.18998059181890803,,,,,add,,73420.60222795539,,1,1892.618448,0.25,393304,1.0,2023-06-22 00:25:00,,V1_50_reclaim_add2
,2,0.1870475367557486,,,,,add,,73315.20778569955,,1,1904.840892,0.2484621357785698,393305,1.0,2023-06-22 00:30:00,,V1_50_reclaim_add2
2,,,293471.62002730987,1893.9146239342294,0.9984621357785698,393300,close,1830.393848,,-9956.304657513043,,,,405972,,2023-08-05 00:05:00,sell,V1_50_reclaim_add2
,,0.21791953417272636,,,,,open,,141757.6576848984,,-1,1687.652402,0.5,409716,1.0,2023-08-18 00:05:00,,V1_50_reclaim_add2
,1,0.21764042894297064,,,,,add,,70915.88096972973,,-1,1685.21289,0.25,409730,1.0,2023-08-18 01:15:00,,V1_50_reclaim_add2
,2,0.2175785165553582,,,,,add,,70807.63185249767,,-1,1688.422248,0.25,409735,1.0,2023-08-18 01:40:00,,V1_50_reclaim_add2
2,,,283481.1705071258,1687.2335558933985,1.0,409716,close,1641.9183179999998,,7613.667505056597,,,,415082,,2023-09-05 15:15:00,buy_cover,V1_50_reclaim_add2
,,0.1965317586743851,,,,,open,,145536.143320376,,1,1641.9183179999998,0.5,415082,1.0,2023-09-05 15:15:00,,V1_50_reclaim_add2
,1,0.1955204268186287,,,,,add,,72880.69086116354,,1,1647.6594659999998,0.25,415403,1.0,2023-09-06 18:00:00,,V1_50_reclaim_add2
,2,0.19313358361748023,,,,,add,,72655.45245921245,,1,1656.08115,0.24829949400690166,415729,1.0,2023-09-07 21:10:00,,V1_50_reclaim_add2
2,,,291072.286640752,1646.870704904077,0.9982994940069017,415082,close,1618.866162,,-5064.034654643328,,,,415885,,2023-09-08 10:10:00,sell,V1_50_reclaim_add2
,,0.21104273801933338,,,,,open,,143004.12599305433,,1,1623.294594,0.5,417501,1.0,2023-09-14 00:50:00,,V1_50_reclaim_add2
,1,0.2082193478749097,,,,,add,,71720.95029126648,,1,1633.886712,0.25,417503,1.0,2023-09-14 01:00:00,,V1_50_reclaim_add2
,2,0.2088558968631513,,,,,add,,71283.17570178786,,1,1634.296794,0.2484520180823151,417670,1.0,2023-09-14 14:55:00,,V1_50_reclaim_add2
2,,,286008.25198610866,1628.674954448649,0.9984520180823151,417501,close,1614.2970759999998,,-2638.2516145999543,,,,417955,,2023-09-15 14:40:00,sell,V1_50_reclaim_add2
,,0.21783326658633684,,,,,open,,141685.00018575435,,-1,1614.2970759999998,0.5,417955,1.0,2023-09-15 14:40:00,,V1_50_reclaim_add2
,1,0.21796597030660048,,,,,add,,70853.56009092837,,-1,1613.147306,0.25,417957,1.0,2023-09-15 14:50:00,,V1_50_reclaim_add2
,2,0.21665302824692667,,,,,add,,70932.05703275243,,-1,1610.547826,0.25,418650,1.0,2023-09-18 00:35:00,,V1_50_reclaim_add2
2,,,283470.61730943515,1613.070070881648,1.0,417955,close,1648.6596659999998,,-6254.276231543452,,,,418770,,2023-09-18 10:35:00,buy_cover,V1_50_reclaim_add2
,,0.23572927630264118,,,,,open,,138529.51500825168,,1,1594.838904,0.5,420483,1.0,2023-09-24 09:20:00,,V1_50_reclaim_add2
,1,0.23545089264231434,,,,,add,,69288.25014002417,,1,1596.559248,0.25,420527,1.0,2023-09-24 13:00:00,,V1_50_reclaim_add2
,2,0.23532016705929404,,,,,add,,69241.2648682275,,1,1599.389814,0.2495235999690949,420585,1.0,2023-09-24 17:50:00,,V1_50_reclaim_add2
2,,,277059.03001650336,1596.4043127181044,0.9995235999690949,420483,close,1652.8293680000002,,9677.947346173052,,,,422900,,2023-10-02 18:45:00,sell,V1_50_reclaim_add2
,,0.20757208630692237,,,,,open,,143368.4886813382,,-1,1652.8293680000002,0.5,422900,1.0,2023-10-02 18:45:00,,V1_50_reclaim_add2
,1,0.20776492910700795,,,,,add,,71799.1261083506,,-1,1646.87056,0.25,423141,1.0,2023-10-03 14:50:00,,V1_50_reclaim_add2
,2,0.20708207916254906,,,,,add,,71861.01181762628,,-1,1644.750984,0.25,423142,1.0,2023-10-03 14:55:00,,V1_50_reclaim_add2
2,,,287028.62660731503,1649.308464928368,1.0,422900,close,1653.1205579999998,,-663.4058348693652,,,,424061,,2023-10-06 19:30:00,buy_cover,V1_50_reclaim_add2
,,0.21146667487650905,,,,,open,,143008.0829012428,,1,1653.1205579999998,0.5,424061,1.0,2023-10-06 19:30:00,,V1_50_reclaim_add2
,1,0.2101933136773242,,,,,add,,71579.6937840202,,1,1657.28139,0.25,424087,1.0,2023-10-06 21:40:00,,V1_50_reclaim_add2
1,,,214587.776685263,1654.5061557537424,0.75,424061,close,1626.07472,,-3771.8801533546357,,,,424516,,2023-10-08 09:25:00,sell,V1_50_reclaim_add2
,,0.2211858460173789,,,,,open,,141122.14282456547,,-1,1626.07472,0.5,424516,1.0,2023-10-08 09:25:00,,V1_50_reclaim_add2
,1,0.2214114579383275,,,,,add,,70588.82554939776,,-1,1624.1451060000002,0.25,424519,1.0,2023-10-08 09:40:00,,V1_50_reclaim_add2
,2,0.22064772311502556,,,,,add,,70639.39038415585,,-1,1622.37546,0.25,424532,1.0,2023-10-08 10:45:00,,V1_50_reclaim_add2
2,,,282350.35875811905,1624.6653535686723,1.0,424516,close,1555.921122,,11947.060959923954,,,,426094,,2023-10-13 20:55:00,buy_cover,V1_50_reclaim_add2
,,0.1886841516624872,,,,,open,,147067.43826865166,,1,1555.921122,0.5,426094,1.0,2023-10-13 20:55:00,,V1_50_reclaim_add2
,1,0.18503632185656582,,,,,add,,73838.66914390429,,1,1569.4538280000002,0.25,426096,1.0,2023-10-13 21:05:00,,V1_50_reclaim_add2
,2,0.18778222131307787,,,,,add,,73228.76912474737,,1,1563.942726,0.2486163552162206,426647,1.0,2023-10-15 19:00:00,,V1_50_reclaim_add2
2,,,294134.8765373033,1561.294369617242,0.9986163552162206,426094,close,1572.455446,,1984.1708196239197,,,,427152,,2023-10-17 13:05:00,sell,V1_50_reclaim_add2
,,0.18436829123195897,,,,,open,,148059.52367846362,,-1,1572.455446,0.5,427152,1.0,2023-10-17 13:05:00,,V1_50_reclaim_add2
,1,0.18169752040212062,,,,,add,,74097.5631543143,,-1,1568.946148,0.25,427161,1.0,2023-10-17 13:50:00,,V1_50_reclaim_add2
,2,0.177927265710076,,,,,add,,74578.54353256617,,-1,1555.1289120000001,0.25,427222,1.0,2023-10-17 18:55:00,,V1_50_reclaim_add2
2,,,296735.6303653441,1567.1916679251603,1.0,427152,close,1577.495436,,-1950.9269053922617,,,,427888,,2023-10-20 02:25:00,buy_cover,V1_50_reclaim_add2
,,0.18853158721685515,,,,,open,,147054.38666273095,,1,1577.495436,0.5,427888,1.0,2023-10-20 02:25:00,,V1_50_reclaim_add2
,1,0.188103712126791,,,,,add,,73580.99395196303,,1,1580.4360239999999,0.25,427890,1.0,2023-10-20 02:35:00,,V1_50_reclaim_add2
,2,0.18744857858463204,,,,,add,,73473.39271076792,,1,1581.806298,0.2494970597854771,427893,1.0,2023-10-20 02:50:00,,V1_50_reclaim_add2
2,,,294108.7733254619,1579.3058193561872,0.9994970597854771,427888,close,2233.033304,,121575.13170682598,,,,455796,,2024-01-25 00:05:00,sell,V1_50_reclaim_add2
,,0.17505313547477408,,,,,open,,207841.95251614394,,1,2311.052118,0.5,457236,1.0,2024-01-30 00:05:00,,V1_50_reclaim_add2
,1,0.1743401525849031,,,,,add,,103994.1583582884,,1,2315.232954,0.25,457240,1.0,2024-01-30 00:25:00,,V1_50_reclaim_add2
,2,0.17415338761400678,,,,,add,,103847.79415785553,,1,2317.1033279999997,0.24952185641026858,457253,1.0,2024-01-30 01:30:00,,V1_50_reclaim_add2
2,,,415683.90503228793,2313.6067843330993,0.9995218564102686,457236,close,2298.5402,,-2872.1755589222885,,,,459252,,2024-02-06 00:05:00,sell,V1_50_reclaim_add2
,,0.18075312095175533,,,,,open,,206405.86473668282,,1,2377.7754600000003,0.5,459540,1.0,2024-02-07 00:05:00,,V1_50_reclaim_add2
,1,0.1805001234106035,,,,,add,,103171.0133484996,,1,2377.255356,0.25,459542,1.0,2024-02-07 00:15:00,,V1_50_reclaim_add2
,2,0.18004207418242846,,,,,add,,103234.85138818322,,1,2381.306166,0.2498604602838227,459544,1.0,2024-02-07 00:25:00,,V1_50_reclaim_add2
2,,,412811.7294733656,2378.527323813506,0.9998604602838227,459540,close,3321.8055059999997,,163482.60396702366,,,,476244,,2024-04-05 00:05:00,sell,V1_50_reclaim_add2
,,0.1882886976512942,,,,,open,,288147.1667201946,,1,3359.401746,0.5,476820,1.0,2024-04-07 00:05:00,,V1_50_reclaim_add2
,1,0.18787968153057055,,,,,add,,144153.25600170938,,1,3364.4627579999997,0.25,476832,1.0,2024-04-07 01:05:00,,V1_50_reclaim_add2
,2,0.18637603295058014,,,,,add,,143993.91071848525,,1,3367.213308,0.2495955326483834,476833,1.0,2024-04-07 01:10:00,,V1_50_reclaim_add2
2,,,576294.3334403893,3362.616149659786,0.9995955326483834,476820,close,3139.372,,-38475.38381248643,,,,479124,,2024-04-15 00:05:00,sell,V1_50_reclaim_add2
,,0.24248132473536765,,,,,open,,268909.4748139514,,-1,3048.8901,0.5,502452,1.0,2024-07-05 00:05:00,,V1_50_reclaim_add2
,1,0.2410927019622583,,,,,add,,134704.515906036,,-1,3036.3426099999997,0.25,502486,1.0,2024-07-05 02:55:00,,V1_50_reclaim_add2
,2,0.2342522081133661,,,,,add,,135915.3531655457,,-1,2999.4,0.25,502487,1.0,2024-07-05 03:00:00,,V1_50_reclaim_add2
2,,,539529.3438855332,3033.1530740927465,1.0,502452,close,3098.409558,,-11607.630811700248,,,,504180,,2024-07-11 00:05:00,buy_cover,V1_50_reclaim_add2
,,0.2589826730652275,,,,,open,,263051.70647371275,,1,3487.957452,0.5,505620,1.0,2024-07-16 00:05:00,,V1_50_reclaim_add2
,1,0.25701632794725593,,,,,add,,131973.0781172589,,1,3513.082476,0.25,505923,1.0,2024-07-17 01:20:00,,V1_50_reclaim_add2
,2,0.25653734464318945,,,,,add,,131078.62835645385,,1,3513.082476,0.24833044886654543,506692,1.0,2024-07-19 17:25:00,,V1_50_reclaim_add2
2,,,526103.4129474255,3500.4748802097706,0.9983304488665454,505620,close,3271.3156059999997,,-34638.108170939086,,,,508788,,2024-07-27 00:05:00,sell,V1_50_reclaim_add2
,,0.3077704925228286,,,,,open,,245732.6523882432,,-1,2991.741532,0.5,510804,1.0,2024-08-03 00:05:00,,V1_50_reclaim_add2
,1,0.30682166936895516,,,,,add,,123028.78251636757,,-1,2982.633354,0.25,510810,1.0,2024-08-03 00:35:00,,V1_50_reclaim_add2
,2,0.30613742303250946,,,,,add,,123054.72145256939,,-1,2981.3936019999996,0.25,510811,1.0,2024-08-03 00:40:00,,V1_50_reclaim_add2
2,,,491816.1563571802,2986.8660167329754,1.0,510804,close,2738.0174939999997,,40975.3156466026,,,,514048,,2024-08-14 06:25:00,buy_cover,V1_50_reclaim_add2
,,0.252783554245238,,,,,open,,266171.12859590875,,1,2738.0174939999997,0.5,514048,1.0,2024-08-14 06:25:00,,V1_50_reclaim_add2
,1,0.24975926322518194,,,,,add,,133095.15713940654,,1,2739.507792,0.25,514096,1.0,2024-08-14 10:25:00,,V1_50_reclaim_add2
,2,0.24860857111401413,,,,,add,,133075.97145650222,,1,2745.0889079999997,0.24960756232307146,514098,1.0,2024-08-14 10:35:00,,V1_50_reclaim_add2
2,,,532342.2571918175,2740.154732008967,0.9996075623230715,514048,close,2544.34103,,-38239.31430328317,,,,514489,,2024-08-15 19:10:00,sell,V1_50_reclaim_add2
,,0.30536368538729564,,,,,open,,247051.47144426717,,-1,2544.34103,0.5,514489,1.0,2024-08-15 19:10:00,,V1_50_reclaim_add2
0,,,247051.47144426717,2544.34103,0.5,514489,close,2635.807056,,-8881.195561767585,,,,515159,,2024-08-18 03:00:00,buy_cover,V1_50_reclaim_add2
,,0.31663414560203407,,,,,open,,242586.16851623898,,-1,2552.629372,0.5,516152,1.0,2024-08-21 13:45:00,,V1_50_reclaim_add2
0,,,242586.16851623898,2552.629372,0.5,516152,close,2653.100514,,-9548.148237797315,,,,516626,,2024-08-23 05:15:00,buy_cover,V1_50_reclaim_add2
,,0.32988467466653026,,,,,open,,237787.8357804887,,1,2653.100514,0.5,516626,1.0,2024-08-23 05:15:00,,V1_50_reclaim_add2
,1,0.3283665567424252,,,,,add,,119260.61277015004,,1,2670.534,0.25,516628,1.0,2024-08-23 05:25:00,,V1_50_reclaim_add2
,2,0.32801612502787314,,,,,add,,118527.22301033867,,1,2671.924278,0.24839029642192356,516629,1.0,2024-08-23 05:30:00,,V1_50_reclaim_add2
2,,,475575.6715609774,2662.132809211034,0.9983902964219236,516626,close,2733.4631980000004,,12547.481476414832,,,,517456,,2024-08-26 02:25:00,sell,V1_50_reclaim_add2
,,0.3123839571446341,,,,,open,,244061.57651869612,,-1,2733.4631980000004,0.5,517456,1.0,2024-08-26 02:25:00,,V1_50_reclaim_add2
,1,0.31233126057589367,,,,,add,,122056.81892918881,,-1,2731.20365,0.25,517513,1.0,2024-08-26 07:10:00,,V1_50_reclaim_add2
,2,0.30873986643349816,,,,,add,,122740.14621900127,,-1,2710.437804,0.25,517599,1.0,2024-08-26 14:20:00,,V1_50_reclaim_add2
2,,,488858.5416668862,2727.0832881181427,1.0,517456,close,2556.081114,,30653.967852016736,,,,518370,,2024-08-29 06:35:00,buy_cover,V1_50_reclaim_add2
,,0.2688596750049135,,,,,open,,259339.67459053782,,1,2556.081114,0.5,518370,1.0,2024-08-29 06:35:00,,V1_50_reclaim_add2
,1,0.2688740278548166,,,,,add,,129779.07676017475,,1,2561.41218,0.25,518427,1.0,2024-08-29 11:20:00,,V1_50_reclaim_add2
,2,0.2665041963059591,,,,,add,,129560.59783036307,,1,2569.9038779999996,0.24898467848981376,518433,1.0,2024-08-29 11:50:00,,V1_50_reclaim_add2
2,,,518679.34918107564,2560.8553359555817,0.9989846784898138,518370,close,2484.223056,,-15722.45611334138,,,,519181,,2024-09-01 02:10:00,sell,V1_50_reclaim_add2
,,0.29143803154151815,,,,,open,,251478.44653386713,,-1,2484.223056,0.5,519181,1.0,2024-09-01 02:10:00,,V1_50_reclaim_add2
,1,0.2903377792352626,,,,,add,,126012.89787043983,,-1,2472.415418,0.25,519221,1.0,2024-09-01 05:30:00,,V1_50_reclaim_add2
,2,0.2873467149220904,,,,,add,,126501.30743822907,,-1,2459.248052,0.25,519223,1.0,2024-09-01 05:40:00,,V1_50_reclaim_add2
2,,,503992.65184253606,2474.9590323659336,1.0,519181,close,2542.038306,,-13659.785601962416,,,,519690,,2024-09-02 20:35:00,buy_cover,V1_50_reclaim_add2
,,0.310966376053722,,,,,open,,244598.15446770168,,1,2316.0331140000003,0.5,521440,1.0,2024-09-08 22:25:00,,V1_50_reclaim_add2
,1,0.3107918364549923,,,,,add,,122334.8084367005,,1,2318.31357,0.25,521556,1.0,2024-09-09 08:05:00,,V1_50_reclaim_add2
,2,0.31012919047058096,,,,,add,,122263.34603100117,,1,2321.4742020000003,0.2496236631019848,521557,1.0,2024-09-09 08:10:00,,V1_50_reclaim_add2
2,,,489196.30893540336,2317.961124554971,0.9996236631019848,521440,close,2314.3170440000004,,-964.4198038144968,,,,522161,,2024-09-11 10:30:00,sell,V1_50_reclaim_add2
,,0.3119842261487741,,,,,open,,244115.94456579443,,-1,2314.3170440000004,0.5,522161,1.0,2024-09-11 10:30:00,,V1_50_reclaim_add2
,1,0.31204341458209084,,,,,add,,122083.12673529862,,-1,2312.43742,0.25,522164,1.0,2024-09-11 10:45:00,,V1_50_reclaim_add2
,2,0.31157202222064306,,,,,add,,121960.93936562135,,-1,2315.216864,0.25,522166,1.0,2024-09-11 10:55:00,,V1_50_reclaim_add2
2,,,488160.0106667144,2314.0713378433597,1.0,522161,close,2383.196544,,-14582.141132676858,,,,522796,,2024-09-13 15:25:00,buy_cover,V1_50_reclaim_add2
,,0.3330012417248748,,,,,open,,236776.05799838933,,1,2345.1289319999996,0.5,523935,1.0,2024-09-17 14:20:00,,V1_50_reclaim_add2
,1,0.33151659549465073,,,,,add,,118550.09466335792,,1,2352.490404,0.25,523937,1.0,2024-09-17 14:30:00,,V1_50_reclaim_add2
,2,0.3300320066817304,,,,,add,,118225.96333503141,,1,2362.502406,0.24854735254756188,523944,1.0,2024-09-17 15:05:00,,V1_50_reclaim_add2
2,,,473552.11599677865,2351.287710333077,0.9985473525475619,523935,close,2549.4100160000003,,39696.704725940246,,,,525467,,2024-09-22 22:00:00,sell,V1_50_reclaim_add2
,,0.2780498824898746,,,,,open,,256624.41036135945,,-1,2549.4100160000003,0.5,525467,1.0,2024-09-22 22:00:00,,V1_50_reclaim_add2
,1,0.27406764669338923,,,,,add,,128833.27052298114,,-1,2527.684362,0.25,525469,1.0,2024-09-22 22:10:00,,V1_50_reclaim_add2
1,,,385457.6808843406,2542.107118727429,0.75,525467,close,2637.987492,,-14538.248753722582,,,,526527,,2024-09-26 14:20:00,buy_cover,V1_50_reclaim_add2
,,0.29755099537418517,,,,,open,,249316.74021640973,,1,2637.987492,0.5,526527,1.0,2024-09-26 14:20:00,,V1_50_reclaim_add2
,1,0.29474679472872045,,,,,add,,125183.38280618348,,1,2661.2721479999996,0.25,526555,1.0,2024-09-26 16:40:00,,V1_50_reclaim_add2
,2,0.2970451325235586,,,,,add,,124133.35741022625,,1,2649.9398819999997,0.24872434922876752,526698,1.0,2024-09-27 04:35:00,,V1_50_reclaim_add2
2,,,498633.48043281946,2646.7732817982637,0.9987243492287675,526527,close,2644.1310679999997,,-697.0088627290679,,,,527308,,2024-09-29 07:25:00,sell,V1_50_reclaim_add2
,,0.2979003393938141,,,,,open,,248968.2357850452,,-1,2644.1310679999997,0.5,527308,1.0,2024-09-29 07:25:00,,V1_50_reclaim_add2
,1,0.29842219317747143,,,,,add,,124526.53115363787,,-1,2641.2716400000004,0.25,527513,1.0,2024-09-30 00:30:00,,V1_50_reclaim_add2
,2,0.2962145954655252,,,,,add,,124918.83704912904,,-1,2629.813932,0.25,527514,1.0,2024-09-30 00:35:00,,V1_50_reclaim_add2
2,,,498413.60398781206,2639.8150545616786,1.0,527308,close,2396.22915,,45990.5613978341,,,,528850,,2024-10-04 15:55:00,buy_cover,V1_50_reclaim_add2
,,0.23387748106160555,,,,,open,,271913.6751235635,,1,2396.22915,0.5,528850,1.0,2024-10-04 15:55:00,,V1_50_reclaim_add2
,1,0.23059695490547782,,,,,add,,136462.5969159226,,1,2415.022908,0.25,528852,1.0,2024-10-04 16:05:00,,V1_50_reclaim_add2
,2,0.22819631401799934,,,,,add,,135451.0782076409,,1,2424.9949020000004,0.24740366304475347,528855,1.0,2024-10-04 16:20:00,,V1_50_reclaim_add2
2,,,543827.350247127,2408.0460539078977,0.9974036630447535,528850,close,2412.987306,,897.9650208353996,,,,529800,,2024-10-07 23:05:00,sell,V1_50_reclaim_add2
,,0.2341068203585409,,,,,open,,272362.6576339812,,-1,2412.987306,0.5,529800,1.0,2024-10-07 23:05:00,,V1_50_reclaim_add2
,1,0.23189145315573512,,,,,add,,136330.1402111977,,-1,2406.7485540000002,0.25,529998,1.0,2024-10-08 15:35:00,,V1_50_reclaim_add2
,2,0.22845905731205096,,,,,add,,136596.58063154173,,-1,2400.1398759999997,0.25,530349,1.0,2024-10-09 20:50:00,,V1_50_reclaim_add2
2,,,545289.3784767205,2408.1974667565396,1.0,529800,close,2419.7038439999997,,-2605.372941656504,,,,530796,,2024-10-11 10:05:00,buy_cover,V1_50_reclaim_add2
,,0.2364666366985444,,,,,open,,271005.4422253053,,1,2419.7038439999997,0.5,530796,1.0,2024-10-11 10:05:00,,V1_50_reclaim_add2
,1,0.2347817939392094,,,,,add,,135886.30173165153,,1,2434.376778,0.25,530838,1.0,2024-10-11 13:35:00,,V1_50_reclaim_add2
,2,0.23089790491262374,,,,,add,,135119.14049365377,,1,2450.299962,0.24739754498937472,530858,1.0,2024-10-11 15:15:00,,V1_50_reclaim_add2
2,,,542010.8844506106,2430.944400822415,0.9973975449893747,530796,close,2442.21146,,2294.3509439956397,,,,531435,,2024-10-13 15:20:00,sell,V1_50_reclaim_add2
,,0.23301665043568442,,,,,open,,272152.6176973031,,-1,2442.21146,0.5,531435,1.0,2024-10-13 15:20:00,,V1_50_reclaim_add2
,1,0.23297771391311306,,,,,add,,136144.6316675612,,-1,2438.782146,0.25,531437,1.0,2024-10-13 15:30:00,,V1_50_reclaim_add2
,2,0.23285107815867412,,,,,add,,136162.790590874,,-1,2438.0222980000003,0.25,531440,1.0,2024-10-13 15:45:00,,V1_50_reclaim_add2
2,,,544460.0399557383,2440.3047705993495,1.0,531435,close,2658.08151,,-48588.46967611369,,,,531995,,2024-10-15 14:00:00,buy_cover,V1_50_reclaim_add2
,,0.304092603198872,,,,,open,,247803.93685525074,,1,2658.08151,0.5,531995,1.0,2024-10-15 14:00:00,,V1_50_reclaim_add2
0,,,247803.93685525074,2658.08151,0.5,531995,close,2587.992298,,-6630.678110429028,,,,532573,,2024-10-17 14:10:00,sell,V1_50_reclaim_add2
,,0.3112749974654956,,,,,open,,244488.59780003622,,-1,2644.710952,0.5,533849,1.0,2024-10-22 00:30:00,,V1_50_reclaim_add2
,1,0.309734697131237,,,,,add,,122519.54091077032,,-1,2631.743546,0.25,533946,1.0,2024-10-22 08:35:00,,V1_50_reclaim_add2
,2,0.3078672194222447,,,,,add,,122849.15778588846,,-1,2621.905514,0.25,533956,1.0,2024-10-22 09:25:00,,V1_50_reclaim_add2
2,,,489857.296496695,2635.7133513304,1.0,533849,close,2513.472594,,22718.925837314164,,,,535544,,2024-10-27 21:45:00,buy_cover,V1_50_reclaim_add2
,,0.27797439115736533,,,,,open,,255799.07498904364,,1,2513.472594,0.5,535544,1.0,2024-10-27 21:45:00,,V1_50_reclaim_add2
,1,0.27872477599169565,,,,,add,,128021.75577825251,,1,2519.2837560000003,0.25,535659,1.0,2024-10-28 07:20:00,,V1_50_reclaim_add2
,2,0.2776687833739683,,,,,add,,127777.31921079113,,1,2520.944088,0.24942425422205372,535661,1.0,2024-10-28 07:30:00,,V1_50_reclaim_add2
2,,,511598.1499780873,2516.7883447331665,0.9994242542220537,535544,close,2609.557984,,18645.51356028847,,,,536601,,2024-10-31 13:50:00,sell,V1_50_reclaim_add2
,,0.25284943309381736,,,,,open,,265121.8317691879,,-1,2609.557984,0.5,536601,1.0,2024-10-31 13:50:00,,V1_50_reclaim_add2
,1,0.252579421248018,,,,,add,,132857.16186225752,,-1,2596.850526,0.25,536603,1.0,2024-10-31 14:00:00,,V1_50_reclaim_add2
,2,0.24632745856881944,,,,,add,,133657.52807558616,,-1,2575.544788,0.25,536604,1.0,2024-10-31 14:05:00,,V1_50_reclaim_add2
2,,,531636.5217070315,2597.756328277634,1.0,536601,close,2485.7370479999995,,22925.01138116978,,,,538173,,2024-11-06 00:50:00,buy_cover,V1_50_reclaim_add2
,,0.22153706804765094,,,,,open,,276531.173807602,,1,2485.7370479999995,0.5,538173,1.0,2024-11-06 00:50:00,,V1_50_reclaim_add2
,1,0.2189828996509282,,,,,add,,138379.75107009703,,1,2490.838068,0.25,538176,1.0,2024-11-06 01:05:00,,V1_50_reclaim_add2
,2,0.21826120412198435,,,,,add,,138151.422737505,,1,2504.490798,0.24859000027772216,538177,1.0,2024-11-06 01:10:00,,V1_50_reclaim_add2
2,,,553062.347615204,2491.674378119092,0.9985900002777222,538173,close,3423.8650900000002,,206608.94515645062,,,,551988,,2024-12-24 00:05:00,sell,V1_50_reclaim_add2
,,0.16220289701928314,,,,,open,,379835.64638582733,,1,3488.8776359999997,0.5,552276,1.0,2024-12-25 00:05:00,,V1_50_reclaim_add2
,1,0.1618494370191197,,,,,add,,190022.71109862503,,1,3494.1286859999996,0.25,552284,1.0,2024-12-25 00:45:00,,V1_50_reclaim_add2
,2,0.16120118250258464,,,,,add,,189812.9352872023,,1,3497.5893779999997,0.2495635385182322,552343,1.0,2024-12-25 05:40:00,,V1_50_reclaim_add2
2,,,759671.2927716547,3492.363940728884,0.9995635385182322,552276,close,3399.0700500000003,,-20589.336875155568,,,,553428,,2024-12-29 00:05:00,sell,V1_50_reclaim_add2
,,0.18490967421414595,,,,,open,,369540.97794824955,,1,3455.500962,0.5,554868,1.0,2025-01-03 00:05:00,,V1_50_reclaim_add2
,1,0.18420242934554965,,,,,add,,184956.74072997255,,1,3463.8526319999996,0.25,554873,1.0,2025-01-03 00:30:00,,V1_50_reclaim_add2
,2,0.18396808008916277,,,,,add,,184584.237218277,,1,3463.282518,0.24955227122662782,554891,1.0,2025-01-03 02:00:00,,V1_50_reclaim_add2
2,,,739081.9558964991,3459.529697893081,0.9995522712266278,554868,close,3221.045662,,-51224.130052234046,,,,556884,,2025-01-10 00:05:00,sell,V1_50_reclaim_add2
,,0.24140177569121057,,,,,open,,343928.9129221325,,1,3447.199302,0.5,558612,1.0,2025-01-16 00:05:00,,V1_50_reclaim_add2
,1,0.23959640331771226,,,,,add,,172400.39442810623,,1,3466.0630739999997,0.25,559143,1.0,2025-01-17 20:20:00,,V1_50_reclaim_add2
,2,0.23571860225861163,,,,,add,,171528.5184940263,,1,3489.477756,0.2475044844128661,559145,1.0,2025-01-17 20:30:00,,V1_50_reclaim_add2
2,,,687857.825844265,3462.3831381042405,0.9975044844128661,558612,close,3269.8059080000003,,-38518.36268654396,,,,560052,,2025-01-21 00:05:00,sell,V1_50_reclaim_add2
,,0.2838814283744232,,,,,open,,324669.73157886055,,-1,3085.752726,0.5,562356,1.0,2025-01-29 00:05:00,,V1_50_reclaim_add2
,1,0.2838378710319863,,,,,add,,162282.1488386842,,-1,3086.522572,0.25,562533,1.0,2025-01-29 14:50:00,,V1_50_reclaim_add2
,2,0.2794322645658488,,,,,add,,163136.37156454453,,-1,3064.456986,0.25,562589,1.0,2025-01-29 19:30:00,,V1_50_reclaim_add2
2,,,650088.2519820892,3080.5723708808014,1.0,562356,close,3258.45156,,-37537.53279108484,,,,562932,,2025-01-31 00:05:00,buy_cover,V1_50_reclaim_add2
,,0.32542276992112673,,,,,open,,305835.9563581199,,-1,3119.955884,0.5,563508,1.0,2025-02-02 00:05:00,,V1_50_reclaim_add2
,1,0.32510048483339016,,,,,add,,152913.36620678738,,-1,3118.896096,0.25,563542,1.0,2025-02-02 02:55:00,,V1_50_reclaim_add2
,2,0.3219660901501249,,,,,add,,154003.33050746575,,-1,3088.83211,0.25,563546,1.0,2025-02-02 03:15:00,,V1_50_reclaim_add2
2,,,612752.653072373,3111.811470088318,1.0,563508,close,2670.594012,,86880.98108794971,,,,566964,,2025-02-14 00:05:00,buy_cover,V1_50_reclaim_add2
,,0.23025748189822837,,,,,open,,349215.1716367875,,1,2670.594012,0.5,566964,1.0,2025-02-14 00:05:00,,V1_50_reclaim_add2
,1,0.22930483764654352,,,,,add,,174706.67666279402,,1,2674.6948319999997,0.25,566968,1.0,2025-02-14 00:25:00,,V1_50_reclaim_add2
,2,0.22885219305867,,,,,add,,174508.49497399345,,1,2678.1755279999998,0.24949778145150325,566969,1.0,2025-02-14 00:30:00,,V1_50_reclaim_add2
2,,,698430.343273575,2673.510348169596,0.9994977814515033,566964,close,2634.862922,,-10371.595838618581,,,,568315,,2025-02-18 16:40:00,sell,V1_50_reclaim_add2
,,0.2413345710975634,,,,,open,,344029.3737174782,,-1,2634.862922,0.5,568315,1.0,2025-02-18 16:40:00,,V1_50_reclaim_add2
,1,0.23952084670424356,,,,,add,,172405.19849243667,,-1,2621.845526,0.25,568325,1.0,2025-02-18 17:30:00,,V1_50_reclaim_add2
,2,0.23934955370247146,,,,,add,,172488.06390962226,,-1,2619.805934,0.25,568326,1.0,2025-02-18 17:35:00,,V1_50_reclaim_add2
2,,,688922.636119537,2627.816456277802,1.0,568315,close,2760.552,,-34798.64219478774,,,,568861,,2025-02-20 14:10:00,buy_cover,V1_50_reclaim_add2
,,0.2797095357006959,,,,,open,,326561.16035647236,,-1,2737.1024700000003,0.5,569885,1.0,2025-02-24 03:30:00,,V1_50_reclaim_add2
,1,0.27582808136363257,,,,,add,,164221.58960432964,,-1,2704.459,0.25,569897,1.0,2025-02-24 04:30:00,,V1_50_reclaim_add2
,2,0.27481299518142066,,,,,add,,164675.85592950112,,-1,2694.001092,0.25,569898,1.0,2025-02-24 04:35:00,,V1_50_reclaim_add2
2,,,655458.6058903032,2717.958019706452,1.0,569885,close,2263.9927079999998,,109477.60323536757,,,,571759,,2025-03-02 15:40:00,buy_cover,V1_50_reclaim_add2
,,0.16411621425048406,,,,,open,,381234.41611356713,,1,2263.9927079999998,0.5,571759,1.0,2025-03-02 15:40:00,,V1_50_reclaim_add2
,1,0.15195923160896596,,,,,add,,192252.55708155822,,1,2303.76066,0.25,571770,1.0,2025-03-02 16:35:00,,V1_50_reclaim_add2
,2,0.12186214739814605,,,,,add,,188981.8590320089,,1,2453.270556,0.2343027771798767,571771,1.0,2025-03-02 16:40:00,,V1_50_reclaim_add2
2,,,762468.8322271343,2318.418533984521,0.9843027771798767,571759,close,2162.987316,,-51401.88267053384,,,,573015,,2025-03-07 00:20:00,sell,V1_50_reclaim_add2
,,0.21430623634634471,,,,,open,,355533.4747783002,,-1,2162.987316,0.5,573015,1.0,2025-03-07 00:20:00,,V1_50_reclaim_add2
,1,0.21240670892910973,,,,,add,,178059.039604708,,-1,2155.0089120000002,0.25,573219,1.0,2025-03-07 17:20:00,,V1_50_reclaim_add2
,2,0.20803955823996811,,,,,add,,179676.0279097751,,-1,2128.534208,0.25,573265,1.0,2025-03-07 21:10:00,,V1_50_reclaim_add2
2,,,713268.5422927833,2152.222673644537,1.0,573015,close,1933.006524,,72650.49317100993,,,,575212,,2025-03-14 15:25:00,buy_cover,V1_50_reclaim_add2
,,0.1371118399539326,,,,,open,,391787.3945095759,,1,1933.006524,0.5,575212,1.0,2025-03-14 15:25:00,,V1_50_reclaim_add2
,1,0.13470655192671588,,,,,add,,195971.04571636766,,1,1935.306984,0.25,575214,1.0,2025-03-14 15:35:00,,V1_50_reclaim_add2
,2,0.13325380835738831,,,,,add,,195816.34879320825,,1,1934.6268479999999,0.2498935123775139,575251,1.0,2025-03-14 18:40:00,,V1_50_reclaim_add2
2,,,783574.7890191518,1933.9862604273192,0.9998935123775139,575212,close,1898.630198,,-14632.548188196844,,,,575736,,2025-03-16 11:05:00,sell,V1_50_reclaim_add2
,,0.15164366683921926,,,,,open,,384471.1204154775,,-1,1898.630198,0.5,575736,1.0,2025-03-16 11:05:00,,V1_50_reclaim_add2
,1,0.1484639959432762,,,,,add,,193040.85978177655,,-1,1881.963532,0.25,575739,1.0,2025-03-16 11:20:00,,V1_50_reclaim_add2
,2,0.14546022611992815,,,,,add,,193871.0151594268,,-1,1870.8257600000002,0.25,575743,1.0,2025-03-16 11:40:00,,V1_50_reclaim_add2
2,,,771382.9953566809,1887.3973087604572,1.0,575736,close,1980.706062,,-38135.438742819475,,,,576594,,2025-03-19 10:35:00,buy_cover,V1_50_reclaim_add2
,,0.19420600072052263,,,,,open,,365326.2627445321,,-1,2034.403038,0.5,578650,1.0,2025-03-26 13:55:00,,V1_50_reclaim_add2
,1,0.1922841756367677,,,,,add,,183149.05510535024,,-1,2022.765366,0.25,578655,1.0,2025-03-26 14:20:00,,V1_50_reclaim_add2
,2,0.1882623793648056,,,,,add,,184044.9070231003,,-1,2009.228074,0.25,578656,1.0,2025-03-26 14:25:00,,V1_50_reclaim_add2
2,,,732520.2248729826,2025.1147441016751,1.0,578650,close,1860.251976,,59633.838932657614,,,,580291,,2025-04-01 06:40:00,buy_cover,V1_50_reclaim_add2
,,0.1267188088168134,,,,,open,,395069.9301883736,,1,1860.251976,0.5,580291,1.0,2025-04-01 06:40:00,,V1_50_reclaim_add2
,1,0.1257613895993943,,,,,add,,198139.893447451,,1,1872.394404,0.25,580311,1.0,2025-04-01 08:20:00,,V1_50_reclaim_add2
,2,0.1234900956090137,,,,,add,,196930.0367409226,,1,1878.385602,0.24790221614615082,580312,1.0,2025-04-01 08:25:00,,V1_50_reclaim_add2
2,,,790139.8603767472,1867.7833945660807,0.9979022161461508,580291,close,1845.6308000000001,,-9683.624066278106,,,,580765,,2025-04-02 22:10:00,sell,V1_50_reclaim_add2
,,0.13693960577630415,,,,,open,,390228.11815523455,,-1,1845.6308000000001,0.5,580765,1.0,2025-04-02 22:10:00,,V1_50_reclaim_add2
,1,0.13482022787130632,,,,,add,,196180.61213684827,,-1,1824.714984,0.25,580767,1.0,2025-04-02 22:20:00,,V1_50_reclaim_add2
,2,0.13264687300913303,,,,,add,,196617.79353450888,,-1,1818.98613,0.25,580768,1.0,2025-04-02 22:25:00,,V1_50_reclaim_add2
2,,,783026.5238265917,1833.6206465865403,1.0,580765,close,1596.499236,,101259.98755856801,,,,582726,,2025-04-09 17:35:00,buy_cover,V1_50_reclaim_add2
,,0.08832765222338967,,,,,open,,440779.80928213586,,1,1596.499236,0.5,582726,1.0,2025-04-09 17:35:00,,V1_50_reclaim_add2
,1,0.0871097859215807,,,,,add,,220412.7742632443,,1,1597.46943,0.25,582729,1.0,2025-04-09 17:50:00,,V1_50_reclaim_add2
,2,0.08537278147889238,,,,,add,,220367.03501889156,,1,1605.6810719999999,0.24901305759430326,582730,1.0,2025-04-09 17:55:00,,V1_50_reclaim_add2
2,,,881559.6185642717,1599.027756602779,0.9990130575943033,582726,close,1575.8847600000001,,-13106.445556530845,,,,583835,,2025-04-13 14:00:00,sell,V1_50_reclaim_add2
,,0.1050364450790926,,,,,open,,434226.58650387044,,-1,1575.8847600000001,0.5,583835,1.0,2025-04-13 14:00:00,,V1_50_reclaim_add2
,1,0.10243341135919071,,,,,add,,216852.2338699388,,-1,1579.044128,0.25,583837,1.0,2025-04-13 14:10:00,,V1_50_reclaim_add2
,2,0.09804461303749057,,,,,add,,218208.24658321872,,-1,1565.696798,0.25,584596,1.0,2025-04-16 05:25:00,,V1_50_reclaim_add2
2,,,869287.0669570279,1574.0993229651008,1.0,583835,close,1598.859708,,-13673.74127856642,,,,585438,,2025-04-19 03:35:00,buy_cover,V1_50_reclaim_add2
,,0.11675069642119273,,,,,open,,427302.78715789155,,1,1797.7894860000001,0.5,587270,1.0,2025-04-25 12:15:00,,V1_50_reclaim_add2
,1,0.11514917006355474,,,,,add,,213850.4652431928,,1,1801.8603,0.25,587301,1.0,2025-04-25 14:50:00,,V1_50_reclaim_add2
,2,0.11389138804171939,,,,,add,,213452.32191469875,,1,1809.581844,0.24875952522623535,587303,1.0,2025-04-25 15:00:00,,V1_50_reclaim_add2
2,,,854605.5743157831,1801.7406500845582,0.9987595252262353,587270,close,1779.8539580000001,,-10718.99968541821,,,,587989,,2025-04-28 00:10:00,sell,V1_50_reclaim_add2
,,0.12792110040177196,,,,,open,,421943.28731518245,,-1,1779.8539580000001,0.5,587989,1.0,2025-04-28 00:10:00,,V1_50_reclaim_add2
,1,0.12715827572474792,,,,,add,,211187.2073040173,,-1,1775.5048279999999,0.25,587992,1.0,2025-04-28 00:25:00,,V1_50_reclaim_add2
,2,0.12549845510628765,,,,,add,,211012.1445687667,,-1,1777.234482,0.25,588000,1.0,2025-04-28 01:05:00,,V1_50_reclaim_add2
2,,,844142.6391879665,1778.1091804118316,1.0,587989,close,1831.326192,,-25264.301692265668,,,,588975,,2025-05-01 10:20:00,buy_cover,V1_50_reclaim_add2
,,0.1541145336363986,,,,,open,,409226.7222051308,,1,1839.897906,0.5,590584,1.0,2025-05-07 00:25:00,,V1_50_reclaim_add2
,1,0.153136840364682,,,,,add,,204800.9355742897,,1,1844.008728,0.25,590592,1.0,2025-05-07 01:05:00,,V1_50_reclaim_add2
,2,0.1534065077830773,,,,,add,,204425.7866308411,,1,1844.058738,0.24956192924560927,590696,1.0,2025-05-07 09:45:00,,V1_50_reclaim_add2
2,,,818453.4444102616,1841.9634863177814,0.9995619292456093,590584,close,2404.3390360000003,,249457.25145477604,,,,599220,,2025-06-06 00:05:00,sell,V1_50_reclaim_add2
,,0.13207615201557665,,,,,open,,533955.3479325188,,-1,2404.3390360000003,0.5,599220,1.0,2025-06-06 00:05:00,,V1_50_reclaim_add2
,1,0.1323966024833918,,,,,add,,266720.56088432,,-1,2408.0083019999997,0.25,599224,1.0,2025-06-06 00:25:00,,V1_50_reclaim_add2
1,,,800675.9088168389,2405.560096442852,0.75,599220,close,2474.4847979999995,,-22941.130795438774,,,,599508,,2025-06-07 00:05:00,buy_cover,V1_50_reclaim_add2
,,0.15199487667883593,,,,,open,,522404.7149439177,,1,2537.7074399999997,0.5,599778,1.0,2025-06-07 22:35:00,,V1_50_reclaim_add2
,1,0.1513292061372532,,,,,add,,261196.95053622464,,1,2538.617622,0.25,600058,1.0,2025-06-08 21:55:00,,V1_50_reclaim_add2
,2,0.15089963294775433,,,,,add,,261207.76440769306,,1,2543.398578,0.2496826965590666,600223,1.0,2025-06-09 11:40:00,,V1_50_reclaim_add2
2,,,1044809.4298878354,2539.3555991870385,0.9996826965590666,599778,close,2310.547798,,-94522.43895132269,,,,603796,,2025-06-21 21:25:00,sell,V1_50_reclaim_add2
,,0.2284074382278375,,,,,open,,475143.49546825635,,-1,2310.547798,0.5,603796,1.0,2025-06-21 21:25:00,,V1_50_reclaim_add2
,1,0.22385245058280234,,,,,add,,239174.68682695998,,-1,2278.4442200000003,0.25,603798,1.0,2025-06-21 21:35:00,,V1_50_reclaim_add2
,2,0.21233208571255902,,,,,add,,242813.7271742239,,-1,2231.273656,0.25,603822,1.0,2025-06-21 23:35:00,,V1_50_reclaim_add2
2,,,957131.9094694402,2281.9455222660163,1.0,603796,close,2309.571822,,-11587.447787583573,,,,604284,,2025-06-23 14:05:00,buy_cover,V1_50_reclaim_add2
,,0.23806958402610923,,,,,open,,469254.05838351767,,1,2309.571822,0.5,604284,1.0,2025-06-23 14:05:00,,V1_50_reclaim_add2
,1,0.23736669377846986,,,,,add,,234788.32891205206,,1,2313.672642,0.25,604351,1.0,2025-06-23 19:40:00,,V1_50_reclaim_add2
,2,0.23264366149984217,,,,,add,,234465.7294714656,,1,2336.077122,0.24788043313798647,604358,1.0,2025-06-23 20:15:00,,V1_50_reclaim_add2
2,,,938508.1167670353,2317.1674502697892,0.9978804331379865,604284,close,2393.481208,,30521.165088094072,,,,605281,,2025-06-27 01:10:00,sell,V1_50_reclaim_add2
,,0.21364951108961705,,,,,open,,484514.6409275647,,-1,2393.481208,0.5,605281,1.0,2025-06-27 01:10:00,,V1_50_reclaim_add2
,1,0.21338375900632534,,,,,add,,242243.275376136,,-1,2392.8013440000004,0.25,605491,1.0,2025-06-27 18:40:00,,V1_50_reclaim_add2
1,,,726757.9163037008,2393.254552504336,0.75,605281,close,2454.9909,,-18747.403134295484,,,,605958,,2025-06-29 09:35:00,buy_cover,V1_50_reclaim_add2
,,0.2287108423631402,,,,,open,,475068.26356878655,,1,2454.9909,0.5,605958,1.0,2025-06-29 09:35:00,,V1_50_reclaim_add2
,1,0.22856976280261532,,,,,add,,237615.7773575097,,1,2457.661434,0.25,605974,1.0,2025-06-29 10:55:00,,V1_50_reclaim_add2
,2,0.2276931738336403,,,,,add,,237452.48621127685,,1,2460.4719959999998,0.24963902284437478,605985,1.0,2025-06-29 11:50:00,,V1_50_reclaim_add2
2,,,950136.5271375731,2457.026475236061,0.9996390228443748,605958,close,2402.759352,,-21356.816864068038,,,,606708,,2025-07-02 00:05:00,sell,V1_50_reclaim_add2
,,0.24616879383139578,,,,,open,,464389.85513675254,,1,2535.617022,0.5,608021,1.0,2025-07-06 13:30:00,,V1_50_reclaim_add2
,1,0.24462081766846755,,,,,add,,232692.79251292686,,1,2547.5094,0.25,608025,1.0,2025-07-06 13:50:00,,V1_50_reclaim_add2
,2,0.24081913191063997,,,,,add,,231697.06262382568,,1,2565.823062,0.24761817294508592,608026,1.0,2025-07-06 13:55:00,,V1_50_reclaim_add2
2,,,928779.710273505,2546.0721239999143,0.9976181729450859,608021,close,4157.91825,,587377.4753839043,,,,631188,,2025-09-25 00:05:00,sell,V1_50_reclaim_add2
,,0.16054573156399377,,,,,open,,758078.5928287046,,1,4209.771786,0.5,632628,1.0,2025-09-30 00:05:00,,V1_50_reclaim_add2
,1,0.15490605023800885,,,,,add,,381642.94782845536,,1,4269.313692,0.25,633020,1.0,2025-10-01 08:45:00,,V1_50_reclaim_add2
,2,0.151513663472725,,,,,add,,376435.64500024926,,1,4291.788186,0.24563934856807212,633021,1.0,2025-10-01 08:50:00,,V1_50_reclaim_add2
2,,,1516157.185657409,4244.813880332244,0.9956393485680721,632628,close,4134.812872,,-39880.70707521401,,,,636372,,2025-10-13 00:05:00,sell,V1_50_reclaim_add2
,,0.18262657522534442,,,,,open,,738138.2392910975,,1,4153.360506,0.5,640404,1.0,2025-10-27 00:05:00,,V1_50_reclaim_add2
,1,0.18049679419092646,,,,,add,,370011.67981451645,,1,4176.2450819999995,0.25,640406,1.0,2025-10-27 00:15:00,,V1_50_reclaim_add2
,2,0.17921607209764967,,,,,add,,368126.55947658105,,1,4185.606954000001,0.2483329699172483,640410,1.0,2025-10-27 00:35:00,,V1_50_reclaim_add2
2,,,1476276.478582195,4167.089134894646,0.9983329699172483,640404,close,3899.2200000000003,,-95450.61090910388,,,,641268,,2025-10-30 00:05:00,sell,V1_50_reclaim_add2
,,0.23547493653672702,,,,,open,,690412.9338365456,,-1,3602.5093540000003,0.5,642708,1.0,2025-11-04 00:05:00,,V1_50_reclaim_add2
,1,0.2346401543436566,,,,,add,,345464.11974438507,,-1,3595.690718,0.25,642710,1.0,2025-11-04 00:15:00,,V1_50_reclaim_add2
,2,0.23220468747142986,,,,,add,,346685.2419740712,,-1,3578.23421,0.25,642712,1.0,2025-11-04 00:25:00,,V1_50_reclaim_add2
2,,,1382562.2955550018,3594.6909152361395,1.0,642708,close,2955.54099,,245824.96023278194,,,,649044,,2025-11-26 00:05:00,buy_cover,V1_50_reclaim_add2
,,0.10030441154254577,,,,,open,,813187.157723381,,1,2955.54099,0.5,649044,1.0,2025-11-26 00:05:00,,V1_50_reclaim_add2
,1,0.09835827062124647,,,,,add,,407144.9715383658,,1,2964.74283,0.25,649048,1.0,2025-11-26 00:25:00,,V1_50_reclaim_add2
,2,0.09725576132864833,,,,,add,,406042.18618501513,,1,2963.7026220000002,0.24941347328577046,649062,1.0,2025-11-26 01:35:00,,V1_50_reclaim_add2
2,,,1626374.315446762,2959.875797956829,0.9994134732857705,649044,close,2988.7621280000003,,15215.449692407623,,,,650032,,2025-11-29 10:25:00,sell,V1_50_reclaim_add2
,,0.0907335138921127,,,,,open,,820794.8825695848,,-1,2988.7621280000003,0.5,650032,1.0,2025-11-29 10:25:00,,V1_50_reclaim_add2
,1,0.0910813348083569,,,,,add,,410396.3605689677,,-1,2987.582364,0.25,650087,1.0,2025-11-29 15:00:00,,V1_50_reclaim_add2
,2,0.09022119440904097,,,,,add,,410849.6153521421,,-1,2982.783324,0.25,650118,1.0,2025-11-29 17:35:00,,V1_50_reclaim_add2
2,,,1642040.8584906945,2986.9692931594814,1.0,650032,close,2859.97188,,69814.95580007811,,,,650941,,2025-12-02 14:10:00,buy_cover,V1_50_reclaim_add2
,,0.05396448639028595,,,,,open,,855538.1563837748,,1,2859.97188,0.5,650941,1.0,2025-12-02 14:10:00,,V1_50_reclaim_add2
,1,0.052202802813120064,,,,,add,,427593.8167850997,,1,2858.77164,0.25,650943,1.0,2025-12-02 14:20:00,,V1_50_reclaim_add2
,2,0.05168395358139488,,,,,add,,427267.31065232574,,1,2856.241134,0.25,650945,1.0,2025-12-02 14:30:00,,V1_50_reclaim_add2
2,,,1710399.2838212005,2858.73905136579,1.0,650941,close,3064.856906,,122588.03014707938,,,,651829,,2025-12-05 16:10:00,sell,V1_50_reclaim_add2
,,0.05277167414575723,,,,,open,,916832.1714573146,,-1,3064.856906,0.5,651829,1.0,2025-12-05 16:10:00,,V1_50_reclaim_add2
,1,0.04948681259154375,,,,,add,,460394.8095639092,,-1,3037.1724440000003,0.25,651834,1.0,2025-12-05 16:35:00,,V1_50_reclaim_add2
,2,0.04583267843740613,,,,,add,,462002.61909269635,,-1,3022.49538,0.25,651835,1.0,2025-12-05 16:40:00,,V1_50_reclaim_add2
2,,,1839229.6001139202,3047.176289370747,1.0,651829,close,3079.935864,,-19773.110261807917,,,,652419,,2025-12-07 17:20:00,buy_cover,V1_50_reclaim_add2
,,0.0636479470775817,,,,,open,,906761.6933663993,,1,3079.935864,0.5,652419,1.0,2025-12-07 17:20:00,,V1_50_reclaim_add2
,1,0.05684432032038689,,,,,add,,455582.4423538267,,1,3111.0920939999996,0.25,652422,1.0,2025-12-07 17:35:00,,V1_50_reclaim_add2
,2,0.05541752228175534,,,,,add,,451179.25101257255,,1,3111.612198,0.24757737204326524,652423,1.0,2025-12-07 17:40:00,,V1_50_reclaim_add2
2,,,1813523.3867327985,3095.5636618471935,0.9975773720432652,652419,close,3282.453378,,108719.45256898273,,,,653371,,2025-12-11 00:40:00,sell,V1_50_reclaim_add2
,,0.043911728789905236,,,,,open,,961121.4196508906,,-1,3282.453378,0.5,653371,1.0,2025-12-11 00:40:00,,V1_50_reclaim_add2
,1,0.042685948594250345,,,,,add,,481970.0504098752,,-1,3261.887492,0.25,653373,1.0,2025-12-11 00:50:00,,V1_50_reclaim_add2
,2,0.041755877729827584,,,,,add,,482605.6919618599,,-1,3255.678734,0.25,653378,1.0,2025-12-11 01:15:00,,V1_50_reclaim_add2
2,,,1925697.1620226256,3270.551664995299,1.0,653371,close,3127.77543,,84066.56112587266,,,,654541,,2025-12-15 02:10:00,buy_cover,V1_50_reclaim_add2
,,0.02349897987353844,,,,,open,,1002962.1304976247,,1,3127.77543,0.5,654541,1.0,2025-12-15 02:10:00,,V1_50_reclaim_add2
,1,0.020466413725913957,,,,,add,,502798.6379747682,,1,3145.468968,0.25,654543,1.0,2025-12-15 02:20:00,,V1_50_reclaim_add2
,2,0.020300583124103544,,,,,add,,500163.49252285657,,1,3147.069288,0.24861959731575423,654624,1.0,2025-12-15 09:05:00,,V1_50_reclaim_add2
2,,,2005924.2609952497,3136.993876393244,0.9986195973157542,654541,close,2862.9073040000003,,-175994.53722479963,,,,655288,,2025-12-17 16:25:00,sell,V1_50_reclaim_add2
,,0.10863751024491297,,,,,open,,914964.861885225,,1,2966.84325,0.5,657584,1.0,2025-12-25 15:45:00,,V1_50_reclaim_add2
,1,0.10832161986535194,,,,,add,,457003.99221901555,,1,2961.822246,0.25,657586,1.0,2025-12-25 15:55:00,,V1_50_reclaim_add2
,2,0.10655587182524595,,,,,add,,457960.8696662095,,1,2975.595,0.24967836698384616,657711,1.0,2025-12-26 02:20:00,,V1_50_reclaim_add2
2,,,1829929.72377045,2967.7712600302325,0.9996783669838462,657584,close,3175.724728,,127441.06276559271,,,,661320,,2026-01-07 15:05:00,sell,V1_50_reclaim_add2
,,0.048860785437347065,,,,,open,,978685.3932680214,,-1,3175.724728,0.5,661320,1.0,2026-01-07 15:05:00,,V1_50_reclaim_add2
,1,0.04263760491571822,,,,,add,,490793.1079184985,,-1,3155.628748,0.25,661323,1.0,2026-01-07 15:20:00,,V1_50_reclaim_add2
,2,0.04210953970626119,,,,,add,,491652.7114628919,,-1,3147.790316,0.25,661360,1.0,2026-01-07 18:25:00,,V1_50_reclaim_add2
2,,,1961131.2126494118,3163.64434152695,1.0,661320,close,3107.1213,,35038.497613730375,,,,662399,,2026-01-11 09:00:00,buy_cover,V1_50_reclaim_add2
,,0.028920692187811126,,,,,open,,996008.5289536216,,1,3107.1213,0.5,662399,1.0,2026-01-11 09:00:00,,V1_50_reclaim_add2
,1,0.029230597235083255,,,,,add,,498162.68006841163,,1,3110.341944,0.25,662423,1.0,2026-01-11 11:00:00,,V1_50_reclaim_add2
,2,0.027651426887998043,,,,,add,,497845.84888521,,1,3118.1235,0.24939793414277323,662445,1.0,2026-01-11 12:50:00,,V1_50_reclaim_add2
2,,,1992017.0579072433,3110.669904242102,0.9993979341427732,662399,close,3287.4323820000004,,112353.51067217346,,,,663918,,2026-01-16 15:35:00,sell,V1_50_reclaim_add2
,,0.037564686720409135,,,,,open,,1052185.2842897084,,-1,3287.4323820000004,0.5,663918,1.0,2026-01-16 15:35:00,,V1_50_reclaim_add2
,1,0.029565459899948632,,,,,add,,528309.0158591928,,-1,3258.4181860000003,0.25,663920,1.0,2026-01-16 15:45:00,,V1_50_reclaim_add2
,2,0.025967179632902626,,,,,add,,527172.6581154949,,-1,3267.406388,0.25,663921,1.0,2026-01-16 15:50:00,,V1_50_reclaim_add2
2,,,2107666.958264396,3275.1017026430873,1.0,663918,close,3341.928252,,-43005.634955962654,,,,664479,,2026-01-18 14:20:00,buy_cover,V1_50_reclaim_add2
,,0.05122515240382963,,,,,open,,1030471.7001159005,,1,3341.928252,0.5,664479,1.0,2026-01-18 14:20:00,,V1_50_reclaim_add2
,1,0.0515219447226174,,,,,add,,515492.7459703495,,1,3346.599186,0.25,664523,1.0,2026-01-18 18:00:00,,V1_50_reclaim_add2
,2,0.048070936148312926,,,,,add,,514978.95414555096,,1,3362.962458,0.24886290907759967,664529,1.0,2026-01-18 18:30:00,,V1_50_reclaim_add2
2,,,2060943.400231801,3348.3302331304803,0.9988629090775997,664479,close,3166.056662,,-112971.31750794197,,,,664944,,2026-01-20 05:05:00,sell,V1_50_reclaim_add2
,,0.10388483055621989,,,,,open,,973986.0413619295,,1,2966.133108,0.5,667093,1.0,2026-01-27 16:10:00,,V1_50_reclaim_add2
,1,0.1012413118543336,,,,,add,,488553.5731436919,,1,2986.3371479999996,0.25,667098,1.0,2026-01-27 16:35:00,,V1_50_reclaim_add2
,2,0.09867299182881695,,,,,add,,485432.4682182376,,1,2993.278536,0.24799449107957172,667099,1.0,2026-01-27 16:40:00,,V1_50_reclaim_add2
2,,,1947972.082723859,2977.915906516282,0.9979944910795717,667093,close,2940.531776,,-25223.762302524643,,,,667528,,2026-01-29 04:25:00,sell,V1_50_reclaim_add2
,,0.11540825473628125,,,,,open,,961374.1602106672,,-1,2940.531776,0.5,667528,1.0,2026-01-29 04:25:00,,V1_50_reclaim_add2
,1,0.11494651728488359,,,,,add,,480928.43956819456,,-1,2936.4026019999997,0.25,667608,1.0,2026-01-29 11:05:00,,V1_50_reclaim_add2
,2,0.11290511082501375,,,,,add,,481795.35720158735,,-1,2928.9440940000004,0.25,667612,1.0,2026-01-29 11:25:00,,V1_50_reclaim_add2
2,,,1924097.9569804491,2936.5904847068587,1.0,667528,close,2093.158548,,552629.2602999469,,,,670116,,2026-02-07 04:05:00,buy_cover,V1_50_reclaim_add2
,,0.08338004150685385,,,,,open,,1237496.3805649425,,1,2093.158548,0.5,670116,1.0,2026-02-07 04:05:00,,V1_50_reclaim_add2
,1,0.08033863898059446,,,,,add,,619781.5276135795,,1,2100.990114,0.25,670118,1.0,2026-02-07 04:15:00,,V1_50_reclaim_add2
,2,0.07710464773404913,,,,,add,,617714.852951363,,1,2113.352586,0.24809523717338666,670120,1.0,2026-02-07 04:25:00,,V1_50_reclaim_add2
2,,,2474992.761129885,2100.127441977349,0.9980952371733867,670116,close,2055.38884,,-53693.094666703604,,,,670665,,2026-02-09 01:50:00,sell,V1_50_reclaim_add2
,,0.10207445340921428,,,,,open,,1210649.8332315907,,-1,2055.38884,0.5,670665,1.0,2026-02-09 01:50:00,,V1_50_reclaim_add2
,1,0.10230536082062047,,,,,add,,606051.8600768021,,-1,2049.629992,0.25,670745,1.0,2026-02-09 08:30:00,,V1_50_reclaim_add2
,2,0.09816272853768249,,,,,add,,607065.9515973612,,-1,2044.770964,0.25,670746,1.0,2026-02-09 08:35:00,,V1_50_reclaim_add2
2,,,2423767.644905754,2051.2798491899775,1.0,670665,close,2012.20236,,46173.587219053414,,,,671977,,2026-02-13 15:10:00,buy_cover,V1_50_reclaim_add2
,,0.08747174707198802,,,,,open,,1233494.2500766267,,1,2012.20236,0.5,671977,1.0,2026-02-13 15:10:00,,V1_50_reclaim_add2
,1,0.0798089196384777,,,,,add,,620892.5405227991,,1,2040.067932,0.25,671981,1.0,2026-02-13 15:30:00,,V1_50_reclaim_add2
,2,0.07790163903431724,,,,,add,,612601.7095538275,,1,2048.2795739999997,0.24594064544375926,671982,1.0,2026-02-13 15:35:00,,V1_50_reclaim_add2
2,,,2466988.5001532533,2028.0444206779932,0.9959406454437593,671977,close,2026.074704,,-3381.774871008005,,,,672526,,2026-02-15 12:55:00,sell,V1_50_reclaim_add2
,,0.08694626775870529,,,,,open,,1231803.3626411227,,-1,2026.074704,0.5,672526,1.0,2026-02-15 12:55:00,,V1_50_reclaim_add2
,1,0.08361128430994968,,,,,add,,618340.6043228608,,-1,2009.2180759999999,0.25,672533,1.0,2026-02-15 13:30:00,,V1_50_reclaim_add2
,2,0.08327784529227611,,,,,add,,619256.1134932275,,-1,2004.94893,0.25,672534,1.0,2026-02-15 13:35:00,,V1_50_reclaim_add2
2,,,2469400.080457211,2016.5101671599464,1.0,672526,close,2022.214362,,-6985.206263828557,,,,673329,,2026-02-18 07:50:00,buy_cover,V1_50_reclaim_add2
,,0.08979502035503739,,,,,open,,1228063.8195011625,,1,2022.214362,0.5,673329,1.0,2026-02-18 07:50:00,,V1_50_reclaim_add2
,1,0.0890428444885607,,,,,add,,614470.7557437745,,1,2025.915102,0.25,673335,1.0,2026-02-18 08:20:00,,V1_50_reclaim_add2
,2,0.0870347670681011,,,,,add,,613593.063757388,,1,2032.7664719999998,0.24903593510453037,673336,1.0,2026-02-18 08:25:00,,V1_50_reclaim_add2
2,,,2456127.639002325,2025.767205927723,0.9990359351045304,673329,close,1951.90954,,-90494.76066317176,,,,674551,,2026-02-22 13:40:00,sell,V1_50_reclaim_add2
,,0.12223227572178819,,,,,open,,1182816.4391695766,,-1,1951.90954,0.5,674551,1.0,2026-02-22 13:40:00,,V1_50_reclaim_add2
,1,0.12037021374175749,,,,,add,,593542.2148002746,,-1,1937.0425140000002,0.25,674598,1.0,2026-02-22 17:35:00,,V1_50_reclaim_add2
,2,0.1211026963106947,,,,,add,,592458.9010726538,,-1,1941.5316160000002,0.25,674685,1.0,2026-02-23 00:50:00,,V1_50_reclaim_add2
2,,,2368817.5550425053,1945.5670026953721,1.0,674551,close,1904.340792,,50194.90561323287,,,,675266,,2026-02-25 01:15:00,buy_cover,V1_50_reclaim_add2
,,0.10502624025237173,,,,,open,,1207677.010220689,,1,1904.340792,0.5,675266,1.0,2026-02-25 01:15:00,,V1_50_reclaim_add2
,1,0.09839117808387587,,,,,add,,607995.9721076175,,1,1931.33619,0.25,675277,1.0,2026-02-25 02:10:00,,V1_50_reclaim_add2
,2,0.1009796188302784,,,,,add,,599681.0381130715,,1,1924.7448719999998,0.24724137171511518,675391,1.0,2026-02-25 11:40:00,,V1_50_reclaim_add2
2,,,2415354.020441378,1916.1258046311418,0.9972413717151152,675266,close,1969.376046,,66131.1895090132,,,,675963,,2026-02-27 11:20:00,sell,V1_50_reclaim_add2
,,0.08141120231918286,,,,,open,,1240742.6049751956,,-1,1969.376046,0.5,675963,1.0,2026-02-27 11:20:00,,V1_50_reclaim_add2
,1,0.07890751866687362,,,,,add,,621280.2513070331,,-1,1962.817358,0.25,675967,1.0,2026-02-27 11:40:00,,V1_50_reclaim_add2
,2,0.07760354421633531,,,,,add,,622446.0170203418,,-1,1957.628396,0.25,675968,1.0,2026-02-27 11:45:00,,V1_50_reclaim_add2
2,,,2484468.8733025705,1964.7803551120903,1.0,675963,close,1989.307782,,-31014.882041005418,,,,676425,,2026-03-01 01:50:00,buy_cover,V1_50_reclaim_add2
,,0.09197217396057855,,,,,open,,1224986.7170673627,,1,1989.307782,0.5,676425,1.0,2026-03-01 01:50:00,,V1_50_reclaim_add2
,1,0.08021854483621926,,,,,add,,620765.4392364209,,1,2043.85869,0.25,676428,1.0,2026-03-01 02:05:00,,V1_50_reclaim_add2
,2,0.08840946035740593,,,,,add,,604221.2778309418,,1,2017.5634320000001,0.24575382220468,676570,1.0,2026-03-01 13:55:00,,V1_50_reclaim_add2
2,,,2449973.4341347255,2009.8414870683148,0.99575382220468,676425,close,2051.559606,,49853.67163866246,,,,677958,,2026-03-06 09:35:00,sell,V1_50_reclaim_add2
,,0.0741893897467798,,,,,open,,1249913.552886694,,-1,2051.559606,0.5,677958,1.0,2026-03-06 09:35:00,,V1_50_reclaim_add2
,1,0.07094883835220944,,,,,add,,626755.1085495318,,-1,2038.932132,0.25,677989,1.0,2026-03-06 12:10:00,,V1_50_reclaim_add2
,2,0.06444131656132612,,,,,add,,631325.1428777273,,-1,2018.716176,0.25,678011,1.0,2026-03-06 14:00:00,,V1_50_reclaim_add2
2,,,2507993.804313953,2040.047358548029,1.0,677958,close,1982.0363280000001,,71317.70908361115,,,,678745,,2026-03-09 03:10:00,buy_cover,V1_50_reclaim_add2
,,0.0474610677673063,,,,,open,,1285321.6080480681,,1,1982.0363280000001,0.5,678745,1.0,2026-03-09 03:10:00,,V1_50_reclaim_add2
,1,0.04233755604053124,,,,,add,,646184.1610244826,,1,2004.570834,0.25,678747,1.0,2026-03-09 03:20:00,,V1_50_reclaim_add2
,2,0.03987388482864307,,,,,add,,639137.4470235856,,1,2012.542428,0.2465604225237933,678777,1.0,2026-03-09 05:50:00,,V1_50_reclaim_add2
2,,,2570643.2160961363,1995.1936729300432,0.9965604225237933,678745,close,2066.33665,,90597.06863859901,,,,680265,,2026-03-14 09:50:00,sell,V1_50_reclaim_add2
,,0.06280638367406222,,,,,open,,1330620.1423673676,,-1,2066.33665,0.5,680265,1.0,2026-03-14 09:50:00,,V1_50_reclaim_add2
,1,0.06195316186214728,,,,,add,,665136.7702634846,,-1,2066.5866,0.25,680271,1.0,2026-03-14 10:20:00,,V1_50_reclaim_add2
,2,0.0617475646134118,,,,,add,,665683.4195503391,,-1,2064.047108,0.25,680274,1.0,2026-03-14 10:35:00,,V1_50_reclaim_add2
2,,,2661440.3321811915,2065.8259363495904,1.0,680265,close,2147.389392,,-105079.54134688945,,,,680700,,2026-03-15 22:05:00,buy_cover,V1_50_reclaim_add2
,,0.09813709230069123,,,,,open,,1277814.2276607046,,1,2147.389392,0.5,680700,1.0,2026-03-15 22:05:00,,V1_50_reclaim_add2
,1,0.09861952314972944,,,,,add,,639610.7806344666,,1,2152.9805100000003,0.25,680706,1.0,2026-03-15 22:35:00,,V1_50_reclaim_add2
,2,0.09479558389005449,,,,,add,,638203.4470262381,,1,2166.53322,0.24830177885866778,680707,1.0,2026-03-15 22:40:00,,V1_50_reclaim_add2
2,,,2555628.4553214093,2153.5410927340504,0.9983017788586678,680700,close,2292.011506,,163236.33290303685,,,,681437,,2026-03-18 11:30:00,sell,V1_50_reclaim_add2
,,0.0405864460250126,,,,,open,,1359432.394112223,,-1,2292.011506,0.5,681437,1.0,2026-03-18 11:30:00,,V1_50_reclaim_add2
,1,0.03706005727657036,,,,,add,,683668.9818512674,,-1,2264.437022,0.25,681439,1.0,2026-03-18 11:40:00,,V1_50_reclaim_add2
,2,0.034321522011802275,,,,,add,,685260.5696044762,,-1,2257.018506,0.25,681445,1.0,2026-03-18 12:10:00,,V1_50_reclaim_add2
2,,,2728361.9455679664,2276.2024203111364,1.0,681437,close,2157.371388,,142436.49820455955,,,,682873,,2026-03-23 11:10:00,buy_cover,V1_50_reclaim_add2
,,0.05116641214696305,,,,,open,,1430377.8070199462,,-1,2140.17188,0.5,683665,1.0,2026-03-26 05:10:00,,V1_50_reclaim_add2
,1,0.04896038070404318,,,,,add,,717227.582789871,,-1,2127.114492,0.25,683672,1.0,2026-03-26 05:45:00,,V1_50_reclaim_add2
,2,0.04817008125902833,,,,,add,,718296.908905869,,-1,2122.5754,0.25,683673,1.0,2026-03-26 05:50:00,,V1_50_reclaim_add2
2,,,2865902.298715686,2132.465035358442,1.0,683665,close,2039.05773,,125533.80264366651,,,,684789,,2026-03-30 02:50:00,buy_cover,V1_50_reclaim_add2
,,0.042854685557888184,,,,,open,,1492858.118111908,,1,2039.05773,0.5,684789,1.0,2026-03-30 02:50:00,,V1_50_reclaim_add2
,1,0.04222436890133374,,,,,add,,746030.9282163456,,1,2037.6974579999999,0.25,684802,1.0,2026-03-30 03:55:00,,V1_50_reclaim_add2
,2,0.04074389876202067,,,,,add,,746827.1898955624,,1,2044.878894,0.2496322812700843,684805,1.0,2026-03-30 04:10:00,,V1_50_reclaim_add2
2,,,2985716.236223816,2040.1701452768352,0.9996322812700843,684789,close,2081.13369,,58730.54241991509,,,,685646,,2026-04-02 02:15:00,sell,V1_50_reclaim_add2
,,0.040212471131639616,,,,,open,,1522223.3893218655,,-1,2081.13369,0.5,685646,1.0,2026-04-02 02:15:00,,V1_50_reclaim_add2
,1,0.03559895239050903,,,,,add,,762946.7616306803,,-1,2070.265864,0.25,685652,1.0,2026-04-02 02:45:00,,V1_50_reclaim_add2
,2,0.02942864077038121,,,,,add,,767153.9756427408,,-1,2054.68898,0.25,685664,1.0,2026-04-02 03:45:00,,V1_50_reclaim_add2
2,,,3052324.1265952867,2071.7137756054585,1.0,685646,close,2086.727262,,-22119.740917519666,,,,686759,,2026-04-05 23:00:00,buy_cover,V1_50_reclaim_add2
,,0.04550044996684255,,,,,open,,1510858.2864504464,,1,2086.727262,0.5,686759,1.0,2026-04-05 23:00:00,,V1_50_reclaim_add2
,1,0.043916927203904055,,,,,add,,757393.6492941158,,1,2098.4196,0.25,686762,1.0,2026-04-05 23:15:00,,V1_50_reclaim_add2
,2,0.03919649209173459,,,,,add,,753464.6371563305,,1,2111.462208,0.2475719476789474,686763,1.0,2026-04-05 23:20:00,,V1_50_reclaim_add2
2,,,3021716.5729008927,2095.7760919567068,0.9975719476789474,686759,close,2089.562004,,-10164.53319535032,,,,687192,,2026-04-07 11:05:00,sell,V1_50_reclaim_add2
,,0.05060346569147711,,,,,open,,1505776.0198527712,,-1,2089.562004,0.5,687192,1.0,2026-04-07 11:05:00,,V1_50_reclaim_add2
,1,0.04905359143708521,,,,,add,,752663.583750713,,-1,2089.9719219999997,0.25,687194,1.0,2026-04-07 11:15:00,,V1_50_reclaim_add2
,2,0.04864161567722747,,,,,add,,753420.3276623744,,-1,2086.892538,0.25,687201,1.0,2026-04-07 11:50:00,,V1_50_reclaim_add2
2,,,3011859.9312658585,2088.9959515058126,1.0,687192,close,2265.623034,,-254656.19462191826,,,,688412,,2026-04-11 16:45:00,buy_cover,V1_50_reclaim_add2
,,0.1286340646618146,,,,,open,,1378146.7365486855,,1,2265.623034,0.5,688412,1.0,2026-04-11 16:45:00,,V1_50_reclaim_add2
,1,0.1281978133450774,,,,,add,,690757.033316806,,1,2277.60543,0.25,688434,1.0,2026-04-11 18:35:00,,V1_50_reclaim_add2
,2,0.12100756685381042,,,,,add,,687389.7032318795,,1,2300.470002,0.24694392860278858,688435,1.0,2026-04-11 18:40:00,,V1_50_reclaim_add2
2,,,2756293.473097371,2277.2281102413563,0.9969439286027886,688412,close,2298.450218,,24573.96732603805,,,,689818,,2026-04-16 13:55:00,sell,V1_50_reclaim_add2
,,0.1215596182248867,,,,,open,,1390433.7202117045,,-1,2298.450218,0.5,689818,1.0,2026-04-16 13:55:00,,V1_50_reclaim_add2
,1,0.12027078361333421,,,,,add,,696635.2360453941,,-1,2288.152278,0.25,689824,1.0,2026-04-16 14:25:00,,V1_50_reclaim_add2
,2,0.12188840808372658,,,,,add,,695185.8382700388,,-1,2294.221064,0.25,690732,1.0,2026-04-19 18:05:00,,V1_50_reclaim_add2
2,,,2782254.7945271377,2294.8072834508134,1.0,689818,close,2345.71905,,-61725.98742618272,,,,691407,,2026-04-22 02:20:00,buy_cover,V1_50_reclaim_add2
,,0.14254407800750357,,,,,open,,1359292.5010191605,,1,2345.71905,0.5,691407,1.0,2026-04-22 02:20:00,,V1_50_reclaim_add2
,1,0.14015670367442357,,,,,add,,681176.0143887799,,1,2357.22135,0.25,691409,1.0,2026-04-22 02:30:00,,V1_50_reclaim_add2
,2,0.13808529292615923,,,,,add,,678116.4866303806,,1,2364.212748,0.24834874974935972,691412,1.0,2026-04-22 02:45:00,,V1_50_reclaim_add2
2,,,2718585.002038321,2353.187671667269,0.9983487497493597,691407,close,2294.710966,,-68617.13331731083,,,,691879,,2026-04-23 17:40:00,sell,V1_50_reclaim_add2
,,0.16345861084085567,,,,,open,,1324983.934360505,,-1,2263.2472599999996,0.5,693265,1.0,2026-04-28 13:10:00,,V1_50_reclaim_add2
,1,0.15816218079703814,,,,,add,,666859.0994778959,,-1,2232.50341,0.25,693613,1.0,2026-04-29 18:10:00,,V1_50_reclaim_add2
,2,0.15660520334906602,,,,,add,,667375.8289499803,,-1,2229.863938,0.25,693617,1.0,2026-04-29 18:30:00,,V1_50_reclaim_add2
2,,,2659218.8627883815,2247.044669898778,1.0,693265,close,2287.00731,,-47292.85737904813,,,,694011,,2026-05-01 03:20:00,buy_cover,V1_50_reclaim_add2
,,0.1777845263134047,,,,,open,,1301071.5837847022,,1,2287.00731,0.5,694011,1.0,2026-05-01 03:20:00,,V1_50_reclaim_add2
,1,0.17777211815706984,,,,,add,,650178.1974643833,,1,2285.40699,0.25,694108,1.0,2026-05-01 11:25:00,,V1_50_reclaim_add2
,2,0.17644996141694225,,,,,add,,650893.3863203189,,1,2297.239356,0.24933224814534294,694119,1.0,2026-05-01 12:20:00,,V1_50_reclaim_add2
2,,,2602143.1675694045,2289.157206848226,0.9993322481453429,694011,close,2335.7927480000003,,51949.84891596157,,,,695708,,2026-05-07 00:45:00,sell,V1_50_reclaim_add2
,,0.16179962073794452,,,,,open,,1327046.508242683,,-1,2335.7927480000003,0.5,695708,1.0,2026-05-07 00:45:00,,V1_50_reclaim_add2
,1,0.161705323768767,,,,,add,,663921.6498126055,,-1,2332.053496,0.25,695710,1.0,2026-05-07 00:55:00,,V1_50_reclaim_add2
,2,0.16091619774501476,,,,,add,,664426.5390587077,,-1,2329.374032,0.25,695711,1.0,2026-05-07 01:00:00,,V1_50_reclaim_add2
2,,,2655394.6971139964,2333.2486058122563,1.0,695708,close,2321.8942859999997,,12922.089470247272,,,,696325,,2026-05-09 04:10:00,buy_cover,V1_50_reclaim_add2
,,0.15879366810658613,,,,,open,,1333242.0135080954,,1,2321.8942859999997,0.5,696325,1.0,2026-05-09 04:10:00,,V1_50_reclaim_add2
,1,0.15674218347538382,,,,,add,,668079.3726320423,,1,2332.986504,0.25,696481,1.0,2026-05-09 17:10:00,,V1_50_reclaim_add2
,2,0.15538217943609,,,,,add,,665162.6408760531,,1,2335.2069479999996,0.24875560752161918,696497,1.0,2026-05-09 18:30:00,,V1_50_reclaim_add2
2,,,2666484.027016191,2327.978045181727,0.9987556075216192,696325,close,2308.8981280000003,,-22912.030565748457,,,,697026,,2026-05-11 14:35:00,sell,V1_50_reclaim_add2
,,0.16531365916629426,,,,,open,,1321785.9982252212,,-1,2308.8981280000003,0.5,697026,1.0,2026-05-11 14:35:00,,V1_50_reclaim_add2
,1,0.16516394742105667,,,,,add,,661463.3927894455,,-1,2303.98911,0.25,697159,1.0,2026-05-12 01:40:00,,V1_50_reclaim_add2
,2,0.16247253463248368,,,,,add,,662884.0045253258,,-1,2297.070494,0.25,697233,1.0,2026-05-12 07:50:00,,V1_50_reclaim_add2
2,,,2646133.3955399925,2304.6978418054214,1.0,697026,close,2320.053918,,-17630.93614224717,,,,697536,,2026-05-13 09:05:00,buy_cover,V1_50_reclaim_add2
,,0.17121045566528093,,,,,open,,1312705.9168145435,,1,2144.9289,0.5,699627,1.0,2026-05-20 15:20:00,,V1_50_reclaim_add2
,1,0.170819883084116,,,,,add,,656757.1108105595,,1,2148.4296,0.25,699746,1.0,2026-05-21 01:15:00,,V1_50_reclaim_add2
1,,,1969463.027625103,2146.0950103862547,0.75,699627,close,2095.43083,,-47263.43146434729,,,,700245,,2026-05-22 18:50:00,sell,V1_50_reclaim_add2
,,0.18592832431087725,,,,,open,,1289074.2010823698,,-1,2095.43083,0.5,700245,1.0,2026-05-22 18:50:00,,V1_50_reclaim_add2
,1,0.18484295008723595,,,,,add,,645659.840900833,,-1,2087.292458,0.25,700249,1.0,2026-05-22 19:10:00,,V1_50_reclaim_add2
,2,0.18371184372393257,,,,,add,,646662.8730054373,,-1,2082.6733820000004,0.25,700253,1.0,2026-05-22 19:30:00,,V1_50_reclaim_add2
2,,,2581396.91498864,2090.185056051204,1.0,700245,close,2041.50822,,60116.42119817622,,,,702222,,2026-05-29 15:35:00,buy_cover,V1_50_reclaim_add2
,,0.16636164439999235,,,,,open,,1318874.2719899588,,1,2041.50822,0.5,702222,1.0,2026-05-29 15:35:00,,V1_50_reclaim_add2
0,,,1318874.2719899588,2041.50822,0.5,702222,close,2006.018716,,-23445.588925079443,,,,702783,,2026-05-31 14:20:00,sell,V1_50_reclaim_add2
,,0.1743803661253015,,,,,open,,1307151.477527419,,-1,2006.018716,0.5,702783,1.0,2026-05-31 14:20:00,,V1_50_reclaim_add2
,1,0.17458620990705176,,,,,add,,653410.8206810926,,-1,2006.2286740000002,0.25,702808,1.0,2026-05-31 16:25:00,,V1_50_reclaim_add2
,2,0.17287355516169256,,,,,add,,654759.846952074,,-1,2000.439832,0.25,702810,1.0,2026-05-31 16:35:00,,V1_50_reclaim_add2
2,,,2615322.1451605856,2004.671473203492,1.0,702783,close,1609.741884,,515230.6912275618,,,,704704,,2026-06-07 06:25:00,buy_cover,V1_50_reclaim_add2
,,0.03869926296191928,,,,,open,,1564505.290926684,,1,1609.741884,0.5,704704,1.0,2026-06-07 06:25:00,,V1_50_reclaim_add2
,1,0.0331085050916986,,,,,add,,787285.1247893041,,1,1631.1061559999998,0.25,704733,1.0,2026-06-07 08:50:00,,V1_50_reclaim_add2
,2,0.029934927347239793,,,,,add,,777220.1661373798,,1,1635.77709,0.2462973600496543,704734,1.0,2026-06-07 08:55:00,,V1_50_reclaim_add2
2,,,3129010.5818533674,1621.4961116696193,0.9962973600496543,704704,close,1648.6702,,51165.54587361822,,,,705375,,2026-06-09 14:20:00,sell,V1_50_reclaim_add2
,,0.03807983747621102,,,,,open,,1590088.0638634928,,-1,1648.6702,0.5,705375,1.0,2026-06-09 14:20:00,,V1_50_reclaim_add2
,1,0.034061607180581155,,,,,add,,798221.4116644551,,-1,1634.8329680000002,0.25,705381,1.0,2026-06-09 14:50:00,,V1_50_reclaim_add2
,2,0.03369601507465858,,,,,add,,798889.5936449076,,-1,1632.7733799999999,0.25,705396,1.0,2026-06-09 16:05:00,,V1_50_reclaim_add2
2,,,3187199.0691728555,1641.186093848237,1.0,705375,close,1667.1233579999998,,-50370.285205982625,,,,705922,,2026-06-11 11:55:00,buy_cover,V1_50_reclaim_add2
,,0.05448606226171693,,,,,open,,1564584.2013535842,,1,1667.1233579999998,0.5,705922,1.0,2026-06-11 11:55:00,,V1_50_reclaim_add2
,1,0.05225123009769439,,,,,add,,783719.0643451393,,1,1673.8747079999998,0.25,705990,1.0,2026-06-11 17:35:00,,V1_50_reclaim_add2
,2,0.0432130094960016,,,,,add,,780865.1370084449,,1,1691.548242,0.2471550343425707,705993,1.0,2026-06-11 17:50:00,,V1_50_reclaim_add2
2,,,3129168.4027071684,1674.8501749874144,0.9971550343425707,705922,close_final,1676.504632,,1838.2888018488884,,,,706102,,2026-06-12 02:55:00,sell_final,V1_50_reclaim_add2
,,0.0,,,,,open,,5000.0,,1,173.114616,0.5,1982,1.0,2019-09-30 10:00:00,,V2_50_reclaim_add2_dd_throttle
,1,0.0,,,,,add,,2525.34485591904,,1,176.69533199999998,0.25,2041,1.0,2019-09-30 14:55:00,,V2_50_reclaim_add2_dd_throttle
,2,0.0,,,,,add,,2474.65514408096,,1,177.25544399999998,0.24442142941802214,2042,1.0,2019-09-30 15:00:00,,V2_50_reclaim_add2_dd_throttle
2,,,10000.0,175.0221086413258,0.9944214294180221,1982,close,172.275538,,-160.86390384394508,,,,2899,,2019-10-03 14:25:00,sell,V2_50_reclaim_add2_dd_throttle
,,0.06914979757085016,,,,,open,,4919.5680480780275,,-1,172.275538,0.5,2899,1.0,2019-10-03 14:25:00,,V2_50_reclaim_add2_dd_throttle
,1,0.06415022552107141,,,,,add,,2467.7145184801175,,-1,171.095774,0.25,2903,1.0,2019-10-03 14:45:00,,V2_50_reclaim_add2_dd_throttle
,2,0.07016164662743574,,,,,add,,2461.2369812336788,,-1,171.675658,0.25,3069,1.0,2019-10-04 04:35:00,,V2_50_reclaim_add2_dd_throttle
2,,,9848.519547791824,171.82861267250178,1.0,2899,close,176.065206,,-242.8239522725471,,,,4027,,2019-10-07 12:25:00,buy_cover,V2_50_reclaim_add2_dd_throttle
,,0.0936481952772511,,,,,open,,4797.171219986974,,1,176.065206,0.5,4027,1.0,2019-10-07 12:25:00,,V2_50_reclaim_add2_dd_throttle
,1,0.09091161271077752,,,,,add,,2405.937808152479,,1,177.215436,0.25,4029,1.0,2019-10-07 12:35:00,,V2_50_reclaim_add2_dd_throttle
,2,0.09047504258132022,,,,,add,,2391.233411834495,,1,177.265446,0.24844422860163307,4030,1.0,2019-10-07 12:40:00,,V2_50_reclaim_add2_dd_throttle
2,,,9594.342439973949,176.65082903011657,0.9984442286016331,4027,close,185.71285,,488.14651511729426,,,,5104,,2019-10-11 06:10:00,sell,V2_50_reclaim_add2_dd_throttle
,,0.05240330645984281,,,,,open,,5041.2444775456215,,-1,185.71285,0.5,5104,1.0,2019-10-11 06:10:00,,V2_50_reclaim_add2_dd_throttle
,1,0.05207920045966907,,,,,add,,2523.3070576688606,,-1,185.242944,0.25,5128,1.0,2019-10-11 08:10:00,,V2_50_reclaim_add2_dd_throttle
,2,0.04821700339211066,,,,,add,,2532.225463396674,,-1,184.343124,0.25,5129,1.0,2019-10-11 08:15:00,,V2_50_reclaim_add2_dd_throttle
2,,,10096.776998611156,185.2501988564129,1.0,5104,close,185.347062,,-5.278972491807508,,,,6094,,2019-10-14 16:40:00,buy_cover,V2_50_reclaim_add2_dd_throttle
,,0.052664610925672206,,,,,open,,5037.595313599856,,1,185.347062,0.5,6094,1.0,2019-10-14 16:40:00,,V2_50_reclaim_add2_dd_throttle
,1,0.048959337189653396,,,,,add,,2531.269497293063,,1,187.257444,0.25,6099,1.0,2019-10-14 17:05:00,,V2_50_reclaim_add2_dd_throttle
,2,0.04706561694221756,,,,,add,,2506.325816306793,,1,187.527498,0.24729285124396427,6183,1.0,2019-10-15 00:05:00,,V2_50_reclaim_add2_dd_throttle
2,,,10075.190627199712,186.36377565783692,0.9972928512439643,6094,close,176.86462,,-517.3672315700787,,,,6611,,2019-10-16 11:45:00,sell,V2_50_reclaim_add2_dd_throttle
,,0.1006059789378917,,,,,open,,4778.911697814817,,-1,176.86462,0.5,6611,1.0,2019-10-16 11:45:00,,V2_50_reclaim_add2_dd_throttle
,1,0.09797220269598172,,,,,add,,2399.9864739437294,,-1,175.234946,0.25,6620,1.0,2019-10-16 12:30:00,,V2_50_reclaim_add2_dd_throttle
,2,0.09170006712592982,,,,,add,,2419.1844715938246,,-1,173.325328,0.25,6621,1.0,2019-10-16 12:35:00,,V2_50_reclaim_add2_dd_throttle
2,,,9598.08264335237,175.55284450464433,1.0,6611,close,175.555104,,-0.1231505164232658,,,,7835,,2019-10-20 17:45:00,buy_cover,V2_50_reclaim_add2_dd_throttle
,,0.1016857762887241,,,,,open,,4777.89031429227,,1,175.555104,0.5,7835,1.0,2019-10-20 17:45:00,,V2_50_reclaim_add2_dd_throttle
,1,0.10092148136290269,,,,,add,,2392.004823157972,,1,176.07520799999998,0.25,7863,1.0,2019-10-20 20:05:00,,V2_50_reclaim_add2_dd_throttle
,2,0.0966798713698852,,,,,add,,2385.885491134298,,1,176.97538799999998,0.24843201516168167,8040,1.0,2019-10-21 10:50:00,,V2_50_reclaim_add2_dd_throttle
2,,,9555.78062858454,176.03800697755227,0.9984320151616817,7835,close,171.305732,,-260.59883809774874,,,,8379,,2019-10-22 15:05:00,sell,V2_50_reclaim_add2_dd_throttle
,,0.1264647218352456,,,,,open,,4647.590895243396,,-1,171.305732,0.5,8379,1.0,2019-10-22 15:05:00,,V2_50_reclaim_add2_dd_throttle
,1,0.12614766782775533,,,,,add,,2325.093811026575,,-1,171.04578400000003,0.25,8475,1.0,2019-10-22 23:05:00,,V2_50_reclaim_add2_dd_throttle
,2,0.1228300371224813,,,,,add,,2333.7169540130412,,-1,170.175958,0.25,8527,1.0,2019-10-23 03:25:00,,V2_50_reclaim_add2_dd_throttle
2,,,9306.401660283012,170.9562146970087,1.0,8379,close,164.08281,,374.1702287818607,,,,9191,,2019-10-25 10:45:00,buy_cover,V2_50_reclaim_add2_dd_throttle
,,0.09187399521350104,,,,,open,,4833.745369468297,,1,164.08281,0.5,9191,1.0,2019-10-25 10:45:00,,V2_50_reclaim_add2_dd_throttle
,1,0.08876704227218091,,,,,add,,2424.930861011897,,1,165.243042,0.25,9196,1.0,2019-10-25 11:10:00,,V2_50_reclaim_add2_dd_throttle
,2,0.08656359678844483,,,,,add,,2408.8145084564003,,1,165.78315,0.2477546269471318,9197,1.0,2019-10-25 11:15:00,,V2_50_reclaim_add2_dd_throttle
2,,,9667.490738936594,164.7941849242945,0.9977546269471318,9191,close,182.553482,,1037.5486067222591,,,,10628,,2019-10-30 10:30:00,sell,V2_50_reclaim_add2_dd_throttle
,,0.06608357628765793,,,,,open,,5352.519672829427,,-1,182.553482,0.5,10628,1.0,2019-10-30 10:30:00,,V2_50_reclaim_add2_dd_throttle
,1,0.0618633627602716,,,,,add,,2688.403070446109,,-1,180.82382800000002,0.25,10668,1.0,2019-10-30 13:50:00,,V2_50_reclaim_add2_dd_throttle
,2,0.06543569665299664,,,,,add,,2676.537250100299,,-1,181.873618,0.25,10815,1.0,2019-10-31 02:05:00,,V2_50_reclaim_add2_dd_throttle
2,,,10717.459993375835,181.94705959136897,1.0,10628,close,184.24684200000002,,-135.46658586844933,,,,11330,,2019-11-01 21:00:00,buy_cover,V2_50_reclaim_add2_dd_throttle
,,0.07826598303253884,,,,,open,,5283.714633895865,,1,184.24684200000002,0.5,11330,1.0,2019-11-01 21:00:00,,V2_50_reclaim_add2_dd_throttle
,1,0.0770415764409711,,,,,add,,2644.411251717724,,1,184.67692799999998,0.25,11564,1.0,2019-11-02 16:30:00,,V2_50_reclaim_add2_dd_throttle
,2,0.07784631191965774,,,,,add,,2639.3033821781405,,1,184.346862,0.24987720781628653,11684,1.0,2019-11-03 02:30:00,,V2_50_reclaim_add2_dd_throttle
2,,,10567.42926779173,184.37927920031734,0.9998772078162865,11330,close,181.153762,,-189.01842045908415,,,,11781,,2019-11-03 10:35:00,sell,V2_50_reclaim_add2_dd_throttle
,,0.09457891471563351,,,,,open,,5189.2054236663225,,-1,181.153762,0.5,11781,1.0,2019-11-03 10:35:00,,V2_50_reclaim_add2_dd_throttle
,1,0.09464752590966796,,,,,add,,2594.0121923418506,,-1,181.16376,0.25,11802,1.0,2019-11-03 12:20:00,,V2_50_reclaim_add2_dd_throttle
,2,0.09407627227375714,,,,,add,,2599.2295944421808,,-1,180.653862,0.25,11817,1.0,2019-11-03 13:35:00,,V2_50_reclaim_add2_dd_throttle
2,,,10382.447210450353,181.03084777600512,1.0,11781,close,188.767746,,-443.7247020342056,,,,12405,,2019-11-05 14:35:00,buy_cover,V2_50_reclaim_add2_dd_throttle
,,0.1324210063508331,,,,,open,,4966.304827928175,,1,188.767746,0.5,12405,1.0,2019-11-05 14:35:00,,V2_50_reclaim_add2_dd_throttle
,1,0.12995358225506137,,,,,add,,2495.3474727536436,,1,190.698132,0.25,12550,1.0,2019-11-06 02:40:00,,V2_50_reclaim_add2_dd_throttle
,2,0.12965065424751587,,,,,add,,2470.957355174531,,1,190.508094,0.24776697311230444,12551,1.0,2019-11-06 02:45:00,,V2_50_reclaim_add2_dd_throttle
2,,,9932.60965585635,189.68119743515726,0.9977669731123044,12405,close,188.04238400000003,,-89.75438952275181,,,,12871,,2019-11-07 05:25:00,sell,V2_50_reclaim_add2_dd_throttle
,,0.14239696834089532,,,,,open,,4921.427633166799,,-1,188.04238400000003,0.5,12871,1.0,2019-11-07 05:25:00,,V2_50_reclaim_add2_dd_throttle
,1,0.14028747407215614,,,,,add,,2464.4737579884663,,-1,187.392514,0.25,12916,1.0,2019-11-07 09:10:00,,V2_50_reclaim_add2_dd_throttle
,2,0.1394590874769157,,,,,add,,2467.765700277627,,-1,187.032586,0.25,12923,1.0,2019-11-07 09:45:00,,V2_50_reclaim_add2_dd_throttle
2,,,9853.667091432892,187.6259468333622,1.0,12871,close,187.177428,,23.55553226055963,,,,13737,,2019-11-10 05:35:00,buy_cover,V2_50_reclaim_add2_dd_throttle
,,0.13858404613574826,,,,,open,,4932.220032587935,,1,187.177428,0.5,13737,1.0,2019-11-10 05:35:00,,V2_50_reclaim_add2_dd_throttle
,1,0.13306495149308617,,,,,add,,2490.6448674912094,,1,190.978188,0.25,13866,1.0,2019-11-10 16:20:00,,V2_50_reclaim_add2_dd_throttle
,2,0.13441629345156736,,,,,add,,2441.5751650967254,,1,189.867966,0.24617946197437535,13985,1.0,2019-11-11 02:15:00,,V2_50_reclaim_add2_dd_throttle
2,,,9864.44006517587,188.78822243202492,0.9961794619743753,13737,close,184.603072,,-222.5376911485073,,,,14236,,2019-11-11 23:10:00,sell,V2_50_reclaim_add2_dd_throttle
,,0.16060924816945465,,,,,open,,3615.713390260261,,-1,184.603072,0.375,14236,0.75,2019-11-11 23:10:00,,V2_50_reclaim_add2_dd_throttle
,1,0.15866322392818855,,,,,add,,1808.9440527851398,,-1,184.233146,0.1875,14239,0.75,2019-11-11 23:25:00,,V2_50_reclaim_add2_dd_throttle
1,,,5424.6574430454,184.47954891408003,0.5625,14236,close,184.51689599999997,,-1.0979813814929003,,,,14247,,2019-11-12 00:05:00,buy_cover,V2_50_reclaim_add2_dd_throttle
,,0.15935931505180412,,,,,open,,3614.8947979339723,,-1,182.253542,0.375,15687,0.75,2019-11-17 00:05:00,,V2_50_reclaim_add2_dd_throttle
,1,0.15934706445122504,,,,,add,,1807.3621924322172,,-1,182.203552,0.1875,15719,0.75,2019-11-17 02:45:00,,V2_50_reclaim_add2_dd_throttle
,2,0.15935822165825364,,,,,add,,1807.4497498540704,,-1,182.16356,0.1875,15720,0.75,2019-11-17 02:50:00,,V2_50_reclaim_add2_dd_throttle
2,,,7229.70674022026,182.21854134100354,0.75,15687,close,144.60891600000002,,1492.2005282402542,,,,30375,,2020-01-07 00:05:00,buy_cover,V2_50_reclaim_add2_dd_throttle
,,0.08831676740651506,,,,,open,,5565.237024024735,,-1,143.62127,0.5,30663,1.0,2020-01-08 00:05:00,,V2_50_reclaim_add2_dd_throttle
,1,0.08573835079039405,,,,,add,,2781.6745718794728,,-1,143.661262,0.25,30754,1.0,2020-01-08 07:40:00,,V2_50_reclaim_add2_dd_throttle
,2,0.08214983591350944,,,,,add,,2796.502535176149,,-1,142.62147000000002,0.25,30817,1.0,2020-01-08 12:55:00,,V2_50_reclaim_add2_dd_throttle
2,,,11143.414131080355,143.37899527785208,1.0,30663,close,143.75874599999997,,-29.513775548090052,,,,31527,,2020-01-11 00:05:00,buy_cover,V2_50_reclaim_add2_dd_throttle
,,0.09091675254068121,,,,,open,,5549.365794837582,,-1,201.029786,0.5,48807,1.0,2020-03-11 00:05:00,,V2_50_reclaim_add2_dd_throttle
,1,0.09032996048639796,,,,,add,,2776.473890578011,,-1,200.689854,0.25,48841,1.0,2020-03-11 02:55:00,,V2_50_reclaim_add2_dd_throttle
,2,0.09004763521844439,,,,,add,,2777.3355972420477,,-1,200.579876,0.25,48844,1.0,2020-03-11 03:10:00,,V2_50_reclaim_add2_dd_throttle
2,,,11103.175282657641,200.83204049810178,1.0,48807,close,142.47849,,3226.127470584099,,,,55344,,2020-04-02 16:50:00,buy_cover,V2_50_reclaim_add2_dd_throttle
,,0.16987949219060294,,,,,open,,5370.989409451024,,1,169.23384,0.37499999999999994,57447,0.75,2020-04-10 00:05:00,,V2_50_reclaim_add2_dd_throttle
,1,0.16926835724224998,,,,,add,,2687.4717666728257,,1,169.63392,0.18749999999999994,57454,0.75,2020-04-10 00:40:00,,V2_50_reclaim_add2_dd_throttle
,2,0.16855865826266847,,,,,add,,2688.5189681847596,,1,169.77394800000002,0.1875,57457,0.75,2020-04-10 00:55:00,,V2_50_reclaim_add2_dd_throttle
2,,,10746.980144308609,169.4686627763613,0.7499999999999999,57447,close,163.63726599999998,,-373.9527802136563,,,,57493,,2020-04-10 03:55:00,sell,V2_50_reclaim_add2_dd_throttle
,,0.19179044648520072,,,,,open,,5230.757116870903,,-1,163.63726599999998,0.375,57493,0.75,2020-04-10 03:55:00,,V2_50_reclaim_add2_dd_throttle
,1,0.18487657381956424,,,,,add,,2632.423972992755,,-1,160.727848,0.1875,57495,0.75,2020-04-10 04:05:00,,V2_50_reclaim_add2_dd_throttle
,2,0.18093870477928853,,,,,add,,2645.095478746857,,-1,159.308132,0.1875,57531,0.75,2020-04-10 07:05:00,,V2_50_reclaim_add2_dd_throttle
2,,,10508.276568610516,161.79684806543105,0.75,57493,close,160.362066,,93.18571001020064,,,,58193,,2020-04-12 14:15:00,buy_cover,V2_50_reclaim_add2_dd_throttle
,,0.1858911543808277,,,,,open,,5264.913637382083,,1,160.362066,0.375,58193,0.75,2020-04-12 14:15:00,,V2_50_reclaim_add2_dd_throttle
,1,0.18508349710482375,,,,,add,,2636.3087440081854,,1,161.05220400000002,0.1875,58195,0.75,2020-04-12 14:25:00,,V2_50_reclaim_add2_dd_throttle
,2,0.18414674149068155,,,,,add,,2637.5867860760627,,1,161.212236,0.1875,58198,0.75,2020-04-12 14:40:00,,V2_50_reclaim_add2_dd_throttle
2,,,10538.80916746633,160.74653858632718,0.75,58193,close,153.38931599999998,,-486.3738725429521,,,,59163,,2020-04-15 23:05:00,sell,V2_50_reclaim_add2_dd_throttle
,,0.21461052996336527,,,,,open,,5082.523435178476,,-1,153.38931599999998,0.375,59163,0.75,2020-04-15 23:05:00,,V2_50_reclaim_add2_dd_throttle
,1,0.21281511195779468,,,,,add,,2544.918023727652,,-1,152.73944600000002,0.1875,59165,0.75,2020-04-15 23:15:00,,V2_50_reclaim_add2_dd_throttle
,2,0.2082850760076571,,,,,add,,2562.8370526935637,,-1,150.799834,0.1875,59175,0.75,2020-04-16 00:05:00,,V2_50_reclaim_add2_dd_throttle
2,,,10190.27851159969,152.56831187689593,0.75,59163,close,179.475888,,-1797.1990266980974,,,,59905,,2020-04-18 12:55:00,buy_cover,V2_50_reclaim_add2_dd_throttle
,,0.318745056854318,,,,,open,,2938.539686185546,,1,175.075008,0.25,60992,0.5,2020-04-22 07:30:00,,V2_50_reclaim_add2_dd_throttle
,1,0.3178989154899715,,,,,add,,1470.2556700315802,,1,175.615116,0.125,61011,0.5,2020-04-22 09:05:00,,V2_50_reclaim_add2_dd_throttle
,2,0.3148380291211422,,,,,add,,1481.4688912590725,,1,179.20583399999998,0.125,61062,0.5,2020-04-22 13:20:00,,V2_50_reclaim_add2_dd_throttle
2,,,5890.264247476199,176.23200591027052,0.5,60992,close,390.4219,,7153.724918124536,,,,95701,,2020-08-21 21:15:00,sell,V2_50_reclaim_add2_dd_throttle
,,0.08630539980597052,,,,,open,,9453.94183143336,,1,370.494084,0.5,101495,1.0,2020-09-11 00:05:00,,V2_50_reclaim_add2_dd_throttle
,1,0.08532924272369435,,,,,add,,4734.189555732701,,1,371.77434,0.25,101499,1.0,2020-09-11 00:25:00,,V2_50_reclaim_add2_dd_throttle
,2,0.08441019253738824,,,,,add,,4719.752275700659,,1,373.20462599999996,0.2485446729399573,101760,1.0,2020-09-11 22:10:00,,V2_50_reclaim_add2_dd_throttle
2,,,18907.88366286672,371.4878780768151,0.9985446729399573,101495,close,317.596468,,-2749.4148882388454,,,,105239,,2020-09-24 00:05:00,sell,V2_50_reclaim_add2_dd_throttle
,,0.2191666751273582,,,,,open,,6059.425790485453,,1,365.333052,0.375,109847,0.75,2020-10-10 00:05:00,,V2_50_reclaim_add2_dd_throttle
,1,0.21854654907715565,,,,,add,,3032.119047530452,,1,366.253236,0.1875,109850,0.75,2020-10-10 00:20:00,,V2_50_reclaim_add2_dd_throttle
,2,0.21749993902634213,,,,,add,,3036.1800012144636,,1,367.17342,0.1875,109852,0.75,2020-10-10 00:30:00,,V2_50_reclaim_add2_dd_throttle
2,,,12127.724839230368,366.0222594143763,0.75,109847,close,934.813,,18833.835940754492,,,,136783,,2021-01-11 16:15:00,sell,V2_50_reclaim_add2_dd_throttle
,,0.28025527998508526,,,,,open,,8748.076178845591,,1,1576.9353239999998,0.25,150989,0.5,2021-03-02 00:05:00,,V2_50_reclaim_add2_dd_throttle
,1,0.2791145466717424,,,,,add,,4380.970562595134,,1,1587.56745,0.125,150991,0.5,2021-03-02 00:15:00,,V2_50_reclaim_add2_dd_throttle
,2,0.2778351847790701,,,,,add,,4386.150071282882,,1,1592.76849,0.125,150992,0.5,2021-03-02 00:20:00,,V2_50_reclaim_add2_dd_throttle
2,,,17515.196812723607,1583.5298484986215,0.5,150989,close,3432.533356,,20436.377740480817,,,,172818,,2021-05-16 19:10:00,sell,V2_50_reclaim_add2_dd_throttle
,,0.15631232797219763,,,,,open,,20785.755920948694,,1,2871.4441739999997,0.37500000000000006,175757,0.75,2021-05-27 00:05:00,,V2_50_reclaim_add2_dd_throttle
0,,,20785.755920948694,2871.4441739999997,0.37500000000000006,175757,close,2256.79855,,-4455.8190834260895,,,,176621,,2021-05-30 00:05:00,sell,V2_50_reclaim_add2_dd_throttle
,,0.22413496893910667,,,,,open,,19114.82376466391,,1,2843.838654,0.37500000000000006,178061,0.75,2021-06-04 00:05:00,,V2_50_reclaim_add2_dd_throttle
0,,,19114.82376466391,2843.838654,0.37500000000000006,178061,close,2703.819128,,-948.4081322392885,,,,178925,,2021-06-07 00:05:00,sell,V2_50_reclaim_add2_dd_throttle
,,0.23857082080800784,,,,,open,,18759.170715074175,,-1,1804.359056,0.375,184304,0.75,2021-06-26 00:05:00,,V2_50_reclaim_add2_dd_throttle
,1,0.2352390863279722,,,,,add,,9421.270138723483,,-1,1782.2534779999999,0.1875,184389,0.75,2021-06-26 07:10:00,,V2_50_reclaim_add2_dd_throttle
,2,0.2341344603394805,,,,,add,,9435.909955584924,,-1,1777.0345220000002,0.1875,184390,0.75,2021-06-26 07:15:00,,V2_50_reclaim_add2_dd_throttle
2,,,37616.35080938258,1791.8811416698238,0.75,184304,close,1985.537028,,-4065.350429528553,,,,184880,,2021-06-28 00:05:00,buy_cover,V2_50_reclaim_add2_dd_throttle
,,0.30056459691645643,,,,,open,,11487.895385126843,,-1,1942.36145,0.25,189488,0.5,2021-07-14 00:05:00,,V2_50_reclaim_add2_dd_throttle
,1,0.30045902906363486,,,,,add,,5746.980357984579,,-1,1937.482426,0.125,189490,0.5,2021-07-14 00:15:00,,V2_50_reclaim_add2_dd_throttle
,2,0.2995288948964433,,,,,add,,5751.565267203711,,-1,1933.093304,0.125,189491,0.5,2021-07-14 00:20:00,,V2_50_reclaim_add2_dd_throttle
2,,,22986.44101031513,1938.814878285458,0.5,189488,close,2023.494618,,-1003.9555622354746,,,,192080,,2021-07-23 00:05:00,buy_cover,V2_50_reclaim_add2_dd_throttle
,,0.3159159198922499,,,,,open,,11235.757172517458,,1,2182.9765079999997,0.25,192656,0.5,2021-07-25 00:05:00,,V2_50_reclaim_add2_dd_throttle
,1,0.31556761299541813,,,,,add,,5622.6494118943765,,1,2191.268166,0.125,192658,0.5,2021-07-25 00:15:00,,V2_50_reclaim_add2_dd_throttle
,2,0.31533282054269596,,,,,add,,5621.240546184925,,1,2190.0979319999997,0.125,192939,0.5,2021-07-25 23:40:00,,V2_50_reclaim_add2_dd_throttle
2,,,22479.647130596757,2186.8243416007535,0.5,192656,close,3060.8077160000003,,8971.602283071788,,,,209936,,2021-09-23 00:05:00,sell,V2_50_reclaim_add2_dd_throttle
,,0.17935791581933347,,,,,open,,20217.986614928108,,1,3305.06088,0.37499999999999994,212528,0.75,2021-10-02 00:05:00,,V2_50_reclaim_add2_dd_throttle
,1,0.1788032678323982,,,,,add,,10116.78895951314,,1,3313.182504,0.18750000000000006,212540,0.75,2021-10-02 01:05:00,,V2_50_reclaim_add2_dd_throttle
,2,0.178120943154098,,,,,add,,10123.680688730336,,1,3317.633394,0.1875,212541,0.75,2021-10-02 01:10:00,,V2_50_reclaim_add2_dd_throttle
2,,,40458.45626317158,3310.228836705367,0.75,212528,close,4179.51393,,10604.19165868812,,,,231248,,2021-12-06 00:05:00,sell,V2_50_reclaim_add2_dd_throttle
,,0.11481143112986936,,,,,open,,32259.41131591487,,1,4354.9308120000005,0.5,231536,1.0,2021-12-07 00:05:00,,V2_50_reclaim_add2_dd_throttle
,1,0.11384430162214687,,,,,add,,16148.680082173603,,1,4366.92321,0.25,231550,1.0,2021-12-07 01:15:00,,V2_50_reclaim_add2_dd_throttle
,2,0.11020877256433104,,,,,add,,16110.731233741266,,1,4391.648154,0.24838192683227966,231637,1.0,2021-12-07 08:30:00,,V2_50_reclaim_add2_dd_throttle
2,,,64518.82263182974,4367.049707858938,0.9983819268322797,231536,close,4078.8540660000003,,-4281.9064058299045,,,,232976,,2021-12-12 00:05:00,sell,V2_50_reclaim_add2_dd_throttle
,,0.17355854474416077,,,,,open,,22588.84358474994,,-1,3406.5785480000004,0.375,240464,0.75,2022-01-07 00:05:00,,V2_50_reclaim_add2_dd_throttle
,1,0.17226630408452526,,,,,add,,11310.851356426545,,-1,3392.001464,0.1875,240466,0.75,2022-01-07 00:15:00,,V2_50_reclaim_add2_dd_throttle
,2,0.17165701733421102,,,,,add,,11319.642748182949,,-1,3386.842496,0.1875,240467,0.75,2022-01-07 00:20:00,,V2_50_reclaim_add2_dd_throttle
2,,,45219.337689359425,3397.9692154052623,0.75,240464,close,2465.162934,,12413.557634750628,,,,246224,,2022-01-27 00:05:00,buy_cover,V2_50_reclaim_add2_dd_throttle
,,0.05208735193777336,,,,,open,,36320.7149966063,,1,2465.162934,0.5,246224,1.0,2022-01-27 00:05:00,,V2_50_reclaim_add2_dd_throttle
,1,0.0467421624880785,,,,,add,,18238.260297409426,,1,2487.307362,0.25,246227,1.0,2022-01-27 00:20:00,,V2_50_reclaim_add2_dd_throttle
,2,0.05065244252246692,,,,,add,,18082.454699196875,,1,2479.7858579999997,0.24845415834547557,246381,1.0,2022-01-27 13:10:00,,V2_50_reclaim_add2_dd_throttle
2,,,72641.4299932126,2474.325805981148,0.9984541583454756,246224,close,2337.842338,,-4034.3422647484113,,,,246475,,2022-01-27 21:00:00,sell,V2_50_reclaim_add2_dd_throttle
,,0.10469503990063522,,,,,open,,34303.543864232095,,-1,2337.842338,0.5,246475,1.0,2022-01-27 21:00:00,,V2_50_reclaim_add2_dd_throttle
,1,0.10139265252558671,,,,,add,,17218.83202949506,,-1,2318.626182,0.25,246478,1.0,2022-01-27 21:15:00,,V2_50_reclaim_add2_dd_throttle
1,,,51522.375893727156,2331.384939707766,0.75,246475,close,2591.588214,,-5750.352649851215,,,,246962,,2022-01-29 13:35:00,buy_cover,V2_50_reclaim_add2_dd_throttle
,,0.18005088547746684,,,,,open,,23567.411476287838,,1,2752.75044,0.375,248591,0.75,2022-02-04 05:20:00,,V2_50_reclaim_add2_dd_throttle
,1,0.1769151129756641,,,,,add,,11835.286820811072,,1,2785.997088,0.1875,248600,0.75,2022-02-04 06:05:00,,V2_50_reclaim_add2_dd_throttle
,2,0.17373637980771972,,,,,add,,11860.6456489743,,1,2796.9292739999996,0.1875,248601,0.75,2022-02-04 06:10:00,,V2_50_reclaim_add2_dd_throttle
2,,,47263.34394607321,2772.0218873103254,0.75,248591,close,2959.8379139999997,,3182.10414179293,,,,249284,,2022-02-06 15:05:00,sell,V2_50_reclaim_add2_dd_throttle
,,0.13802862726429643,,,,,open,,33014.26737261358,,-1,2959.8379139999997,0.5,249284,1.0,2022-02-06 15:05:00,,V2_50_reclaim_add2_dd_throttle
0,,,33014.26737261358,2959.8379139999997,0.5,249284,close,3195.0088739999997,,-2623.114156270356,,,,249750,,2022-02-08 05:55:00,buy_cover,V2_50_reclaim_add2_dd_throttle
,,0.17284748572351805,,,,,open,,23774.556650805855,,1,3195.0088739999997,0.37499999999999994,249750,0.75,2022-02-08 05:55:00,,V2_50_reclaim_add2_dd_throttle
,1,0.17075882708076306,,,,,add,,11916.993279905073,,1,3217.5933899999995,0.18750000000000006,249754,0.75,2022-02-08 06:15:00,,V2_50_reclaim_add2_dd_throttle
,2,0.17072799198192812,,,,,add,,11907.847178327898,,1,3213.6426,0.1875,250175,0.75,2022-02-09 17:20:00,,V2_50_reclaim_add2_dd_throttle
2,,,47599.39710903882,3205.2909662684356,0.75,249750,close,3076.8845,,-1925.1443081996404,,,,250537,,2022-02-10 23:30:00,sell,V2_50_reclaim_add2_dd_throttle
,,0.19796106780973832,,,,,open,,23052.62753523099,,1,2959.0816979999995,0.37499999999999994,251580,0.75,2022-02-14 14:25:00,,V2_50_reclaim_add2_dd_throttle
,1,0.19640358908474875,,,,,add,,11548.842748622326,,1,2975.6950199999997,0.18749999999999994,251714,0.75,2022-02-15 01:35:00,,V2_50_reclaim_add2_dd_throttle
,2,0.19056022794932492,,,,,add,,11630.353944556227,,1,3013.35255,0.1875,251715,0.75,2022-02-15 01:40:00,,V2_50_reclaim_add2_dd_throttle
2,,,46231.82422840954,2976.7199100592024,0.7499999999999999,251580,close,3050.369804,,1124.917704389496,,,,252179,,2022-02-16 16:20:00,sell,V2_50_reclaim_add2_dd_throttle
,,0.18359635158928356,,,,,open,,23474.471674377048,,-1,3050.369804,0.37499999999999994,252179,0.75,2022-02-16 16:20:00,,V2_50_reclaim_add2_dd_throttle
,1,0.1831248439019948,,,,,add,,11738.172987173659,,-1,3048.5001780000002,0.18750000000000006,252375,0.75,2022-02-17 08:40:00,,V2_50_reclaim_add2_dd_throttle
,2,0.1795588853284832,,,,,add,,11786.339261848803,,-1,3025.84471,0.1875,252432,0.75,2022-02-17 13:25:00,,V2_50_reclaim_add2_dd_throttle
2,,,46998.983923399515,3043.716894651487,0.75,252179,close,2666.013096,,5832.2440578551395,,,,254066,,2022-02-23 06:05:00,buy_cover,V2_50_reclaim_add2_dd_throttle
,,0.10734324703555365,,,,,open,,34210.7176963713,,1,2666.013096,0.5,254066,1.0,2022-02-23 06:05:00,,V2_50_reclaim_add2_dd_throttle
,1,0.1064703036960597,,,,,add,,17114.960502185022,,1,2670.073908,0.25,254068,1.0,2022-02-23 06:15:00,,V2_50_reclaim_add2_dd_throttle
,2,0.10638317856560886,,,,,add,,17095.757194186277,,1,2674.78485,0.24941431189246177,254080,1.0,2022-02-23 07:15:00,,V2_50_reclaim_add2_dd_throttle
2,,,68421.4353927426,2669.2156865670263,0.9994143118924618,254066,close,2650.31983,,-511.53972210740903,,,,255380,,2022-02-27 19:35:00,sell,V2_50_reclaim_add2_dd_throttle
,,0.11469730987980209,,,,,open,,33954.947835317595,,-1,2650.31983,0.5,255380,1.0,2022-02-27 19:35:00,,V2_50_reclaim_add2_dd_throttle
,1,0.11120940097230347,,,,,add,,17020.4793126025,,-1,2635.8327280000003,0.25,255383,1.0,2022-02-27 19:50:00,,V2_50_reclaim_add2_dd_throttle
,2,0.10433524545520778,,,,,add,,17149.009557477122,,-1,2608.7981360000003,0.25,255385,1.0,2022-02-27 20:00:00,,V2_50_reclaim_add2_dd_throttle
2,,,68124.43670539722,2636.138073326869,1.0,255380,close,2995.9490699999997,,-9298.417845745178,,,,255884,,2022-03-01 13:35:00,buy_cover,V2_50_reclaim_add2_dd_throttle
,,0.23548151951147844,,,,,open,,21974.194851580847,,1,2632.596414,0.37499999999999994,258056,0.75,2022-03-09 02:35:00,,V2_50_reclaim_add2_dd_throttle
,1,0.234517173576145,,,,,add,,11007.293506671656,,1,2646.5592060000004,0.18750000000000006,258066,0.75,2022-03-09 03:25:00,,V2_50_reclaim_add2_dd_throttle
,2,0.23097376930612012,,,,,add,,11049.675744334798,,1,2664.9928919999998,0.1875,258067,0.75,2022-03-09 03:30:00,,V2_50_reclaim_add2_dd_throttle
2,,,44031.1641025873,2644.150129824724,0.75,258056,close,2534.323034,,-1845.7522656946821,,,,258628,,2022-03-11 02:15:00,sell,V2_50_reclaim_add2_dd_throttle
,,0.25899938290276814,,,,,open,,14188.025167963562,,-1,2534.323034,0.25,258628,0.5,2022-03-11 02:15:00,,V2_50_reclaim_add2_dd_throttle
,1,0.2593849094954521,,,,,add,,7089.021302181693,,-1,2540.44181,0.125,258636,0.5,2022-03-11 02:55:00,,V2_50_reclaim_add2_dd_throttle
,2,0.25880656206375074,,,,,add,,7104.4766086304235,,-1,2525.364826,0.125,258637,0.5,2022-03-11 03:00:00,,V2_50_reclaim_add2_dd_throttle
2,,,28381.523078775677,2533.597506189073,0.5,258628,close,2606.341164,,-814.8779903180293,,,,259955,,2022-03-15 16:50:00,buy_cover,V2_50_reclaim_add2_dd_throttle
,,0.27026847053544734,,,,,open,,13982.886594230116,,-1,2885.982688,0.25,261337,0.5,2022-03-20 12:00:00,,V2_50_reclaim_add2_dd_throttle
,1,0.2695267854607113,,,,,add,,6997.023362899728,,-1,2875.614762,0.125,261339,0.5,2022-03-20 12:10:00,,V2_50_reclaim_add2_dd_throttle
,2,0.2684826450585601,,,,,add,,7006.751984169969,,-1,2864.536978,0.125,261370,0.5,2022-03-20 14:45:00,,V2_50_reclaim_add2_dd_throttle
2,,,27986.66194129981,2877.994049270726,0.5,261337,close,2964.072696,,-837.0589469450788,,,,261799,,2022-03-22 02:30:00,buy_cover,V2_50_reclaim_add2_dd_throttle
,,0.281148359576017,,,,,open,,13772.222524396782,,1,2964.072696,0.25,261799,0.5,2022-03-22 02:30:00,,V2_50_reclaim_add2_dd_throttle
,1,0.2810052506049162,,,,,add,,6888.993982752991,,1,2970.223926,0.125,261802,0.5,2022-03-22 02:45:00,,V2_50_reclaim_add2_dd_throttle
,2,0.28034334442324826,,,,,add,,6894.4474178481,,1,2976.885258,0.125,261803,0.5,2022-03-22 02:50:00,,V2_50_reclaim_add2_dd_throttle
2,,,27555.663924997873,2968.8068002198634,0.5,261799,close,3176.894494,,1919.6201932601398,,,,266378,,2022-04-07 00:05:00,sell,V2_50_reclaim_add2_dd_throttle
,,0.25684572725362886,,,,,open,,14252.127572711817,,-1,3176.894494,0.25,266378,0.5,2022-04-07 00:05:00,,V2_50_reclaim_add2_dd_throttle
,1,0.25466091985701655,,,,,add,,7142.468148770443,,-1,3146.3706,0.125,266388,0.5,2022-04-07 00:55:00,,V2_50_reclaim_add2_dd_throttle
1,,,21394.59572148226,3166.638617249339,0.375,266378,close,3228.6756060000002,,-419.13640660489546,,,,266666,,2022-04-08 00:05:00,buy_cover,V2_50_reclaim_add2_dd_throttle
,,0.2617417080601827,,,,,open,,14146.27374127452,,1,3272.1543,0.25,266698,0.5,2022-04-08 02:45:00,,V2_50_reclaim_add2_dd_throttle
,1,0.2609701831891684,,,,,add,,7080.6529973701545,,1,3287.3773439999995,0.125,266761,0.5,2022-04-08 08:00:00,,V2_50_reclaim_add2_dd_throttle
,2,0.2604508916673889,,,,,add,,7085.617306922252,,1,3293.948658,0.125,266762,0.5,2022-04-08 08:05:00,,V2_50_reclaim_add2_dd_throttle
2,,,28312.544045566927,3281.3880277678504,0.5,266698,close,2984.2630280000003,,-2573.9589537047723,,,,267818,,2022-04-12 00:05:00,sell,V2_50_reclaim_add2_dd_throttle
,,0.29459856751963265,,,,,open,,13502.784002848326,,-1,2984.2630280000003,0.25,267818,0.5,2022-04-12 00:05:00,,V2_50_reclaim_add2_dd_throttle
,1,0.2939801394716497,,,,,add,,6763.145887051927,,-1,2962.287424,0.125,267830,0.5,2022-04-12 01:05:00,,V2_50_reclaim_add2_dd_throttle
,2,0.29357106736972194,,,,,add,,6766.500192833203,,-1,2957.948292,0.125,267847,0.5,2022-04-12 02:30:00,,V2_50_reclaim_add2_dd_throttle
2,,,27032.430082733455,2972.128336004927,0.5,267818,close,3096.8892539999997,,-1134.738161621619,,,,268277,,2022-04-13 14:20:00,buy_cover,V2_50_reclaim_add2_dd_throttle
,,0.3101991292681213,,,,,open,,13217.747840938784,,-1,3012.587362,0.25,269538,0.5,2022-04-17 23:25:00,,V2_50_reclaim_add2_dd_throttle
,1,0.30903190297526095,,,,,add,,6620.583327984552,,-1,2990.0318740000002,0.125,269540,0.5,2022-04-17 23:35:00,,V2_50_reclaim_add2_dd_throttle
,2,0.306375543280047,,,,,add,,6641.084826682018,,-1,2964.786924,0.125,269596,0.5,2022-04-18 04:15:00,,V2_50_reclaim_add2_dd_throttle
2,,,26479.415995605355,2994.8289078484277,0.5,269538,close,3118.02348,,-1089.249877786191,,,,270002,,2022-04-19 14:05:00,buy_cover,V2_50_reclaim_add2_dd_throttle
,,0.32414067387979506,,,,,open,,12944.111400692456,,1,3118.02348,0.25,270002,0.5,2022-04-19 14:05:00,,V2_50_reclaim_add2_dd_throttle
,1,0.32404074378928327,,,,,add,,6475.097428417994,,1,3125.1349020000002,0.125,270015,0.5,2022-04-19 15:10:00,,V2_50_reclaim_add2_dd_throttle
,2,0.32367384995647464,,,,,add,,6479.650293974192,,1,3131.406156,0.125,270250,0.5,2022-04-20 10:45:00,,V2_50_reclaim_add2_dd_throttle
2,,,25898.859123084643,3123.1396859387473,0.5,270002,close,3025.524774,,-819.5133844924749,,,,270647,,2022-04-21 19:50:00,sell,V2_50_reclaim_add2_dd_throttle
,,0.33517160720217454,,,,,open,,12739.233054569338,,1,2971.384158,0.25,271787,0.5,2022-04-25 18:50:00,,V2_50_reclaim_add2_dd_throttle
,1,0.3344366753665614,,,,,add,,6376.020184682698,,1,2984.526786,0.125,271795,0.5,2022-04-25 19:30:00,,V2_50_reclaim_add2_dd_throttle
,2,0.3335209355673272,,,,,add,,6389.397172947396,,1,3001.590198,0.125,271796,0.5,2022-04-25 19:35:00,,V2_50_reclaim_add2_dd_throttle
2,,,25504.650412199433,2982.1854276742442,0.5,271787,close,2837.23244,,-1249.3916026692204,,,,272853,,2022-04-29 11:40:00,sell,V2_50_reclaim_add2_dd_throttle
,,0.350933982799018,,,,,open,,12426.885153902032,,-1,2837.23244,0.25,272853,0.5,2022-04-29 11:40:00,,V2_50_reclaim_add2_dd_throttle
,1,0.35047214937566207,,,,,add,,6222.351153341774,,-1,2819.825922,0.125,272914,0.5,2022-04-29 16:45:00,,V2_50_reclaim_add2_dd_throttle
,2,0.34888662674974824,,,,,add,,6236.593456850677,,-1,2802.1494580000003,0.125,272939,0.5,2022-04-29 18:50:00,,V2_50_reclaim_add2_dd_throttle
2,,,24885.829764094484,2824.013039542979,0.5,272853,close,2835.677022,,-102.78460297646598,,,,273570,,2022-05-01 23:25:00,buy_cover,V2_50_reclaim_add2_dd_throttle
,,0.352671387869243,,,,,open,,12399.944711669712,,1,2835.677022,0.25,273570,0.5,2022-05-01 23:25:00,,V2_50_reclaim_add2_dd_throttle
,1,0.35146670298245186,,,,,add,,6211.763382231609,,1,2858.391564,0.125,273636,0.5,2022-05-02 04:55:00,,V2_50_reclaim_add2_dd_throttle
,2,0.3508081233241741,,,,,add,,6220.549978244757,,1,2869.513788,0.125,273650,0.5,2022-05-02 06:05:00,,V2_50_reclaim_add2_dd_throttle
2,,,24832.258072146076,2849.7597354661884,0.5,273570,close,2762.4773940000005,,-770.1892471138235,,,,274101,,2022-05-03 19:40:00,sell,V2_50_reclaim_add2_dd_throttle
,,0.3625476817030072,,,,,open,,12207.397399891255,,-1,2762.4773940000005,0.25,274101,0.5,2022-05-03 19:40:00,,V2_50_reclaim_add2_dd_throttle
,1,0.36276624406383995,,,,,add,,6105.783383120273,,-1,2757.59837,0.125,274109,0.5,2022-05-03 20:20:00,,V2_50_reclaim_add2_dd_throttle
,2,0.36203932631129876,,,,,add,,6105.809686148036,,-1,2757.19845,0.125,274623,0.5,2022-05-05 15:10:00,,V2_50_reclaim_add2_dd_throttle
2,,,24418.990469159566,2759.9351215305105,0.5,274101,close,2089.877892,,5928.444844722217,,,,277466,,2022-05-15 12:05:00,buy_cover,V2_50_reclaim_add2_dd_throttle
,,0.2856839575956025,,,,,open,,13688.28766154835,,1,2089.877892,0.25,277466,0.5,2022-05-15 12:05:00,,V2_50_reclaim_add2_dd_throttle
,1,0.2853528662096908,,,,,add,,6844.679210001672,,1,2091.3681899999997,0.125,277470,0.5,2022-05-15 12:25:00,,V2_50_reclaim_add2_dd_throttle
,2,0.2853920459949546,,,,,add,,6848.977307127423,,1,2095.148946,0.125,277546,0.5,2022-05-15 18:45:00,,V2_50_reclaim_add2_dd_throttle
2,,,27381.944178677448,2091.5666392336734,0.5,277466,close,2001.989522,,-1183.1900216607391,,,,278340,,2022-05-18 12:55:00,sell,V2_50_reclaim_add2_dd_throttle
,,0.301004480801368,,,,,open,,13392.490156133164,,-1,2001.989522,0.25,278340,0.5,2022-05-18 12:55:00,,V2_50_reclaim_add2_dd_throttle
,1,0.29973080144274766,,,,,add,,6707.764793951782,,-1,1987.412438,0.125,278350,0.5,2022-05-18 13:45:00,,V2_50_reclaim_add2_dd_throttle
,2,0.29774223560529345,,,,,add,,6734.447761344331,,-1,1965.936734,0.125,278362,0.5,2022-05-18 14:45:00,,V2_50_reclaim_add2_dd_throttle
2,,,26834.702711429276,1989.1876612785425,0.5,278340,close,2050.10994,,-821.857620199964,,,,278781,,2022-05-20 01:40:00,buy_cover,V2_50_reclaim_add2_dd_throttle
,,0.3118724592986284,,,,,open,,13185.684015947601,,-1,1989.082104,0.25,279862,0.5,2022-05-23 19:45:00,,V2_50_reclaim_add2_dd_throttle
,1,0.3116991538718217,,,,,add,,6594.850374524164,,-1,1985.862748,0.125,279864,0.5,2022-05-23 19:55:00,,V2_50_reclaim_add2_dd_throttle
,2,0.3112403941357067,,,,,add,,6600.564004907052,,-1,1981.0037200000002,0.125,279865,0.5,2022-05-23 20:00:00,,V2_50_reclaim_add2_dd_throttle
2,,,26381.098395378816,1986.2505905024768,0.5,279862,close,1836.297186,,1991.6608083386818,,,,281661,,2022-05-30 01:40:00,buy_cover,V2_50_reclaim_add2_dd_throttle
,,0.28539205899092124,,,,,open,,13682.280163112502,,1,1836.297186,0.25,281661,0.5,2022-05-30 01:40:00,,V2_50_reclaim_add2_dd_throttle
,1,0.285024719284819,,,,,add,,6849.600397559505,,1,1846.11915,0.125,281665,0.5,2022-05-30 02:00:00,,V2_50_reclaim_add2_dd_throttle
,2,0.28187257350287687,,,,,add,,6880.266207137601,,1,1868.353596,0.125,281666,0.5,2022-05-30 02:05:00,,V2_50_reclaim_add2_dd_throttle
2,,,27412.146767809605,1846.704941300457,0.5,281661,close,1916.876548,,1030.2339916637393,,,,282267,,2022-06-01 04:10:00,sell,V2_50_reclaim_add2_dd_throttle
,,0.2719638120170512,,,,,open,,13939.838661028436,,-1,1916.876548,0.25,282267,0.5,2022-06-01 04:10:00,,V2_50_reclaim_add2_dd_throttle
,1,0.27181277590217257,,,,,add,,6976.002274297454,,-1,1909.41804,0.125,282393,0.5,2022-06-01 14:40:00,,V2_50_reclaim_add2_dd_throttle
,2,0.26896358453885116,,,,,add,,7005.215055984434,,-1,1887.7723700000001,0.125,282405,0.5,2022-06-01 15:40:00,,V2_50_reclaim_add2_dd_throttle
2,,,27921.055991310324,1907.635912105972,0.5,282267,close,1796.319192,,1629.284897253685,,,,283346,,2022-06-04 22:05:00,buy_cover,V2_50_reclaim_add2_dd_throttle
,,0.251138593955492,,,,,open,,14345.763832542292,,1,1796.319192,0.25,283346,0.5,2022-06-04 22:05:00,,V2_50_reclaim_add2_dd_throttle
,1,0.2497659763919483,,,,,add,,10784.386749639738,,1,1813.782684,0.1875,283349,0.75,2022-06-04 22:20:00,,V2_50_reclaim_add2_dd_throttle
,2,0.2508152420013733,,,,,add,,7180.694527689388,,1,1808.9817239999998,0.125,283559,0.5,2022-06-05 15:50:00,,V2_50_reclaim_add2_dd_throttle
2,,,32310.84510987142,1804.9273092839937,0.5625,283346,close,1780.423844,,-451.39555803543044,,,,283952,,2022-06-07 00:35:00,sell,V2_50_reclaim_add2_dd_throttle
,,0.2561454470896033,,,,,open,,14232.914943033436,,-1,1780.423844,0.25,283952,0.5,2022-06-07 00:35:00,,V2_50_reclaim_add2_dd_throttle
,1,0.2523891953670603,,,,,add,,7164.6500409492555,,-1,1731.483634,0.125,283968,0.5,2022-06-07 01:55:00,,V2_50_reclaim_add2_dd_throttle
,2,0.25337000095750106,,,,,add,,7152.73840509493,,-1,1739.10211,0.125,284095,0.5,2022-06-07 12:30:00,,V2_50_reclaim_add2_dd_throttle
2,,,28550.30338907762,1757.49600279851,0.5,283952,close,1248.729696,,8264.846017386793,,,,286538,,2022-06-16 00:05:00,buy_cover,V2_50_reclaim_add2_dd_throttle
,,0.14946426201708596,,,,,open,,32595.397864421364,,1,1141.5282599999998,0.5,288796,1.0,2022-06-23 20:15:00,,V2_50_reclaim_add2_dd_throttle
,1,0.14809604206594507,,,,,add,,16328.555459047458,,1,1146.3092159999999,0.25,288823,1.0,2022-06-23 22:30:00,,V2_50_reclaim_add2_dd_throttle
,2,0.14611357129618696,,,,,add,,16266.842405373905,,1,1148.92974,0.24865319029503596,288824,1.0,2022-06-23 22:35:00,,V2_50_reclaim_add2_dd_throttle
2,,,65190.79572884273,1144.5637871338697,0.998653190295036,288796,close,1192.91137,,2726.5529521249264,,,,289870,,2022-06-27 13:45:00,sell,V2_50_reclaim_add2_dd_throttle
,,0.11421282841222846,,,,,open,,33958.67434048383,,-1,1192.91137,0.5,289870,1.0,2022-06-27 13:45:00,,V2_50_reclaim_add2_dd_throttle
,1,0.10999871110896475,,,,,add,,17047.806242429644,,-1,1182.81339,0.25,289873,1.0,2022-06-27 14:00:00,,V2_50_reclaim_add2_dd_throttle
,2,0.1106587264597696,,,,,add,,17045.67274771196,,-1,1182.853382,0.25,290001,1.0,2022-06-28 00:40:00,,V2_50_reclaim_add2_dd_throttle
2,,,68052.15333062543,1187.8410201483398,1.0,289870,close,1092.208398,,5478.855106486539,,,,291864,,2022-07-04 11:55:00,buy_cover,V2_50_reclaim_add2_dd_throttle
,,0.06835971610679681,,,,,open,,36691.296678394036,,1,1092.208398,0.5,291864,1.0,2022-07-04 11:55:00,,V2_50_reclaim_add2_dd_throttle
,1,0.06137072188097059,,,,,add,,18464.908212263632,,1,1106.851326,0.25,291866,1.0,2022-07-04 12:05:00,,V2_50_reclaim_add2_dd_throttle
,2,0.05865433272031584,,,,,add,,18226.388466130404,,1,1112.02236,0.245929917930799,291870,1.0,2022-07-04 12:25:00,,V2_50_reclaim_add2_dd_throttle
2,,,73382.59335678807,1100.7439734038066,0.995929917930799,291864,close,1188.502252,,5818.834864696313,,,,293479,,2022-07-10 02:30:00,sell,V2_50_reclaim_add2_dd_throttle
,,0.06750862880451836,,,,,open,,39600.71411074219,,-1,1188.502252,0.5,293479,1.0,2022-07-10 02:30:00,,V2_50_reclaim_add2_dd_throttle
,1,0.06505697929644616,,,,,add,,19845.700495984434,,-1,1182.583436,0.25,293579,1.0,2022-07-10 10:50:00,,V2_50_reclaim_add2_dd_throttle
,2,0.06157817023401002,,,,,add,,19927.368692148553,,-1,1175.904772,0.25,293586,1.0,2022-07-10 11:25:00,,V2_50_reclaim_add2_dd_throttle
2,,,79373.78329887518,1183.8367881824947,1.0,293479,close,1099.829922,,5632.487814583379,,,,294463,,2022-07-13 12:30:00,buy_cover,V2_50_reclaim_add2_dd_throttle
,,0.04704978788211034,,,,,open,,42409.020639703995,,1,1099.829922,0.5,294463,1.0,2022-07-13 12:30:00,,V2_50_reclaim_add2_dd_throttle
,1,0.042211771043567325,,,,,add,,21311.20337287189,,1,1111.3422239999998,0.25,294593,1.0,2022-07-13 23:20:00,,V2_50_reclaim_add2_dd_throttle
,2,0.0369872860535182,,,,,add,,21097.817266832106,,1,1119.663888,0.24613468284322404,294602,1.0,2022-07-14 00:05:00,,V2_50_reclaim_add2_dd_throttle
2,,,84818.04127940799,1107.5930757362062,0.996134682843224,294463,close,1481.893562,,28618.057744432168,,,,296666,,2022-07-21 04:05:00,sell,V2_50_reclaim_add2_dd_throttle
,,0.07984856947806118,,,,,open,,56718.04951192008,,-1,1481.893562,0.5,296666,1.0,2022-07-21 04:05:00,,V2_50_reclaim_add2_dd_throttle
0,,,56718.04951192008,1481.893562,0.5,296666,close,1606.881312,,-4783.783349290599,,,,297550,,2022-07-24 05:45:00,buy_cover,V2_50_reclaim_add2_dd_throttle
,,0.11950543328520913,,,,,open,,54320.48603232359,,1,1606.881312,0.5,297550,1.0,2022-07-24 05:45:00,,V2_50_reclaim_add2_dd_throttle
,1,0.11639839799009499,,,,,add,,27253.840644774882,,1,1618.603656,0.25,297559,1.0,2022-07-24 06:30:00,,V2_50_reclaim_add2_dd_throttle
,2,0.11288450187189825,,,,,add,,27066.64538754871,,1,1625.1649679999998,0.24755335409765145,297740,1.0,2022-07-24 21:35:00,,V2_50_reclaim_add2_dd_throttle
2,,,108640.97206464718,1614.3390674710279,0.9975533540976514,297550,close,1479.1741060000002,,-9136.076947907146,,,,297999,,2022-07-25 19:10:00,sell,V2_50_reclaim_add2_dd_throttle
,,0.19342102000247585,,,,,open,,37314.335668777516,,-1,1670.405852,0.375,299769,0.75,2022-07-31 22:40:00,,V2_50_reclaim_add2_dd_throttle
,1,0.19314191328035457,,,,,add,,18660.69257779472,,-1,1668.896154,0.1875,299771,0.75,2022-07-31 22:50:00,,V2_50_reclaim_add2_dd_throttle
,2,0.18982206923420686,,,,,add,,18738.84507684919,,-1,1656.238686,0.1875,299915,0.75,2022-08-01 10:50:00,,V2_50_reclaim_add2_dd_throttle
2,,,74713.87332342143,1666.4541823501843,0.75,299769,close,1681.2261780000001,,-662.2852275009209,,,,300509,,2022-08-03 12:20:00,buy_cover,V2_50_reclaim_add2_dd_throttle
,,0.19845673153232624,,,,,open,,37060.37516796541,,1,1681.2261780000001,0.37499999999999994,300509,0.75,2022-08-03 12:20:00,,V2_50_reclaim_add2_dd_throttle
,1,0.19590615576961046,,,,,add,,18603.485345781657,,1,1699.63986,0.18749999999999994,301073,0.75,2022-08-05 11:20:00,,V2_50_reclaim_add2_dd_throttle
,2,0.19363920899644138,,,,,add,,18647.42083219763,,1,1706.971326,0.1875,301078,0.75,2022-08-05 11:45:00,,V2_50_reclaim_add2_dd_throttle
2,,,74311.28134594469,1692.2204070204511,0.7499999999999999,300509,close,1711.05772,,797.159512089609,,,,302229,,2022-08-09 11:40:00,sell,V2_50_reclaim_add2_dd_throttle
,,0.19459682980993165,,,,,open,,37359.30998499902,,-1,1711.05772,0.375,302229,0.75,2022-08-09 11:40:00,,V2_50_reclaim_add2_dd_throttle
,1,0.1898945180298739,,,,,add,,18729.039616900445,,-1,1698.3102700000002,0.1875,302231,0.75,2022-08-09 11:50:00,,V2_50_reclaim_add2_dd_throttle
,2,0.1871121429704219,,,,,add,,18795.707459874433,,-1,1687.2624799999999,0.1875,302257,0.75,2022-08-09 14:00:00,,V2_50_reclaim_add2_dd_throttle
2,,,74884.0570617739,1701.838726047181,0.75,302229,close,1891.82829,,-8359.889491126145,,,,302683,,2022-08-11 01:30:00,buy_cover,V2_50_reclaim_add2_dd_throttle
,,0.25899539859292986,,,,,open,,22812.49008103139,,1,1891.82829,0.25,302683,0.5,2022-08-11 01:30:00,,V2_50_reclaim_add2_dd_throttle
,1,0.25885891271930117,,,,,add,,11431.688177377951,,1,1909.471818,0.125,302687,0.5,2022-08-11 01:50:00,,V2_50_reclaim_add2_dd_throttle
,2,0.259141741332618,,,,,add,,11428.658531166398,,1,1908.3816,0.125,302808,0.5,2022-08-11 11:55:00,,V2_50_reclaim_add2_dd_throttle
2,,,45672.83678957574,1900.347955717883,0.5,302683,close,1958.368248,,1375.6308240511062,,,,303731,,2022-08-14 16:50:00,sell,V2_50_reclaim_add2_dd_throttle
,,0.24966066509648355,,,,,open,,34734.59668056625,,-1,1958.368248,0.37499999999999994,303731,0.75,2022-08-14 16:50:00,,V2_50_reclaim_add2_dd_throttle
,1,0.24680570028721738,,,,,add,,17421.44977440787,,-1,1941.301662,0.18750000000000006,303733,0.75,2022-08-14 17:00:00,,V2_50_reclaim_add2_dd_throttle
,2,0.24470021655768848,,,,,add,,17471.567490568723,,-1,1931.0337160000001,0.1875,303734,0.75,2022-08-14 17:05:00,,V2_50_reclaim_add2_dd_throttle
2,,,69627.61394554283,1947.168799673146,0.75,303731,close,1919.6938619999999,,982.4621780879534,,,,304463,,2022-08-17 05:50:00,buy_cover,V2_50_reclaim_add2_dd_throttle
,,0.24160324923997334,,,,,open,,35097.79792630332,,1,1919.6938619999999,0.37500000000000006,304463,0.75,2022-08-17 05:50:00,,V2_50_reclaim_add2_dd_throttle
,1,0.2384347014374435,,,,,add,,17622.594914171572,,1,1941.968316,0.18749999999999994,304466,0.75,2022-08-17 06:05:00,,V2_50_reclaim_add2_dd_throttle
,2,0.23649495884705063,,,,,add,,17666.40453379264,,1,1950.770076,0.1875,304472,0.75,2022-08-17 06:35:00,,V2_50_reclaim_add2_dd_throttle
2,,,70386.79737426752,1932.9735118959343,0.75,304463,close,1821.865554,,-4072.3901563423424,,,,304974,,2022-08-19 00:25:00,sell,V2_50_reclaim_add2_dd_throttle
,,0.2753061223015808,,,,,open,,22380.43441178329,,-1,1821.865554,0.25,304974,0.5,2022-08-19 00:25:00,,V2_50_reclaim_add2_dd_throttle
,1,0.27291199525129284,,,,,add,,11206.40030134485,,-1,1810.597808,0.125,304987,0.5,2022-08-19 01:30:00,,V2_50_reclaim_add2_dd_throttle
,2,0.2708662950680275,,,,,add,,11255.778223787456,,-1,1788.9721339999999,0.125,305048,0.5,2022-08-19 06:35:00,,V2_50_reclaim_add2_dd_throttle
2,,,44842.6129369156,1810.6928375188913,0.5,304974,close,1643.248584,,4146.832991756659,,,,305802,,2022-08-21 21:25:00,buy_cover,V2_50_reclaim_add2_dd_throttle
,,0.24064696055406065,,,,,open,,35122.35079361341,,1,1643.248584,0.37499999999999994,305802,0.75,2022-08-21 21:25:00,,V2_50_reclaim_add2_dd_throttle
,1,0.23792833931485602,,,,,add,,17627.858916200064,,1,1660.552044,0.18750000000000006,306342,0.75,2022-08-23 18:25:00,,V2_50_reclaim_add2_dd_throttle
,2,0.24025564513336461,,,,,add,,17564.53006256318,,1,1650.209976,0.1875,306551,0.75,2022-08-24 11:50:00,,V2_50_reclaim_add2_dd_throttle
2,,,70314.73977237666,1649.2951254260336,0.75,305802,close,1653.579218,,154.44846980339207,,,,307070,,2022-08-26 07:05:00,sell,V2_50_reclaim_add2_dd_throttle
,,0.23941184293648998,,,,,open,,35180.26896978969,,-1,1653.579218,0.375,307070,0.75,2022-08-26 07:05:00,,V2_50_reclaim_add2_dd_throttle
,1,0.23668692505227729,,,,,add,,17668.33894272775,,-1,1633.313272,0.1875,307119,0.75,2022-08-26 11:10:00,,V2_50_reclaim_add2_dd_throttle
,2,0.22822921379692684,,,,,add,,17851.650357280112,,-1,1602.62941,0.1875,307166,0.75,2022-08-26 15:05:00,,V2_50_reclaim_add2_dd_throttle
2,,,70700.25826979756,1635.3806388710386,0.75,307070,close,1510.4720340000001,,5400.011890950023,,,,308019,,2022-08-29 14:10:00,buy_cover,V2_50_reclaim_add2_dd_throttle
,,0.19578905195557228,,,,,open,,37199.97090952572,,1,1510.4720340000001,0.375,308019,0.75,2022-08-29 14:10:00,,V2_50_reclaim_add2_dd_throttle
,1,0.19286611395748854,,,,,add,,18673.83546916761,,1,1527.075354,0.1875,308022,0.75,2022-08-29 14:25:00,,V2_50_reclaim_add2_dd_throttle
,2,0.19085231636159217,,,,,add,,18717.759688887145,,1,1533.6366659999999,0.1875,308042,0.75,2022-08-29 16:05:00,,V2_50_reclaim_add2_dd_throttle
2,,,74591.56606758048,1520.372978574734,0.75,308019,close,1519.925954,,-51.75650458733435,,,,308891,,2022-09-01 14:50:00,sell,V2_50_reclaim_add2_dd_throttle
,,0.19503312415264695,,,,,open,,37180.562220305466,,-1,1519.925954,0.37499999999999994,308891,0.75,2022-09-01 14:50:00,,V2_50_reclaim_add2_dd_throttle
0,,,37180.562220305466,1519.925954,0.37499999999999994,308891,close,1574.194776,,-1327.5271512442414,,,,309722,,2022-09-04 12:05:00,buy_cover,V2_50_reclaim_add2_dd_throttle
,,0.207211943393233,,,,,open,,36679.950996422354,,1,1574.194776,0.375,309722,0.75,2022-09-04 12:05:00,,V2_50_reclaim_add2_dd_throttle
,1,0.20636134620824664,,,,,add,,18339.88954458187,,1,1574.8048979999999,0.1875,309835,0.75,2022-09-04 21:30:00,,V2_50_reclaim_add2_dd_throttle
,2,0.2039229205331219,,,,,add,,18413.78732432011,,1,1586.297196,0.1875,309866,0.75,2022-09-05 00:05:00,,V2_50_reclaim_add2_dd_throttle
2,,,73433.62786532434,1577.3650444440211,0.75,309722,close,1559.867964,,-843.6146232017782,,,,310395,,2022-09-06 20:10:00,sell,V2_50_reclaim_add2_dd_throttle
,,0.21397202303040452,,,,,open,,36363.59551272169,,-1,1707.098512,0.375,312072,0.75,2022-09-12 15:55:00,,V2_50_reclaim_add2_dd_throttle
,1,0.20984315540038834,,,,,add,,18275.06736317539,,-1,1683.0633200000002,0.1875,312174,0.75,2022-09-13 00:25:00,,V2_50_reclaim_add2_dd_throttle
,2,0.20922761584159077,,,,,add,,18291.54175340457,,-1,1680.103912,0.1875,312175,0.75,2022-09-13 00:30:00,,V2_50_reclaim_add2_dd_throttle
2,,,72930.20462930165,1694.2084957559816,0.75,312072,close,1631.57625,,2696.1187306440843,,,,312729,,2022-09-14 22:40:00,buy_cover,V2_50_reclaim_add2_dd_throttle
,,0.19214025790036793,,,,,open,,37369.17027136602,,1,1631.57625,0.375,312729,0.75,2022-09-14 22:40:00,,V2_50_reclaim_add2_dd_throttle
,1,0.18960228583728866,,,,,add,,18742.623166572765,,1,1645.749084,0.1875,312731,0.75,2022-09-14 22:50:00,,V2_50_reclaim_add2_dd_throttle
,2,0.18949837755726862,,,,,add,,18742.696307513994,,1,1645.9791300000002,0.1875,312748,0.75,2022-09-15 00:15:00,,V2_50_reclaim_add2_dd_throttle
2,,,74854.48974545278,1638.700115837704,0.75,312729,close,1422.985346,,-9879.673130190298,,,,313231,,2022-09-16 16:30:00,sell,V2_50_reclaim_add2_dd_throttle
,,0.2724790547908065,,,,,open,,22442.861898363102,,-1,1422.985346,0.25,313231,0.5,2022-09-16 16:30:00,,V2_50_reclaim_add2_dd_throttle
,1,0.2721827382952189,,,,,add,,11221.708262263943,,-1,1422.275488,0.125,313449,0.5,2022-09-17 10:40:00,,V2_50_reclaim_add2_dd_throttle
,2,0.27079431759432904,,,,,add,,11238.564577160045,,-1,1416.386666,0.125,313468,0.5,2022-09-17 12:15:00,,V2_50_reclaim_add2_dd_throttle
2,,,44903.13473778709,1421.1509826549438,0.5,313231,close,1356.501246,,2042.6951869691402,,,,315107,,2022-09-23 04:50:00,buy_cover,V2_50_reclaim_add2_dd_throttle
,,0.2554508062515155,,,,,open,,22951.2905383685,,1,1356.501246,0.25,315107,0.5,2022-09-23 04:50:00,,V2_50_reclaim_add2_dd_throttle
0,,,22951.2905383685,1356.501246,0.25,315107,close,1303.549238,,-904.7415046675778,,,,315789,,2022-09-25 13:40:00,sell,V2_50_reclaim_add2_dd_throttle
,,0.2630418715011733,,,,,open,,22725.105162201606,,-1,1303.549238,0.25,315789,0.5,2022-09-25 13:40:00,,V2_50_reclaim_add2_dd_throttle
,1,0.2610124404022298,,,,,add,,11394.467522461699,,-1,1288.382272,0.125,315830,0.5,2022-09-25 17:05:00,,V2_50_reclaim_add2_dd_throttle
,2,0.2576962829941285,,,,,add,,11449.463100474071,,-1,1271.465656,0.125,315890,0.5,2022-09-25 22:05:00,,V2_50_reclaim_add2_dd_throttle
2,,,45569.03578513738,1291.5588478073403,0.5,315789,close,1386.92733,,-3364.807772523709,,,,316243,,2022-09-27 03:30:00,buy_cover,V2_50_reclaim_add2_dd_throttle
,,0.2905169714605039,,,,,open,,21881.62476728142,,-1,1307.948358,0.25,317554,0.5,2022-10-01 16:45:00,,V2_50_reclaim_add2_dd_throttle
,1,0.2901310057728329,,,,,add,,10947.516979638987,,-1,1304.219104,0.125,317595,0.5,2022-10-01 20:10:00,,V2_50_reclaim_add2_dd_throttle
,2,0.28705540223258597,,,,,add,,10987.4419986831,,-1,1291.331682,0.125,317765,0.5,2022-10-02 10:20:00,,V2_50_reclaim_add2_dd_throttle
2,,,43816.58374560351,1302.813766990125,0.5,317554,close,1316.0931659999999,,-446.6145560339355,,,,318102,,2022-10-03 14:25:00,buy_cover,V2_50_reclaim_add2_dd_throttle
,,0.29418757699621323,,,,,open,,21767.780299085658,,1,1316.0931659999999,0.25,318102,0.5,2022-10-03 14:25:00,,V2_50_reclaim_add2_dd_throttle
,1,0.2932131550297138,,,,,add,,10901.756812476817,,1,1325.2649999999999,0.125,318111,0.5,2022-10-03 15:10:00,,V2_50_reclaim_add2_dd_throttle
,2,0.2923042036979978,,,,,add,,10910.31144166194,,1,1328.205588,0.125,318140,0.5,2022-10-03 17:35:00,,V2_50_reclaim_add2_dd_throttle
2,,,43579.84855322441,1321.3976879492222,0.5,318102,close,1324.864974,,96.87556265571766,,,,318664,,2022-10-05 13:15:00,sell,V2_50_reclaim_add2_dd_throttle
,,0.2936768804722355,,,,,open,,21791.999189749586,,-1,1324.864974,0.25,318664,0.5,2022-10-05 13:15:00,,V2_50_reclaim_add2_dd_throttle
,1,0.29327900276616603,,,,,add,,10898.01402232927,,-1,1323.355276,0.125,318667,0.5,2022-10-05 13:30:00,,V2_50_reclaim_add2_dd_throttle
,2,0.29253349623278313,,,,,add,,10912.677351925968,,-1,1318.4262620000002,0.125,318670,0.5,2022-10-05 13:45:00,,V2_50_reclaim_add2_dd_throttle
2,,,43602.69056400482,1322.8708964870066,0.5,318664,close,1331.0761619999998,,-270.4491667089751,,,,319955,,2022-10-10 00:50:00,buy_cover,V2_50_reclaim_add2_dd_throttle
,,0.29603375246598085,,,,,open,,21722.20676354414,,1,1331.0761619999998,0.25,319955,0.5,2022-10-10 00:50:00,,V2_50_reclaim_add2_dd_throttle
,1,0.2954706350216708,,,,,add,,10866.523500701242,,1,1334.2667999999999,0.125,319957,0.5,2022-10-10 01:00:00,,V2_50_reclaim_add2_dd_throttle
,2,0.29494139697943045,,,,,add,,10874.235053857836,,1,1336.96734,0.125,319958,0.5,2022-10-10 01:05:00,,V2_50_reclaim_add2_dd_throttle
2,,,43462.96531810322,1333.3432771891082,0.5,319955,close,1278.314286,,-1810.4449816175038,,,,320900,,2022-10-13 07:35:00,sell,V2_50_reclaim_add2_dd_throttle
,,0.3103612183961817,,,,,open,,21269.595518139766,,1,1294.848918,0.25,321908,0.5,2022-10-16 19:35:00,,V2_50_reclaim_add2_dd_throttle
,1,0.30954090147415936,,,,,add,,10647.878825851976,,1,1301.740296,0.125,321910,0.5,2022-10-16 19:45:00,,V2_50_reclaim_add2_dd_throttle
,2,0.3095674044014063,,,,,add,,10644.640415259395,,1,1300.8601199999998,0.125,321911,0.5,2022-10-16 19:50:00,,V2_50_reclaim_add2_dd_throttle
2,,,42562.11475925114,1298.0682439843729,0.5,321908,close,1305.068934,,212.4293522175285,,,,322432,,2022-10-18 15:15:00,sell,V2_50_reclaim_add2_dd_throttle
,,0.30860418488916597,,,,,open,,21322.702856194148,,-1,1305.068934,0.25,322432,0.5,2022-10-18 15:15:00,,V2_50_reclaim_add2_dd_throttle
,1,0.3073750388137202,,,,,add,,10680.357053455095,,-1,1295.2409,0.125,322474,0.5,2022-10-18 18:45:00,,V2_50_reclaim_add2_dd_throttle
,2,0.30716849118534595,,,,,add,,10688.2414465598,,-1,1292.501448,0.125,322475,0.5,2022-10-18 18:50:00,,V2_50_reclaim_add2_dd_throttle
2,,,42691.30135620904,1299.4389245507416,0.5,322432,close,1309.0417559999999,,-315.4862672957461,,,,322997,,2022-10-20 14:20:00,buy_cover,V2_50_reclaim_add2_dd_throttle
,,0.3111796333251028,,,,,open,,21241.696724302405,,1,1309.0417559999999,0.25,322997,0.5,2022-10-20 14:20:00,,V2_50_reclaim_add2_dd_throttle
,1,0.31081257420175634,,,,,add,,10632.217869170223,,1,1315.172982,0.125,323561,0.5,2022-10-22 13:20:00,,V2_50_reclaim_add2_dd_throttle
,2,0.3104822038806577,,,,,add,,10625.51863676892,,1,1313.1425760000002,0.125,323564,0.5,2022-10-22 13:35:00,,V2_50_reclaim_add2_dd_throttle
2,,,42499.43323024154,1311.5955126893293,0.5,322997,close,1488.7022,,5719.468151784196,,,,325224,,2022-10-28 07:55:00,sell,V2_50_reclaim_add2_dd_throttle
,,0.26462967249457414,,,,,open,,22671.563762248454,,-1,1488.7022,0.25,325224,0.5,2022-10-28 07:55:00,,V2_50_reclaim_add2_dd_throttle
0,,,22671.563762248454,1488.7022,0.25,325224,close,1612.792494,,-1889.7799372608206,,,,326789,,2022-11-02 18:20:00,buy_cover,V2_50_reclaim_add2_dd_throttle
,,0.2802079009788635,,,,,open,,22197.985199745133,,1,1612.792494,0.25,326789,0.5,2022-11-02 18:20:00,,V2_50_reclaim_add2_dd_throttle
,1,0.27924602418333533,,,,,add,,11115.858154359566,,1,1623.244584,0.125,327307,0.5,2022-11-04 13:30:00,,V2_50_reclaim_add2_dd_throttle
,2,0.27694833891907533,,,,,add,,11150.644333435286,,1,1636.967328,0.125,327316,0.5,2022-11-04 14:15:00,,V2_50_reclaim_add2_dd_throttle
2,,,44464.487687539986,1621.4073489218345,0.5,326789,close,1618.366262,,-101.14757676464797,,,,327744,,2022-11-06 01:55:00,sell,V2_50_reclaim_add2_dd_throttle
,,0.2812087720002814,,,,,open,,22172.69830555397,,-1,1618.366262,0.25,327744,0.5,2022-11-06 01:55:00,,V2_50_reclaim_add2_dd_throttle
,1,0.28064375828450727,,,,,add,,11089.658099488543,,-1,1615.786778,0.125,327748,0.5,2022-11-06 02:15:00,,V2_50_reclaim_add2_dd_throttle
,2,0.28032904077994936,,,,,add,,11097.173366589861,,-1,1612.647406,0.125,327860,0.5,2022-11-06 11:35:00,,V2_50_reclaim_add2_dd_throttle
2,,,44359.52977163237,1616.2873211926194,0.5,327744,close,1325.36502,,7984.458371650246,,,,329053,,2022-11-10 15:00:00,buy_cover,V2_50_reclaim_add2_dd_throttle
,,0.21642980642052567,,,,,open,,36249.89238296692,,-1,1241.9215660000002,0.37499999999999994,329822,0.75,2022-11-13 07:05:00,,V2_50_reclaim_add2_dd_throttle
,1,0.21626347855959926,,,,,add,,18126.987879846063,,-1,1241.0517399999999,0.18750000000000006,329844,0.75,2022-11-13 08:55:00,,V2_50_reclaim_add2_dd_throttle
,2,0.21347927877946338,,,,,add,,18195.165906808656,,-1,1232.583434,0.1875,329845,0.75,2022-11-13 09:00:00,,V2_50_reclaim_add2_dd_throttle
2,,,72572.04616962164,1239.3505016935787,0.75,329822,close,1217.463444,,1281.6326724663813,,,,331730,,2022-11-19 22:05:00,buy_cover,V2_50_reclaim_add2_dd_throttle
,,0.20576522581216283,,,,,open,,36725.061731679096,,1,1217.463444,0.375,331730,0.75,2022-11-19 22:05:00,,V2_50_reclaim_add2_dd_throttle
,1,0.20521670468506148,,,,,add,,18383.583951078836,,1,1221.674286,0.1875,331732,0.75,2022-11-19 22:15:00,,V2_50_reclaim_add2_dd_throttle
,2,0.20467417253135667,,,,,add,,18399.3264900734,,1,1223.69469,0.1875,331733,0.75,2022-11-19 22:20:00,,V2_50_reclaim_add2_dd_throttle
2,,,73507.97217283133,1220.0702343723913,0.75,331730,close,1100.37988,,-7237.736346445832,,,,332258,,2022-11-21 18:05:00,sell,V2_50_reclaim_add2_dd_throttle
,,0.2650516857644376,,,,,open,,22673.940401174605,,-1,1100.37988,0.25,332258,0.5,2022-11-21 18:05:00,,V2_50_reclaim_add2_dd_throttle
,1,0.2618547277755334,,,,,add,,11377.425652381411,,-1,1084.2331100000001,0.125,332276,0.5,2022-11-21 19:35:00,,V2_50_reclaim_add2_dd_throttle
,2,0.264481237222676,,,,,add,,11342.304839567087,,-1,1093.121332,0.125,332406,0.5,2022-11-22 06:25:00,,V2_50_reclaim_add2_dd_throttle
2,,,45393.670893123104,1094.4787148123328,0.5,332258,close,1173.78471,,-3289.2262456853423,,,,332748,,2022-11-23 10:55:00,buy_cover,V2_50_reclaim_add2_dd_throttle
,,0.2915629795284558,,,,,open,,21849.364156208612,,-1,1193.541244,0.25,334054,0.5,2022-11-27 23:45:00,,V2_50_reclaim_add2_dd_throttle
,1,0.2911575874844454,,,,,add,,10928.371183038791,,-1,1191.4516620000002,0.125,334056,0.5,2022-11-27 23:55:00,,V2_50_reclaim_add2_dd_throttle
,2,0.29027465863415647,,,,,add,,10946.163094698377,,-1,1186.1127299999998,0.125,334072,0.5,2022-11-28 01:15:00,,V2_50_reclaim_add2_dd_throttle
2,,,43723.89843394578,1191.1514952418406,0.5,334054,close,1230.2560019999999,,-1435.4171883003146,,,,334641,,2022-11-30 00:40:00,buy_cover,V2_50_reclaim_add2_dd_throttle
,,0.30372625102603257,,,,,open,,21488.323664211835,,1,1230.2560019999999,0.25,334641,0.5,2022-11-30 00:40:00,,V2_50_reclaim_add2_dd_throttle
,1,0.29510894509674845,,,,,add,,10870.633405494904,,1,1288.697688,0.125,334862,0.5,2022-11-30 19:05:00,,V2_50_reclaim_add2_dd_throttle
,2,0.2941501112852969,,,,,add,,10890.548398885323,,1,1295.018952,0.125,334864,0.5,2022-11-30 19:15:00,,V2_50_reclaim_add2_dd_throttle
2,,,43249.50546859206,1260.4967644388257,0.5,334641,close,1266.39667,,185.05543478757318,,,,335631,,2022-12-03 11:10:00,sell,V2_50_reclaim_add2_dd_throttle
,,0.30252093298598526,,,,,open,,21534.58752290873,,-1,1266.39667,0.25,335631,0.5,2022-12-03 11:10:00,,V2_50_reclaim_add2_dd_throttle
,1,0.30161852589707216,,,,,add,,10769.489765744314,,-1,1264.856978,0.125,335704,0.5,2022-12-03 17:15:00,,V2_50_reclaim_add2_dd_throttle
,2,0.3014238773950949,,,,,add,,10772.044852147643,,-1,1263.8871720000002,0.125,335733,0.5,2022-12-03 19:40:00,,V2_50_reclaim_add2_dd_throttle
2,,,43076.12214080068,1265.3832774565421,0.5,335631,close,1288.167582,,-775.6205438476973,,,,336080,,2022-12-05 00:35:00,buy_cover,V2_50_reclaim_add2_dd_throttle
,,0.30804832983531216,,,,,open,,21338.528580839768,,1,1288.167582,0.25,336080,0.5,2022-12-05 00:35:00,,V2_50_reclaim_add2_dd_throttle
,1,0.30646889891436857,,,,,add,,10697.718829491401,,1,1302.430434,0.125,336133,0.5,2022-12-05 05:00:00,,V2_50_reclaim_add2_dd_throttle
1,,,32036.24741033117,1292.895443928036,0.375,336080,close,1229.414068,,-1585.169028688466,,,,336736,,2022-12-07 07:15:00,sell,V2_50_reclaim_add2_dd_throttle
,,0.3209754115918171,,,,,open,,20942.23632366765,,1,1279.2858059999999,0.25,338497,0.5,2022-12-13 10:00:00,,V2_50_reclaim_add2_dd_throttle
,1,0.3207262203909852,,,,,add,,10475.983831678597,,1,1282.176384,0.125,338499,0.5,2022-12-13 10:10:00,,V2_50_reclaim_add2_dd_throttle
,2,0.3171119190305285,,,,,add,,10526.095931861542,,1,1298.689686,0.125,338537,0.5,2022-12-13 13:20:00,,V2_50_reclaim_add2_dd_throttle
2,,,41944.316087207786,1284.8267498013286,0.5,338497,close,1294.301088,,292.39847173511953,,,,338974,,2022-12-15 01:45:00,sell,V2_50_reclaim_add2_dd_throttle
,,0.31776450216481167,,,,,open,,21015.33594160143,,-1,1294.301088,0.25,338974,0.5,2022-12-15 01:45:00,,V2_50_reclaim_add2_dd_throttle
,1,0.31723513377986556,,,,,add,,10527.457055007088,,-1,1284.033142,0.125,338976,0.5,2022-12-15 01:55:00,,V2_50_reclaim_add2_dd_throttle
,2,0.3177026738853538,,,,,add,,10521.678086595277,,-1,1285.752798,0.125,339053,0.5,2022-12-15 08:20:00,,V2_50_reclaim_add2_dd_throttle
2,,,42064.47108320379,1289.5756813106607,0.5,338974,close,1200.1599840000001,,2916.6384631647597,,,,340449,,2022-12-20 04:40:00,buy_cover,V2_50_reclaim_add2_dd_throttle
,,0.29493304846006696,,,,,open,,21742.392333838456,,1,1200.1599840000001,0.25,340449,0.5,2022-12-20 04:40:00,,V2_50_reclaim_add2_dd_throttle
,1,0.29155619237128505,,,,,add,,10927.48099414392,,1,1225.505052,0.125,340580,0.5,2022-12-20 15:35:00,,V2_50_reclaim_add2_dd_throttle
,2,0.29313670464896846,,,,,add,,10901.359905592064,,1,1217.933538,0.125,340788,0.5,2022-12-21 08:55:00,,V2_50_reclaim_add2_dd_throttle
2,,,43571.23323357444,1210.8615227196676,0.5,340449,close,1199.290094,,-433.64260810698033,,,,341144,,2022-12-22 14:35:00,sell,V2_50_reclaim_add2_dd_throttle
,,0.2983744857819023,,,,,open,,21633.98168181171,,-1,1199.290094,0.25,341144,0.5,2022-12-22 14:35:00,,V2_50_reclaim_add2_dd_throttle
,1,0.2979777543615968,,,,,add,,10825.783513426302,,-1,1194.9109700000001,0.125,341147,0.5,2022-12-22 14:50:00,,V2_50_reclaim_add2_dd_throttle
,2,0.29741183746638433,,,,,add,,10833.234800258337,,-1,1192.551442,0.125,341148,0.5,2022-12-22 14:55:00,,V2_50_reclaim_add2_dd_throttle
2,,,43292.99999549635,1196.5017960823286,0.5,341144,close,1230.0859679999999,,-1215.1736247088484,,,,342408,,2022-12-26 23:55:00,buy_cover,V2_50_reclaim_add2_dd_throttle
,,0.30846676352373814,,,,,open,,21328.023625634727,,-1,1209.748002,0.25,344605,0.5,2023-01-03 15:00:00,,V2_50_reclaim_add2_dd_throttle
,1,0.30815299858488854,,,,,add,,10667.109698598419,,-1,1207.85838,0.125,344609,0.5,2023-01-03 15:20:00,,V2_50_reclaim_add2_dd_throttle
1,,,31995.133324233146,1209.1173493720976,0.375,344605,close,1258.931736,,-1318.1651319987795,,,,345478,,2023-01-06 15:45:00,buy_cover,V2_50_reclaim_add2_dd_throttle
,,0.3191474665001204,,,,,open,,20996.882585968822,,1,1258.931736,0.25,345478,0.5,2023-01-06 15:45:00,,V2_50_reclaim_add2_dd_throttle
,1,0.3178510469733081,,,,,add,,10519.13168641942,,1,1269.3638219999998,0.125,345510,0.5,2023-01-06 18:25:00,,V2_50_reclaim_add2_dd_throttle
,2,0.3170097723383749,,,,,add,,10531.647577047417,,1,1273.544658,0.125,345525,0.5,2023-01-06 19:40:00,,V2_50_reclaim_add2_dd_throttle
2,,,42047.66184943566,1265.168939934334,0.5,345478,close,1511.387662,,8162.944611991465,,,,355572,,2023-02-11 00:05:00,sell,V2_50_reclaim_add2_dd_throttle
,,0.25278903361267224,,,,,open,,23037.61873896669,,-1,1511.387662,0.25,355572,0.5,2023-02-11 00:05:00,,V2_50_reclaim_add2_dd_throttle
,1,0.25262212823500285,,,,,add,,11524.039089831675,,-1,1508.0383319999999,0.125,355574,0.5,2023-02-11 00:15:00,,V2_50_reclaim_add2_dd_throttle
1,,,34561.657828798365,1510.2692287003222,0.375,355572,close,1537.567452,,-624.70300622777,,,,355860,,2023-02-12 00:05:00,buy_cover,V2_50_reclaim_add2_dd_throttle
,,0.2581552057848099,,,,,open,,22879.714904518303,,1,1548.099558,0.25,356059,0.5,2023-02-12 16:40:00,,V2_50_reclaim_add2_dd_throttle
,1,0.25749874603203715,,,,,add,,11452.252453780691,,1,1555.4310239999998,0.125,356615,0.5,2023-02-14 15:00:00,,V2_50_reclaim_add2_dd_throttle
,2,0.2574782700384258,,,,,add,,11448.470010848934,,1,1554.270792,0.125,356851,0.5,2023-02-15 10:40:00,,V2_50_reclaim_add2_dd_throttle
2,,,45780.43736914793,1551.4693771936038,0.5,356059,close,1564.277082,,359.4656039424517,,,,362196,,2023-03-06 00:05:00,sell,V2_50_reclaim_add2_dd_throttle
,,0.25524140541517026,,,,,open,,22969.581305503918,,-1,1532.313476,0.25,363060,0.5,2023-03-09 00:05:00,,V2_50_reclaim_add2_dd_throttle
,1,0.2520479469213103,,,,,add,,11533.137183709669,,-1,1505.89876,0.125,363282,0.5,2023-03-09 18:35:00,,V2_50_reclaim_add2_dd_throttle
,2,0.248590078190847,,,,,add,,17378.61928796515,,-1,1487.1125180000001,0.1875,363297,0.75,2023-03-09 19:50:00,,V2_50_reclaim_add2_dd_throttle
2,,,51881.337777178735,1511.0370051488194,0.5625,363060,close,1578.505638,,-2316.5280814366633,,,,364212,,2023-03-13 00:05:00,buy_cover,V2_50_reclaim_add2_dd_throttle
,,0.274103112009202,,,,,open,,22387.855218255892,,1,1576.855308,0.25,364213,0.5,2023-03-13 00:10:00,,V2_50_reclaim_add2_dd_throttle
,1,0.27330005666783186,,,,,add,,11206.754975705258,,1,1584.71688,0.125,364215,0.5,2023-03-13 00:20:00,,V2_50_reclaim_add2_dd_throttle
,2,0.2683449464802927,,,,,add,,11284.982700534383,,1,1614.3628079999999,0.125,364220,0.5,2023-03-13 00:45:00,,V2_50_reclaim_add2_dd_throttle
2,,,44879.59289449554,1588.1004311448387,0.5,364213,close,1839.3320600000002,,7078.996338698213,,,,381204,,2023-05-11 00:05:00,sell,V2_50_reclaim_add2_dd_throttle
,,0.21672131546969853,,,,,open,,36236.40645439567,,1,1853.100546,0.375,384948,0.75,2023-05-24 00:05:00,,V2_50_reclaim_add2_dd_throttle
0,,,36236.40645439567,1853.100546,0.375,384948,close,1826.914544,,-526.3418075990558,,,,385812,,2023-05-27 00:05:00,sell,V2_50_reclaim_add2_dd_throttle
,,0.22098780143307972,,,,,open,,36039.02827654603,,1,1910.2219679999998,0.37500000000000006,386388,0.75,2023-05-29 00:05:00,,V2_50_reclaim_add2_dd_throttle
,1,0.22037988833974687,,,,,add,,18036.22847692046,,1,1915.7130659999998,0.18749999999999994,386390,0.75,2023-05-29 00:15:00,,V2_50_reclaim_add2_dd_throttle
,2,0.21893472941446523,,,,,add,,18059.84695728489,,1,1920.424008,0.1875,386391,0.75,2023-05-29 00:20:00,,V2_50_reclaim_add2_dd_throttle
2,,,72135.10371075137,1914.1396404427244,0.75,386388,close,1839.392048,,-2844.61687382168,,,,389844,,2023-06-10 00:05:00,sell,V2_50_reclaim_add2_dd_throttle
,,0.24404604569210864,,,,,open,,34972.296948862895,,-1,1721.8555600000002,0.375,392436,0.75,2023-06-19 00:05:00,,V2_50_reclaim_add2_dd_throttle
,1,0.2439767272340524,,,,,add,,17482.535597755304,,-1,1722.115508,0.1875,392444,0.75,2023-06-19 00:45:00,,V2_50_reclaim_add2_dd_throttle
,2,0.2433553471594303,,,,,add,,17504.466528274235,,-1,1718.0463220000001,0.1875,392446,0.75,2023-06-19 00:55:00,,V2_50_reclaim_add2_dd_throttle
2,,,69959.29907489243,1720.9657502236728,0.75,392436,close,1735.1169539999999,,-575.2603976148239,,,,392724,,2023-06-20 00:05:00,buy_cover,V2_50_reclaim_add2_dd_throttle
,,0.248822478893725,,,,,open,,34751.32735232673,,1,1889.1477539999998,0.37500000000000006,393300,0.75,2023-06-22 00:05:00,,V2_50_reclaim_add2_dd_throttle
,1,0.2484923636854054,,,,,add,,17385.023857473934,,1,1892.618448,0.18750000000000006,393304,0.75,2023-06-22 00:25:00,,V2_50_reclaim_add2_dd_throttle
,2,0.24645128632842495,,,,,add,,17446.902430737275,,1,1904.840892,0.1875,393305,0.75,2023-06-22 00:30:00,,V2_50_reclaim_add2_dd_throttle
2,,,69583.25364053794,1893.9277527033314,0.7500000000000001,393300,close,1830.393848,,-2361.1442456172517,,,,405972,,2023-08-05 00:05:00,sell,V2_50_reclaim_add2_dd_throttle
,,0.26796173144027235,,,,,open,,22577.265506813503,,-1,1687.652402,0.25,409716,0.5,2023-08-18 00:05:00,,V2_50_reclaim_add2_dd_throttle
,1,0.26783110823840006,,,,,add,,11291.583337272434,,-1,1685.21289,0.125,409730,0.5,2023-08-18 01:15:00,,V2_50_reclaim_add2_dd_throttle
,2,0.2678021236662803,,,,,add,,11282.963950729125,,-1,1688.422248,0.125,409735,0.5,2023-08-18 01:40:00,,V2_50_reclaim_add2_dd_throttle
2,,,45151.812794815065,1687.2338372781448,0.5,409716,close,1641.9183179999998,,1212.6836028080797,,,,415082,,2023-09-05 15:15:00,buy_cover,V2_50_reclaim_add2_dd_throttle
,,0.25795144039087936,,,,,open,,22878.178816875778,,1,1641.9183179999998,0.25,415082,0.5,2023-09-05 15:15:00,,V2_50_reclaim_add2_dd_throttle
,1,0.2574875802360025,,,,,add,,11447.941237816314,,1,1647.6594659999998,0.125,415403,0.5,2023-09-06 18:00:00,,V2_50_reclaim_add2_dd_throttle
,2,0.25638532211533804,,,,,add,,11469.34266730348,,1,1656.08115,0.125,415729,0.5,2023-09-07 21:10:00,,V2_50_reclaim_add2_dd_throttle
2,,,45795.462721995566,1646.8801440884968,0.5,415082,close,1618.866162,,-797.0009242387096,,,,415885,,2023-09-08 10:10:00,sell,V2_50_reclaim_add2_dd_throttle
,,0.26466543923397945,,,,,open,,22678.928585816102,,1,1623.294594,0.25,417501,0.5,2023-09-14 00:50:00,,V2_50_reclaim_add2_dd_throttle
,1,0.2633496922019358,,,,,add,,11356.820887661046,,1,1633.886712,0.125,417503,0.5,2023-09-14 01:00:00,,V2_50_reclaim_add2_dd_throttle
,2,0.2636462431149603,,,,,add,,11357.325184205412,,1,1634.296794,0.125,417670,0.5,2023-09-14 14:55:00,,V2_50_reclaim_add2_dd_throttle
2,,,45393.07465768256,1628.6794568332436,0.5,417501,close,1614.2970759999998,,-418.84774564846884,,,,417955,,2023-09-15 14:40:00,sell,V2_50_reclaim_add2_dd_throttle
,,0.26783340458683014,,,,,open,,22574.216649403985,,-1,1614.2970759999998,0.25,417955,0.5,2023-09-15 14:40:00,,V2_50_reclaim_add2_dd_throttle
,1,0.26789465433140924,,,,,add,,11287.989401710223,,-1,1613.147306,0.125,417957,0.5,2023-09-15 14:50:00,,V2_50_reclaim_add2_dd_throttle
,2,0.2672799730997454,,,,,add,,11294.242601277138,,-1,1610.547826,0.125,418650,0.5,2023-09-18 00:35:00,,V2_50_reclaim_add2_dd_throttle
2,,,45156.448652391344,1613.0704685038136,0.5,417955,close,1648.6596659999998,,-996.2855453564698,,,,418770,,2023-09-18 10:35:00,buy_cover,V2_50_reclaim_add2_dd_throttle
,,0.27620960712170495,,,,,open,,22322.88744063225,,1,1594.838904,0.25,420483,0.5,2023-09-24 09:20:00,,V2_50_reclaim_add2_dd_throttle
,1,0.2760777877201295,,,,,add,,11163.336542458797,,1,1596.559248,0.125,420527,0.5,2023-09-24 13:00:00,,V2_50_reclaim_add2_dd_throttle
,2,0.2760158868486111,,,,,add,,11170.201887937112,,1,1599.389814,0.125,420585,0.5,2023-09-24 17:50:00,,V2_50_reclaim_add2_dd_throttle
2,,,44656.42587102816,1596.4051432020353,0.5,420483,close,1652.8293680000002,,1559.8693064494,,,,422900,,2023-10-02 18:45:00,sell,V2_50_reclaim_add2_dd_throttle
,,0.2628737128527061,,,,,open,,22712.8547672446,,-1,1652.8293680000002,0.25,422900,0.5,2023-10-02 18:45:00,,V2_50_reclaim_add2_dd_throttle
,1,0.2629753191350038,,,,,add,,11365.527336229577,,-1,1646.87056,0.125,423141,0.5,2023-10-03 14:50:00,,V2_50_reclaim_add2_dd_throttle
,2,0.2626574989808059,,,,,add,,11370.428384653495,,-1,1644.750984,0.125,423142,0.5,2023-10-03 14:55:00,,V2_50_reclaim_add2_dd_throttle
2,,,45448.810488127674,1649.3103618556283,0.5,422900,close,1653.1205579999998,,-104.99289957699511,,,,424061,,2023-10-06 19:30:00,buy_cover,V2_50_reclaim_add2_dd_throttle
,,0.2646975838693495,,,,,open,,22684.334101825945,,1,1653.1205579999998,0.25,424061,0.5,2023-10-06 19:30:00,,V2_50_reclaim_add2_dd_throttle
,1,0.26410441856633105,,,,,add,,11348.167141158172,,1,1657.28139,0.125,424087,0.5,2023-10-06 21:40:00,,V2_50_reclaim_add2_dd_throttle
1,,,34032.501242984115,1654.5056672863645,0.375,424061,close,1626.07472,,-598.190632300415,,,,424516,,2023-10-08 09:25:00,sell,V2_50_reclaim_add2_dd_throttle
,,0.2692272864852796,,,,,open,,22534.78644375084,,-1,1626.07472,0.25,424516,0.5,2023-10-08 09:25:00,,V2_50_reclaim_add2_dd_throttle
,1,0.26933238357090816,,,,,add,,11269.609151779472,,-1,1624.1451060000002,0.125,424519,0.5,2023-10-08 09:40:00,,V2_50_reclaim_add2_dd_throttle
,2,0.2689740259687824,,,,,add,,11273.646129318018,,-1,1622.37546,0.125,424532,0.5,2023-10-08 10:45:00,,V2_50_reclaim_add2_dd_throttle
2,,,45078.04172484833,1624.6656972566948,0.5,424516,close,1555.921122,,1907.3915590917677,,,,426094,,2023-10-13 20:55:00,buy_cover,V2_50_reclaim_add2_dd_throttle
,,0.2539785596588029,,,,,open,,23009.380431437537,,1,1555.921122,0.25,426094,0.5,2023-10-13 20:55:00,,V2_50_reclaim_add2_dd_throttle
,1,0.2523009396291366,,,,,add,,11528.545634924969,,1,1569.4538280000002,0.125,426096,0.5,2023-10-13 21:05:00,,V2_50_reclaim_add2_dd_throttle
,2,0.25356250280768733,,,,,add,,11512.727684518479,,1,1563.942726,0.125,426647,0.5,2023-10-15 19:00:00,,V2_50_reclaim_add2_dd_throttle
2,,,46050.653750880985,1561.2933654199037,0.5,426094,close,1572.455446,,310.67765653002425,,,,427152,,2023-10-17 13:05:00,sell,V2_50_reclaim_add2_dd_throttle
,,0.25199221891518275,,,,,open,,23087.04984557004,,-1,1572.455446,0.25,427152,0.5,2023-10-17 13:05:00,,V2_50_reclaim_add2_dd_throttle
,1,0.2507661990382819,,,,,add,,11548.811081696025,,-1,1568.946148,0.125,427161,0.5,2023-10-17 13:50:00,,V2_50_reclaim_add2_dd_throttle
,2,0.24903895231083562,,,,,add,,17379.45805562749,,-1,1555.1289120000001,0.1875,427222,0.75,2023-10-17 18:55:00,,V2_50_reclaim_add2_dd_throttle
2,,,52015.31898289356,1565.8487441619081,0.5625,427152,close,1577.495436,,-386.88481959406636,,,,427888,,2023-10-20 02:25:00,buy_cover,V2_50_reclaim_add2_dd_throttle
,,0.2545674967767514,,,,,open,,22987.72787472238,,1,1577.495436,0.25,427888,0.5,2023-10-20 02:25:00,,V2_50_reclaim_add2_dd_throttle
,1,0.2543803375622984,,,,,add,,11498.069027919366,,1,1580.4360239999999,0.125,427890,0.5,2023-10-20 02:35:00,,V2_50_reclaim_add2_dd_throttle
,2,0.2540794282198372,,,,,add,,11501.234883321958,,1,1581.806298,0.125,427893,0.5,2023-10-20 02:50:00,,V2_50_reclaim_add2_dd_throttle
2,,,45987.0317859637,1579.3065728032848,0.5,427888,close,2233.033304,,19009.532640517813,,,,455796,,2024-01-25 00:05:00,sell,V2_50_reclaim_add2_dd_throttle
,,0.11055654917473423,,,,,open,,55480.22206970367,,1,2311.052118,0.5,457236,1.0,2024-01-30 00:05:00,,V2_50_reclaim_add2_dd_throttle
,1,0.10978782334617898,,,,,add,,27759.645874292968,,1,2315.232954,0.25,457240,1.0,2024-01-30 00:25:00,,V2_50_reclaim_add2_dd_throttle
,2,0.10958645658263244,,,,,add,,27720.5761954107,,1,2317.1033279999997,0.2495218564102687,457253,1.0,2024-01-30 01:30:00,,V2_50_reclaim_add2_dd_throttle
2,,,110960.44413940734,2313.6067843330993,0.9995218564102687,457236,close,2298.5402,,-766.6832220497308,,,,459252,,2024-02-06 00:05:00,sell,V2_50_reclaim_add2_dd_throttle
,,0.11670217499660818,,,,,open,,55096.8804586788,,1,2377.7754600000003,0.5,459540,1.0,2024-02-07 00:05:00,,V2_50_reclaim_add2_dd_throttle
,1,0.11642939742058578,,,,,add,,27539.919936455153,,1,2377.255356,0.25,459542,1.0,2024-02-07 00:15:00,,V2_50_reclaim_add2_dd_throttle
,2,0.11593553665975953,,,,,add,,27556.96052222365,,1,2381.306166,0.2498604602838228,459544,1.0,2024-02-07 00:25:00,,V2_50_reclaim_add2_dd_throttle
2,,,110193.7609173576,2378.5273238135064,0.9998604602838228,459540,close,3321.8055059999997,,43639.17420338595,,,,476244,,2024-04-05 00:05:00,sell,V2_50_reclaim_add2_dd_throttle
,,0.1882886976512944,,,,,open,,57687.35067027883,,1,3359.401746,0.375,476820,0.75,2024-04-07 00:05:00,,V2_50_reclaim_add2_dd_throttle
,1,0.1879819355607517,,,,,add,,28855.63824197922,,1,3364.4627579999997,0.1875,476832,0.75,2024-04-07 01:05:00,,V2_50_reclaim_add2_dd_throttle
,2,0.1868542440462453,,,,,add,,28866.748420970092,,1,3367.213308,0.1875,476833,0.75,2024-04-07 01:10:00,,V2_50_reclaim_add2_dd_throttle
2,,,115409.73733322814,3362.6176382117224,0.75,476820,close,3139.372,,-7705.1970818732225,,,,479124,,2024-04-15 00:05:00,sell,V2_50_reclaim_add2_dd_throttle
,,0.22894576210418083,,,,,open,,54797.901764576374,,-1,3048.8901,0.375,502452,0.75,2024-07-05 00:05:00,,V2_50_reclaim_add2_dd_throttle
,1,0.2278856857895566,,,,,add,,27437.125451064196,,-1,3036.3426099999997,0.1875,502486,0.75,2024-07-05 02:55:00,,V2_50_reclaim_add2_dd_throttle
,2,0.22266443452910256,,,,,add,,27622.154098413153,,-1,2999.4,0.1875,502487,0.75,2024-07-05 03:00:00,,V2_50_reclaim_add2_dd_throttle
2,,,109857.18131405373,3033.1758334382903,0.75,502452,close,3098.409558,,-2362.6653663337347,,,,504180,,2024-07-11 00:05:00,buy_cover,V2_50_reclaim_add2_dd_throttle
,,0.24152848142332406,,,,,open,,53903.66296360268,,1,3487.957452,0.375,505620,0.75,2024-07-16 00:05:00,,V2_50_reclaim_add2_dd_throttle
,1,0.24001898557876378,,,,,add,,27020.56433534937,,1,3513.082476,0.1875,505923,0.75,2024-07-17 01:20:00,,V2_50_reclaim_add2_dd_throttle
,2,0.23965123814360545,,,,,add,,27018.538198251634,,1,3513.082476,0.1875,506692,0.75,2024-07-19 17:25:00,,V2_50_reclaim_add2_dd_throttle
2,,,107942.76549720368,3500.4906427017145,0.75,505620,close,3271.3156059999997,,-7107.294833972337,,,,508788,,2024-07-27 00:05:00,sell,V2_50_reclaim_add2_dd_throttle
,,0.2790306687236688,,,,,open,,34158.95160057537,,-1,2991.741532,0.25,510804,0.5,2024-08-03 00:05:00,,V2_50_reclaim_add2_dd_throttle
,1,0.2785365606371464,,,,,add,,17090.767213119627,,-1,2982.633354,0.125,510810,0.5,2024-08-03 00:35:00,,V2_50_reclaim_add2_dd_throttle
,2,0.27818029991828785,,,,,add,,17092.570058604404,,-1,2981.3936019999996,0.125,510811,0.5,2024-08-03 00:40:00,,V2_50_reclaim_add2_dd_throttle
2,,,68342.2888722994,2986.86776747355,0.5,510804,close,2738.0174939999997,,5693.926241321613,,,,514048,,2024-08-14 06:25:00,buy_cover,V2_50_reclaim_add2_dd_throttle
,,0.25040575141225085,,,,,open,,35579.01604646216,,1,2738.0174939999997,0.25,514048,0.5,2024-08-14 06:25:00,,V2_50_reclaim_add2_dd_throttle
,1,0.24884002664329075,,,,,add,,26685.22373905668,,1,2739.507792,0.1875,514096,0.75,2024-08-14 10:25:00,,V2_50_reclaim_add2_dd_throttle
,2,0.24814846369481558,,,,,add,,26707.00482594671,,1,2745.0889079999997,0.1875,514098,0.75,2024-08-14 10:35:00,,V2_50_reclaim_add2_dd_throttle
2,,,88971.24461146555,2740.583838957666,0.625,514048,close,2544.34103,,-6403.93004215596,,,,514489,,2024-08-15 19:10:00,sell,V2_50_reclaim_add2_dd_throttle
,,0.2836682042660509,,,,,open,,33978.03353592317,,-1,2544.34103,0.25,514489,0.5,2024-08-15 19:10:00,,V2_50_reclaim_add2_dd_throttle
0,,,33978.03353592317,2544.34103,0.25,514489,close,2635.807056,,-1221.468380142418,,,,515159,,2024-08-18 03:00:00,buy_cover,V2_50_reclaim_add2_dd_throttle
,,0.28933021030531436,,,,,open,,33670.96753921077,,-1,2552.629372,0.25,516152,0.5,2024-08-21 13:45:00,,V2_50_reclaim_add2_dd_throttle
0,,,33670.96753921077,2552.629372,0.25,516152,close,2653.100514,,-1325.2832646677634,,,,516626,,2024-08-23 05:15:00,buy_cover,V2_50_reclaim_add2_dd_throttle
,,0.2962201877917552,,,,,open,,33337.96317466687,,1,2653.100514,0.25,516626,0.5,2024-08-23 05:15:00,,V2_50_reclaim_add2_dd_throttle
,1,0.29542143847778746,,,,,add,,16694.686982150015,,1,2670.534,0.125,516628,0.5,2024-08-23 05:25:00,,V2_50_reclaim_add2_dd_throttle
,2,0.29523736569602066,,,,,add,,16697.121232472746,,1,2671.924278,0.125,516629,0.5,2024-08-23 05:30:00,,V2_50_reclaim_add2_dd_throttle
2,,,66729.77138928963,2662.1412130525105,0.5,516626,close,2733.4631980000004,,1760.3670586716762,,,,517456,,2024-08-26 02:25:00,sell,V2_50_reclaim_add2_dd_throttle
,,0.28702060080510894,,,,,open,,33778.05493933479,,-1,2733.4631980000004,0.25,517456,0.5,2024-08-26 02:25:00,,V2_50_reclaim_add2_dd_throttle
,1,0.28699395234980474,,,,,add,,16890.828788434017,,-1,2731.20365,0.125,517513,0.5,2024-08-26 07:10:00,,V2_50_reclaim_add2_dd_throttle
,2,0.2851319575595388,,,,,add,,16938.11332084007,,-1,2710.437804,0.125,517599,0.5,2024-08-26 14:20:00,,V2_50_reclaim_add2_dd_throttle
2,,,67606.99704860887,2727.0953389795704,0.5,517456,close,2556.081114,,4239.58962877655,,,,518370,,2024-08-29 06:35:00,buy_cover,V2_50_reclaim_add2_dd_throttle
,,0.26447043057356756,,,,,open,,34834.5719966765,,1,2556.081114,0.25,518370,0.5,2024-08-29 06:35:00,,V2_50_reclaim_add2_dd_throttle
,1,0.2644862859982515,,,,,add,,17424.622534892384,,1,2561.41218,0.125,518427,0.5,2024-08-29 11:20:00,,V2_50_reclaim_add2_dd_throttle
,2,0.2632939513015471,,,,,add,,17445.4293889141,,1,2569.9038779999996,0.125,518433,0.5,2024-08-29 11:50:00,,V2_50_reclaim_add2_dd_throttle
2,,,69704.62392048299,2560.8608159199466,0.5,518370,close,2484.223056,,-2113.0644847061485,,,,519181,,2024-09-01 02:10:00,sell,V2_50_reclaim_add2_dd_throttle
,,0.275846786344098,,,,,open,,34306.305875499966,,-1,2484.223056,0.25,519181,0.5,2024-09-01 02:10:00,,V2_50_reclaim_add2_dd_throttle
,1,0.2752833816641824,,,,,add,,17171.820073617186,,-1,2472.415418,0.125,519221,0.5,2024-09-01 05:30:00,,V2_50_reclaim_add2_dd_throttle
,2,0.27375525611244567,,,,,add,,17205.12262392554,,-1,2459.248052,0.125,519223,0.5,2024-09-01 05:40:00,,V2_50_reclaim_add2_dd_throttle
2,,,68683.24857304269,2474.971693526992,0.5,519181,close,2542.038306,,-1861.171117093967,,,,519690,,2024-09-02 20:35:00,buy_cover,V2_50_reclaim_add2_dd_throttle
,,0.28581365900294864,,,,,open,,33837.57893379783,,1,2316.0331140000003,0.25,521440,0.5,2024-09-08 22:25:00,,V2_50_reclaim_add2_dd_throttle
,1,0.2857232034772358,,,,,add,,16921.26098472262,,1,2318.31357,0.125,521556,0.5,2024-09-09 08:05:00,,V2_50_reclaim_add2_dd_throttle
,2,0.285379798315074,,,,,add,,16929.067453489733,,1,2321.4742020000003,0.125,521557,0.5,2024-09-09 08:10:00,,V2_50_reclaim_add2_dd_throttle
2,,,67687.90737201017,2317.961900480641,0.5,521440,close,2314.3170440000004,,-133.46507240350184,,,,522161,,2024-09-11 10:30:00,sell,V2_50_reclaim_add2_dd_throttle
,,0.28634138078167304,,,,,open,,33804.21266569695,,-1,2314.3170440000004,0.25,522161,0.5,2024-09-11 10:30:00,,V2_50_reclaim_add2_dd_throttle
,1,0.28637194454559145,,,,,add,,16903.847977500114,,-1,2312.43742,0.125,522164,0.5,2024-09-11 10:45:00,,V2_50_reclaim_add2_dd_throttle
,2,0.28612741167376654,,,,,add,,16895.388313867803,,-1,2315.216864,0.125,522166,0.5,2024-09-11 10:55:00,,V2_50_reclaim_add2_dd_throttle
2,,,67603.44895706487,2314.0714937580838,0.5,522161,close,2383.196544,,-2019.421341906127,,,,522796,,2024-09-13 15:25:00,buy_cover,V2_50_reclaim_add2_dd_throttle
,,0.2972448725496909,,,,,open,,33295.97715777256,,1,2345.1289319999996,0.25,523935,0.5,2024-09-17 14:20:00,,V2_50_reclaim_add2_dd_throttle
,1,0.2964627550886044,,,,,add,,16659.383596392814,,1,2352.490404,0.125,523937,0.5,2024-09-17 14:30:00,,V2_50_reclaim_add2_dd_throttle
,2,0.2956808983434298,,,,,add,,16685.171474258663,,1,2362.502406,0.125,523944,0.5,2024-09-17 15:05:00,,V2_50_reclaim_add2_dd_throttle
2,,,66640.53222842404,2351.2975495476853,0.5,523935,close,2549.4100160000003,,5586.009047482075,,,,525467,,2024-09-22 22:00:00,sell,V2_50_reclaim_add2_dd_throttle
,,0.268276755900272,,,,,open,,34692.47941964308,,-1,2549.4100160000003,0.25,525467,0.5,2024-09-22 22:00:00,,V2_50_reclaim_add2_dd_throttle
,1,0.26624002962126025,,,,,add,,17381.46053826617,,-1,2527.684362,0.125,525469,0.5,2024-09-22 22:10:00,,V2_50_reclaim_add2_dd_throttle
1,,,52073.93995790925,2542.1169294295246,0.375,525467,close,2637.987492,,-1963.8563302948241,,,,526527,,2024-09-26 14:20:00,buy_cover,V2_50_reclaim_add2_dd_throttle
,,0.27812495266146975,,,,,open,,34198.91164007148,,1,2637.987492,0.25,526527,0.5,2024-09-26 14:20:00,,V2_50_reclaim_add2_dd_throttle
,1,0.27668299236597993,,,,,add,,17135.46395742054,,1,2661.2721479999996,0.125,526555,0.5,2024-09-26 16:40:00,,V2_50_reclaim_add2_dd_throttle
,2,0.2778631615695528,,,,,add,,17107.133578948095,,1,2649.9398819999997,0.125,526698,0.5,2024-09-27 04:35:00,,V2_50_reclaim_add2_dd_throttle
2,,,68441.50917644011,2646.769378101993,0.5,526527,close,2644.1310679999997,,-95.56934454414295,,,,527308,,2024-09-29 07:25:00,sell,V2_50_reclaim_add2_dd_throttle
,,0.2783030558654339,,,,,open,,34175.01930393544,,-1,2644.1310679999997,0.25,527308,0.5,2024-09-29 07:25:00,,V2_50_reclaim_add2_dd_throttle
,1,0.2785713869465267,,,,,add,,17090.42061370705,,-1,2641.2716400000004,0.125,527513,0.5,2024-09-30 00:30:00,,V2_50_reclaim_add2_dd_throttle
,2,0.27743622785135,,,,,add,,17117.344425924315,,-1,2629.813932,0.125,527514,0.5,2024-09-30 00:35:00,,V2_50_reclaim_add2_dd_throttle
2,,,68382.7843435668,2639.819373009633,0.5,527308,close,2396.22915,,6310.046972536227,,,,528850,,2024-10-04 15:55:00,buy_cover,V2_50_reclaim_add2_dd_throttle
,,0.24539578271833484,,,,,open,,53623.66786177848,,1,2396.22915,0.375,528850,0.75,2024-10-04 15:55:00,,V2_50_reclaim_add2_dd_throttle
,1,0.2429404674793465,,,,,add,,26886.63893548889,,1,2415.022908,0.1875,528852,0.75,2024-10-04 16:05:00,,V2_50_reclaim_add2_dd_throttle
,2,0.24116754144037045,,,,,add,,26947.255748174102,,1,2424.9949020000004,0.1875,528855,0.75,2024-10-04 16:20:00,,V2_50_reclaim_add2_dd_throttle
2,,,107457.56254544147,2408.0812720429976,0.75,528850,close,2412.987306,,175.85923436562007,,,,529800,,2024-10-07 23:05:00,sell,V2_50_reclaim_add2_dd_throttle
,,0.24554193732979124,,,,,open,,53689.61507466559,,-1,2412.987306,0.375,529800,0.75,2024-10-07 23:05:00,,V2_50_reclaim_add2_dd_throttle
,1,0.24390357122221296,,,,,add,,26866.808423604547,,-1,2406.7485540000002,0.1875,529998,0.75,2024-10-08 15:35:00,,V2_50_reclaim_add2_dd_throttle
,2,0.24136904373897583,,,,,add,,26906.196841348232,,-1,2400.1398759999997,0.1875,530349,0.75,2024-10-09 20:50:00,,V2_50_reclaim_add2_dd_throttle
2,,,107462.62033961836,2408.199105502253,0.75,529800,close,2419.7038439999997,,-513.3790396967815,,,,530796,,2024-10-11 10:05:00,buy_cover,V2_50_reclaim_add2_dd_throttle
,,0.24728114834459525,,,,,open,,53489.03823825383,,1,2419.7038439999997,0.375,530796,0.75,2024-10-11 10:05:00,,V2_50_reclaim_add2_dd_throttle
,1,0.24603524550704436,,,,,add,,26801.300336033324,,1,2434.376778,0.1875,530838,0.75,2024-10-11 13:35:00,,V2_50_reclaim_add2_dd_throttle
,2,0.24316406632309384,,,,,add,,26898.119520661083,,1,2450.299962,0.1875,530858,0.75,2024-10-11 15:15:00,,V2_50_reclaim_add2_dd_throttle
2,,,107188.45809494825,2430.9848766104,0.75,530796,close,2442.21146,,451.94023729057517,,,,531435,,2024-10-13 15:20:00,sell,V2_50_reclaim_add2_dd_throttle
,,0.2447343751818699,,,,,open,,53658.515827237796,,-1,2442.21146,0.375,531435,0.75,2024-10-13 15:20:00,,V2_50_reclaim_add2_dd_throttle
,1,0.24470634750920772,,,,,add,,26839.360979384463,,-1,2438.782146,0.1875,531437,0.75,2024-10-13 15:30:00,,V2_50_reclaim_add2_dd_throttle
,2,0.2446128104338744,,,,,add,,26842.04624053856,,-1,2438.0222980000003,0.1875,531440,0.75,2024-10-13 15:45:00,,V2_50_reclaim_add2_dd_throttle
2,,,107339.92304716082,2440.3049091268863,0.75,531435,close,2658.08151,,-9579.176798372035,,,,531995,,2024-10-15 14:00:00,buy_cover,V2_50_reclaim_add2_dd_throttle
,,0.29722948964560814,,,,,open,,33372.18268907983,,1,2658.08151,0.25,531995,0.5,2024-10-15 14:00:00,,V2_50_reclaim_add2_dd_throttle
0,,,33372.18268907983,2658.08151,0.25,531995,close,2587.992298,,-892.9648336578975,,,,532573,,2024-10-17 14:10:00,sell,V2_50_reclaim_add2_dd_throttle
,,0.3003482527423065,,,,,open,,33148.94148066536,,-1,2644.710952,0.25,533849,0.5,2024-10-22 00:30:00,,V2_50_reclaim_add2_dd_throttle
,1,0.29956588400572814,,,,,add,,16593.1300589871,,-1,2631.743546,0.125,533946,0.5,2024-10-22 08:35:00,,V2_50_reclaim_add2_dd_throttle
,2,0.29861765989020794,,,,,add,,16615.467794514225,,-1,2621.905514,0.125,533956,0.5,2024-10-22 09:25:00,,V2_50_reclaim_add2_dd_throttle
2,,,66357.53933416668,2635.7230482834425,0.5,533849,close,2513.472594,,3077.806678334724,,,,535544,,2024-10-27 21:45:00,buy_cover,V2_50_reclaim_add2_dd_throttle
,,0.2834477607168666,,,,,open,,33915.07527328233,,1,2513.472594,0.25,535544,0.5,2024-10-27 21:45:00,,V2_50_reclaim_add2_dd_throttle
,1,0.28383598472632876,,,,,add,,16965.639781445003,,1,2519.2837560000003,0.125,535659,0.5,2024-10-28 07:20:00,,V2_50_reclaim_add2_dd_throttle
,2,0.28331155159610333,,,,,add,,16968.988061803335,,1,2520.944088,0.125,535661,0.5,2024-10-28 07:30:00,,V2_50_reclaim_add2_dd_throttle
2,,,67849.70311653067,2516.789738082467,0.5,535544,close,2609.557984,,2472.785802680941,,,,536601,,2024-10-31 13:50:00,sell,V2_50_reclaim_add2_dd_throttle
,,0.2709802615873268,,,,,open,,34533.27172395257,,-1,2609.557984,0.25,536601,0.5,2024-10-31 13:50:00,,V2_50_reclaim_add2_dd_throttle
,1,0.2708511827195922,,,,,add,,17285.9295255262,,-1,2596.850526,0.125,536603,0.5,2024-10-31 14:00:00,,V2_50_reclaim_add2_dd_throttle
,2,0.26780136580935787,,,,,add,,17338.03629368724,,-1,2575.544788,0.125,536604,0.5,2024-10-31 14:05:00,,V2_50_reclaim_add2_dd_throttle
2,,,69157.237543166,2597.7797232370394,0.5,536601,close,2485.7370479999995,,2982.765903243242,,,,538173,,2024-11-06 00:50:00,buy_cover,V2_50_reclaim_add2_dd_throttle
,,0.25572071643959504,,,,,open,,35275.50533788622,,1,2485.7370479999995,0.25,538173,0.5,2024-11-06 00:50:00,,V2_50_reclaim_add2_dd_throttle
,1,0.25449515182428417,,,,,add,,17645.034304865236,,1,2490.838068,0.125,538176,0.5,2024-11-06 01:05:00,,V2_50_reclaim_add2_dd_throttle
,2,0.25415039180590915,,,,,add,,17680.445677354488,,1,2504.490798,0.125,538177,0.5,2024-11-06 01:10:00,,V2_50_reclaim_add2_dd_throttle
2,,,70600.98532010594,2491.684805170798,0.5,538173,close,3423.8650900000002,,26374.188596442924,,,,551988,,2024-12-24 00:05:00,sell,V2_50_reclaim_add2_dd_throttle
,,0.11629890970613532,,,,,open,,83738.1049739939,,1,3488.8776359999997,0.5,552276,1.0,2024-12-25 00:05:00,,V2_50_reclaim_add2_dd_throttle
,1,0.11592608317521469,,,,,add,,41892.17594721595,,1,3494.1286859999996,0.25,552284,1.0,2024-12-25 00:45:00,,V2_50_reclaim_add2_dd_throttle
,2,0.11524230995493046,,,,,add,,41845.92902677796,,1,3497.5893779999997,0.2495635385182322,552343,1.0,2024-12-25 05:40:00,,V2_50_reclaim_add2_dd_throttle
2,,,167476.2099479878,3492.3639407288842,0.9995635385182322,552276,close,3399.0700500000003,,-4539.1001845187275,,,,553428,,2024-12-29 00:05:00,sell,V2_50_reclaim_add2_dd_throttle
,,0.14024982060421465,,,,,open,,81468.55488173454,,1,3455.500962,0.5,554868,1.0,2025-01-03 00:05:00,,V2_50_reclaim_add2_dd_throttle
,1,0.13950382487415103,,,,,add,,40775.338276602866,,1,3463.8526319999996,0.25,554873,1.0,2025-01-03 00:30:00,,V2_50_reclaim_add2_dd_throttle
,2,0.13925663531877774,,,,,add,,40693.216605131674,,1,3463.282518,0.24955227122662782,554891,1.0,2025-01-03 02:00:00,,V2_50_reclaim_add2_dd_throttle
2,,,162937.10976346908,3459.529697893081,0.9995522712266278,554868,close,3221.045662,,-11292.809456747025,,,,556884,,2025-01-10 00:05:00,sell,V2_50_reclaim_add2_dd_throttle
,,0.19983719741736017,,,,,open,,56866.61261502077,,1,3447.199302,0.375,558612,0.75,2025-01-16 00:05:00,,V2_50_reclaim_add2_dd_throttle
,1,0.19840897912097544,,,,,add,,28487.36613186162,,1,3466.0630739999997,0.1875,559143,0.75,2025-01-17 20:20:00,,V2_50_reclaim_add2_dd_throttle
,2,0.19534187622980204,,,,,add,,28593.693505259944,,1,3489.477756,0.1875,559145,0.75,2025-01-17 20:30:00,,V2_50_reclaim_add2_dd_throttle
2,,,113947.67225214234,3462.437404698593,0.75,558612,close,3269.8059080000003,,-6382.47796958423,,,,560052,,2025-01-21 00:05:00,sell,V2_50_reclaim_add2_dd_throttle
,,0.23351483283942875,,,,,open,,54473.183376426685,,-1,3085.752726,0.375,562356,0.75,2025-01-29 00:05:00,,V2_50_reclaim_add2_dd_throttle
,1,0.23347986720152147,,,,,add,,27229.958039048375,,-1,3086.522572,0.1875,562533,0.75,2025-01-29 14:50:00,,V2_50_reclaim_add2_dd_throttle
,2,0.2299431699185016,,,,,add,,27337.45214298297,,-1,3064.456986,0.1875,562589,0.75,2025-01-29 19:30:00,,V2_50_reclaim_add2_dd_throttle
2,,,109040.59355845803,3080.577485702699,0.75,562356,close,3258.45156,,-6296.053424371203,,,,562932,,2025-01-31 00:05:00,buy_cover,V2_50_reclaim_add2_dd_throttle
,,0.26685151472207913,,,,,open,,34735.99019851373,,-1,3119.955884,0.25,563508,0.5,2025-02-02 00:05:00,,V2_50_reclaim_add2_dd_throttle
,1,0.2666763807171304,,,,,add,,17367.733191818705,,-1,3118.896096,0.125,563542,0.5,2025-02-02 02:55:00,,V2_50_reclaim_add2_dd_throttle
,2,0.26497309980912,,,,,add,,17429.631038518353,,-1,3088.83211,0.125,563546,0.5,2025-02-02 03:15:00,,V2_50_reclaim_add2_dd_throttle
2,,,69533.35442885078,3111.8320176104494,0.5,563508,close,2670.594012,,9859.390187444791,,,,566964,,2025-02-14 00:05:00,buy_cover,V2_50_reclaim_add2_dd_throttle
,,0.21518095549773064,,,,,open,,55796.04161648024,,1,2670.594012,0.375,566964,0.75,2025-02-14 00:05:00,,V2_50_reclaim_add2_dd_throttle
,1,0.21456690320192573,,,,,add,,27909.895027905437,,1,2674.6948319999997,0.1875,566968,0.75,2025-02-14 00:25:00,,V2_50_reclaim_add2_dd_throttle
,2,0.21422088955913787,,,,,add,,27928.23933709462,,1,2678.1755279999998,0.1875,566969,0.75,2025-02-14 00:30:00,,V2_50_reclaim_add2_dd_throttle
2,,,111634.1759814803,2673.5122272992253,0.75,566964,close,2634.862922,,-1657.8296664951922,,,,568315,,2025-02-18 16:40:00,sell,V2_50_reclaim_add2_dd_throttle
,,0.22376679044647685,,,,,open,,55174.355491544535,,-1,2634.862922,0.375,568315,0.75,2025-02-18 16:40:00,,V2_50_reclaim_add2_dd_throttle
,1,0.22237546923047447,,,,,add,,27634.14952205199,,-1,2621.845526,0.1875,568325,0.75,2025-02-18 17:30:00,,V2_50_reclaim_add2_dd_throttle
,2,0.22224402509904229,,,,,add,,27644.11568499488,,-1,2619.805934,0.1875,568326,0.75,2025-02-18 17:35:00,,V2_50_reclaim_add2_dd_throttle
2,,,110452.6206985914,2627.818685400879,0.75,568315,close,2760.552,,-5579.049398090006,,,,568861,,2025-02-20 14:10:00,buy_cover,V2_50_reclaim_add2_dd_throttle
,,0.25320357523982573,,,,,open,,35382.61868047227,,-1,2737.1024700000003,0.25,569885,0.5,2025-02-24 03:30:00,,V2_50_reclaim_add2_dd_throttle
,1,0.25119143127467647,,,,,add,,17742.288118088727,,-1,2704.459,0.125,569897,0.5,2025-02-24 04:30:00,,V2_50_reclaim_add2_dd_throttle
,2,0.2506655132192065,,,,,add,,17766.87570701488,,-1,2694.001092,0.125,569898,0.5,2025-02-24 04:35:00,,V2_50_reclaim_add2_dd_throttle
2,,,70891.78250557587,2717.9935546581764,0.5,569885,close,2263.9927079999998,,11841.431942845644,,,,571759,,2025-03-02 15:40:00,buy_cover,V2_50_reclaim_add2_dd_throttle
,,0.19338276223670525,,,,,open,,57509.1481155876,,1,2263.9927079999998,0.375,571759,0.75,2025-03-02 15:40:00,,V2_50_reclaim_add2_dd_throttle
,1,0.1856296051255304,,,,,add,,28939.593153613903,,1,2303.76066,0.1875,571770,0.75,2025-03-02 16:35:00,,V2_50_reclaim_add2_dd_throttle
,2,0.16392236793804238,,,,,add,,30001.233465662917,,1,2453.270556,0.1875,571771,0.75,2025-03-02 16:40:00,,V2_50_reclaim_add2_dd_throttle
2,,,116449.97473486443,2320.0617903842844,0.75,571759,close,2162.987316,,-7927.4011157361965,,,,573015,,2025-03-07 00:20:00,sell,V2_50_reclaim_add2_dd_throttle
,,0.2315307135994723,,,,,open,,54536.372697186525,,-1,2162.987316,0.375,573015,0.75,2025-03-07 00:20:00,,V2_50_reclaim_add2_dd_throttle
,1,0.2301310735542753,,,,,add,,27301.81420018548,,-1,2155.0089120000002,0.1875,573219,0.75,2025-03-07 17:20:00,,V2_50_reclaim_add2_dd_throttle
,2,0.22692659952436411,,,,,add,,27487.815325950585,,-1,2128.534208,0.1875,573265,0.75,2025-03-07 21:10:00,,V2_50_reclaim_add2_dd_throttle
2,,,109326.0022233226,2152.238435162063,0.75,573015,close,1933.006524,,11136.19962763897,,,,575212,,2025-03-14 15:25:00,buy_cover,V2_50_reclaim_add2_dd_throttle
,,0.1749119319769311,,,,,open,,58704.24810738439,,1,1933.006524,0.375,575212,0.75,2025-03-14 15:25:00,,V2_50_reclaim_add2_dd_throttle
,1,0.1731666882583065,,,,,add,,29360.816299811384,,1,1935.306984,0.1875,575214,0.75,2025-03-14 15:35:00,,V2_50_reclaim_add2_dd_throttle
,2,0.17212526616567736,,,,,add,,29352.809421157166,,1,1934.6268479999999,0.1875,575251,0.75,2025-03-14 18:40:00,,V2_50_reclaim_add2_dd_throttle
2,,,117417.87382835295,1933.986294804999,0.75,575212,close,1898.630198,,-2192.6742998090194,,,,575736,,2025-03-16 11:05:00,sell,V2_50_reclaim_add2_dd_throttle
,,0.18530981093425014,,,,,open,,57881.99524495601,,-1,1898.630198,0.375,575736,0.75,2025-03-16 11:05:00,,V2_50_reclaim_add2_dd_throttle
,1,0.18301834252026206,,,,,add,,29031.92580337398,,-1,1881.963532,0.1875,575739,0.75,2025-03-16 11:20:00,,V2_50_reclaim_add2_dd_throttle
,2,0.18085540644695552,,,,,add,,29125.62914900029,,-1,1870.8257600000002,0.1875,575743,0.75,2025-03-16 11:40:00,,V2_50_reclaim_add2_dd_throttle
2,,,116039.55019733027,1887.4076051317147,0.75,575736,close,1980.706062,,-5736.0698060426075,,,,576594,,2025-03-19 10:35:00,buy_cover,V2_50_reclaim_add2_dd_throttle
,,0.21593915023883725,,,,,open,,55722.26610142523,,-1,2034.403038,0.375,578650,0.75,2025-03-26 13:55:00,,V2_50_reclaim_add2_dd_throttle
,1,0.21453665672659172,,,,,add,,27916.72056450748,,-1,2022.765366,0.1875,578655,0.75,2025-03-26 14:20:00,,V2_50_reclaim_add2_dd_throttle
,2,0.21160225429323565,,,,,add,,28019.18017795286,,-1,2009.228074,0.1875,578656,0.75,2025-03-26 14:25:00,,V2_50_reclaim_add2_dd_throttle
2,,,111658.16684388557,2025.1226935242644,0.75,578650,close,1860.251976,,9090.397560777652,,,,580291,,2025-04-01 06:40:00,buy_cover,V2_50_reclaim_add2_dd_throttle
,,0.1667181933327765,,,,,open,,59122.790824203556,,1,1860.251976,0.375,580291,0.75,2025-04-01 06:40:00,,V2_50_reclaim_add2_dd_throttle
,1,0.16605768598409876,,,,,add,,29629.2917193643,,1,1872.394404,0.1875,580311,0.75,2025-04-01 08:20:00,,V2_50_reclaim_add2_dd_throttle
,2,0.16443182506382048,,,,,add,,29680.52723400694,,1,1878.385602,0.1875,580312,0.75,2025-04-01 08:25:00,,V2_50_reclaim_add2_dd_throttle
2,,,118432.60977757479,1867.8011788143601,0.75,580291,close,1845.6308000000001,,-1452.5744276922342,,,,580765,,2025-04-02 22:10:00,sell,V2_50_reclaim_add2_dd_throttle
,,0.17407675569536274,,,,,open,,58578.07541381897,,-1,1845.6308000000001,0.375,580765,0.75,2025-04-02 22:10:00,,V2_50_reclaim_add2_dd_throttle
,1,0.17255205523795636,,,,,add,,29409.11482839901,,-1,1824.714984,0.1875,580767,0.75,2025-04-02 22:20:00,,V2_50_reclaim_add2_dd_throttle
,2,0.1709916934756862,,,,,add,,29458.314026590662,,-1,1818.98613,0.1875,580768,0.75,2025-04-02 22:25:00,,V2_50_reclaim_add2_dd_throttle
2,,,117445.50426880864,1833.6307875346743,0.75,580765,close,1596.499236,,15188.467786116104,,,,582726,,2025-04-09 17:35:00,buy_cover,V2_50_reclaim_add2_dd_throttle
,,0.09530314849351951,,,,,open,,85686.58989438979,,1,1596.499236,0.5,582726,1.0,2025-04-09 17:35:00,,V2_50_reclaim_add2_dd_throttle
,1,0.09396619353907798,,,,,add,,42847.74074960054,,1,1597.46943,0.25,582729,1.0,2025-04-09 17:50:00,,V2_50_reclaim_add2_dd_throttle
,2,0.09224223514542007,,,,,add,,42838.84914478925,,1,1605.6810719999999,0.24901305759430326,582730,1.0,2025-04-09 17:55:00,,V2_50_reclaim_add2_dd_throttle
2,,,171373.17978877958,1599.027756602779,0.9990130575943033,582726,close,1575.8847600000001,,-2547.8631319447886,,,,583835,,2025-04-13 14:00:00,sell,V2_50_reclaim_add2_dd_throttle
,,0.11175821166253297,,,,,open,,84412.6583284174,,-1,1575.8847600000001,0.5,583835,1.0,2025-04-13 14:00:00,,V2_50_reclaim_add2_dd_throttle
,1,0.10917472844273557,,,,,add,,42155.579815594836,,-1,1579.044128,0.25,583837,1.0,2025-04-13 14:10:00,,V2_50_reclaim_add2_dd_throttle
,2,0.10481889289112589,,,,,add,,42419.18559518721,,-1,1565.696798,0.25,584596,1.0,2025-04-16 05:25:00,,V2_50_reclaim_add2_dd_throttle
2,,,168987.42373919944,1574.099322965101,1.0,583835,close,1598.859708,,-2658.144126807194,,,,585438,,2025-04-19 03:35:00,buy_cover,V2_50_reclaim_add2_dd_throttle
,,0.1233844812507523,,,,,open,,83066.68752263988,,1,1797.7894860000001,0.5,587270,1.0,2025-04-25 12:15:00,,V2_50_reclaim_add2_dd_throttle
,1,0.12179498341236994,,,,,add,,41572.04283894264,,1,1801.8603,0.25,587301,1.0,2025-04-25 14:50:00,,V2_50_reclaim_add2_dd_throttle
,2,0.12054664816310645,,,,,add,,41494.64468369725,,1,1809.581844,0.24875952522623535,587303,1.0,2025-04-25 15:00:00,,V2_50_reclaim_add2_dd_throttle
2,,,166133.37504527977,1801.7406500845584,0.9987595252262353,587270,close,1779.8539580000001,,-2083.749098259228,,,,587989,,2025-04-28 00:10:00,sell,V2_50_reclaim_add2_dd_throttle
,,0.13447098812983793,,,,,open,,82024.81297351027,,-1,1779.8539580000001,0.5,587989,1.0,2025-04-28 00:10:00,,V2_50_reclaim_add2_dd_throttle
,1,0.13371389276927037,,,,,add,,41054.31156810977,,-1,1775.5048279999999,0.25,587992,1.0,2025-04-28 00:25:00,,V2_50_reclaim_add2_dd_throttle
,2,0.1320665384984131,,,,,add,,41020.27977154078,,-1,1777.234482,0.25,588000,1.0,2025-04-28 01:05:00,,V2_50_reclaim_add2_dd_throttle
2,,,164099.4043131608,1778.1091804118319,1.0,587989,close,1831.326192,,-4911.322643382853,,,,588975,,2025-05-01 10:20:00,buy_cover,V2_50_reclaim_add2_dd_throttle
,,0.16046769140462014,,,,,open,,59664.556283540645,,1,1839.897906,0.375,590584,0.75,2025-05-07 00:25:00,,V2_50_reclaim_add2_dd_throttle
,1,0.15973992879182441,,,,,add,,29852.789169676646,,1,1844.008728,0.1875,590592,0.75,2025-05-07 01:05:00,,V2_50_reclaim_add2_dd_throttle
,2,0.15994064687097254,,,,,add,,29851.006353847333,,1,1844.058738,0.1875,590696,0.75,2025-05-07 09:45:00,,V2_50_reclaim_add2_dd_throttle
2,,,119368.35180706462,1841.9641771529105,0.75,590584,close,2404.3390360000003,,36382.34202079107,,,,599220,,2025-06-06 00:05:00,sell,V2_50_reclaim_add2_dd_throttle
,,0.108158276025633,,,,,open,,97743.91272178307,,-1,2404.3390360000003,0.5,599220,1.0,2025-06-06 00:05:00,,V2_50_reclaim_add2_dd_throttle
,1,0.10824342827954125,,,,,add,,48824.890180661256,,-1,2408.0083019999997,0.25,599224,1.0,2025-06-06 00:25:00,,V2_50_reclaim_add2_dd_throttle
1,,,146568.80290244432,2405.560096442852,0.75,599220,close,2474.4847979999995,,-4199.519482089294,,,,599508,,2025-06-07 00:05:00,buy_cover,V2_50_reclaim_add2_dd_throttle
,,0.12838729799949844,,,,,open,,95629.49610044817,,1,2537.7074399999997,0.5,599778,1.0,2025-06-07 22:35:00,,V2_50_reclaim_add2_dd_throttle
,1,0.1277030958839278,,,,,add,,47813.758276347784,,1,2538.617622,0.25,600058,1.0,2025-06-08 21:55:00,,V2_50_reclaim_add2_dd_throttle
,2,0.12726156382461717,,,,,add,,47815.73782410039,,1,2543.398578,0.2496826965590666,600223,1.0,2025-06-09 11:40:00,,V2_50_reclaim_add2_dd_throttle
2,,,191258.99220089635,2539.355599187038,0.9996826965590666,599778,close,2310.547798,,-17302.931900357653,,,,603796,,2025-06-21 21:25:00,sell,V2_50_reclaim_add2_dd_throttle
,,0.20692710561016647,,,,,open,,65233.522612702014,,-1,2310.547798,0.375,603796,0.75,2025-06-21 21:25:00,,V2_50_reclaim_add2_dd_throttle
,1,0.20349420206467417,,,,,add,,32781.81465006138,,-1,2278.4442200000003,0.1875,603798,0.75,2025-06-21 21:35:00,,V2_50_reclaim_add2_dd_throttle
,2,0.19461820439021216,,,,,add,,33156.314253325785,,-1,2231.273656,0.1875,603822,0.75,2025-06-21 23:35:00,,V2_50_reclaim_add2_dd_throttle
2,,,131171.6515160892,2282.0181603192173,0.75,603796,close,2309.571822,,-1583.794227765553,,,,604284,,2025-06-23 14:05:00,buy_cover,V2_50_reclaim_add2_dd_throttle
,,0.2144217380257213,,,,,open,,64629.761903426224,,1,2309.571822,0.375,604284,0.75,2025-06-23 14:05:00,,V2_50_reclaim_add2_dd_throttle
,1,0.2138773845731804,,,,,add,,32331.542655002722,,1,2313.672642,0.1875,604351,0.75,2025-06-23 19:40:00,,V2_50_reclaim_add2_dd_throttle
,2,0.21022514151913596,,,,,add,,32505.30478347578,,1,2336.077122,0.1875,604358,0.75,2025-06-23 20:15:00,,V2_50_reclaim_add2_dd_throttle
2,,,129466.60934190472,2317.1984071830334,0.75,604284,close,2393.481208,,4208.589812194201,,,,605281,,2025-06-27 01:10:00,sell,V2_50_reclaim_add2_dd_throttle
,,0.1955138076959948,,,,,open,,66207.98308299905,,-1,2393.481208,0.375,605281,0.75,2025-06-27 01:10:00,,V2_50_reclaim_add2_dd_throttle
,1,0.19530882103174696,,,,,add,,33102.552116072395,,-1,2392.8013440000004,0.1875,605491,0.75,2025-06-27 18:40:00,,V2_50_reclaim_add2_dd_throttle
1,,,99310.53519907146,2393.254550314292,0.5625,605281,close,2454.9909,,-2561.808636469985,,,,605958,,2025-06-29 09:35:00,buy_cover,V2_50_reclaim_add2_dd_throttle
,,0.20706876805755503,,,,,open,,65239.85655418287,,1,2454.9909,0.375,605958,0.75,2025-06-29 09:35:00,,V2_50_reclaim_add2_dd_throttle
,1,0.20695951254126932,,,,,add,,32628.337403558413,,1,2457.661434,0.1875,605974,0.75,2025-06-29 10:55:00,,V2_50_reclaim_add2_dd_throttle
,2,0.20628361162621212,,,,,add,,32646.88282726273,,1,2460.4719959999998,0.1875,605985,0.75,2025-06-29 11:50:00,,V2_50_reclaim_add2_dd_throttle
2,,,130515.07678500401,2457.0274677709417,0.75,605958,close,2402.759352,,-2933.7210820998152,,,,606708,,2025-07-02 00:05:00,sell,V2_50_reclaim_add2_dd_throttle
,,0.22053356311930294,,,,,open,,64139.711148395436,,1,2535.617022,0.375,608021,0.75,2025-07-06 13:30:00,,V2_50_reclaim_add2_dd_throttle
,1,0.21933309995106942,,,,,add,,32121.427943912247,,1,2547.5094,0.1875,608025,0.75,2025-07-06 13:50:00,,V2_50_reclaim_add2_dd_throttle
,2,0.21638536828205612,,,,,add,,32249.124034405373,,1,2565.823062,0.1875,608026,0.75,2025-07-06 13:55:00,,V2_50_reclaim_add2_dd_throttle
2,,,128510.26312671305,2546.109759318782,0.75,608021,close,4157.91825,,81269.16751960281,,,,631188,,2025-09-25 00:05:00,sell,V2_50_reclaim_add2_dd_throttle
,,0.1371969865724395,,,,,open,,126154.19862432865,,1,4209.771786,0.5,632628,1.0,2025-09-30 00:05:00,,V2_50_reclaim_add2_dd_throttle
,1,0.13140044204846324,,,,,add,,63510.380980780836,,1,4269.313692,0.25,633020,1.0,2025-10-01 08:45:00,,V2_50_reclaim_add2_dd_throttle
,2,0.12791369877506054,,,,,add,,62643.817643547816,,1,4291.788186,0.245639348568072,633021,1.0,2025-10-01 08:50:00,,V2_50_reclaim_add2_dd_throttle
2,,,252308.3972486573,4244.8138803322445,0.995639348568072,632628,close,4134.812872,,-6636.671565770026,,,,636372,,2025-10-13 00:05:00,sell,V2_50_reclaim_add2_dd_throttle
,,0.15989199113240304,,,,,open,,92126.89713108273,,1,4153.360506,0.375,640404,0.75,2025-10-27 00:05:00,,V2_50_reclaim_add2_dd_throttle
,1,0.15825022674731604,,,,,add,,46151.67913581679,,1,4176.2450819999995,0.1875,640406,0.75,2025-10-27 00:15:00,,V2_50_reclaim_add2_dd_throttle
,2,0.15726315772085442,,,,,add,,46206.52945560505,,1,4185.606954000001,0.1875,640410,0.75,2025-10-27 00:35:00,,V2_50_reclaim_add2_dd_throttle
2,,,184485.10572250458,4167.113732953606,0.75,640404,close,3899.2200000000003,,-11929.147430003504,,,,641268,,2025-10-30 00:05:00,sell,V2_50_reclaim_add2_dd_throttle
,,0.20068533952058654,,,,,open,,87653.46684483142,,-1,3602.5093540000003,0.375,642708,0.75,2025-11-04 00:05:00,,V2_50_reclaim_add2_dd_throttle
,1,0.20003076289800426,,,,,add,,43851.266744081935,,-1,3595.690718,0.1875,642710,0.75,2025-11-04 00:15:00,,V2_50_reclaim_add2_dd_throttle
,2,0.19812116792738577,,,,,add,,43967.53336899629,,-1,3578.23421,0.1875,642712,0.75,2025-11-04 00:25:00,,V2_50_reclaim_add2_dd_throttle
2,,,175472.26695790963,3594.6952914123776,0.75,642708,close,2955.54099,,31199.828040301567,,,,649044,,2025-11-26 00:05:00,buy_cover,V2_50_reclaim_add2_dd_throttle
,,0.09472694286010475,,,,,open,,132453.6559198969,,1,2955.54099,0.5,649044,1.0,2025-11-26 00:05:00,,V2_50_reclaim_add2_dd_throttle
,1,0.09294300437581193,,,,,add,,66316.63997330781,,1,2964.74283,0.25,649048,1.0,2025-11-26 00:25:00,,V2_50_reclaim_add2_dd_throttle
,2,0.09183387340504301,,,,,add,,66137.01594658909,,1,2963.7026220000002,0.24941347328577046,649062,1.0,2025-11-26 01:35:00,,V2_50_reclaim_add2_dd_throttle
2,,,264907.3118397938,2959.875797956829,0.9994134732857705,649044,close,2988.7621280000003,,2478.324846972304,,,,650032,,2025-11-29 10:25:00,sell,V2_50_reclaim_add2_dd_throttle
,,0.08527245330686528,,,,,open,,133692.81834338306,,-1,2988.7621280000003,0.5,650032,1.0,2025-11-29 10:25:00,,V2_50_reclaim_add2_dd_throttle
,1,0.08562236323785422,,,,,add,,66846.23314239664,,-1,2987.582364,0.25,650087,1.0,2025-11-29 15:00:00,,V2_50_reclaim_add2_dd_throttle
,2,0.08475705682955825,,,,,add,,66920.06024667938,,-1,2982.783324,0.25,650118,1.0,2025-11-29 17:35:00,,V2_50_reclaim_add2_dd_throttle
2,,,267459.11173245905,2986.969293159482,1.0,650032,close,2859.97188,,11371.608670622867,,,,650941,,2025-12-02 14:10:00,buy_cover,V2_50_reclaim_add2_dd_throttle
,,0.04828259078041597,,,,,open,,139351.87676752123,,1,2859.97188,0.5,650941,1.0,2025-12-02 14:10:00,,V2_50_reclaim_add2_dd_throttle
,1,0.046510326519925704,,,,,add,,69647.39143260647,,1,2858.77164,0.25,650943,1.0,2025-12-02 14:20:00,,V2_50_reclaim_add2_dd_throttle
,2,0.04598836107625126,,,,,add,,69594.20941841032,,1,2856.241134,0.25,650945,1.0,2025-12-02 14:30:00,,V2_50_reclaim_add2_dd_throttle
2,,,278593.477618538,2858.73905136579,1.0,650941,close,3064.856906,,19967.399399736372,,,,651829,,2025-12-05 16:10:00,sell,V2_50_reclaim_add2_dd_throttle
,,0.05277167414575734,,,,,open,,149335.57646738942,,-1,3064.856906,0.5,651829,1.0,2025-12-05 16:10:00,,V2_50_reclaim_add2_dd_throttle
,1,0.04948681259154364,,,,,add,,74990.0869856434,,-1,3037.1724440000003,0.25,651834,1.0,2025-12-05 16:35:00,,V2_50_reclaim_add2_dd_throttle
,2,0.045832678437405905,,,,,add,,75251.97042549864,,-1,3022.49538,0.25,651835,1.0,2025-12-05 16:40:00,,V2_50_reclaim_add2_dd_throttle
2,,,299577.63387853146,3047.176289370747,1.0,651829,close,3079.935864,,-3220.6863059864263,,,,652419,,2025-12-07 17:20:00,buy_cover,V2_50_reclaim_add2_dd_throttle
,,0.0636479470775817,,,,,open,,147695.27555100835,,1,3079.935864,0.5,652419,1.0,2025-12-07 17:20:00,,V2_50_reclaim_add2_dd_throttle
,1,0.05684432032038689,,,,,add,,74206.23836660104,,1,3111.0920939999996,0.25,652422,1.0,2025-12-07 17:35:00,,V2_50_reclaim_add2_dd_throttle
,2,0.05541752228175534,,,,,add,,73489.03718440731,,1,3111.612198,0.24757737204326524,652423,1.0,2025-12-07 17:40:00,,V2_50_reclaim_add2_dd_throttle
2,,,295390.5511020167,3095.5636618471935,0.9975773720432652,652419,close,3282.453378,,17708.455950887175,,,,653371,,2025-12-11 00:40:00,sell,V2_50_reclaim_add2_dd_throttle
,,0.04391172878990535,,,,,open,,156549.50352645194,,-1,3282.453378,0.5,653371,1.0,2025-12-11 00:40:00,,V2_50_reclaim_add2_dd_throttle
,1,0.042685948594250345,,,,,add,,78504.30815878765,,-1,3261.887492,0.25,653373,1.0,2025-12-11 00:50:00,,V2_50_reclaim_add2_dd_throttle
,2,0.041755877729827806,,,,,add,,78607.84280836409,,-1,3255.678734,0.25,653378,1.0,2025-12-11 01:15:00,,V2_50_reclaim_add2_dd_throttle
2,,,313661.6544936037,3270.551664995299,1.0,653371,close,3127.77543,,13692.940494669077,,,,654541,,2025-12-15 02:10:00,buy_cover,V2_50_reclaim_add2_dd_throttle
,,0.02349897987353844,,,,,open,,163364.6076083371,,1,3127.77543,0.5,654541,1.0,2025-12-15 02:10:00,,V2_50_reclaim_add2_dd_throttle
,1,0.020466413725913957,,,,,add,,81896.91285552368,,1,3145.468968,0.25,654543,1.0,2025-12-15 02:20:00,,V2_50_reclaim_add2_dd_throttle
,2,0.020300583124103322,,,,,add,,81467.69475281342,,1,3147.069288,0.24861959731575423,654624,1.0,2025-12-15 09:05:00,,V2_50_reclaim_add2_dd_throttle
2,,,326729.2152166742,3136.9938763932437,0.9986195973157542,654541,close,2862.9073040000003,,-28666.365000915015,,,,655288,,2025-12-17 16:25:00,sell,V2_50_reclaim_add2_dd_throttle
,,0.10863751024491297,,,,,open,,149031.4251078796,,1,2966.84325,0.5,657584,1.0,2025-12-25 15:45:00,,V2_50_reclaim_add2_dd_throttle
,1,0.10832161986535183,,,,,add,,74437.7834358122,,1,2961.822246,0.25,657586,1.0,2025-12-25 15:55:00,,V2_50_reclaim_add2_dd_throttle
,2,0.10655587182524595,,,,,add,,74593.64167206739,,1,2975.595,0.24967836698384616,657711,1.0,2025-12-26 02:20:00,,V2_50_reclaim_add2_dd_throttle
2,,,298062.8502157592,2967.771260030233,0.9996783669838462,657584,close,3175.724728,,20757.871687100327,,,,661320,,2026-01-07 15:05:00,sell,V2_50_reclaim_add2_dd_throttle
,,0.04886078543734729,,,,,open,,159410.36095142976,,-1,3175.724728,0.5,661320,1.0,2026-01-07 15:05:00,,V2_50_reclaim_add2_dd_throttle
,1,0.04263760491571833,,,,,add,,79941.42655436143,,-1,3155.628748,0.25,661323,1.0,2026-01-07 15:20:00,,V2_50_reclaim_add2_dd_throttle
,2,0.0421095397062613,,,,,add,,80081.44061018513,,-1,3147.790316,0.25,661360,1.0,2026-01-07 18:25:00,,V2_50_reclaim_add2_dd_throttle
2,,,319433.2281159763,3163.64434152695,1.0,661320,close,3107.1213,,5707.145105282019,,,,662399,,2026-01-11 09:00:00,buy_cover,V2_50_reclaim_add2_dd_throttle
,,0.028920692187811126,,,,,open,,162231.99018125917,,1,3107.1213,0.5,662399,1.0,2026-01-11 09:00:00,,V2_50_reclaim_add2_dd_throttle
,1,0.029230597235083144,,,,,add,,81141.79815953318,,1,3110.341944,0.25,662423,1.0,2026-01-11 11:00:00,,V2_50_reclaim_add2_dd_throttle
,2,0.027651426887997932,,,,,add,,81090.19202172599,,1,3118.1235,0.24939793414277323,662445,1.0,2026-01-11 12:50:00,,V2_50_reclaim_add2_dd_throttle
2,,,324463.98036251834,3110.669904242102,0.9993979341427732,662399,close,3287.4323820000004,,18300.379073407385,,,,663918,,2026-01-16 15:35:00,sell,V2_50_reclaim_add2_dd_throttle
,,0.037564686720409024,,,,,open,,171382.17971796286,,-1,3287.4323820000004,0.5,663918,1.0,2026-01-16 15:35:00,,V2_50_reclaim_add2_dd_throttle
,1,0.02956545989994841,,,,,add,,86052.09752930765,,-1,3258.4181860000003,0.25,663920,1.0,2026-01-16 15:45:00,,V2_50_reclaim_add2_dd_throttle
,2,0.025967179632902515,,,,,add,,85867.00516015728,,-1,3267.406388,0.25,663921,1.0,2026-01-16 15:50:00,,V2_50_reclaim_add2_dd_throttle
2,,,343301.2824074278,3275.101702643087,1.0,663918,close,3341.928252,,-7004.849401484826,,,,664479,,2026-01-18 14:20:00,buy_cover,V2_50_reclaim_add2_dd_throttle
,,0.05122515240382941,,,,,open,,167845.4248889797,,1,3341.928252,0.5,664479,1.0,2026-01-18 14:20:00,,V2_50_reclaim_add2_dd_throttle
,1,0.051521944722617175,,,,,add,,83964.55619775745,,1,3346.599186,0.25,664523,1.0,2026-01-18 18:00:00,,V2_50_reclaim_add2_dd_throttle
,2,0.048070936148312704,,,,,add,,83880.86869122225,,1,3362.962458,0.24886290907759967,664529,1.0,2026-01-18 18:30:00,,V2_50_reclaim_add2_dd_throttle
2,,,335690.8497779594,3348.330233130481,0.9988629090775997,664479,close,3166.056662,,-18401.008766427753,,,,664944,,2026-01-20 05:05:00,sell,V2_50_reclaim_add2_dd_throttle
,,0.10388483055621978,,,,,open,,158644.92050576583,,1,2966.133108,0.5,667093,1.0,2026-01-27 16:10:00,,V2_50_reclaim_add2_dd_throttle
,1,0.1012413118543335,,,,,add,,79576.64636118509,,1,2986.3371479999996,0.25,667098,1.0,2026-01-27 16:35:00,,V2_50_reclaim_add2_dd_throttle
,2,0.09867299182881684,,,,,add,,79068.27414458073,,1,2993.278536,0.2479944910795716,667099,1.0,2026-01-27 16:40:00,,V2_50_reclaim_add2_dd_throttle
2,,,317289.84101153165,2977.9159065162817,0.9979944910795716,667093,close,2940.531776,,-4108.50011746044,,,,667528,,2026-01-29 04:25:00,sell,V2_50_reclaim_add2_dd_throttle
,,0.11540825473628125,,,,,open,,156590.6704470356,,-1,2940.531776,0.5,667528,1.0,2026-01-29 04:25:00,,V2_50_reclaim_add2_dd_throttle
,1,0.11494651728488348,,,,,add,,78334.64836679997,,-1,2936.4026019999997,0.25,667608,1.0,2026-01-29 11:05:00,,V2_50_reclaim_add2_dd_throttle
,2,0.11290511082501364,,,,,add,,78475.85375701515,,-1,2928.9440940000004,0.25,667612,1.0,2026-01-29 11:25:00,,V2_50_reclaim_add2_dd_throttle
2,,,313401.1725708507,2936.5904847068587,1.0,667528,close,2093.158548,,90013.43073341512,,,,670116,,2026-02-07 04:05:00,buy_cover,V2_50_reclaim_add2_dd_throttle
,,0.08338004150685396,,,,,open,,201566.04569648608,,1,2093.158548,0.5,670116,1.0,2026-02-07 04:05:00,,V2_50_reclaim_add2_dd_throttle
,1,0.08033863898059423,,,,,add,,100951.33503321037,,1,2100.990114,0.25,670118,1.0,2026-02-07 04:15:00,,V2_50_reclaim_add2_dd_throttle
,2,0.07710464773404913,,,,,add,,100614.7106632757,,1,2113.352586,0.24809523717338655,670120,1.0,2026-02-07 04:25:00,,V2_50_reclaim_add2_dd_throttle
2,,,403132.09139297216,2100.127441977349,0.9980952371733866,670116,close,2055.38884,,-8745.64559795626,,,,670665,,2026-02-09 01:50:00,sell,V2_50_reclaim_add2_dd_throttle
,,0.10207445340921428,,,,,open,,197193.22289750795,,-1,2055.38884,0.5,670665,1.0,2026-02-09 01:50:00,,V2_50_reclaim_add2_dd_throttle
,1,0.10230536082062036,,,,,add,,98715.01754769801,,-1,2049.629992,0.25,670745,1.0,2026-02-09 08:30:00,,V2_50_reclaim_add2_dd_throttle
,2,0.09816272853768249,,,,,add,,98880.19493405943,,-1,2044.770964,0.25,670746,1.0,2026-02-09 08:35:00,,V2_50_reclaim_add2_dd_throttle
2,,,394788.43537926534,2051.279849189977,1.0,670665,close,2012.20236,,7520.852212204074,,,,671977,,2026-02-13 15:10:00,buy_cover,V2_50_reclaim_add2_dd_throttle
,,0.0874717470719879,,,,,open,,200914.17016007207,,1,2012.20236,0.5,671977,1.0,2026-02-13 15:10:00,,V2_50_reclaim_add2_dd_throttle
,1,0.07980891963847758,,,,,add,,101132.29918174948,,1,2040.067932,0.25,671981,1.0,2026-02-13 15:30:00,,V2_50_reclaim_add2_dd_throttle
,2,0.0779016390343169,,,,,add,,99781.8709783226,,1,2048.2795739999997,0.24594064544375915,671982,1.0,2026-02-13 15:35:00,,V2_50_reclaim_add2_dd_throttle
2,,,401828.34032014414,2028.044420677993,0.9959406454437592,671977,close,2026.074704,,-550.8306924288627,,,,672526,,2026-02-15 12:55:00,sell,V2_50_reclaim_add2_dd_throttle
,,0.08694626775870506,,,,,open,,200638.75481385764,,-1,2026.074704,0.5,672526,1.0,2026-02-15 12:55:00,,V2_50_reclaim_add2_dd_throttle
,1,0.08361128430994935,,,,,add,,100716.63437919348,,-1,2009.2180759999999,0.25,672533,1.0,2026-02-15 13:30:00,,V2_50_reclaim_add2_dd_throttle
,2,0.08327784529227589,,,,,add,,100865.75446242595,,-1,2004.94893,0.25,672534,1.0,2026-02-15 13:35:00,,V2_50_reclaim_add2_dd_throttle
2,,,402221.1436554771,2016.5101671599466,1.0,672526,close,2022.214362,,-1137.7652711447445,,,,673329,,2026-02-18 07:50:00,buy_cover,V2_50_reclaim_add2_dd_throttle
,,0.08979502035503684,,,,,open,,200029.65006391972,,1,2022.214362,0.5,673329,1.0,2026-02-18 07:50:00,,V2_50_reclaim_add2_dd_throttle
,1,0.08904284448856004,,,,,add,,100086.30520184716,,1,2025.915102,0.25,673335,1.0,2026-02-18 08:20:00,,V2_50_reclaim_add2_dd_throttle
,2,0.08703476706810065,,,,,add,,99943.34486207255,,1,2032.7664719999998,0.24903593510453037,673336,1.0,2026-02-18 08:25:00,,V2_50_reclaim_add2_dd_throttle
2,,,400059.30012783944,2025.7672059277231,0.9990359351045304,673329,close,1951.90954,,-14739.979324059328,,,,674551,,2026-02-22 13:40:00,sell,V2_50_reclaim_add2_dd_throttle
,,0.12223227572178763,,,,,open,,192659.66040189005,,-1,1951.90954,0.5,674551,1.0,2026-02-22 13:40:00,,V2_50_reclaim_add2_dd_throttle
,1,0.12037021374175716,,,,,add,,96677.41988595438,,-1,1937.0425140000002,0.25,674598,1.0,2026-02-22 17:35:00,,V2_50_reclaim_add2_dd_throttle
,2,0.12110269631069426,,,,,add,,96500.96743909911,,-1,1941.5316160000002,0.25,674685,1.0,2026-02-23 00:50:00,,V2_50_reclaim_add2_dd_throttle
2,,,385838.0477269435,1945.5670026953724,1.0,674551,close,1904.340792,,8175.853115585458,,,,675266,,2026-02-25 01:15:00,buy_cover,V2_50_reclaim_add2_dd_throttle
,,0.1050262402523714,,,,,open,,196709.00315491008,,1,1904.340792,0.5,675266,1.0,2026-02-25 01:15:00,,V2_50_reclaim_add2_dd_throttle
,1,0.09839117808387576,,,,,add,,99031.67865523479,,1,1931.33619,0.25,675277,1.0,2026-02-25 02:10:00,,V2_50_reclaim_add2_dd_throttle
,2,0.10097961883027817,,,,,add,,97677.32449967529,,1,1924.7448719999998,0.24724137171511518,675391,1.0,2026-02-25 11:40:00,,V2_50_reclaim_add2_dd_throttle
2,,,393418.00630982016,1916.1258046311414,0.9972413717151152,675266,close,1969.376046,,10771.588972609024,,,,675963,,2026-02-27 11:20:00,sell,V2_50_reclaim_add2_dd_throttle
,,0.08141120231918264,,,,,open,,202094.7976412146,,-1,1969.376046,0.5,675963,1.0,2026-02-27 11:20:00,,V2_50_reclaim_add2_dd_throttle
,1,0.07890751866687329,,,,,add,,101195.45033990986,,-1,1962.817358,0.25,675967,1.0,2026-02-27 11:40:00,,V2_50_reclaim_add2_dd_throttle
,2,0.0776035442163352,,,,,add,,101385.33274177425,,-1,1957.628396,0.25,675968,1.0,2026-02-27 11:45:00,,V2_50_reclaim_add2_dd_throttle
2,,,404675.5807228987,1964.7803551120903,1.0,675963,close,1989.307782,,-5051.770032567263,,,,676425,,2026-03-01 01:50:00,buy_cover,V2_50_reclaim_add2_dd_throttle
,,0.09197217396057822,,,,,open,,199528.44506685867,,1,1989.307782,0.5,676425,1.0,2026-03-01 01:50:00,,V2_50_reclaim_add2_dd_throttle
,1,0.08021854483621871,,,,,add,,101111.59665356392,,1,2043.85869,0.25,676428,1.0,2026-03-01 02:05:00,,V2_50_reclaim_add2_dd_throttle
,2,0.08840946035740549,,,,,add,,98416.84841329475,,1,2017.5634320000001,0.24575382220468,676570,1.0,2026-03-01 13:55:00,,V2_50_reclaim_add2_dd_throttle
2,,,399056.89013371733,2009.8414870683146,0.99575382220468,676425,close,2051.559606,,8120.27219915489,,,,677958,,2026-03-06 09:35:00,sell,V2_50_reclaim_add2_dd_throttle
,,0.07418938974677936,,,,,open,,203588.5811664361,,-1,2051.559606,0.5,677958,1.0,2026-03-06 09:35:00,,V2_50_reclaim_add2_dd_throttle
,1,0.070948838352209,,,,,add,,102087.2067461948,,-1,2038.932132,0.25,677989,1.0,2026-03-06 12:10:00,,V2_50_reclaim_add2_dd_throttle
,2,0.06444131656132568,,,,,add,,102831.58366939116,,-1,2018.716176,0.25,678011,1.0,2026-03-06 14:00:00,,V2_50_reclaim_add2_dd_throttle
2,,,408507.3715820221,2040.0473585480288,1.0,677958,close,1982.0363280000001,,11616.38032553537,,,,678745,,2026-03-09 03:10:00,buy_cover,V2_50_reclaim_add2_dd_throttle
,,0.04746106776730585,,,,,open,,209355.9205920456,,1,1982.0363280000001,0.5,678745,1.0,2026-03-09 03:10:00,,V2_50_reclaim_add2_dd_throttle
,1,0.04233755604053091,,,,,add,,105251.85218719198,,1,2004.570834,0.25,678747,1.0,2026-03-09 03:20:00,,V2_50_reclaim_add2_dd_throttle
,2,0.039873884828642736,,,,,add,,104104.0684048536,,1,2012.542428,0.2465604225237933,678777,1.0,2026-03-09 05:50:00,,V2_50_reclaim_add2_dd_throttle
2,,,418711.8411840912,1995.1936729300432,0.9965604225237933,678745,close,2066.33665,,14756.643464960216,,,,680265,,2026-03-14 09:50:00,sell,V2_50_reclaim_add2_dd_throttle
,,0.06280638367406222,,,,,open,,216734.2423245257,,-1,2066.33665,0.5,680265,1.0,2026-03-14 09:50:00,,V2_50_reclaim_add2_dd_throttle
,1,0.06195316186214728,,,,,add,,108338.89353933907,,-1,2066.5866,0.25,680271,1.0,2026-03-14 10:20:00,,V2_50_reclaim_add2_dd_throttle
,2,0.06174756461341169,,,,,add,,108427.93293926344,,-1,2064.047108,0.25,680274,1.0,2026-03-14 10:35:00,,V2_50_reclaim_add2_dd_throttle
2,,,433501.0688031282,2065.82593634959,1.0,680265,close,2147.389392,,-17115.579459895962,,,,680700,,2026-03-15 22:05:00,buy_cover,V2_50_reclaim_add2_dd_throttle
,,0.09813709230069145,,,,,open,,208133.10248769738,,1,2147.389392,0.5,680700,1.0,2026-03-15 22:05:00,,V2_50_reclaim_add2_dd_throttle
,1,0.09861952314972922,,,,,add,,104181.16599135078,,1,2152.9805100000003,0.25,680706,1.0,2026-03-15 22:35:00,,V2_50_reclaim_add2_dd_throttle
,2,0.09479558389005438,,,,,add,,103951.9364963466,,1,2166.53322,0.24830177885866778,680707,1.0,2026-03-15 22:40:00,,V2_50_reclaim_add2_dd_throttle
2,,,416266.20497539476,2153.5410927340504,0.9983017788586678,680700,close,2292.011506,,26588.281512580812,,,,681437,,2026-03-18 11:30:00,sell,V2_50_reclaim_add2_dd_throttle
,,0.04058644602501238,,,,,open,,221427.2432439878,,-1,2292.011506,0.5,681437,1.0,2026-03-18 11:30:00,,V2_50_reclaim_add2_dd_throttle
,1,0.037060057276570024,,,,,add,,111357.45962682508,,-1,2264.437022,0.25,681439,1.0,2026-03-18 11:40:00,,V2_50_reclaim_add2_dd_throttle
,2,0.03432152201180194,,,,,add,,111616.7008293301,,-1,2257.018506,0.25,681445,1.0,2026-03-18 12:10:00,,V2_50_reclaim_add2_dd_throttle
2,,,444401.403700143,2276.202420311136,1.0,681437,close,2157.371388,,23200.360143955273,,,,682873,,2026-03-23 11:10:00,buy_cover,V2_50_reclaim_add2_dd_throttle
,,0.0511664121469626,,,,,open,,232982.9831755954,,-1,2140.17188,0.5,683665,1.0,2026-03-26 05:10:00,,V2_50_reclaim_add2_dd_throttle
,1,0.04896038070404285,,,,,add,,116823.55601024456,,-1,2127.114492,0.25,683672,1.0,2026-03-26 05:45:00,,V2_50_reclaim_add2_dd_throttle
,2,0.04817008125902811,,,,,add,,116997.73012513231,,-1,2122.5754,0.25,683673,1.0,2026-03-26 05:50:00,,V2_50_reclaim_add2_dd_throttle
2,,,466804.26931097225,2132.4650353584425,1.0,683665,close,2039.05773,,20447.213096959225,,,,684789,,2026-03-30 02:50:00,buy_cover,V2_50_reclaim_add2_dd_throttle
,,0.04285468555788807,,,,,open,,243159.90929714392,,1,2039.05773,0.5,684789,1.0,2026-03-30 02:50:00,,V2_50_reclaim_add2_dd_throttle
,1,0.04222436890133341,,,,,add,,121515.10624960286,,1,2037.6974579999999,0.25,684802,1.0,2026-03-30 03:55:00,,V2_50_reclaim_add2_dd_throttle
,2,0.04074389876202045,,,,,add,,121644.80304754106,,1,2044.878894,0.2496322812700843,684805,1.0,2026-03-30 04:10:00,,V2_50_reclaim_add2_dd_throttle
2,,,486319.81859428785,2040.1701452768355,0.9996322812700843,684789,close,2081.13369,,9566.155815169099,,,,685646,,2026-04-02 02:15:00,sell,V2_50_reclaim_add2_dd_throttle
,,0.040212471131639727,,,,,open,,247942.98720472847,,-1,2081.13369,0.5,685646,1.0,2026-04-02 02:15:00,,V2_50_reclaim_add2_dd_throttle
,1,0.03559895239050903,,,,,add,,124270.39321814444,,-1,2070.265864,0.25,685652,1.0,2026-04-02 02:45:00,,V2_50_reclaim_add2_dd_throttle
,2,0.029428640770380987,,,,,add,,124955.6731956283,,-1,2054.68898,0.25,685664,1.0,2026-04-02 03:45:00,,V2_50_reclaim_add2_dd_throttle
2,,,497169.0536185012,2071.7137756054585,1.0,685646,close,2086.727262,,-3602.910504303698,,,,686759,,2026-04-05 23:00:00,buy_cover,V2_50_reclaim_add2_dd_throttle
,,0.04550044996684244,,,,,open,,246091.8150472148,,1,2086.727262,0.5,686759,1.0,2026-04-05 23:00:00,,V2_50_reclaim_add2_dd_throttle
,1,0.043916927203904166,,,,,add,,123365.89045549497,,1,2098.4196,0.25,686762,1.0,2026-04-05 23:15:00,,V2_50_reclaim_add2_dd_throttle
,2,0.03919649209173459,,,,,add,,122725.92459171983,,1,2111.462208,0.2475719476789474,686763,1.0,2026-04-05 23:20:00,,V2_50_reclaim_add2_dd_throttle
2,,,492183.6300944296,2095.7760919567068,0.9975719476789474,686759,close,2089.562004,,-1655.620812080393,,,,687192,,2026-04-07 11:05:00,sell,V2_50_reclaim_add2_dd_throttle
,,0.05060346569147722,,,,,open,,245264.0046411746,,-1,2089.562004,0.5,687192,1.0,2026-04-07 11:05:00,,V2_50_reclaim_add2_dd_throttle
,1,0.04905359143708532,,,,,add,,122595.44730718156,,-1,2089.9719219999997,0.25,687194,1.0,2026-04-07 11:15:00,,V2_50_reclaim_add2_dd_throttle
,2,0.04864161567722747,,,,,add,,122718.70736698783,,-1,2086.892538,0.25,687201,1.0,2026-04-07 11:50:00,,V2_50_reclaim_add2_dd_throttle
2,,,490578.159315344,2088.9959515058126,1.0,687192,close,2265.623034,,-41478.94326658273,,,,688412,,2026-04-11 16:45:00,buy_cover,V2_50_reclaim_add2_dd_throttle
,,0.1286340646618147,,,,,open,,224475.4751919517,,1,2265.623034,0.5,688412,1.0,2026-04-11 16:45:00,,V2_50_reclaim_add2_dd_throttle
,1,0.12819781334507718,,,,,add,,112511.97654343184,,1,2277.60543,0.25,688434,1.0,2026-04-11 18:35:00,,V2_50_reclaim_add2_dd_throttle
,2,0.12100756685381031,,,,,add,,111963.49864851986,,1,2300.470002,0.24694392860278858,688435,1.0,2026-04-11 18:40:00,,V2_50_reclaim_add2_dd_throttle
2,,,448950.9503839034,2277.2281102413563,0.9969439286027886,688412,close,2298.450218,,4002.660127961659,,,,689818,,2026-04-16 13:55:00,sell,V2_50_reclaim_add2_dd_throttle
,,0.12155961822488659,,,,,open,,226476.80525593253,,-1,2298.450218,0.5,689818,1.0,2026-04-16 13:55:00,,V2_50_reclaim_add2_dd_throttle
,1,0.12027078361333421,,,,,add,,113469.43072140921,,-1,2288.152278,0.25,689824,1.0,2026-04-16 14:25:00,,V2_50_reclaim_add2_dd_throttle
,2,0.12188840808372636,,,,,add,,113233.34972528846,,-1,2294.221064,0.25,690732,1.0,2026-04-19 18:05:00,,V2_50_reclaim_add2_dd_throttle
2,,,453179.5857026302,2294.8072834508134,1.0,689818,close,2345.71905,,-10054.060276545468,,,,691407,,2026-04-22 02:20:00,buy_cover,V2_50_reclaim_add2_dd_throttle
,,0.14254407800750335,,,,,open,,221404.45715908956,,1,2345.71905,0.5,691407,1.0,2026-04-22 02:20:00,,V2_50_reclaim_add2_dd_throttle
,1,0.14015670367442346,,,,,add,,110951.39977779816,,1,2357.22135,0.25,691409,1.0,2026-04-22 02:30:00,,V2_50_reclaim_add2_dd_throttle
,2,0.13808529292615923,,,,,add,,110453.05738129141,,1,2364.212748,0.24834874974935983,691412,1.0,2026-04-22 02:45:00,,V2_50_reclaim_add2_dd_throttle
2,,,442808.91431817913,2353.1876716672696,0.9983487497493598,691407,close,2294.710966,,-11176.504793884757,,,,691879,,2026-04-23 17:40:00,sell,V2_50_reclaim_add2_dd_throttle
,,0.1634586108408559,,,,,open,,161862.1535716104,,-1,2263.2472599999996,0.375,693265,0.75,2026-04-28 13:10:00,,V2_50_reclaim_add2_dd_throttle
,1,0.15948628830799272,,,,,add,,81331.19867802074,,-1,2232.50341,0.1875,693613,0.75,2026-04-29 18:10:00,,V2_50_reclaim_add2_dd_throttle
,2,0.1583190422112668,,,,,add,,81378.52248793816,,-1,2229.863938,0.1875,693617,0.75,2026-04-29 18:30:00,,V2_50_reclaim_add2_dd_throttle
2,,,324571.8747375693,2247.0586414193767,0.75,693265,close,2287.00731,,-5770.292026897194,,,,694011,,2026-05-01 03:20:00,buy_cover,V2_50_reclaim_add2_dd_throttle
,,0.17418972584250259,,,,,open,,159673.95117091865,,1,2287.00731,0.37500000000000006,694011,0.75,2026-05-01 03:20:00,,V2_50_reclaim_add2_dd_throttle
,1,0.17417720129147818,,,,,add,,79804.0612654815,,1,2285.40699,0.18749999999999994,694108,0.75,2026-05-01 11:25:00,,V2_50_reclaim_add2_dd_throttle
,2,0.17318092815793307,,,,,add,,80030.35007306086,,1,2297.239356,0.1875,694119,0.75,2026-05-01 12:20:00,,V2_50_reclaim_add2_dd_throttle
2,,,319508.362509461,2289.1608459660906,0.75,694011,close,2335.7927480000003,,6378.228253845999,,,,695708,,2026-05-07 00:45:00,sell,V2_50_reclaim_add2_dd_throttle
,,0.1621372452522829,,,,,open,,162065.78676611086,,-1,2335.7927480000003,0.375,695708,0.75,2026-05-07 00:45:00,,V2_50_reclaim_add2_dd_throttle
,1,0.16206799195973465,,,,,add,,81069.38399062713,,-1,2332.053496,0.1875,695710,0.75,2026-05-07 00:55:00,,V2_50_reclaim_add2_dd_throttle
,2,0.16147634529536126,,,,,add,,81115.62704804481,,-1,2329.374032,0.1875,695711,0.75,2026-05-07 01:00:00,,V2_50_reclaim_add2_dd_throttle
2,,,324250.7978047828,2333.248980779312,0.75,695708,close,2321.8942859999997,,1577.9708836881327,,,,696325,,2026-05-09 04:10:00,buy_cover,V2_50_reclaim_add2_dd_throttle
,,0.1598851097449553,,,,,open,,162633.20703765855,,1,2321.8942859999997,0.375,696325,0.75,2026-05-09 04:10:00,,V2_50_reclaim_add2_dd_throttle
,1,0.1583483146728768,,,,,add,,81450.02568676813,,1,2332.986504,0.1875,696481,0.75,2026-05-09 17:10:00,,V2_50_reclaim_add2_dd_throttle
,2,0.15732991656093553,,,,,add,,81487.59721767058,,1,2335.2069479999996,0.1875,696497,0.75,2026-05-09 18:30:00,,V2_50_reclaim_add2_dd_throttle
2,,,325570.82994209725,2327.98508519378,0.75,696325,close,2308.8981280000003,,-2798.4759952293243,,,,697026,,2026-05-11 14:35:00,sell,V2_50_reclaim_add2_dd_throttle
,,0.1647743833385621,,,,,open,,161583.77853944755,,-1,2308.8981280000003,0.375,697026,0.75,2026-05-11 14:35:00,,V2_50_reclaim_add2_dd_throttle
,1,0.16466187092418072,,,,,add,,80844.18576421026,,-1,2303.98911,0.1875,697159,0.75,2026-05-12 01:40:00,,V2_50_reclaim_add2_dd_throttle
,2,0.16264202206758915,,,,,add,,80974.42591963553,,-1,2297.070494,0.1875,697233,0.75,2026-05-12 07:50:00,,V2_50_reclaim_add2_dd_throttle
2,,,323402.39022329333,2304.6993200777765,0.75,697026,close,2320.053918,,-2154.5906718789483,,,,697536,,2026-05-13 09:05:00,buy_cover,V2_50_reclaim_add2_dd_throttle
,,0.16919845971606506,,,,,open,,160751.5518582262,,1,2144.9289,0.375,699627,0.75,2026-05-20 15:20:00,,V2_50_reclaim_add2_dd_throttle
,1,0.16890481915534383,,,,,add,,80412.89474901606,,1,2148.4296,0.1875,699746,0.75,2026-05-21 01:15:00,,V2_50_reclaim_add2_dd_throttle
1,,,241164.44660724225,2146.094890740315,0.5625,699627,close,2095.43083,,-5787.48282649371,,,,700245,,2026-05-22 18:50:00,sell,V2_50_reclaim_add2_dd_throttle
,,0.18026306526438185,,,,,open,,158581.24579829106,,-1,2095.43083,0.37500000000000006,700245,0.75,2026-05-22 18:50:00,,V2_50_reclaim_add2_dd_throttle
,1,0.179442613241364,,,,,add,,79394.21210572001,,-1,2087.292458,0.18749999999999994,700249,0.75,2026-05-22 19:10:00,,V2_50_reclaim_add2_dd_throttle
,2,0.17858841816475857,,,,,add,,79486.74473864396,,-1,2082.6733820000004,0.1875,700253,0.75,2026-05-22 19:30:00,,V2_50_reclaim_add2_dd_throttle
2,,,317462.202642655,2090.186923916115,0.75,700245,close,2041.50822,,7393.441378014977,,,,702222,,2026-05-29 15:35:00,buy_cover,V2_50_reclaim_add2_dd_throttle
,,0.1654884558429771,,,,,open,,161329.97664984845,,1,2041.50822,0.375,702222,0.75,2026-05-29 15:35:00,,V2_50_reclaim_add2_dd_throttle
0,,,161329.97664984845,2041.50822,0.375,702222,close,2006.018716,,-2867.9582232792454,,,,702783,,2026-05-31 14:20:00,sell,V2_50_reclaim_add2_dd_throttle
,,0.17151433972279684,,,,,open,,160254.49231611873,,-1,2006.018716,0.375,702783,0.75,2026-05-31 14:20:00,,V2_50_reclaim_add2_dd_throttle
,1,0.17166870706394566,,,,,add,,80112.08215599578,,-1,2006.2286740000002,0.1875,702808,0.75,2026-05-31 16:25:00,,V2_50_reclaim_add2_dd_throttle
,2,0.17037959480130904,,,,,add,,80236.12571331013,,-1,2000.439832,0.1875,702810,0.75,2026-05-31 16:35:00,,V2_50_reclaim_add2_dd_throttle
2,,,320602.70018542465,2004.6719777418436,0.75,702783,close,1609.741884,,63160.29579275483,,,,704704,,2026-06-07 06:25:00,buy_cover,V2_50_reclaim_add2_dd_throttle
,,0.04927296833386208,,,,,open,,245220.7440478505,,1,1609.741884,0.5,704704,1.0,2026-06-07 06:25:00,,V2_50_reclaim_add2_dd_throttle
,1,0.04368527686642565,,,,,add,,123399.1634277478,,1,1631.1061559999998,0.25,704733,1.0,2026-06-07 08:50:00,,V2_50_reclaim_add2_dd_throttle
,2,0.0405464147107264,,,,,add,,121821.58062010269,,1,1635.77709,0.2462973600496542,704734,1.0,2026-06-07 08:55:00,,V2_50_reclaim_add2_dd_throttle
2,,,490441.488095701,1621.496111669619,0.9962973600496542,704704,close,1648.6702,,8019.693702225515,,,,705375,,2026-06-09 14:20:00,sell,V2_50_reclaim_add2_dd_throttle
,,0.03807983747621102,,,,,open,,249230.59089896324,,-1,1648.6702,0.5,705375,1.0,2026-06-09 14:20:00,,V2_50_reclaim_add2_dd_throttle
,1,0.034061607180581155,,,,,add,,125113.31832399416,,-1,1634.8329680000002,0.25,705381,1.0,2026-06-09 14:50:00,,V2_50_reclaim_add2_dd_throttle
,2,0.03369601507465847,,,,,add,,125218.04924651401,,-1,1632.7733799999999,0.25,705396,1.0,2026-06-09 16:05:00,,V2_50_reclaim_add2_dd_throttle
2,,,499561.9584694714,1641.1860938482366,1.0,705375,close,1667.1233579999998,,-7895.0444512702525,,,,705922,,2026-06-11 11:55:00,buy_cover,V2_50_reclaim_add2_dd_throttle
,,0.05448606226171704,,,,,open,,245233.1124774812,,1,1667.1233579999998,0.5,705922,1.0,2026-06-11 11:55:00,,V2_50_reclaim_add2_dd_throttle
,1,0.05225123009769428,,,,,add,,122840.21869262343,,1,1673.8747079999998,0.25,705990,1.0,2026-06-11 17:35:00,,V2_50_reclaim_add2_dd_throttle
,2,0.0432130094960016,,,,,add,,122392.89378485776,,1,1691.548242,0.2471550343425708,705993,1.0,2026-06-11 17:50:00,,V2_50_reclaim_add2_dd_throttle
2,,,490466.2249549624,1674.8501749874147,0.9971550343425708,705922,close_final,1676.504632,,288.1336038800655,,,,706102,,2026-06-12 02:55:00,sell_final,V2_50_reclaim_add2_dd_throttle
,,0.0,,,,,open,,7500.0,,1,173.114616,0.75,1982,1.0,2019-09-30 10:00:00,,V3_constant_75
0,,,7500.0,173.114616,0.75,1982,close,172.275538,,-39.337290453502646,,,,2899,,2019-10-03 14:25:00,sell,V3_constant_75
,,0.05272333620708969,,,,,open,,7470.497032159873,,-1,172.275538,0.75,2899,1.0,2019-10-03 14:25:00,,V3_constant_75
0,,,7470.497032159873,172.275538,0.75,2899,close,176.065206,,-164.33355114576534,,,,4027,,2019-10-07 12:25:00,buy_cover,V3_constant_75
,,0.0695215454291086,,,,,open,,7346.126294245725,,1,176.065206,0.75,4027,1.0,2019-10-07 12:25:00,,V3_constant_75
0,,,7346.126294245725,176.065206,0.75,4027,close,185.71285,,399.43813666681126,,,,5104,,2019-10-11 06:10:00,sell,V3_constant_75
,,0.040325091380130296,,,,,open,,7645.704896745834,,-1,185.71285,0.75,5104,1.0,2019-10-11 06:10:00,,V3_constant_75
0,,,7645.704896745834,185.71285,0.75,5104,close,185.347062,,15.059613737706059,,,,6094,,2019-10-14 16:40:00,buy_cover,V3_constant_75
,,0.03873295590963777,,,,,open,,7655.8527513146,,1,185.347062,0.75,6094,1.0,2019-10-14 16:40:00,,V3_constant_75
0,,,7655.8527513146,185.347062,0.75,6094,close,176.86462,,-353.29339375577456,,,,6611,,2019-10-16 11:45:00,sell,V3_constant_75
,,0.07146536234611067,,,,,open,,7390.882705997768,,-1,176.86462,0.75,6611,1.0,2019-10-16 11:45:00,,V3_constant_75
0,,,7390.882705997768,176.86462,0.75,6611,close,175.555104,,54.72282165825163,,,,7835,,2019-10-20 17:45:00,buy_cover,V3_constant_75
,,0.06713410111680662,,,,,open,,7430.816189835557,,1,175.555104,0.75,7835,1.0,2019-10-20 17:45:00,,V3_constant_75
0,,,7430.816189835557,175.555104,0.75,7835,close,171.305732,,-182.76556572960908,,,,8379,,2019-10-22 15:05:00,sell,V3_constant_75
,,0.08455747306222261,,,,,open,,7293.742015538352,,-1,171.305732,0.75,8379,1.0,2019-10-22 15:05:00,,V3_constant_75
0,,,7293.742015538352,171.305732,0.75,8379,close,164.08281,,307.53306922306456,,,,9191,,2019-10-25 10:45:00,buy_cover,V3_constant_75
,,0.0560568708454624,,,,,open,,7523.29775615332,,1,164.08281,0.75,9191,1.0,2019-10-25 10:45:00,,V3_constant_75
0,,,7523.29775615332,164.08281,0.75,9191,close,182.553482,,843.5439304568763,,,,10628,,2019-10-30 10:30:00,sell,V3_constant_75
,,0.051635549838017325,,,,,open,,8155.955703995976,,-1,182.553482,0.75,10628,1.0,2019-10-30 10:30:00,,V3_constant_75
0,,,8155.955703995976,182.553482,0.75,10628,close,184.24684200000002,,-75.65404335895073,,,,11330,,2019-11-01 21:00:00,buy_cover,V3_constant_75
,,0.05852054971736986,,,,,open,,8097.991778121164,,1,184.24684200000002,0.75,11330,1.0,2019-11-01 21:00:00,,V3_constant_75
0,,,8097.991778121164,184.24684200000002,0.75,11330,close,181.153762,,-139.13112497149177,,,,11781,,2019-11-03 10:35:00,sell,V3_constant_75
,,0.0705174433136666,,,,,open,,7993.643434392546,,-1,181.153762,0.75,11781,1.0,2019-11-03 10:35:00,,V3_constant_75
0,,,7993.643434392546,181.153762,0.75,11781,close,188.767746,,-335.97653276164147,,,,12405,,2019-11-05 14:35:00,buy_cover,V3_constant_75
,,0.09915152830504781,,,,,open,,7740.461988306155,,1,188.767746,0.75,12405,1.0,2019-11-05 14:35:00,,V3_constant_75
0,,,7740.461988306155,188.767746,0.75,12405,close,188.04238400000003,,-32.8276035969684,,,,12871,,2019-11-07 05:25:00,sell,V3_constant_75
,,0.10367656694540228,,,,,open,,7715.841285608429,,-1,188.04238400000003,0.75,12871,1.0,2019-11-07 05:25:00,,V3_constant_75
0,,,7715.841285608429,188.04238400000003,0.75,12871,close,187.177428,,35.491578240616946,,,,13737,,2019-11-10 05:35:00,buy_cover,V3_constant_75
,,0.09920785844893265,,,,,open,,7741.30259309605,,1,187.177428,0.75,13737,1.0,2019-11-10 05:35:00,,V3_constant_75
0,,,7741.30259309605,187.177428,0.75,13737,close,184.603072,,-109.52409770054874,,,,14236,,2019-11-11 23:10:00,sell,V3_constant_75
,,0.11081619808326115,,,,,open,,7659.159519820639,,-1,184.603072,0.75,14236,1.0,2019-11-11 23:10:00,,V3_constant_75
0,,,7659.159519820639,184.603072,0.75,14236,close,184.51689599999997,,3.5757382225683614,,,,14247,,2019-11-12 00:05:00,buy_cover,V3_constant_75
,,0.10949828939884287,,,,,open,,7660.692449559593,,-1,182.253542,0.75,15687,1.0,2019-11-17 00:05:00,,V3_constant_75
0,,,7660.692449559593,182.253542,0.75,15687,close,144.60891600000002,,1582.3228635900632,,,,30375,,2020-01-07 00:05:00,buy_cover,V3_constant_75
,,0.08829411380582486,,,,,open,,8846.285493384707,,-1,143.62127,0.75,30663,1.0,2020-01-08 00:05:00,,V3_constant_75
0,,,8846.285493384707,143.62127,0.75,30663,close,143.75874599999997,,-8.467416248666268,,,,31527,,2020-01-11 00:05:00,buy_cover,V3_constant_75
,,0.08908536415769275,,,,,open,,8838.607988374199,,-1,201.029786,0.75,48807,1.0,2020-03-11 00:05:00,,V3_constant_75
0,,,8838.607988374199,201.029786,0.75,48807,close,142.47849,,2574.3050978909323,,,,55344,,2020-04-02 16:50:00,buy_cover,V3_constant_75
,,0.13967539219899694,,,,,open,,10768.011020594142,,1,169.23384,0.75,57447,1.0,2020-04-10 00:05:00,,V3_constant_75
0,,,10768.011020594142,169.23384,0.75,57447,close,163.63726599999998,,-360.26316711316395,,,,57493,,2020-04-10 03:55:00,sell,V3_constant_75
,,0.16150919105160944,,,,,open,,10497.81364525927,,-1,163.63726599999998,0.75,57493,1.0,2020-04-10 03:55:00,,V3_constant_75
0,,,10497.81364525927,163.63726599999998,0.75,57493,close,160.362066,,210.1141593810098,,,,58193,,2020-04-12 14:15:00,buy_cover,V3_constant_75
,,0.1484087294130656,,,,,open,,10653.824592748239,,1,160.362066,0.7500000000000001,58193,1.0,2020-04-12 14:15:00,,V3_constant_75
0,,,10653.824592748239,160.362066,0.7500000000000001,58193,close,153.38931599999998,,-467.31789554642455,,,,59163,,2020-04-15 23:05:00,sell,V3_constant_75
,,0.1769549968985501,,,,,open,,10303.33617108842,,-1,153.38931599999998,0.7500000000000001,59163,1.0,2020-04-15 23:05:00,,V3_constant_75
0,,,10303.33617108842,153.38931599999998,0.7500000000000001,59163,close,179.475888,,-1752.2644595356687,,,,59905,,2020-04-18 12:55:00,buy_cover,V3_constant_75
,,0.28192431934156004,,,,,open,,8987.592326011003,,1,175.075008,0.7499999999999999,60992,1.0,2020-04-22 07:30:00,,V3_constant_75
0,,,8987.592326011003,175.075008,0.7499999999999999,60992,close,390.4219,,11046.960130247127,,,,95701,,2020-08-21 21:15:00,sell,V3_constant_75
,,0.10643257789441873,,,,,open,,17272.81242369635,,1,370.494084,0.75,101495,1.0,2020-09-11 00:05:00,,V3_constant_75
0,,,17272.81242369635,370.494084,0.75,101495,close,317.596468,,-2472.06293605656,,,,105239,,2020-09-24 00:05:00,sell,V3_constant_75
,,0.20234725224810324,,,,,open,,15418.765221653928,,1,365.333052,0.75,109847,1.0,2020-10-10 00:05:00,,V3_constant_75
0,,,15418.765221653928,365.333052,0.75,109847,close,934.813,,24018.9401979674,,,,136783,,2021-01-11 16:15:00,sell,V3_constant_75
,,0.28023096188899366,,,,,open,,33432.97037012948,,1,1576.9353239999998,0.75,150989,1.0,2021-03-02 00:05:00,,V3_constant_75
0,,,33432.97037012948,1576.9353239999998,0.75,150989,close,3432.533356,,39311.856203129704,,,,172818,,2021-05-16 19:10:00,sell,V3_constant_75
,,0.19005104172914966,,,,,open,,62916.86252247676,,1,2871.4441739999997,0.75,175757,1.0,2021-05-27 00:05:00,,V3_constant_75
0,,,62916.86252247676,2871.4441739999997,0.75,175757,close,2256.79855,,-13487.416948565435,,,,176621,,2021-05-30 00:05:00,sell,V3_constant_75
,,0.3202719261147061,,,,,open,,52801.299811052675,,1,2843.838654,0.75,178061,1.0,2021-06-04 00:05:00,,V3_constant_75
0,,,52801.299811052675,2843.838654,0.75,178061,close,2703.819128,,-2619.808728039694,,,,178925,,2021-06-07 00:05:00,sell,V3_constant_75
,,0.34556615486045683,,,,,open,,50836.4432650229,,-1,1804.359056,0.75,184304,1.0,2021-06-26 00:05:00,,V3_constant_75
0,,,50836.4432650229,1804.359056,0.75,184304,close,1985.537028,,-5104.549244961519,,,,184880,,2021-06-28 00:05:00,buy_cover,V3_constant_75
,,0.39494869511473085,,,,,open,,47000.40586481201,,-1,1942.36145,0.75,189488,1.0,2021-07-14 00:05:00,,V3_constant_75
0,,,47000.40586481201,1942.36145,0.75,189488,close,2023.494618,,-1963.222664296205,,,,192080,,2021-07-23 00:05:00,buy_cover,V3_constant_75
,,0.41399434925693346,,,,,open,,45520.93880571013,,1,2182.9765079999997,0.75,192656,1.0,2021-07-25 00:05:00,,V3_constant_75
0,,,45520.93880571013,2182.9765079999997,0.75,192656,close,3060.8077160000003,,18279.61674888066,,,,209936,,2021-09-23 00:05:00,sell,V3_constant_75
,,0.2375048206580972,,,,,open,,59230.65136737063,,1,3305.06088,0.75,212528,1.0,2021-10-02 00:05:00,,V3_constant_75
0,,,59230.65136737063,3305.06088,0.75,212528,close,4179.51393,,15641.28873502266,,,,231248,,2021-12-06 00:05:00,sell,V3_constant_75
,,0.11479737787549338,,,,,open,,70961.61791863761,,1,4354.9308120000005,0.7499999999999999,231536,1.0,2021-12-07 00:05:00,,V3_constant_75
0,,,70961.61791863761,4354.9308120000005,0.7499999999999999,231536,close,4078.8540660000003,,-4525.127647814472,,,,232976,,2021-12-12 00:05:00,sell,V3_constant_75
,,0.15713352004060965,,,,,open,,67567.77218277677,,-1,3406.5785480000004,0.75,240464,1.0,2022-01-07 00:05:00,,V3_constant_75
0,,,67567.77218277677,3406.5785480000004,0.75,240464,close,2465.162934,,18672.50718056351,,,,246224,,2022-01-27 00:05:00,buy_cover,V3_constant_75
,,0.05186889088983293,,,,,open,,81562.01740237197,,1,2465.162934,0.75,246224,1.0,2022-01-27 00:05:00,,V3_constant_75
0,,,81562.01740237197,2465.162934,0.75,246224,close,2337.842338,,-4243.447177536247,,,,246475,,2022-01-27 21:00:00,sell,V3_constant_75
,,0.08887869534795201,,,,,open,,78379.43201921979,,-1,2337.842338,0.75,246475,1.0,2022-01-27 21:00:00,,V3_constant_75
0,,,78379.43201921979,2337.842338,0.75,246475,close,2591.588214,,-8507.181681902992,,,,246962,,2022-01-29 13:35:00,buy_cover,V3_constant_75
,,0.1633205813787022,,,,,open,,71987.28884298966,,1,2752.75044,0.7499999999999999,248591,1.0,2022-02-04 05:20:00,,V3_constant_75
0,,,71987.28884298966,2752.75044,0.7499999999999999,248591,close,2959.8379139999997,,5384.594924156641,,,,249284,,2022-02-06 15:05:00,sell,V3_constant_75
,,0.11586505571899408,,,,,open,,76025.73503610714,,-1,2959.8379139999997,0.75,249284,1.0,2022-02-06 15:05:00,,V3_constant_75
0,,,76025.73503610714,2959.8379139999997,0.75,249284,close,3195.0088739999997,,-6040.545427323377,,,,249750,,2022-02-08 05:55:00,buy_cover,V3_constant_75
,,0.16917643093546086,,,,,open,,71483.9221053592,,1,3195.0088739999997,0.7500000000000001,249750,1.0,2022-02-08 05:55:00,,V3_constant_75
0,,,71483.9221053592,3195.0088739999997,0.7500000000000001,249750,close,3076.8845,,-2670.4038070285023,,,,250537,,2022-02-10 23:30:00,sell,V3_constant_75
,,0.19244878653348885,,,,,open,,69481.11925008782,,1,2959.0816979999995,0.75,251580,1.0,2022-02-14 14:25:00,,V3_constant_75
0,,,69481.11925008782,2959.0816979999995,0.75,251580,close,3050.369804,,2114.8557736041257,,,,252179,,2022-02-16 16:20:00,sell,V3_constant_75
,,0.1743287836514844,,,,,open,,71067.26108029092,,-1,3050.369804,0.75,252179,1.0,2022-02-16 16:20:00,,V3_constant_75
0,,,71067.26108029092,3050.369804,0.75,252179,close,2666.013096,,8954.712985365986,,,,254066,,2022-02-23 06:05:00,buy_cover,V3_constant_75
,,0.09610903004762739,,,,,open,,77772.63573015336,,1,2666.013096,0.75,254066,1.0,2022-02-23 06:05:00,,V3_constant_75
0,,,77772.63573015336,2666.013096,0.75,254066,close,2650.31983,,-488.72504061505606,,,,255380,,2022-02-27 19:35:00,sell,V3_constant_75
,,0.10087893099029877,,,,,open,,77406.09194969207,,-1,2650.31983,0.75,255380,1.0,2022-02-27 19:35:00,,V3_constant_75
0,,,77406.09194969207,2650.31983,0.75,255380,close,2995.9490699999997,,-10094.555061965424,,,,255884,,2022-03-01 13:35:00,buy_cover,V3_constant_75
,,0.18846867980168103,,,,,open,,69823.56473942555,,1,2632.596414,0.75,258056,1.0,2022-03-09 02:35:00,,V3_constant_75
0,,,69823.56473942555,2632.596414,0.75,258056,close,2534.323034,,-2633.3595164380095,,,,258628,,2022-03-11 02:15:00,sell,V3_constant_75
,,0.21082397579932322,,,,,open,,67848.54510209704,,-1,2534.323034,0.75,258628,1.0,2022-03-11 02:15:00,,V3_constant_75
0,,,67848.54510209704,2534.323034,0.75,258628,close,2606.341164,,-1928.056606226397,,,,259955,,2022-03-15 16:50:00,buy_cover,V3_constant_75
,,0.228348600417286,,,,,open,,66392.32536566193,,-1,2885.982688,0.7500000000000001,261337,1.0,2022-03-20 12:00:00,,V3_constant_75
0,,,66392.32536566193,2885.982688,0.7500000000000001,261337,close,2964.072696,,-1796.4658515914198,,,,261799,,2022-03-22 02:30:00,buy_cover,V3_constant_75
,,0.24394396669469287,,,,,open,,65035.01712816351,,1,2964.072696,0.75,261799,1.0,2022-03-22 02:30:00,,V3_constant_75
0,,,65035.01712816351,2964.072696,0.75,261799,close,3176.894494,,4641.665437553558,,,,266378,,2022-04-07 00:05:00,sell,V3_constant_75
,,0.20465515581295268,,,,,open,,68516.26620632868,,-1,3176.894494,0.75,266378,1.0,2022-04-07 00:05:00,,V3_constant_75
0,,,68516.26620632868,3176.894494,0.75,266378,close,3228.6756060000002,,-1116.7634343162354,,,,266666,,2022-04-08 00:05:00,buy_cover,V3_constant_75
,,0.2135171079867748,,,,,open,,67668.41619066056,,1,3272.1543,0.7500000000000001,266698,1.0,2022-04-08 02:45:00,,V3_constant_75
0,,,67668.41619066056,3272.1543,0.7500000000000001,266698,close,2984.2630280000003,,-5978.298295646069,,,,267818,,2022-04-12 00:05:00,sell,V3_constant_75
,,0.2644682544864738,,,,,open,,63184.692468926005,,-1,2984.2630280000003,0.75,267818,1.0,2022-04-12 00:05:00,,V3_constant_75
0,,,63184.692468926005,2984.2630280000003,0.75,267818,close,3096.8892539999997,,-2384.590620845891,,,,268277,,2022-04-13 14:20:00,buy_cover,V3_constant_75
,,0.28652614418913847,,,,,open,,61386.77179942124,,-1,3012.587362,0.75,269538,1.0,2022-04-17 23:25:00,,V3_constant_75
0,,,61386.77179942124,3012.587362,0.75,269538,close,3118.02348,,-2148.444005477766,,,,270002,,2022-04-19 14:05:00,buy_cover,V3_constant_75
,,0.3048399216888844,,,,,open,,59766.23077954301,,1,3118.02348,0.75,270002,1.0,2022-04-19 14:05:00,,V3_constant_75
0,,,59766.23077954301,3118.02348,0.75,270002,close,3025.524774,,-1796.2088795384698,,,,270647,,2022-04-21 19:50:00,sell,V3_constant_75
,,0.32101850539710597,,,,,open,,58419.07411988915,,1,2971.384158,0.75,271787,1.0,2022-04-25 18:50:00,,V3_constant_75
0,,,58419.07411988915,2971.384158,0.75,271787,close,2837.23244,,-2659.808191686483,,,,272853,,2022-04-29 11:40:00,sell,V3_constant_75
,,0.3433771744518843,,,,,open,,56424.21797612428,,-1,2837.23244,0.75,272853,1.0,2022-04-29 11:40:00,,V3_constant_75
0,,,56424.21797612428,2837.23244,0.75,272853,close,2835.677022,,30.934950225775538,,,,273570,,2022-05-01 23:25:00,buy_cover,V3_constant_75
,,0.34372124420100714,,,,,open,,56438.95555609719,,1,2835.677022,0.75,273570,1.0,2022-05-01 23:25:00,,V3_constant_75
0,,,56438.95555609719,2835.677022,0.75,273570,close,2762.4773940000005,,-1478.8950991143938,,,,274101,,2022-05-03 19:40:00,sell,V3_constant_75
,,0.35634557672971845,,,,,open,,55329.7842317614,,-1,2762.4773940000005,0.75,274101,1.0,2022-05-03 19:40:00,,V3_constant_75
0,,,55329.7842317614,2762.4773940000005,0.75,274101,close,2089.877892,,13471.527414551543,,,,277466,,2022-05-15 12:05:00,buy_cover,V3_constant_75
,,0.2396521921762641,,,,,open,,65425.1303250403,,1,2089.877892,0.75,277466,1.0,2022-05-15 12:05:00,,V3_constant_75
0,,,65425.1303250403,2089.877892,0.75,277466,close,2001.989522,,-2776.4756086729394,,,,278340,,2022-05-18 12:55:00,sell,V3_constant_75
,,0.26367203193223265,,,,,open,,63342.7736185356,,-1,2001.989522,0.75,278340,1.0,2022-05-18 12:55:00,,V3_constant_75
0,,,63342.7736185356,2001.989522,0.75,278340,close,2050.10994,,-1522.5232279798583,,,,278781,,2022-05-20 01:40:00,buy_cover,V3_constant_75
,,0.2771745079559884,,,,,open,,62191.37978150792,,-1,1989.082104,0.75,279862,1.0,2022-05-23 19:45:00,,V3_constant_75
0,,,62191.37978150792,1989.082104,0.75,279862,close,1836.297186,,4777.032284987457,,,,281661,,2022-05-30 01:40:00,buy_cover,V3_constant_75
,,0.23475439591810854,,,,,open,,65764.8252882813,,1,1836.297186,0.75,281661,1.0,2022-05-30 01:40:00,,V3_constant_75
0,,,65764.8252882813,1836.297186,0.75,281661,close,1916.876548,,2858.3976089488424,,,,282267,,2022-06-01 04:10:00,sell,V3_constant_75
,,0.209836709133702,,,,,open,,67908.62349499293,,-1,1916.876548,0.7500000000000001,282267,1.0,2022-06-01 04:10:00,,V3_constant_75
0,,,67908.62349499293,1916.876548,0.7500000000000001,282267,close,1796.319192,,4270.952652699663,,,,283346,,2022-06-04 22:05:00,buy_cover,V3_constant_75
,,0.17330369119832567,,,,,open,,71101.65169099343,,1,1796.319192,0.7500000000000001,283346,1.0,2022-06-04 22:05:00,,V3_constant_75
0,,,71101.65169099343,1796.319192,0.7500000000000001,283346,close,1780.423844,,-657.3535867268365,,,,283952,,2022-06-07 00:35:00,sell,V3_constant_75
,,0.17775649759799717,,,,,open,,70608.6365009483,,-1,1780.423844,0.75,283952,1.0,2022-06-07 00:35:00,,V3_constant_75
0,,,70608.6365009483,1780.423844,0.75,283952,close,1248.729696,,21086.10400785973,,,,286538,,2022-06-16 00:05:00,buy_cover,V3_constant_75
,,0.07292726246048897,,,,,open,,86412.62321136794,,1,1141.5282599999998,0.75,288796,1.0,2022-06-23 20:15:00,,V3_constant_75
0,,,86412.62321136794,1141.5282599999998,0.75,288796,close,1192.91137,,3853.5361418614193,,,,289870,,2022-06-27 13:45:00,sell,V3_constant_75
,,0.04933949457639597,,,,,open,,89302.77531776401,,-1,1192.91137,0.75,289870,1.0,2022-06-27 13:45:00,,V3_constant_75
0,,,89302.77531776401,1192.91137,0.75,289870,close,1092.208398,,7538.748485427481,,,,291864,,2022-07-04 11:55:00,buy_cover,V3_constant_75
,,0.05264221646211109,,,,,open,,94943.44126553695,,1,1092.208398,0.75,291864,1.0,2022-07-04 11:55:00,,V3_constant_75
0,,,94943.44126553695,1092.208398,0.75,291864,close,1188.502252,,8329.306205900706,,,,293479,,2022-07-10 02:30:00,sell,V3_constant_75
,,0.05250947534331163,,,,,open,,101190.42091996249,,-1,1188.502252,0.75,293479,1.0,2022-07-10 02:30:00,,V3_constant_75
0,,,101190.42091996249,1188.502252,0.75,293479,close,1099.829922,,7549.665836345375,,,,294463,,2022-07-13 12:30:00,buy_cover,V3_constant_75
,,0.035987279073496525,,,,,open,,106837.49173408351,,1,1099.829922,0.75,294463,1.0,2022-07-13 12:30:00,,V3_constant_75
0,,,106837.49173408351,1099.829922,0.75,294463,close,1481.893562,,37056.091838891734,,,,296666,,2022-07-21 04:05:00,sell,V3_constant_75
,,0.06504604933038127,,,,,open,,134629.5606132523,,-1,1481.893562,0.75,296666,1.0,2022-07-21 04:05:00,,V3_constant_75
0,,,134629.5606132523,1481.893562,0.75,296666,close,1606.881312,,-11355.09164941634,,,,297550,,2022-07-24 05:45:00,buy_cover,V3_constant_75
,,0.1250373959371035,,,,,open,,126093.04744209806,,1,1606.881312,0.75,297550,1.0,2022-07-24 05:45:00,,V3_constant_75
0,,,126093.04744209806,1606.881312,0.75,297550,close,1479.1741060000002,,-10067.693632248891,,,,297999,,2022-07-25 19:10:00,sell,V3_constant_75
,,0.17723066925171138,,,,,open,,118542.27721791141,,-1,1670.405852,0.75,299769,1.0,2022-07-31 22:40:00,,V3_constant_75
0,,,118542.27721791141,1670.405852,0.75,299769,close,1681.2261780000001,,-767.8721377138427,,,,300509,,2022-08-03 12:20:00,buy_cover,V3_constant_75
,,0.18089023420591244,,,,,open,,117948.59177304333,,1,1681.2261780000001,0.75,300509,1.0,2022-08-03 12:20:00,,V3_constant_75
0,,,117948.59177304333,1681.2261780000001,0.75,300509,close,1711.05772,,2044.8585369254288,,,,302229,,2022-08-09 11:40:00,sell,V3_constant_75
,,0.17291041291126907,,,,,open,,119482.23567573741,,-1,1711.05772,0.75,302229,1.0,2022-08-09 11:40:00,,V3_constant_75
0,,,119482.23567573741,1711.05772,0.75,302229,close,1891.82829,,-12623.10590339548,,,,302683,,2022-08-11 01:30:00,buy_cover,V3_constant_75
,,0.23517675522097226,,,,,open,,109996.98391283944,,1,1891.82829,0.75,302683,1.0,2022-08-11 01:30:00,,V3_constant_75
0,,,109996.98391283944,1891.82829,0.75,302683,close,1958.368248,,3823.3054787455185,,,,303731,,2022-08-14 16:50:00,sell,V3_constant_75
,,0.21737916476560104,,,,,open,,112864.46302189858,,-1,1958.368248,0.75,303731,1.0,2022-08-14 16:50:00,,V3_constant_75
0,,,112864.46302189858,1958.368248,0.75,303731,close,1919.6938619999999,,2228.882376773676,,,,304463,,2022-08-17 05:50:00,buy_cover,V3_constant_75
,,0.20543390938513018,,,,,open,,114519.19513502557,,1,1919.6938619999999,0.75,304463,1.0,2022-08-17 05:50:00,,V3_constant_75
0,,,114519.19513502557,1919.6938619999999,0.75,304463,close,1821.865554,,-5879.409421580785,,,,304974,,2022-08-19 00:25:00,sell,V3_constant_75
,,0.23677181002177683,,,,,open,,110109.63806883998,,-1,1821.865554,0.75,304974,1.0,2022-08-19 00:25:00,,V3_constant_75
0,,,110109.63806883998,1821.865554,0.75,304974,close,1643.248584,,10795.229710541593,,,,305802,,2022-08-21 21:25:00,buy_cover,V3_constant_75
,,0.17943581455704838,,,,,open,,118189.54390603586,,1,1643.248584,0.75,305802,1.0,2022-08-21 21:25:00,,V3_constant_75
0,,,118189.54390603586,1643.248584,0.75,305802,close,1653.579218,,695.4555992582464,,,,307070,,2022-08-26 07:05:00,sell,V3_constant_75
,,0.1759083768234293,,,,,open,,118711.13560547955,,-1,1653.579218,0.75,307070,1.0,2022-08-26 07:05:00,,V3_constant_75
0,,,118711.13560547955,1653.579218,0.75,307070,close,1510.4720340000001,,10273.728233524715,,,,308019,,2022-08-29 14:10:00,buy_cover,V3_constant_75
,,0.1225923160943696,,,,,open,,126398.62511028227,,1,1510.4720340000001,0.75,308019,1.0,2022-08-29 14:10:00,,V3_constant_75
0,,,126398.62511028227,1510.4720340000001,0.75,308019,close,1519.925954,,740.2477696072601,,,,308891,,2022-09-01 14:50:00,sell,V3_constant_75
,,0.11744700856341461,,,,,open,,126953.81093748772,,-1,1519.925954,0.75,308891,1.0,2022-09-01 14:50:00,,V3_constant_75
0,,,126953.81093748772,1519.925954,0.75,308891,close,1574.194776,,-4532.86935186261,,,,309722,,2022-09-04 12:05:00,buy_cover,V3_constant_75
,,0.14274821427624684,,,,,open,,123535.11585195013,,1,1574.194776,0.75,309722,1.0,2022-09-04 12:05:00,,V3_constant_75
0,,,123535.11585195013,1574.194776,0.75,309722,close,1559.867964,,-1173.2576478381816,,,,310395,,2022-09-06 20:10:00,sell,V3_constant_75
,,0.14868419390468157,,,,,open,,122655.17261607149,,-1,1707.098512,0.75,312072,1.0,2022-09-12 15:55:00,,V3_constant_75
0,,,122655.17261607149,1707.098512,0.75,312072,close,1631.57625,,5426.285607831902,,,,312729,,2022-09-14 22:40:00,buy_cover,V3_constant_75
,,0.1204637570063829,,,,,open,,126706.488546053,,1,1631.57625,0.75,312729,1.0,2022-09-14 22:40:00,,V3_constant_75
0,,,126706.488546053,1631.57625,0.75,312729,close,1422.985346,,-16243.14791723981,,,,313231,,2022-09-16 16:30:00,sell,V3_constant_75
,,0.20529363860323424,,,,,open,,114524.12760812315,,-1,1422.985346,0.75,313231,1.0,2022-09-16 16:30:00,,V3_constant_75
0,,,114524.12760812315,1422.985346,0.75,313231,close,1356.501246,,5350.750650945964,,,,315107,,2022-09-23 04:50:00,buy_cover,V3_constant_75
,,0.17675778904470507,,,,,open,,118520.0119771914,,1,1356.501246,0.75,315107,1.0,2022-09-23 04:50:00,,V3_constant_75
0,,,118520.0119771914,1356.501246,0.75,315107,close,1303.549238,,-4672.067297923975,,,,315789,,2022-09-25 13:40:00,sell,V3_constant_75
,,0.20128683829976435,,,,,open,,115015.9615037484,,-1,1303.549238,0.75,315789,1.0,2022-09-25 13:40:00,,V3_constant_75
0,,,115015.9615037484,1303.549238,0.75,315789,close,1386.92733,,-7356.688001820425,,,,316243,,2022-09-27 03:30:00,buy_cover,V3_constant_75
,,0.24012116101383285,,,,,open,,109481.1931081575,,-1,1307.948358,0.75,317554,1.0,2022-10-01 16:45:00,,V3_constant_75
0,,,109481.1931081575,1307.948358,0.75,317554,close,1316.0931659999999,,-681.7528601376398,,,,318102,,2022-10-03 14:25:00,buy_cover,V3_constant_75
,,0.24375147619881588,,,,,open,,108953.45628408804,,1,1316.0931659999999,0.75,318102,1.0,2022-10-03 14:25:00,,V3_constant_75
0,,,108953.45628408804,1316.0931659999999,0.75,318102,close,1324.864974,,682.3112142764148,,,,318664,,2022-10-05 13:15:00,sell,V3_constant_75
,,0.2406415513093304,,,,,open,,109465.18969479535,,-1,1324.864974,0.75,318664,1.0,2022-10-05 13:15:00,,V3_constant_75
0,,,109465.18969479535,1324.864974,0.75,318664,close,1331.0761619999998,,-513.1866701382387,,,,319955,,2022-10-10 00:50:00,buy_cover,V3_constant_75
,,0.24357777563265448,,,,,open,,109063.87991373746,,1,1331.0761619999998,0.75,319955,1.0,2022-10-10 00:50:00,,V3_constant_75
0,,,109063.87991373746,1331.0761619999998,0.75,319955,close,1278.314286,,-4365.021824861571,,,,320900,,2022-10-13 07:35:00,sell,V3_constant_75
,,0.2657399287068144,,,,,open,,105790.11354509127,,1,1294.848918,0.75,321908,1.0,2022-10-16 19:35:00,,V3_constant_75
0,,,105790.11354509127,1294.848918,0.75,321908,close,1305.068934,,792.3370866372134,,,,322432,,2022-10-18 15:15:00,sell,V3_constant_75
,,0.26155922154809375,,,,,open,,106384.36636006918,,-1,1305.068934,0.75,322432,1.0,2022-10-18 15:15:00,,V3_constant_75
0,,,106384.36636006918,1305.068934,0.75,322432,close,1309.0417559999999,,-323.84540743977414,,,,322997,,2022-10-20 14:20:00,buy_cover,V3_constant_75
,,0.2632751120435387,,,,,open,,106125.52464953535,,1,1309.0417559999999,0.75,322997,1.0,2022-10-20 14:20:00,,V3_constant_75
0,,,106125.52464953535,1309.0417559999999,0.75,322997,close,1488.7022,,14517.007872307935,,,,325224,,2022-10-28 07:55:00,sell,V3_constant_75
,,0.18740186428449934,,,,,open,,117013.2805537663,,-1,1488.7022,0.75,325224,1.0,2022-10-28 07:55:00,,V3_constant_75
0,,,117013.2805537663,1488.7022,0.75,325224,close,1612.792494,,-9753.599368023875,,,,326789,,2022-11-02 18:20:00,buy_cover,V3_constant_75
,,0.23856693620073144,,,,,open,,109680.52903566531,,1,1612.792494,0.75,326789,1.0,2022-11-02 18:20:00,,V3_constant_75
0,,,109680.52903566531,1612.792494,0.75,326789,close,1618.366262,,335.0335632061324,,,,327744,,2022-11-06 01:55:00,sell,V3_constant_75
,,0.23719979510557865,,,,,open,,109931.80420806992,,-1,1618.366262,0.75,327744,1.0,2022-11-06 01:55:00,,V3_constant_75
0,,,109931.80420806992,1618.366262,0.75,327744,close,1325.36502,,19902.887098282838,,,,329053,,2022-11-10 15:00:00,buy_cover,V3_constant_75
,,0.13350269682082117,,,,,open,,124842.47976115084,,-1,1241.9215660000002,0.75,329822,1.0,2022-11-13 07:05:00,,V3_constant_75
0,,,124842.47976115084,1241.9215660000002,0.75,329822,close,1217.463444,,2458.624412378558,,,,331730,,2022-11-19 22:05:00,buy_cover,V3_constant_75
,,0.12040074237346665,,,,,open,,126667.72169847059,,1,1217.463444,0.75,331730,1.0,2022-11-19 22:05:00,,V3_constant_75
0,,,126667.72169847059,1217.463444,0.75,331730,close,1100.37988,,-12227.43552854762,,,,332258,,2022-11-21 18:05:00,sell,V3_constant_75
,,0.1847336226605628,,,,,open,,117497.14505205987,,-1,1100.37988,0.75,332258,1.0,2022-11-21 18:05:00,,V3_constant_75
0,,,117497.14505205987,1100.37988,0.75,332258,close,1173.78471,,-7838.068105514336,,,,332748,,2022-11-23 10:55:00,buy_cover,V3_constant_75
,,0.2254083769939268,,,,,open,,111600.96940116632,,-1,1193.541244,0.75,334054,1.0,2022-11-27 23:45:00,,V3_constant_75
0,,,111600.96940116632,1193.541244,0.75,334054,close,1230.2560019999999,,-3432.9748660270707,,,,334641,,2022-11-30 00:40:00,buy_cover,V3_constant_75
,,0.24414289066171468,,,,,open,,109009.49810623584,,1,1230.2560019999999,0.75,334641,1.0,2022-11-30 00:40:00,,V3_constant_75
0,,,109009.49810623584,1230.2560019999999,0.75,334641,close,1266.39667,,3157.4419384256616,,,,335631,,2022-12-03 11:10:00,sell,V3_constant_75
,,0.22820554984341823,,,,,open,,111377.57956005508,,-1,1266.39667,0.75,335631,1.0,2022-12-03 11:10:00,,V3_constant_75
0,,,111377.57956005508,1266.39667,0.75,335631,close,1288.167582,,-1914.712666178646,,,,336080,,2022-12-05 00:35:00,buy_cover,V3_constant_75
,,0.23691291412103122,,,,,open,,109924.83842348709,,1,1288.167582,0.75,336080,1.0,2022-12-05 00:35:00,,V3_constant_75
0,,,109924.83842348709,1288.167582,0.75,336080,close,1229.414068,,-5055.64840759091,,,,336736,,2022-12-07 07:15:00,sell,V3_constant_75
,,0.2633593393926905,,,,,open,,106133.10211779391,,1,1279.2858059999999,0.75,338497,1.0,2022-12-13 10:00:00,,V3_constant_75
0,,,106133.10211779391,1279.2858059999999,0.75,338497,close,1294.301088,,1202.762251818116,,,,338974,,2022-12-15 01:45:00,sell,V3_constant_75
,,0.2557262095703685,,,,,open,,107035.17380665749,,-1,1294.301088,0.75,338974,1.0,2022-12-15 01:45:00,,V3_constant_75
0,,,107035.17380665749,1294.301088,0.75,338974,close,1200.1599840000001,,7785.216794443346,,,,340449,,2022-12-20 04:40:00,buy_cover,V3_constant_75
,,0.21652373493859,,,,,open,,112858.03112641901,,1,1200.1599840000001,0.75,340449,1.0,2022-12-20 04:40:00,,V3_constant_75
0,,,112858.03112641901,1200.1599840000001,0.75,340449,close,1199.290094,,-126.90680263434479,,,,341144,,2022-12-22 14:35:00,sell,V3_constant_75
,,0.21705544010630273,,,,,open,,112762.85102444324,,-1,1199.290094,0.75,341144,1.0,2022-12-22 14:35:00,,V3_constant_75
0,,,112762.85102444324,1199.290094,0.75,341144,close,1230.0859679999999,,-2895.567153504293,,,,342408,,2022-12-26 23:55:00,buy_cover,V3_constant_75
,,0.23253447591258136,,,,,open,,110574.26123166135,,-1,1209.748002,0.75,344605,1.0,2023-01-03 15:00:00,,V3_constant_75
0,,,110574.26123166135,1209.748002,0.75,344605,close,1258.931736,,-4495.522600124677,,,,345478,,2023-01-06 15:45:00,buy_cover,V3_constant_75
,,0.2559268262284595,,,,,open,,107186.0331423831,,1,1258.931736,0.75,345478,1.0,2023-01-06 15:45:00,,V3_constant_75
0,,,107186.0331423831,1258.931736,0.75,345478,close,1511.387662,,21442.74792672388,,,,355572,,2023-02-11 00:05:00,sell,V3_constant_75
,,0.1440247958774843,,,,,open,,123268.094087426,,-1,1511.387662,0.75,355572,1.0,2023-02-11 00:05:00,,V3_constant_75
0,,,123268.094087426,1511.387662,0.75,355572,close,1537.567452,,-2135.2068147216924,,,,355860,,2023-02-12 00:05:00,buy_cover,V3_constant_75
,,0.1556733223676764,,,,,open,,121648.19876227163,,1,1548.099558,0.75,356059,1.0,2023-02-12 16:40:00,,V3_constant_75
0,,,121648.19876227163,1548.099558,0.75,356059,close,1564.277082,,1222.051683407859,,,,362196,,2023-03-06 00:05:00,sell,V3_constant_75
,,0.14931187899092446,,,,,open,,122564.73752482752,,-1,1532.313476,0.75,363060,1.0,2023-03-09 00:05:00,,V3_constant_75
0,,,122564.73752482752,1532.313476,0.75,363060,close,1578.505638,,-3694.7547359879245,,,,364212,,2023-03-13 00:05:00,buy_cover,V3_constant_75
,,0.16867268925186574,,,,,open,,119775.28676220786,,1,1576.855308,0.75,364213,1.0,2023-03-13 00:10:00,,V3_constant_75
0,,,119775.28676220786,1576.855308,0.75,364213,close,1839.3320600000002,,19881.41478958004,,,,381204,,2023-05-11 00:05:00,sell,V3_constant_75
,,0.11154521842380072,,,,,open,,134686.3478543929,,1,1853.100546,0.75,384948,1.0,2023-05-24 00:05:00,,V3_constant_75
0,,,134686.3478543929,1853.100546,0.75,384948,close,1826.914544,,-1956.3489519252907,,,,385812,,2023-05-27 00:05:00,sell,V3_constant_75
,,0.12122396988112372,,,,,open,,133219.08614044893,,1,1910.2219679999998,0.75,386388,1.0,2023-05-29 00:05:00,,V3_constant_75
0,,,133219.08614044893,1910.2219679999998,0.75,386388,close,1839.392048,,-4990.99289135146,,,,389844,,2023-06-10 00:05:00,sell,V3_constant_75
,,0.14591618017066155,,,,,open,,129475.84147193533,,-1,1721.8555600000002,0.75,392436,1.0,2023-06-19 00:05:00,,V3_constant_75
0,,,129475.84147193533,1721.8555600000002,0.75,392436,close,1735.1169539999999,,-997.1923318653571,,,,392724,,2023-06-20 00:05:00,buy_cover,V3_constant_75
,,0.15097775654403545,,,,,open,,128708.52584681554,,1,1889.1477539999998,0.75,393300,1.0,2023-06-22 00:05:00,,V3_constant_75
0,,,128708.52584681554,1889.1477539999998,0.75,393300,close,1830.393848,,-4052.8085253561585,,,,405972,,2023-08-05 00:05:00,sell,V3_constant_75
,,0.1710284363485961,,,,,open,,125668.91945279841,,-1,1687.652402,0.75,409716,1.0,2023-08-18 00:05:00,,V3_constant_75
0,,,125668.91945279841,1687.652402,0.75,409716,close,1641.9183179999998,,3405.5360956773657,,,,415082,,2023-09-05 15:15:00,buy_cover,V3_constant_75
,,0.15387377839802863,,,,,open,,128204.22118663853,,1,1641.9183179999998,0.75,415082,1.0,2023-09-05 15:15:00,,V3_constant_75
0,,,128204.22118663853,1641.9183179999998,0.75,415082,close,1618.866162,,-1850.514463311847,,,,415885,,2023-09-08 10:10:00,sell,V3_constant_75
,,0.16345953907779187,,,,,open,,126816.33533915464,,1,1623.294594,0.75,417501,1.0,2023-09-14 00:50:00,,V3_constant_75
0,,,126816.33533915464,1623.294594,0.75,417501,close,1614.2970759999998,,-753.3517153260036,,,,417955,,2023-09-15 14:40:00,sell,V3_constant_75
,,0.16679797817561393,,,,,open,,126251.32155266016,,-1,1614.2970759999998,0.75,417955,1.0,2023-09-15 14:40:00,,V3_constant_75
0,,,126251.32155266016,1614.2970759999998,0.75,417955,close,1648.6596659999998,,-2687.4322813019535,,,,418770,,2023-09-18 10:35:00,buy_cover,V3_constant_75
,,0.18060723868484585,,,,,open,,124216.80964345078,,1,1594.838904,0.75,420483,1.0,2023-09-24 09:20:00,,V3_constant_75
0,,,124216.80964345078,1594.838904,0.75,420483,close,1652.8293680000002,,4465.200181622786,,,,422900,,2023-10-02 18:45:00,sell,V3_constant_75
,,0.1573408181708571,,,,,open,,127565.70977966787,,-1,1652.8293680000002,0.75,422900,1.0,2023-10-02 18:45:00,,V3_constant_75
0,,,127565.70977966787,1652.8293680000002,0.75,422900,close,1653.1205579999998,,-22.46900042425841,,,,424061,,2023-10-06 19:30:00,buy_cover,V3_constant_75
,,0.15910852403558295,,,,,open,,127529.72317288272,,1,1653.1205579999998,0.75,424061,1.0,2023-10-06 19:30:00,,V3_constant_75
0,,,127529.72317288272,1653.1205579999998,0.75,424061,close,1626.07472,,-2136.61917436769,,,,424516,,2023-10-08 09:25:00,sell,V3_constant_75
,,0.16906845617627286,,,,,open,,125927.25879210694,,-1,1626.07472,0.75,424516,1.0,2023-10-08 09:25:00,,V3_constant_75
0,,,125927.25879210694,1626.07472,0.75,424516,close,1555.921122,,5432.873421621553,,,,426094,,2023-10-13 20:55:00,buy_cover,V3_constant_75
,,0.14261766570868095,,,,,open,,129983.0247695043,,1,1555.921122,0.75,426094,1.0,2023-10-13 20:55:00,,V3_constant_75
0,,,129983.0247695043,1555.921122,0.75,426094,close,1572.455446,,1328.7515584386274,,,,427152,,2023-10-17 13:05:00,sell,V3_constant_75
,,0.13696409277527744,,,,,open,,130979.58843833329,,-1,1572.455446,0.75,427152,1.0,2023-10-17 13:05:00,,V3_constant_75
0,,,130979.58843833329,1572.455446,0.75,427152,close,1577.495436,,-419.8068395669834,,,,427888,,2023-10-20 02:25:00,buy_cover,V3_constant_75
,,0.1380729351518224,,,,,open,,130645.08637039231,,1,1577.495436,0.75,427888,1.0,2023-10-20 02:25:00,,V3_constant_75
0,,,130645.08637039231,1577.495436,0.75,427888,close,2233.033304,,54216.397188846386,,,,455796,,2024-01-25 00:05:00,sell,V3_constant_75
,,0.14656952444012683,,,,,open,,171307.3842620271,,1,2311.052118,0.7500000000000001,457236,1.0,2024-01-30 00:05:00,,V3_constant_75
0,,,171307.3842620271,2311.052118,0.7500000000000001,457236,close,2298.5402,,-995.5945779834001,,,,459252,,2024-02-06 00:05:00,sell,V3_constant_75
,,0.15028946370812812,,,,,open,,170560.68832853955,,1,2377.7754600000003,0.75,459540,1.0,2024-02-07 00:05:00,,V3_constant_75
0,,,170560.68832853955,2377.7754600000003,0.75,459540,close,3321.8055059999997,,67621.10722512097,,,,476244,,2024-04-05 00:05:00,sell,V3_constant_75
,,0.15772822129977904,,,,,open,,221276.51874738027,,1,3359.401746,0.75,476820,1.0,2024-04-07 00:05:00,,V3_constant_75
0,,,221276.51874738027,3359.401746,0.75,476820,close,3139.372,,-14575.588111831428,,,,479124,,2024-04-15 00:05:00,sell,V3_constant_75
,,0.19933884923959777,,,,,open,,210344.82766350667,,-1,3048.8901,0.75,502452,1.0,2024-07-05 00:05:00,,V3_constant_75
0,,,210344.82766350667,3048.8901,0.75,502452,close,3098.409558,,-3416.3697109394707,,,,504180,,2024-07-11 00:05:00,buy_cover,V3_constant_75
,,0.20921205668174192,,,,,open,,207750.99865615254,,1,3487.957452,0.75,505620,1.0,2024-07-16 00:05:00,,V3_constant_75
0,,,207750.99865615254,3487.957452,0.75,505620,close,3271.3156059999997,,-12981.632066673366,,,,508788,,2024-07-27 00:05:00,sell,V3_constant_75
,,0.24627223276750065,,,,,open,,198014.77460614752,,-1,2991.741532,0.75,510804,1.0,2024-08-03 00:05:00,,V3_constant_75
0,,,198014.77460614752,2991.741532,0.75,510804,close,2738.0174939999997,,16793.272194828227,,,,514048,,2024-08-14 06:25:00,buy_cover,V3_constant_75
,,0.20055250346623077,,,,,open,,210580.02653607773,,1,2738.0174939999997,0.75,514048,1.0,2024-08-14 06:25:00,,V3_constant_75
0,,,210580.02653607773,2738.0174939999997,0.75,514048,close,2544.34103,,-14973.859205621004,,,,514489,,2024-08-15 19:10:00,sell,V3_constant_75
,,0.24224097765156238,,,,,open,,199349.632131862,,-1,2544.34103,0.75,514489,1.0,2024-08-15 19:10:00,,V3_constant_75
0,,,199349.632131862,2544.34103,0.75,514489,close,2635.807056,,-7166.373297755868,,,,515159,,2024-08-18 03:00:00,buy_cover,V3_constant_75
,,0.2617637032160771,,,,,open,,193944.94971372528,,-1,2552.629372,0.75,516152,1.0,2024-08-21 13:45:00,,V3_constant_75
0,,,193944.94971372528,2552.629372,0.75,516152,close,2653.100514,,-7633.63855888939,,,,516626,,2024-08-23 05:15:00,buy_cover,V3_constant_75
,,0.2832354114761113,,,,,open,,188190.62905210117,,1,2653.100514,0.75,516626,1.0,2024-08-23 05:15:00,,V3_constant_75
0,,,188190.62905210117,2653.100514,0.75,516626,close,2733.4631980000004,,5622.7646440660465,,,,517456,,2024-08-26 02:25:00,sell,V3_constant_75
,,0.2675394973920878,,,,,open,,192407.70253515072,,-1,2733.4631980000004,0.75,517456,1.0,2024-08-26 02:25:00,,V3_constant_75
0,,,192407.70253515072,2733.4631980000004,0.75,517456,close,2556.081114,,12485.881994203053,,,,518370,,2024-08-29 06:35:00,buy_cover,V3_constant_75
,,0.23161887807172665,,,,,open,,201743.2528754227,,1,2556.081114,0.75,518370,1.0,2024-08-29 06:35:00,,V3_constant_75
0,,,201743.2528754227,2556.081114,0.75,518370,close,2484.223056,,-5749.946014935238,,,,519181,,2024-09-01 02:10:00,sell,V3_constant_75
,,0.24837936728420362,,,,,open,,197430.79336422126,,-1,2484.223056,0.75,519181,1.0,2024-09-01 02:10:00,,V3_constant_75
0,,,197430.79336422126,2484.223056,0.75,519181,close,2542.038306,,-4594.79295686289,,,,519690,,2024-09-02 20:35:00,buy_cover,V3_constant_75
,,0.2617251277422954,,,,,open,,193955.08402756945,,1,2316.0331140000003,0.7499999999999999,521440,1.0,2024-09-08 22:25:00,,V3_constant_75
0,,,193955.08402756945,2316.0331140000003,0.7499999999999999,521440,close,2314.3170440000004,,-221.22825692855986,,,,522161,,2024-09-11 10:30:00,sell,V3_constant_75
,,0.2620828115440369,,,,,open,,193789.16283487304,,-1,2314.3170440000004,0.75,522161,1.0,2024-09-11 10:30:00,,V3_constant_75
0,,,193789.16283487304,2314.3170440000004,0.75,522161,close,2383.196544,,-5767.611746447452,,,,522796,,2024-09-13 15:25:00,buy_cover,V3_constant_75
,,0.2789328128797951,,,,,open,,189434.38565061224,,1,2345.1289319999996,0.7500000000000001,523935,1.0,2024-09-17 14:20:00,,V3_constant_75
0,,,189434.38565061224,2345.1289319999996,0.7500000000000001,523935,close,2549.4100160000003,,16419.01307512293,,,,525467,,2024-09-22 22:00:00,sell,V3_constant_75
,,0.23284117341557553,,,,,open,,201748.6454569544,,-1,2549.4100160000003,0.75,525467,1.0,2024-09-22 22:00:00,,V3_constant_75
0,,,201748.6454569544,2549.4100160000003,0.75,525467,close,2637.987492,,-7009.607870223292,,,,526527,,2024-09-26 14:20:00,buy_cover,V3_constant_75
,,0.25205597949512437,,,,,open,,196461.1772574684,,1,2637.987492,0.7500000000000001,526527,1.0,2024-09-26 14:20:00,,V3_constant_75
0,,,196461.1772574684,2637.987492,0.7500000000000001,526527,close,2644.1310679999997,,378.7763643110811,,,,527308,,2024-09-29 07:25:00,sell,V3_constant_75
,,0.2504992040080296,,,,,open,,196745.25953070167,,-1,2644.1310679999997,0.75,527308,1.0,2024-09-29 07:25:00,,V3_constant_75
0,,,196745.25953070167,2644.1310679999997,0.75,527308,close,2396.22915,,18445.963834096037,,,,528850,,2024-10-04 15:55:00,buy_cover,V3_constant_75
,,0.19844458974124257,,,,,open,,210550.22061734408,,1,2396.22915,0.75,528850,1.0,2024-10-04 15:55:00,,V3_constant_75
0,,,210550.22061734408,2396.22915,0.75,528850,close,2412.987306,,1387.6935606472543,,,,529800,,2024-10-07 23:05:00,sell,V3_constant_75
,,0.19566248580241297,,,,,open,,211590.99078782953,,-1,2412.987306,0.75,529800,1.0,2024-10-07 23:05:00,,V3_constant_75
0,,,211590.99078782953,2412.987306,0.75,529800,close,2419.7038439999997,,-588.953968820686,,,,530796,,2024-10-11 10:05:00,buy_cover,V3_constant_75
,,0.19631122204171103,,,,,open,,211117.5366625958,,1,2419.7038439999997,0.75,530796,1.0,2024-10-11 10:05:00,,V3_constant_75
0,,,211117.5366625958,2419.7038439999997,0.75,530796,close,2442.21146,,1878.5503912422864,,,,531435,,2024-10-13 15:20:00,sell,V3_constant_75
,,0.19077394530614378,,,,,open,,212526.44945602756,,-1,2442.21146,0.75,531435,1.0,2024-10-13 15:20:00,,V3_constant_75
0,,,212526.44945602756,2442.21146,0.75,531435,close,2658.08151,,-18785.462858277664,,,,531995,,2024-10-15 14:00:00,buy_cover,V3_constant_75
,,0.24649031733295235,,,,,open,,198405.4733449009,,1,2658.08151,0.75,531995,1.0,2024-10-15 14:00:00,,V3_constant_75
0,,,198405.4733449009,2658.08151,0.75,531995,close,2587.992298,,-5308.885911146004,,,,532573,,2024-10-17 14:10:00,sell,V3_constant_75
,,0.25994096309627246,,,,,open,,194423.80891154142,,-1,2644.710952,0.7500000000000001,533849,1.0,2024-10-22 00:30:00,,V3_constant_75
0,,,194423.80891154142,2644.710952,0.7500000000000001,533849,close,2513.472594,,9647.890241282264,,,,535544,,2024-10-27 21:45:00,buy_cover,V3_constant_75
,,0.23135575390831564,,,,,open,,201630.5630211664,,1,2513.472594,0.75,535544,1.0,2024-10-27 21:45:00,,V3_constant_75
0,,,201630.5630211664,2513.472594,0.75,535544,close,2609.557984,,7624.234979923582,,,,536601,,2024-10-31 13:50:00,sell,V3_constant_75
,,0.21050191066668222,,,,,open,,207348.73925610908,,-1,2609.557984,0.75,536601,1.0,2024-10-31 13:50:00,,V3_constant_75
0,,,207348.73925610908,2609.557984,0.75,536601,close,2485.7370479999995,,9838.499756320904,,,,538173,,2024-11-06 00:50:00,buy_cover,V3_constant_75
,,0.183189036953755,,,,,open,,214696.51176246136,,1,2485.7370479999995,0.75,538173,1.0,2024-11-06 00:50:00,,V3_constant_75
0,,,214696.51176246136,2485.7370479999995,0.75,538173,close,3423.8650900000002,,80909.12552991664,,,,551988,,2024-12-24 00:05:00,sell,V3_constant_75
,,0.13485117830057258,,,,,open,,275378.3559098988,,1,3488.8776359999997,0.75,552276,1.0,2024-12-25 00:05:00,,V3_constant_75
0,,,275378.3559098988,3488.8776359999997,0.75,552276,close,3399.0700500000003,,-7195.849980363215,,,,553428,,2024-12-29 00:05:00,sell,V3_constant_75
,,0.15180643548954176,,,,,open,,269981.4684246264,,1,3455.500962,0.75,554868,1.0,2025-01-03 00:05:00,,V3_constant_75
0,,,269981.4684246264,3455.500962,0.75,554868,close,3221.045662,,-18418.863471323973,,,,556884,,2025-01-10 00:05:00,sell,V3_constant_75
,,0.1952059738536035,,,,,open,,256167.32082113344,,1,3447.199302,0.75,558612,1.0,2025-01-16 00:05:00,,V3_constant_75
0,,,256167.32082113344,3447.199302,0.75,558612,close,3269.8059080000003,,-13279.593062320113,,,,560052,,2025-01-21 00:05:00,sell,V3_constant_75
,,0.22649608083900818,,,,,open,,246207.62602439336,,-1,3085.752726,0.75,562356,1.0,2025-01-29 00:05:00,,V3_constant_75
0,,,246207.62602439336,3085.752726,0.75,562356,close,3258.45156,,-13779.373015806486,,,,562932,,2025-01-31 00:05:00,buy_cover,V3_constant_75
,,0.2590798224053007,,,,,open,,235836.16511863488,,-1,3119.955884,0.75,563508,1.0,2025-02-02 00:05:00,,V3_constant_75
0,,,235836.16511863488,3119.955884,0.75,563508,close,2670.594012,,33967.08472045718,,,,566964,,2025-02-14 00:05:00,buy_cover,V3_constant_75
,,0.17957894679066477,,,,,open,,261276.10323420996,,1,2670.594012,0.75,566964,1.0,2025-02-14 00:05:00,,V3_constant_75
0,,,261276.10323420996,2670.594012,0.75,566964,close,2634.862922,,-3598.833467753895,,,,568315,,2025-02-18 16:40:00,sell,V3_constant_75
,,0.1877591417813197,,,,,open,,258576.97813339456,,-1,2634.862922,0.75,568315,1.0,2025-02-18 16:40:00,,V3_constant_75
0,,,258576.97813339456,2634.862922,0.75,568315,close,2760.552,,-12334.711285980418,,,,568861,,2025-02-20 14:10:00,buy_cover,V3_constant_75
,,0.21682119714311832,,,,,open,,249287.15812218923,,-1,2737.1024700000003,0.75,569885,1.0,2025-02-24 03:30:00,,V3_constant_75
0,,,249287.15812218923,2737.1024700000003,0.75,569885,close,2263.9927079999998,,43089.43925808437,,,,571759,,2025-03-02 15:40:00,buy_cover,V3_constant_75
,,0.1194430894832963,,,,,open,,281566.8444920342,,1,2263.9927079999998,0.7499999999999999,571759,1.0,2025-03-02 15:40:00,,V3_constant_75
0,,,281566.8444920342,2263.9927079999998,0.7499999999999999,571759,close,2162.987316,,-12669.367372537206,,,,573015,,2025-03-07 00:20:00,sell,V3_constant_75
,,0.14404966305457823,,,,,open,,272064.8189626313,,-1,2162.987316,0.75,573015,1.0,2025-03-07 00:20:00,,V3_constant_75
0,,,272064.8189626313,2162.987316,0.75,573015,close,1933.006524,,28927.44821647645,,,,575212,,2025-03-14 15:25:00,buy_cover,V3_constant_75
,,0.07826004221608385,,,,,open,,293719.59540214424,,1,1933.006524,0.7499999999999999,575212,1.0,2025-03-14 15:25:00,,V3_constant_75
0,,,293719.59540214424,1933.006524,0.7499999999999999,575212,close,1898.630198,,-5338.856380893558,,,,575736,,2025-03-16 11:05:00,sell,V3_constant_75
,,0.08954040176783118,,,,,open,,289715.4531164741,,-1,1898.630198,0.75,575736,1.0,2025-03-16 11:05:00,,V3_constant_75
0,,,289715.4531164741,1898.630198,0.75,575736,close,1980.706062,,-12524.09405480232,,,,576594,,2025-03-19 10:35:00,buy_cover,V3_constant_75
,,0.11945519054168563,,,,,open,,280278.9252574049,,-1,2034.403038,0.7500000000000001,578650,1.0,2025-03-26 13:55:00,,V3_constant_75
0,,,280278.9252574049,2034.403038,0.7500000000000001,578650,close,1860.251976,,23992.73518258118,,,,580291,,2025-04-01 06:40:00,buy_cover,V3_constant_75
,,0.06152332224791013,,,,,open,,298231.4348055521,,1,1860.251976,0.7499999999999999,580291,1.0,2025-04-01 06:40:00,,V3_constant_75
0,,,298231.4348055521,1860.251976,0.7499999999999999,580291,close,1845.6308000000001,,-2462.377348745591,,,,580765,,2025-04-02 22:10:00,sell,V3_constant_75
,,0.06696096870297796,,,,,open,,296384.65179399296,,-1,1845.6308000000001,0.75,580765,1.0,2025-04-02 22:10:00,,V3_constant_75
0,,,296384.65179399296,1845.6308000000001,0.75,580765,close,1596.499236,,40007.346417359135,,,,582726,,2025-04-09 17:35:00,buy_cover,V3_constant_75
,,0.06874926100068313,,,,,open,,326345.7039092432,,1,1596.499236,0.75,582726,1.0,2025-04-09 17:35:00,,V3_constant_75
0,,,326345.7039092432,1596.499236,0.75,582726,close,1575.8847600000001,,-4342.713257724419,,,,583835,,2025-04-13 14:00:00,sell,V3_constant_75
,,0.0804718416165845,,,,,open,,323088.6689659499,,-1,1575.8847600000001,0.75,583835,1.0,2025-04-13 14:00:00,,V3_constant_75
0,,,323088.6689659499,1575.8847600000001,0.75,583835,close,1598.859708,,-4710.322032648895,,,,585438,,2025-04-19 03:35:00,buy_cover,V3_constant_75
,,0.08869285228436508,,,,,open,,319507.46414111834,,1,1797.7894860000001,0.75,587270,1.0,2025-04-25 12:15:00,,V3_constant_75
0,,,319507.46414111834,1797.7894860000001,0.75,587270,close,1779.8539580000001,,-3314.0604161436204,,,,587989,,2025-04-28 00:10:00,sell,V3_constant_75
,,0.09585364087882209,,,,,open,,317021.9188290106,,-1,1779.8539580000001,0.75,587989,1.0,2025-04-28 00:10:00,,V3_constant_75
0,,,317021.9188290106,1779.8539580000001,0.75,587989,close,1831.326192,,-9168.05735264381,,,,588975,,2025-05-01 10:20:00,buy_cover,V3_constant_75
,,0.11552984036580083,,,,,open,,310098.32252670336,,1,1839.897906,0.7499999999999999,590584,1.0,2025-05-07 00:25:00,,V3_constant_75
0,,,310098.32252670336,1839.897906,0.7499999999999999,590584,close,2404.3390360000003,,94969.42424401973,,,,599220,,2025-06-06 00:05:00,sell,V3_constant_75
,,0.1081544886242014,,,,,open,,381325.39070971817,,-1,2404.3390360000003,0.75,599220,1.0,2025-06-06 00:05:00,,V3_constant_75
0,,,381325.39070971817,2404.3390360000003,0.75,599220,close,2474.4847979999995,,-11125.021037975268,,,,599508,,2025-06-07 00:05:00,buy_cover,V3_constant_75
,,0.12873880386930114,,,,,open,,372924.42612263025,,1,2537.7074399999997,0.7499999999999999,599778,1.0,2025-06-07 22:35:00,,V3_constant_75
0,,,372924.42612263025,2537.7074399999997,0.7499999999999999,599778,close,2310.547798,,-33517.65739762451,,,,603796,,2025-06-21 21:25:00,sell,V3_constant_75
,,0.18723375362727446,,,,,open,,347786.1830744119,,-1,2310.547798,0.75,603796,1.0,2025-06-21 21:25:00,,V3_constant_75
0,,,347786.1830744119,2310.547798,0.75,603796,close,2309.571822,,146.91888113843743,,,,604284,,2025-06-23 14:05:00,buy_cover,V3_constant_75
,,0.18717759840865256,,,,,open,,347844.2043078046,,1,2309.571822,0.75,604284,1.0,2025-06-23 14:05:00,,V3_constant_75
0,,,347844.2043078046,2309.571822,0.75,604284,close,2393.481208,,12493.399515912577,,,,605281,,2025-06-27 01:10:00,sell,V3_constant_75
,,0.1655617836664407,,,,,open,,357214.253944739,,-1,2393.481208,0.75,605281,1.0,2025-06-27 01:10:00,,V3_constant_75
0,,,357214.253944739,2393.481208,0.75,605281,close,2454.9909,,-9179.977509913617,,,,605958,,2025-06-29 09:35:00,buy_cover,V3_constant_75
,,0.18152137840386084,,,,,open,,350275.6886742121,,1,2454.9909,0.75,605958,1.0,2025-06-29 09:35:00,,V3_constant_75
0,,,350275.6886742121,2454.9909,0.75,605958,close,2402.759352,,-7589.4615559629165,,,,606708,,2025-07-02 00:05:00,sell,V3_constant_75
,,0.19495133076601467,,,,,open,,344583.5925072399,,1,2535.617022,0.75,608021,1.0,2025-07-06 13:30:00,,V3_constant_75
0,,,344583.5925072399,2535.617022,0.75,608021,close,4157.91825,,220240.41390111344,,,,631188,,2025-09-25 00:05:00,sell,V3_constant_75
,,0.1371354346529895,,,,,open,,509763.902933075,,1,4209.771786,0.75,632628,1.0,2025-09-30 00:05:00,,V3_constant_75
0,,,509763.902933075,4209.771786,0.75,632628,close,4134.812872,,-9277.076661975181,,,,636372,,2025-10-13 00:05:00,sell,V3_constant_75
,,0.14891274078760564,,,,,open,,502806.09543659363,,1,4153.360506,0.75,640404,1.0,2025-10-27 00:05:00,,V3_constant_75
0,,,502806.09543659363,4153.360506,0.75,640404,close,3899.2200000000003,,-30955.063385354006,,,,641268,,2025-10-30 00:05:00,sell,V3_constant_75
,,0.18821038499055243,,,,,open,,479589.7978975781,,-1,3602.5093540000003,0.75,642708,1.0,2025-11-04 00:05:00,,V3_constant_75
0,,,479589.7978975781,3602.5093540000003,0.75,642708,close,2955.54099,,86128.71005879948,,,,649044,,2025-11-26 00:05:00,buy_cover,V3_constant_75
,,0.07961279267732446,,,,,open,,544114.3919719931,,1,2955.54099,0.75,649044,1.0,2025-11-26 00:05:00,,V3_constant_75
0,,,544114.3919719931,2955.54099,0.75,649044,close,2988.7621280000003,,5895.933440401102,,,,650032,,2025-11-29 10:25:00,sell,V3_constant_75
,,0.07122691958388327,,,,,open,,548536.3420522939,,-1,2988.7621280000003,0.75,650032,1.0,2025-11-29 10:25:00,,V3_constant_75
0,,,548536.3420522939,2988.7621280000003,0.75,650032,close,2859.97188,,23637.275653363322,,,,650941,,2025-12-02 14:10:00,buy_cover,V3_constant_75
,,0.04266381615495718,,,,,open,,566182.0183410086,,1,2859.97188,0.75,650941,1.0,2025-12-02 14:10:00,,V3_constant_75
0,,,566182.0183410086,2859.97188,0.75,650941,close,3064.856906,,40317.94194130984,,,,651829,,2025-12-05 16:10:00,sell,V3_constant_75
,,0.0407770243811566,,,,,open,,596420.474796991,,-1,3064.856906,0.75,651829,1.0,2025-12-05 16:10:00,,V3_constant_75
0,,,596420.474796991,3064.856906,0.75,651829,close,3079.935864,,-2934.337911412935,,,,652419,,2025-12-07 17:20:00,buy_cover,V3_constant_75
,,0.044828045517118054,,,,,open,,594130.2582922117,,1,3079.935864,0.75,652419,1.0,2025-12-07 17:20:00,,V3_constant_75
0,,,594130.2582922117,3079.935864,0.75,652419,close,3282.453378,,38813.074115490774,,,,653371,,2025-12-11 00:40:00,sell,V3_constant_75
,,0.0338158360469587,,,,,open,,623240.0638788298,,-1,3282.453378,0.75,653371,1.0,2025-12-11 00:40:00,,V3_constant_75
0,,,623240.0638788298,3282.453378,0.75,653371,close,3127.77543,,29368.755947145284,,,,654541,,2025-12-15 02:10:00,buy_cover,V3_constant_75
,,0.01777107267146205,,,,,open,,645173.1448296069,,1,3127.77543,0.75,654541,1.0,2025-12-15 02:10:00,,V3_constant_75
0,,,645173.1448296069,3127.77543,0.75,654541,close,2862.9073040000003,,-54871.12490591407,,,,655288,,2025-12-17 16:25:00,sell,V3_constant_75
,,0.08000669248128,,,,,open,,604019.8011501713,,1,2966.84325,0.75,657584,1.0,2025-12-25 15:45:00,,V3_constant_75
0,,,604019.8011501713,2966.84325,0.75,657584,close,3175.724728,,42267.60051649285,,,,661320,,2026-01-07 15:05:00,sell,V3_constant_75
,,0.03350381487816001,,,,,open,,635720.5015375409,,-1,3175.724728,0.7499999999999999,661320,1.0,2026-01-07 15:05:00,,V3_constant_75
0,,,635720.5015375409,3175.724728,0.7499999999999999,661320,close,3107.1213,,13733.143896653084,,,,662399,,2026-01-11 09:00:00,buy_cover,V3_constant_75
,,0.015602287511093271,,,,,open,,645925.0013848002,,1,3107.1213,0.75,662399,1.0,2026-01-11 09:00:00,,V3_constant_75
0,,,645925.0013848002,3107.1213,0.75,662399,close,3287.4323820000004,,37210.69625494757,,,,663918,,2026-01-16 15:35:00,sell,V3_constant_75
,,0.028782762987135224,,,,,open,,673833.0235760108,,-1,3287.4323820000004,0.75,663918,1.0,2026-01-16 15:35:00,,V3_constant_75
0,,,673833.0235760108,3287.4323820000004,0.75,663918,close,3341.928252,,-11170.123826577445,,,,664479,,2026-01-18 14:20:00,buy_cover,V3_constant_75
,,0.036227827632158704,,,,,open,,665354.3557525413,,1,3341.928252,0.75,664479,1.0,2026-01-18 14:20:00,,V3_constant_75
0,,,665354.3557525413,3341.928252,0.75,664479,close,3166.056662,,-35266.90435779281,,,,664944,,2026-01-20 05:05:00,sell,V3_constant_75
,,0.07503880278452624,,,,,open,,638904.1774841967,,1,2966.133108,0.75,667093,1.0,2026-01-27 16:10:00,,V3_constant_75
0,,,638904.1774841967,2966.133108,0.75,667093,close,2940.531776,,-5767.849724403932,,,,667528,,2026-01-29 04:25:00,sell,V3_constant_75
,,0.08123924562138529,,,,,open,,634578.2901908938,,-1,2940.531776,0.75,667528,1.0,2026-01-29 04:25:00,,V3_constant_75
0,,,634578.2901908938,2940.531776,0.75,667528,close,2093.158548,,182866.48411606794,,,,670116,,2026-02-07 04:05:00,buy_cover,V3_constant_75
,,0.06722217948498477,,,,,open,,771632.966534416,,1,2093.158548,0.7499999999999999,670116,1.0,2026-02-07 04:05:00,,V3_constant_75
0,,,771632.966534416,2093.158548,0.7499999999999999,670116,close,2055.38884,,-14226.677063042647,,,,670665,,2026-02-09 01:50:00,sell,V3_constant_75
,,0.07919043230011658,,,,,open,,760962.958737134,,-1,2055.38884,0.75,670665,1.0,2026-02-09 01:50:00,,V3_constant_75
0,,,760962.958737134,2055.38884,0.75,670665,close,2012.20236,,15988.883566527744,,,,671977,,2026-02-13 15:10:00,buy_cover,V3_constant_75
,,0.0666104287069832,,,,,open,,772840.4769682193,,1,2012.20236,0.75,671977,1.0,2026-02-13 15:10:00,,V3_constant_75
0,,,772840.4769682193,2012.20236,0.75,671977,close,2026.074704,,5016.810819506296,,,,672526,,2026-02-15 12:55:00,sell,V3_constant_75
,,0.060694669550861446,,,,,open,,776603.085082849,,-1,2026.074704,0.75,672526,1.0,2026-02-15 12:55:00,,V3_constant_75
0,,,776603.085082849,2026.074704,0.75,672526,close,2022.214362,,1479.7165766260587,,,,673329,,2026-02-18 07:50:00,buy_cover,V3_constant_75
,,0.059555456352177516,,,,,open,,777596.3820525561,,1,2022.214362,0.75,673329,1.0,2026-02-18 07:50:00,,V3_constant_75
0,,,777596.3820525561,2022.214362,0.75,673329,close,1951.90954,,-27334.309692087932,,,,674551,,2026-02-22 13:40:00,sell,V3_constant_75
,,0.0834955836820851,,,,,open,,757095.6497834902,,-1,1951.90954,0.75,674551,1.0,2026-02-22 13:40:00,,V3_constant_75
0,,,757095.6497834902,1951.90954,0.75,674551,close,1904.340792,,18450.726895454573,,,,675266,,2026-02-25 01:15:00,buy_cover,V3_constant_75
,,0.06784370292630659,,,,,open,,770820.1306076136,,1,1904.340792,0.75,675266,1.0,2026-02-25 01:15:00,,V3_constant_75
0,,,770820.1306076136,1904.340792,0.75,675266,close,1969.376046,,26005.497561893542,,,,675963,,2026-02-27 11:20:00,sell,V3_constant_75
,,0.054826320901793624,,,,,open,,790324.2537790337,,-1,1969.376046,0.75,675963,1.0,2026-02-27 11:20:00,,V3_constant_75
0,,,790324.2537790337,1969.376046,0.75,675963,close,1989.307782,,-7998.711838091025,,,,676425,,2026-03-01 01:50:00,buy_cover,V3_constant_75
,,0.06128351860990067,,,,,open,,784206.6712623986,,1,1989.307782,0.75,676425,1.0,2026-03-01 01:50:00,,V3_constant_75
0,,,784206.6712623986,1989.307782,0.75,676425,close,2051.559606,,24216.876733212615,,,,677958,,2026-03-06 09:35:00,sell,V3_constant_75
,,0.05168144250309059,,,,,open,,802369.3288123081,,-1,2051.559606,0.75,677958,1.0,2026-03-06 09:35:00,,V3_constant_75
0,,,802369.3288123081,2051.559606,0.75,677958,close,1982.0363280000001,,27190.73301870108,,,,678745,,2026-03-09 03:10:00,buy_cover,V3_constant_75
,,0.0273358544893344,,,,,open,,822642.0231770121,,1,1982.0363280000001,0.75,678745,1.0,2026-03-09 03:10:00,,V3_constant_75
0,,,822642.0231770121,1982.0363280000001,0.75,678745,close,2066.33665,,34645.738992650644,,,,680265,,2026-03-14 09:50:00,sell,V3_constant_75
,,0.04831471253547881,,,,,open,,848626.3274215,,-1,2066.33665,0.75,680265,1.0,2026-03-14 09:50:00,,V3_constant_75
0,,,848626.3274215,2066.33665,0.75,680265,close,2147.389392,,-33287.61452189088,,,,680700,,2026-03-15 22:05:00,buy_cover,V3_constant_75
,,0.07502941341425207,,,,,open,,823533.3225809686,,1,2147.389392,0.75,680700,1.0,2026-03-15 22:05:00,,V3_constant_75
0,,,823533.3225809686,2147.389392,0.75,680700,close,2292.011506,,55111.656443651416,,,,681437,,2026-03-18 11:30:00,sell,V3_constant_75
,,0.028617201100953227,,,,,open,,864867.0649137071,,-1,2292.011506,0.75,681437,1.0,2026-03-18 11:30:00,,V3_constant_75
0,,,864867.0649137071,2292.011506,0.75,681437,close,2157.371388,,50805.101982709486,,,,682873,,2026-03-23 11:10:00,buy_cover,V3_constant_75
,,0.038777543029231865,,,,,open,,902841.1613410022,,-1,2140.17188,0.75,683665,1.0,2026-03-26 05:10:00,,V3_constant_75
0,,,902841.1613410022,2140.17188,0.75,683665,close,2039.05773,,42655.494684762554,,,,684789,,2026-03-30 02:50:00,buy_cover,V3_constant_75
,,0.032571710307904844,,,,,open,,934697.3561803731,,1,2039.05773,0.75,684789,1.0,2026-03-30 02:50:00,,V3_constant_75
0,,,934697.3561803731,2039.05773,0.75,684789,close,2081.13369,,18905.925884107826,,,,685646,,2026-04-02 02:15:00,sell,V3_constant_75
,,0.030602970535415608,,,,,open,,948876.8005934539,,-1,2081.13369,0.75,685646,1.0,2026-04-02 02:15:00,,V3_constant_75
0,,,948876.8005934539,2081.13369,0.75,685646,close,2086.727262,,-2550.3078090890776,,,,686759,,2026-04-05 23:00:00,buy_cover,V3_constant_75
,,0.0312743388905915,,,,,open,,946821.7382165482,,1,2086.727262,0.75,686759,1.0,2026-04-05 23:00:00,,V3_constant_75
0,,,946821.7382165482,2086.727262,0.75,686759,close,2089.562004,,907.0171404359862,,,,687192,,2026-04-07 11:05:00,sell,V3_constant_75
,,0.03201869085870923,,,,,open,,947502.0010718752,,-1,2089.562004,0.75,687192,1.0,2026-04-07 11:05:00,,V3_constant_75
0,,,947502.0010718752,2089.562004,0.75,687192,close,2265.623034,,-79833.99968469248,,,,688412,,2026-04-11 16:45:00,buy_cover,V3_constant_75
,,0.09144735930477432,,,,,open,,887484.3760081949,,1,2265.623034,0.75,688412,1.0,2026-04-11 16:45:00,,V3_constant_75
0,,,887484.3760081949,2265.623034,0.75,688412,close,2298.450218,,12498.883801023941,,,,689818,,2026-04-16 13:55:00,sell,V3_constant_75
,,0.08236994882411641,,,,,open,,896858.5388589628,,-1,2298.450218,0.75,689818,1.0,2026-04-16 13:55:00,,V3_constant_75
0,,,896858.5388589628,2298.450218,0.75,689818,close,2345.71905,,-18444.328755944036,,,,691407,,2026-04-22 02:20:00,buy_cover,V3_constant_75
,,0.09769153778190665,,,,,open,,882890.7635111759,,1,2345.71905,0.75,691407,1.0,2026-04-22 02:20:00,,V3_constant_75
0,,,882890.7635111759,2345.71905,0.75,691407,close,2294.710966,,-19544.06127006607,,,,691879,,2026-04-23 17:40:00,sell,V3_constant_75
,,0.11209770141788455,,,,,open,,868232.7175586263,,-1,2263.2472599999996,0.75,693265,1.0,2026-04-28 13:10:00,,V3_constant_75
0,,,868232.7175586263,2263.2472599999996,0.75,693265,close,2287.00731,,-9114.856215332984,,,,694011,,2026-05-01 03:20:00,buy_cover,V3_constant_75
,,0.1186153169206644,,,,,open,,861266.3404894928,,1,2287.00731,0.75,694011,1.0,2026-05-01 03:20:00,,V3_constant_75
0,,,861266.3404894928,2287.00731,0.75,694011,close,2335.7927480000003,,18020.33604175027,,,,695708,,2026-05-07 00:45:00,sell,V3_constant_75
,,0.10511329343356413,,,,,open,,874781.5925208055,,-1,2335.7927480000003,0.75,695708,1.0,2026-05-07 00:45:00,,V3_constant_75
0,,,874781.5925208055,2335.7927480000003,0.75,695708,close,2321.8942859999997,,5205.170697775437,,,,696325,,2026-05-09 04:10:00,buy_cover,V3_constant_75
,,0.10198132840815854,,,,,open,,878554.2533052589,,1,2321.8942859999997,0.75,696325,1.0,2026-05-09 04:10:00,,V3_constant_75
0,,,878554.2533052589,2321.8942859999997,0.75,696325,close,2308.8981280000003,,-5266.883048850927,,,,697026,,2026-05-11 14:35:00,sell,V3_constant_75
,,0.10545035704894934,,,,,open,,874604.0910186209,,-1,2308.8981280000003,0.75,697026,1.0,2026-05-11 14:35:00,,V3_constant_75
0,,,874604.0910186209,2308.8981280000003,0.75,697026,close,2320.053918,,-4225.746597079211,,,,697536,,2026-05-13 09:05:00,buy_cover,V3_constant_75
,,0.10895725871154749,,,,,open,,871303.5904571585,,1,2144.9289,0.75,699627,1.0,2026-05-20 15:20:00,,V3_constant_75
0,,,871303.5904571585,2144.9289,0.75,699627,close,2095.43083,,-20447.333076512325,,,,700245,,2026-05-22 18:50:00,sell,V3_constant_75
,,0.12442267239584404,,,,,open,,855968.0906497742,,-1,2095.43083,0.75,700245,1.0,2026-05-22 18:50:00,,V3_constant_75
0,,,855968.0906497742,2095.43083,0.75,700245,close,2041.50822,,22027.023160286248,,,,702222,,2026-05-29 15:35:00,buy_cover,V3_constant_75
,,0.1071103276365144,,,,,open,,872359.9628063914,,1,2041.50822,0.75,702222,1.0,2026-05-29 15:35:00,,V3_constant_75
0,,,872359.9628063914,2041.50822,0.75,702222,close,2006.018716,,-15507.917257189401,,,,702783,,2026-05-31 14:20:00,sell,V3_constant_75
,,0.11922990347539386,,,,,open,,860729.0248634994,,-1,2006.018716,0.75,702783,1.0,2026-05-31 14:20:00,,V3_constant_75
0,,,860729.0248634994,2006.018716,0.75,702783,close,1609.741884,,170031.8266648812,,,,704704,,2026-06-07 06:25:00,buy_cover,V3_constant_75
,,0.03048805410835853,,,,,open,,988123.7855084308,,1,1609.741884,0.75,704704,1.0,2026-06-07 06:25:00,,V3_constant_75
0,,,988123.7855084308,1609.741884,0.75,704704,close,1648.6702,,23490.985985531122,,,,705375,,2026-06-09 14:20:00,sell,V3_constant_75
,,0.028995389985384756,,,,,open,,1005742.024997579,,-1,1648.6702,0.75,705375,1.0,2026-06-09 14:20:00,,V3_constant_75
0,,,1005742.024997579,1648.6702,0.75,705375,close,1667.1233579999998,,-11256.981188038248,,,,705922,,2026-06-11 11:55:00,buy_cover,V3_constant_75
,,0.03802280587207996,,,,,open,,997148.4278028009,,1,1667.1233579999998,0.75,705922,1.0,2026-06-11 11:55:00,,V3_constant_75
0,,,997148.4278028009,1667.1233579999998,0.75,705922,close_final,1676.504632,,5210.112295508152,,,,706102,,2026-06-12 02:55:00,sell_final,V3_constant_75
,,0.0,,,,,open,,7500.0,,1,173.114616,0.75,1982,1.0,2019-09-30 10:00:00,,V4_75_reclaim_add1
,1,0.0,,,,,add,,2500.0,,1,176.69533199999998,0.24625521818546647,2041,1.0,2019-09-30 14:55:00,,V4_75_reclaim_add1
1,,,10000.0,173.9961201750064,0.9962552181854665,1982,close,172.275538,,-102.84628745658301,,,,2899,,2019-10-03 14:25:00,sell,V4_75_reclaim_add1
,,0.06914979757085027,,,,,open,,7422.865284407562,,-1,172.275538,0.75,2899,1.0,2019-10-03 14:25:00,,V4_75_reclaim_add1
,1,0.061113551216559925,,,,,add,,2486.2543144290735,,-1,171.095774,0.25,2903,1.0,2019-10-03 14:45:00,,V4_75_reclaim_add1
1,,,9909.119598836636,171.97800219458927,1.0,2899,close,176.065206,,-235.49826739330456,,,,4027,,2019-10-07 12:25:00,buy_cover,V4_75_reclaim_add1
,,0.09282550983420779,,,,,open,,7244.75521592276,,1,176.065206,0.75,4027,1.0,2019-10-07 12:25:00,,V4_75_reclaim_add1
,1,0.08886340976326768,,,,,add,,2414.918405307586,,1,177.215436,0.2488558024580837,4029,1.0,2019-10-07 12:35:00,,V4_75_reclaim_add1
1,,,9659.673621230346,176.35136141487064,0.9988558024580837,4027,close,185.71285,,508.70843962405706,,,,5104,,2019-10-11 06:10:00,sell,V4_75_reclaim_add1
,,0.0524033064598427,,,,,open,,7626.286545640802,,-1,185.71285,0.75,5104,1.0,2019-10-11 06:10:00,,V4_75_reclaim_add1
,1,0.05182965748611579,,,,,add,,2546.1570516686616,,-1,185.242944,0.25,5128,1.0,2019-10-11 08:10:00,,V4_75_reclaim_add1
1,,,10172.443597309462,185.59500924747664,1.0,5104,close,185.347062,,13.590369792767888,,,,6094,,2019-10-14 16:40:00,buy_cover,V4_75_reclaim_add1
,,0.050904183040953566,,,,,open,,7634.953456445783,,1,185.347062,0.75,6094,1.0,2019-10-14 16:40:00,,V4_75_reclaim_add1
,1,0.04503243853951444,,,,,add,,2544.9844854819275,,1,187.257444,0.2481568747981392,6099,1.0,2019-10-14 17:05:00,,V4_75_reclaim_add1
1,,,10179.93794192771,185.82099386931202,0.9981568747981392,6094,close,176.86462,,-494.5374824675855,,,,6611,,2019-10-16 11:45:00,sell,V4_75_reclaim_add1
,,0.09629959733063587,,,,,open,,7264.0503445950935,,-1,176.86462,0.75,6611,1.0,2019-10-16 11:45:00,,V4_75_reclaim_add1
,1,0.09169017743198948,,,,,add,,2437.356895333243,,-1,175.234946,0.25,6620,1.0,2019-10-16 12:30:00,,V4_75_reclaim_add1
1,,,9701.407239928336,176.45234041361428,1.0,6611,close,175.555104,,49.33073680872258,,,,7835,,2019-10-20 17:45:00,buy_cover,V4_75_reclaim_add1
,,0.09278004802072282,,,,,open,,7299.593186115646,,1,175.555104,0.75,7835,1.0,2019-10-20 17:45:00,,V4_75_reclaim_add1
,1,0.09142159125005722,,,,,add,,2433.197728705216,,1,176.07520799999998,0.2495206358297407,7863,1.0,2019-10-20 20:05:00,,V4_75_reclaim_add1
1,,,9732.790914820862,175.68484172679211,0.9995206358297407,7835,close,171.305732,,-246.39465417713654,,,,8379,,2019-10-22 15:05:00,sell,V4_75_reclaim_add1
,,0.11602553088680534,,,,,open,,7114.7971954827935,,-1,171.305732,0.75,8379,1.0,2019-10-22 15:05:00,,V4_75_reclaim_add1
,1,0.11549645485683036,,,,,add,,2373.5866739070443,,-1,171.04578400000003,0.25,8475,1.0,2019-10-22 23:05:00,,V4_75_reclaim_add1
1,,,9488.383869389838,171.24063008374782,1.0,8379,close,164.08281,,396.6126897841914,,,,9191,,2019-10-25 10:45:00,buy_cover,V4_75_reclaim_add1
,,0.07964687407588933,,,,,open,,7410.83345524053,,1,164.08281,0.75,9191,1.0,2019-10-25 10:45:00,,V4_75_reclaim_add1
,1,0.0750764578302352,,,,,add,,2470.2778184135095,,1,165.243042,0.24875592180710426,9196,1.0,2019-10-25 11:10:00,,V4_75_reclaim_add1
1,,,9881.11127365404,164.37133786138733,0.9987559218071043,9191,close,182.553482,,1088.622453287946,,,,10628,,2019-10-30 10:30:00,sell,V4_75_reclaim_add1
,,0.06608357628765782,,,,,open,,8227.300295206489,,-1,182.553482,0.75,10628,1.0,2019-10-30 10:30:00,,V4_75_reclaim_add1
,1,0.059566491390164455,,,,,add,,2761.0986658752995,,-1,180.82382800000002,0.25,10668,1.0,2019-10-30 13:50:00,,V4_75_reclaim_add1
1,,,10988.398961081788,182.11575975946067,1.0,10628,close,184.24684200000002,,-128.583604877138,,,,11330,,2019-11-01 21:00:00,buy_cover,V4_75_reclaim_add1
,,0.07739552418906337,,,,,open,,8129.214331704474,,1,184.24684200000002,0.75,11330,1.0,2019-11-01 21:00:00,,V4_75_reclaim_add1
,1,0.07546089179820348,,,,,add,,2709.738110568158,,1,184.67692799999998,0.24963800513917067,11564,1.0,2019-11-02 16:30:00,,V4_75_reclaim_add1
1,,,10838.952442272632,184.35417558901548,0.9996380051391707,11330,close,181.153762,,-192.42557884757662,,,,11781,,2019-11-03 10:35:00,sell,V4_75_reclaim_add1
,,0.09360003253068105,,,,,open,,7984.895147568792,,-1,181.153762,0.75,11781,1.0,2019-11-03 10:35:00,,V4_75_reclaim_add1
,1,0.09352179872315547,,,,,add,,2660.723053385666,,-1,181.16376,0.25,11802,1.0,2019-11-03 12:20:00,,V4_75_reclaim_add1
1,,,10645.618200954457,181.1562607565216,1.0,11781,close,188.767746,,-447.28724872059684,,,,12405,,2019-11-05 14:35:00,buy_cover,V4_75_reclaim_add1
,,0.1308123481210589,,,,,open,,7647.832868298201,,1,188.767746,0.75,12405,1.0,2019-11-05 14:35:00,,V4_75_reclaim_add1
,1,0.12640192672598582,,,,,add,,2549.277622766067,,1,190.698132,0.24817179788396082,12550,1.0,2019-11-06 02:40:00,,V4_75_reclaim_add1
1,,,10197.110491064268,189.2466693081989,0.9981717978839608,12405,close,188.04238400000003,,-68.94255674493797,,,,12871,,2019-11-07 05:25:00,sell,V4_75_reclaim_add1
,,0.1388312055842752,,,,,open,,7596.125950739497,,-1,188.04238400000003,0.75,12871,1.0,2019-11-07 05:25:00,,V4_75_reclaim_add1
,1,0.13603152166990873,,,,,add,,2537.84537857193,,-1,187.392514,0.25,12916,1.0,2019-11-07 09:10:00,,V4_75_reclaim_add1
1,,,10133.971329311427,187.8792146907433,1.0,12871,close,187.177428,,37.85390570755408,,,,13737,,2019-11-10 05:35:00,buy_cover,V4_75_reclaim_add1
,,0.13384607862367293,,,,,open,,7622.996284320766,,1,187.177428,0.75,13737,1.0,2019-11-10 05:35:00,,V4_75_reclaim_add1
,1,0.12492543545744583,,,,,add,,2540.9987614402553,,1,190.978188,0.24632405449269346,13866,1.0,2019-11-10 16:20:00,,V4_75_reclaim_add1
1,,,10163.995045761021,188.1133643998105,0.9963240544926935,13737,close,184.603072,,-193.65472255830355,,,,14236,,2019-11-11 23:10:00,sell,V4_75_reclaim_add1
,,0.15296059479745006,,,,,open,,7477.755242402038,,-1,184.603072,0.75,14236,1.0,2019-11-11 23:10:00,,V4_75_reclaim_add1
,1,0.1504865016432715,,,,,add,,2495.583472737023,,-1,184.233146,0.25,14239,1.0,2019-11-11 23:25:00,,V4_75_reclaim_add1
1,,,9973.33871513906,184.51036780334897,1.0,14236,close,184.51689599999997,,-0.3524696589902305,,,,14247,,2019-11-12 00:05:00,buy_cover,V4_75_reclaim_add1
,,0.15170691990735208,,,,,open,,7475.994889350525,,-1,182.253542,0.75,15687,1.0,2019-11-17 00:05:00,,V4_75_reclaim_add1
,1,0.15168219567050667,,,,,add,,2491.76334129783,,-1,182.203552,0.25,15719,1.0,2019-11-17 02:45:00,,V4_75_reclaim_add1
1,,,9967.758230648355,182.24104281240946,1.0,15687,close,144.60891600000002,,2058.3069194483487,,,,30375,,2020-01-07 00:05:00,buy_cover,V4_75_reclaim_add1
,,0.11001651476637919,,,,,open,,9018.229915202191,,-1,143.62127,0.7500000000000001,30663,1.0,2020-01-08 00:05:00,,V4_75_reclaim_add1
,1,0.10624094646969418,,,,,add,,3004.547023559908,,-1,143.661262,0.2499999999999999,30754,1.0,2020-01-08 07:40:00,,V4_75_reclaim_add1
1,,,12022.7769387621,143.6312620969465,1.0,30663,close,143.75874599999997,,-10.670667180287637,,,,31527,,2020-01-11 00:05:00,buy_cover,V4_75_reclaim_add1
,,0.11098428218809564,,,,,open,,9008.42349827616,,-1,201.029786,0.75,48807,1.0,2020-03-11 00:05:00,,V4_75_reclaim_add1
,1,0.1101235237908813,,,,,add,,3005.7151964931095,,-1,200.689854,0.25,48841,1.0,2020-03-11 02:55:00,,V4_75_reclaim_add1
1,,,12014.13869476927,200.94463333781502,1.0,48807,close,142.47849,,3495.5918543898624,,,,55344,,2020-04-02 16:50:00,buy_cover,V4_75_reclaim_add1
,,0.1697396988231371,,,,,open,,11628.315268264341,,1,169.23384,0.75,57447,1.0,2020-04-10 00:05:00,,V4_75_reclaim_add1
,1,0.16851722309459927,,,,,add,,3876.1050894214477,,1,169.63392,0.24963244105515703,57454,1.0,2020-04-10 00:40:00,,V4_75_reclaim_add1
1,,,15504.420357685789,169.33368297345132,0.999632441055157,57447,close,163.63726599999998,,-527.5641598270322,,,,57493,,2020-04-10 03:55:00,sell,V4_75_reclaim_add1
,,0.1983070874220746,,,,,open,,11232.642148394068,,-1,163.63726599999998,0.7500000000000001,57493,1.0,2020-04-10 03:55:00,,V4_75_reclaim_add1
,1,0.18474362232428543,,,,,add,,3793.018977117366,,-1,160.727848,0.2499999999999999,57495,1.0,2020-04-10 04:05:00,,V4_75_reclaim_add1
1,,,15025.661125511435,162.8929306347428,1.0,57493,close,160.362066,,233.4540276846019,,,,58193,,2020-04-12 14:15:00,buy_cover,V4_75_reclaim_add1
,,0.18514866377806705,,,,,open,,11405.478819988692,,1,160.362066,0.75,58193,1.0,2020-04-12 14:15:00,,V4_75_reclaim_add1
,1,0.18326701011670277,,,,,add,,3801.8262733295633,,1,161.05220400000002,0.2492705130862115,58195,1.0,2020-04-12 14:25:00,,V4_75_reclaim_add1
1,,,15207.305093318255,160.534045399027,0.9992705130862115,58193,close,153.38931599999998,,-682.6280459878726,,,,59163,,2020-04-15 23:05:00,sell,V4_75_reclaim_add1
,,0.22240082664074057,,,,,open,,10893.507785497786,,-1,153.38931599999998,0.75,59163,1.0,2020-04-15 23:05:00,,V4_75_reclaim_add1
,1,0.21894010167419486,,,,,add,,3641.6181395453987,,-1,152.73944600000002,0.25,59165,1.0,2020-04-15 23:15:00,,V4_75_reclaim_add1
1,,,14535.125925043185,153.2259794834272,1.0,59163,close,179.475888,,-2490.0844017925247,,,,59905,,2020-04-18 12:55:00,buy_cover,V4_75_reclaim_add1
,,0.3557043284196325,,,,,open,,9023.764215264637,,1,175.075008,0.75,60992,1.0,2020-04-22 07:30:00,,V4_75_reclaim_add1
,1,0.35330361827105183,,,,,add,,3007.921405088213,,1,175.615116,0.24949778801677036,61011,1.0,2020-04-22 09:05:00,,V4_75_reclaim_add1
1,,,12031.68562035285,175.20972330154748,0.9994977880167704,60992,close,390.4219,,14767.938773167718,,,,95701,,2020-08-21 21:15:00,sell,V4_75_reclaim_add1
,,0.1204312498704343,,,,,open,,20099.718295140425,,1,370.494084,0.75,101495,1.0,2020-09-11 00:05:00,,V4_75_reclaim_add1
,1,0.11902170241671373,,,,,add,,6699.906098380143,,1,371.77434,0.24942863973819818,101499,1.0,2020-09-11 00:25:00,,V4_75_reclaim_add1
1,,,26799.624393520568,370.8133206494695,0.9994286397381982,101495,close,317.596468,,-3855.298148052003,,,,105239,,2020-09-24 00:05:00,sell,V4_75_reclaim_add1
,,0.24696286552542013,,,,,open,,17208.244684101424,,1,365.333052,0.75,109847,1.0,2020-10-10 00:05:00,,V4_75_reclaim_add1
,1,0.24576676405540732,,,,,add,,5736.08156136714,,1,366.253236,0.249603537270366,109850,1.0,2020-10-10 00:20:00,,V4_75_reclaim_add1
1,,,22944.326245468565,365.5626642474655,0.999603537270366,109847,close,934.813,,35705.196650440324,,,,136783,,2021-01-11 16:15:00,sell,V4_75_reclaim_add1
,,0.3055909019042595,,,,,open,,43987.142171931664,,1,1576.9353239999998,0.75,150989,1.0,2021-03-02 00:05:00,,V4_75_reclaim_add1
,1,0.30228916629193114,,,,,add,,14662.380723977221,,1,1587.56745,0.2488169398220531,150991,1.0,2021-03-02 00:15:00,,V4_75_reclaim_add1
1,,,58649.522895908885,1579.5799822471706,0.9988169398220531,150989,close,3432.533356,,68748.85350197593,,,,172818,,2021-05-16 19:10:00,sell,V4_75_reclaim_add1
,,0.21296580896396722,,,,,open,,95548.78229841361,,1,2871.4441739999997,0.75,175757,1.0,2021-05-27 00:05:00,,V4_75_reclaim_add1
0,,,95548.78229841361,2871.4441739999997,0.75,175757,close,2256.79855,,-20482.684833911248,,,,176621,,2021-05-30 00:05:00,sell,V4_75_reclaim_add1
,,0.33950253371904815,,,,,open,,80186.76867298018,,1,2843.838654,0.75,178061,1.0,2021-06-04 00:05:00,,V4_75_reclaim_add1
0,,,80186.76867298018,2843.838654,0.75,178061,close,2703.819128,,-3978.576231920699,,,,178925,,2021-06-07 00:05:00,sell,V4_75_reclaim_add1
,,0.36408114778541145,,,,,open,,77202.83649903965,,-1,1804.359056,0.75,184304,1.0,2021-06-26 00:05:00,,V4_75_reclaim_add1
,1,0.3585160530285325,,,,,add,,25963.015550309967,,-1,1782.2534779999999,0.25,184389,1.0,2021-06-26 07:10:00,,V4_75_reclaim_add1
1,,,103165.85204934962,1798.7444274502477,1.0,184304,close,1985.537028,,-10713.36722691654,,,,184880,,2021-06-28 00:05:00,buy_cover,V4_75_reclaim_add1
,,0.43039302363621323,,,,,open,,69152.33620104485,,-1,1942.36145,0.75,189488,1.0,2021-07-14 00:05:00,,V4_75_reclaim_add1
,1,0.4301351062423474,,,,,add,,23087.289494227138,,-1,1937.482426,0.25,189490,1.0,2021-07-14 00:15:00,,V4_75_reclaim_add1
1,,,92239.62569527199,1941.1379414809462,1.0,189488,close,2023.494618,,-3913.44756466565,,,,192080,,2021-07-23 00:05:00,buy_cover,V4_75_reclaim_add1
,,0.45468325616156313,,,,,open,,66203.41458369131,,1,2182.9765079999997,0.75,192656,1.0,2021-07-25 00:05:00,,V4_75_reclaim_add1
,1,0.453850298978258,,,,,add,,22067.80486123044,,1,2191.268166,0.24936470208723271,192658,1.0,2021-07-25 00:15:00,,V4_75_reclaim_add1
1,,,88271.21944492175,2185.0435340697354,0.9993647020872327,192656,close,3060.8077160000003,,35329.59842534797,,,,209936,,2021-09-23 00:05:00,sell,V4_75_reclaim_add1
,,0.23867967766443843,,,,,open,,92700.61340270229,,1,3305.06088,0.75,212528,1.0,2021-10-02 00:05:00,,V4_75_reclaim_add1
,1,0.23765056937877727,,,,,add,,30900.204467567426,,1,3313.182504,0.24961501373398653,212540,1.0,2021-10-02 01:05:00,,V4_75_reclaim_add1
1,,,123600.81787026972,3307.0875508512636,0.9996150137339865,212528,close,4179.51393,,32544.04259551961,,,,231248,,2021-12-06 00:05:00,sell,V4_75_reclaim_add1
,,0.14080669905479393,,,,,open,,117108.645349342,,1,4354.9308120000005,0.75,231536,1.0,2021-12-07 00:05:00,,V4_75_reclaim_add1
,1,0.13939860722543007,,,,,add,,39036.21511644733,,1,4366.92321,0.24955964009089193,231550,1.0,2021-12-07 01:15:00,,V4_75_reclaim_add1
1,,,156144.86046578933,4357.922732245968,0.9995596400908919,231536,close,4078.8540660000003,,-10057.5140974737,,,,232976,,2021-12-12 00:05:00,sell,V4_75_reclaim_add1
,,0.19614857012844766,,,,,open,,109565.50977623672,,-1,3406.5785480000004,0.75,240464,1.0,2022-01-07 00:05:00,,V4_75_reclaim_add1
,1,0.19363473325499458,,,,,add,,36628.09043394902,,-1,3392.001464,0.25,240466,1.0,2022-01-07 00:15:00,,V4_75_reclaim_add1
1,,,146193.60021018574,3402.914580696142,1.0,240464,close,2465.162934,,40287.02469549951,,,,246224,,2022-01-27 00:05:00,buy_cover,V4_75_reclaim_add1
,,0.06467625181172554,,,,,open,,139758.84925782983,,1,2465.162934,0.7500000000000001,246224,1.0,2022-01-27 00:05:00,,V4_75_reclaim_add1
,1,0.05672471225361064,,,,,add,,46586.28308594326,,1,2487.307362,0.2484016407891303,246227,1.0,2022-01-27 00:20:00,,V4_75_reclaim_add1
1,,,186345.1323437731,2470.66199268543,0.9984016407891304,246224,close,2337.842338,,-10088.201864168135,,,,246475,,2022-01-27 21:00:00,sell,V4_75_reclaim_add1
,,0.11531591138015074,,,,,open,,132192.6978597037,,-1,2337.842338,0.75,246475,1.0,2022-01-27 21:00:00,,V4_75_reclaim_add1
,1,0.1103236093975396,,,,,add,,44322.656508300395,,-1,2318.626182,0.25,246478,1.0,2022-01-27 21:15:00,,V4_75_reclaim_add1
1,,,176515.3543680041,2332.9873132237167,1.0,246475,close,2591.588214,,-19565.90637397475,,,,246962,,2022-01-29 13:35:00,buy_cover,V4_75_reclaim_add1
,,0.21387329056344162,,,,,open,,117491.79077606744,,1,2752.75044,0.75,248591,1.0,2022-02-04 05:20:00,,V4_75_reclaim_add1
,1,0.20786044299833573,,,,,add,,39163.93025868916,,1,2785.997088,0.24783033331042326,248600,1.0,2022-02-04 06:05:00,,V4_75_reclaim_add1
1,,,156655.7210347566,2760.987489096153,0.9978303333104233,248591,close,2959.8379139999997,,11215.409393801005,,,,249284,,2022-02-06 15:05:00,sell,V4_75_reclaim_add1
,,0.15694498590500927,,,,,open,,125903.3478214182,,-1,2959.8379139999997,0.75,249284,1.0,2022-02-06 15:05:00,,V4_75_reclaim_add1
0,,,125903.3478214182,2959.8379139999997,0.75,249284,close,3195.0088739999997,,-10003.519092662144,,,,249750,,2022-02-08 05:55:00,buy_cover,V4_75_reclaim_add1
,,0.20792333411310238,,,,,open,,118381.82299974837,,1,3195.0088739999997,0.75,249750,1.0,2022-02-08 05:55:00,,V4_75_reclaim_add1
,1,0.20392472857349475,,,,,add,,39460.6076665828,,1,3217.5933899999995,0.24875635388765238,249754,1.0,2022-02-08 06:15:00,,V4_75_reclaim_add1
1,,,157842.43066633117,3200.625227816822,0.9987563538876524,249750,close,3076.8845,,-6163.103016378387,,,,250537,,2022-02-10 23:30:00,sell,V4_75_reclaim_add1
,,0.2388457315992193,,,,,open,,113759.49573746459,,1,2959.0816979999995,0.75,251580,1.0,2022-02-14 14:25:00,,V4_75_reclaim_add1
,1,0.2358895619374004,,,,,add,,37919.8319124882,,1,2975.6950199999997,0.2490265207300727,251714,1.0,2022-02-15 01:35:00,,V4_75_reclaim_add1
1,,,151679.3276499528,2963.217613141868,0.9990265207300727,251580,close,3050.369804,,4398.641849830863,,,,252179,,2022-02-16 16:20:00,sell,V4_75_reclaim_add1
,,0.21716797962999812,,,,,open,,117058.47712483774,,-1,3050.369804,0.75,252179,1.0,2022-02-16 16:20:00,,V4_75_reclaim_add1
,1,0.21646649688675523,,,,,add,,39025.72333378603,,-1,3048.5001780000002,0.25,252375,1.0,2022-02-17 08:40:00,,V4_75_reclaim_add1
1,,,156084.20045862376,3049.9021265454,1.0,252179,close,2666.013096,,19646.213732860197,,,,254066,,2022-02-23 06:05:00,buy_cover,V4_75_reclaim_add1
,,0.1183778776101232,,,,,open,,131769.7247944141,,1,2666.013096,0.75,254066,1.0,2022-02-23 06:05:00,,V4_75_reclaim_add1
,1,0.1170902546342153,,,,,add,,43923.24159813803,,1,2670.073908,0.2497896804645503,254068,1.0,2022-02-23 06:15:00,,V4_75_reclaim_add1
1,,,175692.96639255213,2667.027140572354,0.9997896804645503,254066,close,2650.31983,,-1170.4400389622897,,,,255380,,2022-02-27 19:35:00,sell,V4_75_reclaim_add1
,,0.12491504038468759,,,,,open,,130891.89476519238,,-1,2650.31983,0.75,255380,1.0,2022-02-27 19:35:00,,V4_75_reclaim_add1
,1,0.1200938639868131,,,,,add,,43796.41177621007,,-1,2635.8327280000003,0.25,255383,1.0,2022-02-27 19:50:00,,V4_75_reclaim_add1
1,,,174688.30654140245,2646.6728059896104,1.0,255380,close,2995.9490699999997,,-23053.268240302248,,,,255884,,2022-03-01 13:35:00,buy_cover,V4_75_reclaim_add1
,,0.24007522198143416,,,,,open,,113575.74033898447,,1,2632.596414,0.75,258056,1.0,2022-03-09 02:35:00,,V4_75_reclaim_add1
,1,0.23815811889094263,,,,,add,,37858.58011299482,,1,2646.5592060000004,0.24908428474491484,258066,1.0,2022-03-09 03:25:00,,V4_75_reclaim_add1
1,,,151434.3204519793,2636.0732815156707,0.9990842847449148,258056,close,2534.323034,,-5903.469277854427,,,,258628,,2022-03-11 02:15:00,sell,V4_75_reclaim_add1
,,0.268952299784018,,,,,open,,109148.13838059365,,-1,2534.323034,0.75,258628,1.0,2022-03-11 02:15:00,,V4_75_reclaim_add1
,1,0.26917351271066237,,,,,add,,36305.91717043877,,-1,2540.44181,0.25,258636,1.0,2022-03-11 02:55:00,,V4_75_reclaim_add1
1,,,145454.05555103242,2535.847543098271,1.0,258628,close,2606.341164,,-4043.4480828410015,,,,259955,,2022-03-15 16:50:00,buy_cover,V4_75_reclaim_add1
,,0.2901366332443768,,,,,open,,106093.73421013026,,-1,2885.982688,0.75,261337,1.0,2022-03-20 12:00:00,,V4_75_reclaim_add1
,1,0.28797215887414807,,,,,add,,35449.25443672126,,-1,2875.614762,0.25,261339,1.0,2022-03-20 12:10:00,,V4_75_reclaim_add1
1,,,141542.98864685153,2883.3790436160107,1.0,261337,close,2964.072696,,-3961.1871241139015,,,,261799,,2022-03-22 02:30:00,buy_cover,V4_75_reclaim_add1
,,0.3099352982934037,,,,,open,,103101.6124187478,,1,2964.072696,0.75,261799,1.0,2022-03-22 02:30:00,,V4_75_reclaim_add1
,1,0.30941593155582725,,,,,add,,34367.20413958261,,1,2970.223926,0.24968642264609453,261802,1.0,2022-03-22 02:45:00,,V4_75_reclaim_add1
1,,,137468.8165583304,2965.6081137034907,0.9996864226460945,261799,close,3176.894494,,9735.142151533015,,,,266378,,2022-04-07 00:05:00,sell,V4_75_reclaim_add1
,,0.2625107632977246,,,,,open,,110402.96903239757,,-1,3176.894494,0.75,266378,1.0,2022-04-07 00:05:00,,V4_75_reclaim_add1
,1,0.2566662430880442,,,,,add,,37055.1398464716,,-1,3146.3706,0.25,266388,1.0,2022-04-07 00:55:00,,V4_75_reclaim_add1
1,,,147458.10887886916,3169.1684854083883,1.0,266378,close,3228.6756060000002,,-2768.7983342921652,,,,266666,,2022-04-08 00:05:00,buy_cover,V4_75_reclaim_add1
,,0.2753462659929262,,,,,open,,108304.25156534661,,1,3272.1543,0.75,266698,1.0,2022-04-08 02:45:00,,V4_75_reclaim_add1
,1,0.2730743441543343,,,,,add,,36101.41718844886,,1,3287.3773439999995,0.2492055601608023,266761,1.0,2022-04-08 08:00:00,,V4_75_reclaim_add1
1,,,144405.66875379547,3275.9468280159554,0.9992055601608023,266698,close,2984.2630280000003,,-12910.207945317903,,,,267818,,2022-04-12 00:05:00,sell,V4_75_reclaim_add1
,,0.3387069047672522,,,,,open,,98621.59560635817,,-1,2984.2630280000003,0.75,267818,1.0,2022-04-12 00:05:00,,V4_75_reclaim_add1
,1,0.3363573243333393,,,,,add,,33045.561195322014,,-1,2962.287424,0.25,267830,1.0,2022-04-12 01:05:00,,V4_75_reclaim_add1
1,,,131667.1568016802,2978.7170447921153,1.0,267818,close,3096.8892539999997,,-5223.518130476616,,,,268277,,2022-04-13 14:20:00,buy_cover,V4_75_reclaim_add1
,,0.36647672538013465,,,,,open,,94684.20693498047,,-1,3012.587362,0.7500000000000001,269538,1.0,2022-04-17 23:25:00,,V4_75_reclaim_add1
,1,0.3632607319478963,,,,,add,,31729.160991518977,,-1,2990.0318740000002,0.2499999999999999,269540,1.0,2022-04-17 23:35:00,,V4_75_reclaim_add1
1,,,126413.36792649944,3006.8941136243848,1.0,269538,close,3118.02348,,-4672.0041284567415,,,,270002,,2022-04-19 14:05:00,buy_cover,V4_75_reclaim_add1
,,0.3894293618852448,,,,,open,,91161.24183344893,,1,3118.02348,0.7500000000000001,270002,1.0,2022-04-19 14:05:00,,V4_75_reclaim_add1
,1,0.3888599888179832,,,,,add,,30387.080611149635,,1,3125.1349020000002,0.24964801228441902,270015,1.0,2022-04-19 15:10:00,,V4_75_reclaim_add1
1,,,121548.32244459857,3119.7982995645,0.9996480122844191,270002,close,3025.524774,,-3720.071633907326,,,,270647,,2022-04-21 19:50:00,sell,V4_75_reclaim_add1
,,0.4087165506842665,,,,,open,,88371.18810801842,,1,2971.384158,0.7499999999999999,271787,1.0,2022-04-25 18:50:00,,V4_75_reclaim_add1
,1,0.4067556550509833,,,,,add,,29457.062702672818,,1,2984.526786,0.24924825908213777,271795,1.0,2022-04-25 19:30:00,,V4_75_reclaim_add1
1,,,117828.25081069124,2974.6589515292626,0.9992482590821377,271787,close,2837.23244,,-5488.506351993361,,,,272853,,2022-04-29 11:40:00,sell,V4_75_reclaim_add1
,,0.43529997536998,,,,,open,,84254.80834402342,,-1,2837.23244,0.7500000000000001,272853,1.0,2022-04-29 11:40:00,,V4_75_reclaim_add1
,1,0.43365080252846155,,,,,add,,28205.7371661247,,-1,2819.825922,0.2499999999999999,272914,1.0,2022-04-29 16:45:00,,V4_75_reclaim_add1
1,,,112460.54551014812,2832.8466287614146,1.0,272853,close,2835.677022,,-112.358646005232,,,,273570,,2022-05-01 23:25:00,buy_cover,V4_75_reclaim_add1
,,0.4365775591068527,,,,,open,,84153.67027769296,,1,2835.677022,0.75,273570,1.0,2022-05-01 23:25:00,,V4_75_reclaim_add1
,1,0.4332510944733635,,,,,add,,28051.223425897653,,1,2858.391564,0.24858175142183936,273636,1.0,2022-05-02 04:55:00,,V4_75_reclaim_add1
1,,,112204.89370359061,2841.321745674362,0.9985817514218394,273570,close,2762.4773940000005,,-3157.226071566489,,,,274101,,2022-05-03 19:40:00,sell,V4_75_reclaim_add1
,,0.45211831884604226,,,,,open,,81785.75072401809,,-1,2762.4773940000005,0.7499999999999999,274101,1.0,2022-05-03 19:40:00,,V4_75_reclaim_add1
,1,0.45236545579925025,,,,,add,,27289.85036062906,,-1,2757.59837,0.25,274109,1.0,2022-05-03 20:20:00,,V4_75_reclaim_add1
1,,,109075.60108464715,2761.2550821889995,0.9999999999999999,274101,close,2089.877892,,26520.8673276646,,,,277466,,2022-05-15 12:05:00,buy_cover,V4_75_reclaim_add1
,,0.31987272542348,,,,,open,,101660.03987960385,,1,2089.877892,0.75,277466,1.0,2022-05-15 12:05:00,,V4_75_reclaim_add1
,1,0.31897373545445906,,,,,add,,33886.67995986795,,1,2091.3681899999997,0.24994134544462288,277470,1.0,2022-05-15 12:25:00,,V4_75_reclaim_add1
1,,,135546.7198394718,2090.2502673435447,0.9999413454446229,277466,close,2001.989522,,-5775.379676360928,,,,278340,,2022-05-18 12:55:00,sell,V4_75_reclaim_add1
,,0.3486405319289053,,,,,open,,97328.50512233315,,-1,2001.989522,0.75,278340,1.0,2022-05-18 12:55:00,,V4_75_reclaim_add1
,1,0.3450132851860247,,,,,add,,32610.27167331869,,-1,1987.412438,0.25,278350,1.0,2022-05-18 13:45:00,,V4_75_reclaim_add1
1,,,129938.77679565185,1998.311101309886,1.0,278340,close,2050.10994,,-3368.1777971736155,,,,278781,,2022-05-20 01:40:00,buy_cover,V4_75_reclaim_add1
,,0.36581650661541376,,,,,open,,94782.8809579336,,-1,1989.082104,0.75,279862,1.0,2022-05-23 19:45:00,,V4_75_reclaim_add1
,1,0.3653373478788685,,,,,add,,31623.1672048141,,-1,1985.862748,0.25,279864,1.0,2022-05-23 19:55:00,,V4_75_reclaim_add1
1,,,126406.0481627477,1988.275734862425,1.0,279862,close,1836.297186,,9662.149326235318,,,,281661,,2022-05-30 01:40:00,buy_cover,V4_75_reclaim_add1
,,0.3164181664117197,,,,,open,,102010.53204538565,,1,1836.297186,0.75,281661,1.0,2022-05-30 01:40:00,,V4_75_reclaim_add1
,1,0.3147853371260565,,,,,add,,34003.51068179522,,1,1846.11915,0.24907591675972163,281665,1.0,2022-05-30 02:00:00,,V4_75_reclaim_add1
1,,,136014.04272718087,1838.7428659327454,0.9990759167597216,281661,close,1916.876548,,5722.9315438804915,,,,282267,,2022-06-01 04:10:00,sell,V4_75_reclaim_add1
,,0.2876817234714306,,,,,open,,106302.73070329602,,-1,1916.876548,0.75,282267,1.0,2022-06-01 04:10:00,,V4_75_reclaim_add1
,1,0.28667846638042593,,,,,add,,35527.0184628838,,-1,1909.41804,0.25,282393,1.0,2022-06-01 14:40:00,,V4_75_reclaim_add1
1,,,141829.74916617983,1915.0027974296477,1.0,282267,close,1796.319192,,8790.000830117962,,,,283346,,2022-06-04 22:05:00,buy_cover,V4_75_reclaim_add1
,,0.24439720741391124,,,,,open,,112873.95686350956,,1,1796.319192,0.75,283346,1.0,2022-06-04 22:05:00,,V4_75_reclaim_add1
,1,0.24003511232721753,,,,,add,,37624.65228783652,,1,1813.782684,0.24826499780635491,283349,1.0,2022-06-04 22:20:00,,V4_75_reclaim_add1
1,,,150498.60915134609,1800.653462253298,0.9982649978063549,283346,close,1780.423844,,-1750.308587237174,,,,283952,,2022-06-07 00:35:00,sell,V4_75_reclaim_add1
,,0.2516242714754533,,,,,open,,111561.22542308169,,-1,1780.423844,0.75,283952,1.0,2022-06-07 00:35:00,,V4_75_reclaim_add1
,1,0.23898984464016426,,,,,add,,37942.566496620886,,-1,1731.483634,0.25,283968,1.0,2022-06-07 01:55:00,,V4_75_reclaim_add1
1,,,149503.79191970258,1767.743205836804,1.0,283952,close,1248.729696,,43894.664671624516,,,,286538,,2022-06-16 00:05:00,buy_cover,V4_75_reclaim_add1
,,0.0911967926642756,,,,,open,,144459.7983580121,,1,1141.5282599999998,0.75,288796,1.0,2022-06-23 20:15:00,,V4_75_reclaim_add1
,1,0.08900386421152229,,,,,add,,48153.26611933738,,1,1146.3092159999999,0.24929202098091396,288823,1.0,2022-06-23 22:30:00,,V4_75_reclaim_add1
1,,,192613.0644773495,1142.7197563255695,0.999292020980914,288796,close,1192.91137,,8379.711239655386,,,,289870,,2022-06-27 13:45:00,sell,V4_75_reclaim_add1
,,0.06408032216788195,,,,,open,,150744.58178775365,,-1,1192.91137,0.75,289870,1.0,2022-06-27 13:45:00,,V4_75_reclaim_add1
,1,0.057571260632181986,,,,,add,,50552.13222639581,,-1,1182.81339,0.25,289873,1.0,2022-06-27 14:00:00,,V4_75_reclaim_add1
1,,,201296.71401414945,1190.3592615700938,1.0,289870,close,1092.208398,,16597.89254092012,,,,291864,,2022-07-04 11:55:00,buy_cover,V4_75_reclaim_add1
,,0.06808259728640909,,,,,open,,163162.80668634162,,1,1092.208398,0.75,291864,1.0,2022-07-04 11:55:00,,V4_75_reclaim_add1
,1,0.058018220509835294,,,,,add,,54387.60222878054,,1,1106.851326,0.247585772339329,291866,1.0,2022-07-04 12:05:00,,V4_75_reclaim_add1
1,,,217550.40891512216,1095.8326876331541,0.997585772339329,291864,close,1188.502252,,18302.874636192893,,,,293479,,2022-07-10 02:30:00,sell,V4_75_reclaim_add1
,,0.06750862880451836,,,,,open,,176889.96266348628,,-1,1188.502252,0.75,293479,1.0,2022-07-10 02:30:00,,V4_75_reclaim_add1
,1,0.06364467491799886,,,,,add,,59165.862677724195,,-1,1182.583436,0.25,293579,1.0,2022-07-10 10:50:00,,V4_75_reclaim_add1
1,,,236055.82534121047,1187.0131821570878,1.0,293479,close,1099.829922,,17337.74074839693,,,,294463,,2022-07-13 12:30:00,buy_cover,V4_75_reclaim_add1
,,0.04677131644290855,,,,,open,,189857.8598509828,,1,1099.829922,0.75,294463,1.0,2022-07-13 12:30:00,,V4_75_reclaim_add1
,1,0.03951814709065793,,,,,add,,63285.95328366093,,1,1111.3422239999998,0.24812727648975108,294593,1.0,2022-07-13 23:20:00,,V4_75_reclaim_add1
1,,,253143.81313464371,1102.6855791333035,0.9981272764897511,294463,close,1481.893562,,86918.80867782293,,,,296666,,2022-07-21 04:05:00,sell,V4_75_reclaim_add1
,,0.07984856947806107,,,,,open,,255046.96635935,,-1,1481.893562,0.75,296666,1.0,2022-07-21 04:05:00,,V4_75_reclaim_add1
0,,,255046.96635935,1481.893562,0.75,296666,close,1606.881312,,-21511.484288621665,,,,297550,,2022-07-24 05:45:00,buy_cover,V4_75_reclaim_add1
,,0.13901027035467406,,,,,open,,238875.0960979298,,1,1606.881312,0.75,297550,1.0,2022-07-24 05:45:00,,V4_75_reclaim_add1
,1,0.13444791056974126,,,,,add,,79625.03203264327,,1,1618.603656,0.24871434840262574,297559,1.0,2022-07-24 06:30:00,,V4_75_reclaim_add1
1,,,318500.1281305731,1609.795951083889,0.9987143484026257,297550,close,1479.1741060000002,,-25960.745136650105,,,,297999,,2022-07-25 19:10:00,sell,V4_75_reclaim_add1
,,0.20899509082776302,,,,,open,,219404.53724544222,,-1,1670.405852,0.75,299769,1.0,2022-07-31 22:40:00,,V4_75_reclaim_add1
,1,0.20844765581431512,,,,,add,,73162.47926366229,,-1,1668.896154,0.25,299771,1.0,2022-07-31 22:50:00,,V4_75_reclaim_add1
1,,,292567.0165091045,1670.0280644980403,1.0,299769,close,1681.2261780000001,,-1961.750854726124,,,,300509,,2022-08-03 12:20:00,buy_cover,V4_75_reclaim_add1
,,0.21386652029093312,,,,,open,,217889.33905192127,,1,1681.2261780000001,0.75,300509,1.0,2022-08-03 12:20:00,,V4_75_reclaim_add1
,1,0.2085655090641816,,,,,add,,72629.77968397376,,1,1699.63986,0.24803773055089984,301073,1.0,2022-08-05 11:20:00,,V4_75_reclaim_add1
1,,,290519.118735895,1685.7920922615394,0.9980377305508998,300509,close,1711.05772,,4236.1865553286625,,,,302229,,2022-08-09 11:40:00,sell,V4_75_reclaim_add1
,,0.20581525293977565,,,,,open,,221066.47896841777,,-1,1711.05772,0.75,302229,1.0,2022-08-09 11:40:00,,V4_75_reclaim_add1
,1,0.19796147717107515,,,,,add,,74078.45825251329,,-1,1698.3102700000002,0.25,302231,1.0,2022-08-09 11:50:00,,V4_75_reclaim_add1
1,,,295144.93722093105,1707.8402824105262,1.0,302229,close,1891.82829,,-31796.36127226823,,,,302683,,2022-08-11 01:30:00,buy_cover,V4_75_reclaim_add1
,,0.28738370788936496,,,,,open,,197174.93627363344,,1,1891.82829,0.75,302683,1.0,2022-08-11 01:30:00,,V4_75_reclaim_add1
,1,0.28488254200639174,,,,,add,,65724.97875787783,,1,1909.471818,0.24833814683911237,302687,1.0,2022-08-11 01:50:00,,V4_75_reclaim_add1
1,,,262899.9150315113,1896.208533798906,0.9983381468391124,302683,close,1958.368248,,8509.539931938692,,,,303731,,2022-08-14 16:50:00,sell,V4_75_reclaim_add1
,,0.26704586029633914,,,,,open,,203557.09122258748,,-1,1958.368248,0.75,303731,1.0,2022-08-14 16:50:00,,V4_75_reclaim_add1
,1,0.26147936125473736,,,,,add,,68275.49262750101,,-1,1941.301662,0.25,303733,1.0,2022-08-14 17:00:00,,V4_75_reclaim_add1
1,,,271832.5838500885,1954.0535201207852,1.0,303731,close,1919.6938619999999,,4779.856551736186,,,,304463,,2022-08-17 05:50:00,buy_cover,V4_75_reclaim_add1
,,0.2537023908615712,,,,,open,,207101.2087488121,,1,1919.6938619999999,0.75,304463,1.0,2022-08-17 05:50:00,,V4_75_reclaim_add1
,1,0.2476462319559135,,,,,add,,69033.73624960403,,1,1941.968316,0.24791775712827846,304466,1.0,2022-08-17 06:05:00,,V4_75_reclaim_add1
1,,,276134.9449984161,1925.2144335751752,0.9979177571282785,304463,close,1821.865554,,-14927.921196995478,,,,304974,,2022-08-19 00:25:00,sell,V4_75_reclaim_add1
,,0.29497999680588616,,,,,open,,195905.2678510655,,-1,1821.865554,0.7500000000000001,304974,1.0,2022-08-19 00:25:00,,V4_75_reclaim_add1
,1,0.28953496040776594,,,,,add,,65585.07070565317,,-1,1810.597808,0.2499999999999999,304987,1.0,2022-08-19 01:30:00,,V4_75_reclaim_add1
1,,,261490.33855671866,1819.02630565344,1.0,304974,close,1643.248584,,25268.569778665405,,,,305802,,2022-08-21 21:25:00,buy_cover,V4_75_reclaim_add1
,,0.2252319990243915,,,,,open,,214817.47163428104,,1,1643.248584,0.75,305802,1.0,2022-08-21 21:25:00,,V4_75_reclaim_add1
,1,0.21966857502196668,,,,,add,,71605.82387809368,,1,1660.552044,0.24811570376470382,306342,1.0,2022-08-23 18:25:00,,V4_75_reclaim_add1
1,,,286423.2955123747,1647.5405530715896,0.9981157037647038,305802,close,1653.579218,,934.8381791022839,,,,307070,,2022-08-26 07:05:00,sell,V4_75_reclaim_add1
,,0.22281611037705196,,,,,open,,215518.60026860776,,-1,1653.579218,0.75,307070,1.0,2022-08-26 07:05:00,,V4_75_reclaim_add1
,1,0.2171529125679158,,,,,add,,72478.32009810802,,-1,1633.313272,0.25,307119,1.0,2022-08-26 11:10:00,,V4_75_reclaim_add1
1,,,287996.92036671576,1648.4318093101786,1.0,307070,close,1510.4720340000001,,24102.912598425173,,,,308019,,2022-08-29 14:10:00,buy_cover,V4_75_reclaim_add1
,,0.15784901769626136,,,,,open,,233552.58517937164,,1,1510.4720340000001,0.75,308019,1.0,2022-08-29 14:10:00,,V4_75_reclaim_add1
,1,0.1516486909697825,,,,,add,,77850.8617264572,,1,1527.075354,0.24803042315624868,308022,1.0,2022-08-29 14:25:00,,V4_75_reclaim_add1
1,,,311403.44690582884,1514.5889239272965,0.9980304231562487,308019,close,1519.925954,,972.3195499289432,,,,308891,,2022-09-01 14:50:00,sell,V4_75_reclaim_add1
,,0.15357031725751336,,,,,open,,234281.82484181834,,-1,1519.925954,0.75,308891,1.0,2022-09-01 14:50:00,,V4_75_reclaim_add1
0,,,234281.82484181834,1519.925954,0.75,308891,close,1574.194776,,-8365.002166392951,,,,309722,,2022-09-04 12:05:00,buy_cover,V4_75_reclaim_add1
,,0.17826837793116024,,,,,open,,227972.93094329734,,1,1574.194776,0.75,309722,1.0,2022-09-04 12:05:00,,V4_75_reclaim_add1
,1,0.17650265342548677,,,,,add,,75990.26469004217,,1,1574.8048979999999,0.25,309835,1.0,2022-09-04 21:30:00,,V4_75_reclaim_add1
1,,,303963.1956333395,1574.347261102789,1.0,309722,close,1559.867964,,-2916.0094129524077,,,,310395,,2022-09-06 20:10:00,sell,V4_75_reclaim_add1
,,0.18598869259430828,,,,,open,,225785.92388358305,,-1,1707.098512,0.75,312072,1.0,2022-09-12 15:55:00,,V4_75_reclaim_add1
,1,0.1774369742430807,,,,,add,,76034.13752128786,,-1,1683.0633200000002,0.25,312174,1.0,2022-09-13 00:25:00,,V4_75_reclaim_add1
1,,,301820.06140487094,1700.9791428922297,1.0,312072,close,1631.57625,,12314.792441539816,,,,312729,,2022-09-14 22:40:00,buy_cover,V4_75_reclaim_add1
,,0.15272300303993047,,,,,open,,234976.74520552714,,1,1631.57625,0.75,312729,1.0,2022-09-14 22:40:00,,V4_75_reclaim_add1
,1,0.14732995686876238,,,,,add,,78325.58173517571,,1,1645.749084,0.2484564896340563,312731,1.0,2022-09-14 22:50:00,,V4_75_reclaim_add1
1,,,313302.32694070286,1635.096524116446,0.9984564896340563,312729,close,1422.985346,,-40751.86798227701,,,,313231,,2022-09-16 16:30:00,sell,V4_75_reclaim_add1
,,0.26326679385534457,,,,,open,,204412.8442188194,,-1,1422.985346,0.75,313231,1.0,2022-09-16 16:30:00,,V4_75_reclaim_add1
,1,0.2626278707376132,,,,,add,,68142.66635523083,,-1,1422.275488,0.25,313449,1.0,2022-09-17 10:40:00,,V4_75_reclaim_add1
1,,,272555.51057405025,1422.8078052088772,1.0,313231,close,1356.501246,,12701.808931815962,,,,315107,,2022-09-23 04:50:00,buy_cover,V4_75_reclaim_add1
,,0.22807058184240891,,,,,open,,213898.31759109526,,1,1356.501246,0.75,315107,1.0,2022-09-23 04:50:00,,V4_75_reclaim_add1
0,,,213898.31759109526,1356.501246,0.75,315107,close,1303.549238,,-8431.886885825079,,,,315789,,2022-09-25 13:40:00,sell,V4_75_reclaim_add1
,,0.25125270133140964,,,,,open,,207574.40242672645,,-1,1303.549238,0.75,315789,1.0,2022-09-25 13:40:00,,V4_75_reclaim_add1
,1,0.24507701739065268,,,,,add,,69774.49887051842,,-1,1288.382272,0.25,315830,1.0,2022-09-25 17:05:00,,V4_75_reclaim_add1
1,,,277348.9012972449,1299.7000653625907,1.0,315789,close,1386.92733,,-18613.81042332208,,,,316243,,2022-09-27 03:30:00,buy_cover,V4_75_reclaim_add1
,,0.30212586283966614,,,,,open,,193572.44227404028,,-1,1307.948358,0.75,317554,1.0,2022-10-01 16:45:00,,V4_75_reclaim_add1
,1,0.30098691182707604,,,,,add,,64642.76978802376,,-1,1304.219104,0.25,317595,1.0,2022-10-01 20:10:00,,V4_75_reclaim_add1
1,,,258215.21206206403,1307.0127598229947,1.0,317554,close,1316.0931659999999,,-1793.9269495055196,,,,318102,,2022-10-03 14:25:00,buy_cover,V4_75_reclaim_add1
,,0.3070761290997953,,,,,open,,192188.26478010183,,1,1316.0931659999999,0.75,318102,1.0,2022-10-03 14:25:00,,V4_75_reclaim_add1
,1,0.3041855206883821,,,,,add,,64062.75492670061,,1,1325.2649999999999,0.2487748562941774,318111,1.0,2022-10-03 15:10:00,,V4_75_reclaim_add1
1,,,256251.01970680244,1318.374202119516,0.9987748562941774,318102,close,1324.864974,,1158.6098167713499,,,,318664,,2022-10-05 13:15:00,sell,V4_75_reclaim_add1
,,0.30448253449995066,,,,,open,,193057.22214268034,,-1,1324.864974,0.75,318664,1.0,2022-10-05 13:15:00,,V4_75_reclaim_add1
,1,0.3035579252762449,,,,,add,,64388.09935804368,,-1,1323.355276,0.25,318667,1.0,2022-10-05 13:30:00,,V4_75_reclaim_add1
1,,,257445.321500724,1324.4870695978213,1.0,318664,close,1331.0761619999998,,-1280.7352700081246,,,,319955,,2022-10-10 00:50:00,buy_cover,V4_75_reclaim_add1
,,0.3082700476937966,,,,,open,,192058.05389194915,,1,1331.0761619999998,0.75,319955,1.0,2022-10-10 00:50:00,,V4_75_reclaim_add1
,1,0.3069507299988449,,,,,add,,64019.351297316374,,1,1334.2667999999999,0.24962627992456776,319957,1.0,2022-10-10 01:00:00,,V4_75_reclaim_add1
1,,,256077.40518926553,1331.8723900592745,0.9996262799245678,319955,close,1278.314286,,-10395.850447799574,,,,320900,,2022-10-13 07:35:00,sell,V4_75_reclaim_add1
,,0.33569520143000964,,,,,open,,184261.16605609946,,1,1294.848918,0.75,321908,1.0,2022-10-16 19:35:00,,V4_75_reclaim_add1
,1,0.333324654055715,,,,,add,,61420.38868536649,,1,1301.740296,0.24908087292114844,321910,1.0,2022-10-16 19:45:00,,V4_75_reclaim_add1
1,,,245681.55474146595,1296.5649129154015,0.9990808729211484,321908,close,1305.068934,,1512.4899505135254,,,,322432,,2022-10-18 15:15:00,sell,V4_75_reclaim_add1
,,0.33153788165043085,,,,,open,,185395.53351898462,,-1,1305.068934,0.7500000000000001,322432,1.0,2022-10-18 15:15:00,,V4_75_reclaim_add1
,1,0.3279387995526126,,,,,add,,62129.009428950085,,-1,1295.2409,0.2499999999999999,322474,1.0,2022-10-18 18:45:00,,V4_75_reclaim_add1
1,,,247524.5429479347,1302.5880905149797,1.0,322432,close,1309.0417559999999,,-1226.3490280250262,,,,322997,,2022-10-20 14:20:00,buy_cover,V4_75_reclaim_add1
,,0.3348894291149468,,,,,open,,184438.64306652365,,1,1309.0417559999999,0.75,322997,1.0,2022-10-20 14:20:00,,V4_75_reclaim_add1
,1,0.3337426415723346,,,,,add,,61479.54768884121,,1,1315.172982,0.24919970297789718,323561,1.0,2022-10-22 13:20:00,,V4_75_reclaim_add1
1,,,245918.19075536486,1310.5691968850997,0.9991997029778972,322997,close,1488.7022,,33313.556435572886,,,,325224,,2022-10-28 07:55:00,sell,V4_75_reclaim_add1
,,0.24444758557596302,,,,,open,,209423.8103932033,,-1,1488.7022,0.75,325224,1.0,2022-10-28 07:55:00,,V4_75_reclaim_add1
0,,,209423.8103932033,1488.7022,0.75,325224,close,1612.792494,,-17456.44541400351,,,,326789,,2022-11-02 18:20:00,buy_cover,V4_75_reclaim_add1
,,0.29213346900968384,,,,,open,,196300.0627611417,,1,1612.792494,0.7499999999999999,326789,1.0,2022-11-02 18:20:00,,V4_75_reclaim_add1
,1,0.28930285180577764,,,,,add,,65433.354253713915,,1,1623.244584,0.2488655038704567,327307,1.0,2022-11-04 13:30:00,,V4_75_reclaim_add1
1,,,261733.4170148556,1615.3928771930516,0.9988655038704566,326789,close,1618.366262,,376.8859605274047,,,,327744,,2022-11-06 01:55:00,sell,V4_75_reclaim_add1
,,0.2915282608653582,,,,,open,,196582.72723153725,,-1,1618.366262,0.75,327744,1.0,2022-11-06 01:55:00,,V4_75_reclaim_add1
,1,0.2899850003844683,,,,,add,,65586.24986278768,,-1,1615.786778,0.25,327748,1.0,2022-11-06 02:15:00,,V4_75_reclaim_add1
1,,,262168.97709432495,1617.7201858747057,1.0,327744,close,1325.36502,,47379.31154821688,,,,329053,,2022-11-10 15:00:00,buy_cover,V4_75_reclaim_add1
,,0.1633046924095941,,,,,open,,232077.88554613577,,-1,1241.9215660000002,0.75,329822,1.0,2022-11-13 07:05:00,,V4_75_reclaim_add1
,1,0.16294948303103662,,,,,add,,77376.72349008475,,-1,1241.0517399999999,0.25,329844,1.0,2022-11-13 08:55:00,,V4_75_reclaim_add1
1,,,309454.6090362205,1241.7039584582008,1.0,329822,close,1217.463444,,6041.177483077918,,,,331730,,2022-11-19 22:05:00,buy_cover,V4_75_reclaim_add1
,,0.146578924980998,,,,,open,,236562.3504670888,,1,1217.463444,0.75,331730,1.0,2022-11-19 22:05:00,,V4_75_reclaim_add1
,1,0.14511319946875023,,,,,add,,78854.11682236294,,1,1221.674286,0.24942804943129981,331732,1.0,2022-11-19 22:15:00,,V4_75_reclaim_add1
1,,,315416.46728945174,1218.5134308072052,0.9994280494312998,331730,close,1100.37988,,-30693.206663996214,,,,332258,,2022-11-21 18:05:00,sell,V4_75_reclaim_add1
,,0.23045107108902363,,,,,open,,213542.44546909165,,-1,1100.37988,0.75,332258,1.0,2022-11-21 18:05:00,,V4_75_reclaim_add1
,1,0.22079109795872154,,,,,add,,71942.83145841106,,-1,1084.2331100000001,0.25,332276,1.0,2022-11-21 19:35:00,,V4_75_reclaim_add1
1,,,285485.2769275027,1096.2657062127473,1.0,332258,close,1173.78471,,-20187.187042338366,,,,332748,,2022-11-23 10:55:00,buy_cover,V4_75_reclaim_add1
,,0.28486835972225155,,,,,open,,198359.23239579878,,-1,1193.541244,0.75,334054,1.0,2022-11-27 23:45:00,,V4_75_reclaim_add1
,1,0.28364069091467436,,,,,add,,66186.72713590505,,-1,1191.4516620000002,0.25,334056,1.0,2022-11-27 23:55:00,,V4_75_reclaim_add1
1,,,264545.95953170385,1193.0177645047168,1.0,334054,close,1230.2560019999999,,-8257.389407087932,,,,334641,,2022-11-30 00:40:00,buy_cover,V4_75_reclaim_add1
,,0.30825992732461005,,,,,open,,192126.50844655308,,1,1230.2560019999999,0.7500000000000001,334641,1.0,2022-11-30 00:40:00,,V4_75_reclaim_add1
,1,0.2830008862497355,,,,,add,,64042.16948218434,,1,1288.697688,0.2414727354465539,334862,1.0,2022-11-30 19:05:00,,V4_75_reclaim_add1
1,,,256168.67792873742,1244.3637944681736,0.991472735446554,334641,close,1266.39667,,4431.486300583609,,,,335631,,2022-12-03 11:10:00,sell,V4_75_reclaim_add1
,,0.2968608932665686,,,,,open,,195450.12317199077,,-1,1266.39667,0.75,335631,1.0,2022-12-03 11:10:00,,V4_75_reclaim_add1
,1,0.29490020920298854,,,,,add,,65189.90337728419,,-1,1264.856978,0.25,335704,1.0,2022-12-03 17:15:00,,V4_75_reclaim_add1
1,,,260640.02654927495,1266.011218968127,1.0,335631,close,1288.167582,,-4561.430050871364,,,,336080,,2022-12-05 00:35:00,buy_cover,V4_75_reclaim_add1
,,0.3076741736767421,,,,,open,,191989.95462985485,,1,1288.167582,0.75,336080,1.0,2022-12-05 00:35:00,,V4_75_reclaim_add1
,1,0.3028572168232846,,,,,add,,63996.65154328494,,1,1302.430434,0.248015653866696,336133,1.0,2022-12-05 05:00:00,,V4_75_reclaim_add1
1,,,255986.6061731398,1291.7039286410727,0.998015653866696,336080,close,1229.414068,,-12441.893605457852,,,,336736,,2022-12-07 07:15:00,sell,V4_75_reclaim_add1
,,0.3414730650198312,,,,,open,,182658.53442576146,,1,1279.2858059999999,0.75,338497,1.0,2022-12-13 10:00:00,,V4_75_reclaim_add1
,1,0.34074805835361044,,,,,add,,60886.17814192048,,1,1282.176384,0.24965197868491185,338499,1.0,2022-12-13 10:10:00,,V4_75_reclaim_add1
1,,,243544.71256768194,1280.0072279469168,0.9996519786849118,338497,close,1294.301088,,2621.1715833187627,,,,338974,,2022-12-15 01:45:00,sell,V4_75_reclaim_add1
,,0.33275106492736506,,,,,open,,184624.4131132505,,-1,1294.301088,0.7499999999999999,338974,1.0,2022-12-15 01:45:00,,V4_75_reclaim_add1
,1,0.33037044649936864,,,,,add,,61889.17407402836,,-1,1284.033142,0.25,338976,1.0,2022-12-15 01:55:00,,V4_75_reclaim_add1
1,,,246513.58718727887,1291.7078315853532,0.9999999999999999,338974,close,1200.1599840000001,,17471.288467819482,,,,340449,,2022-12-20 04:40:00,buy_cover,V4_75_reclaim_add1
,,0.2870861177271088,,,,,open,,197690.90242603704,,1,1200.1599840000001,0.75,340449,1.0,2022-12-20 04:40:00,,V4_75_reclaim_add1
,1,0.2767375554432385,,,,,add,,65896.96747534568,,1,1225.505052,0.2461763200403525,340580,1.0,2022-12-20 15:35:00,,V4_75_reclaim_add1
1,,,263587.8699013827,1206.3974584128146,0.9961763200403525,340449,close,1199.290094,,-1657.7038653524942,,,,341144,,2022-12-22 14:35:00,sell,V4_75_reclaim_add1
,,0.29141180089064034,,,,,open,,196447.62452702265,,-1,1199.290094,0.7499999999999999,341144,1.0,2022-12-22 14:35:00,,V4_75_reclaim_add1
,1,0.2900374891986661,,,,,add,,65642.22544100774,,-1,1194.9109700000001,0.25,341147,1.0,2022-12-22 14:50:00,,V4_75_reclaim_add1
1,,,262089.8499680304,1198.1903019172819,0.9999999999999999,341144,close,1230.0859679999999,,-6976.786099129298,,,,342408,,2022-12-26 23:55:00,buy_cover,V4_75_reclaim_add1
,,0.31076660446522564,,,,,open,,191175.72147518047,,-1,1209.748002,0.7499999999999999,344605,1.0,2023-01-03 15:00:00,,V4_75_reclaim_add1
,1,0.30982844012490385,,,,,add,,63780.77686580782,,-1,1207.85838,0.25,344609,1.0,2023-01-03 15:20:00,,V4_75_reclaim_add1
1,,,254956.4983409883,1209.2747334801606,0.9999999999999999,344605,close,1258.931736,,-10469.384905793588,,,,345478,,2023-01-06 15:45:00,buy_cover,V4_75_reclaim_add1
,,0.33906381158140464,,,,,open,,183285.43932108415,,1,1258.931736,0.75,345478,1.0,2023-01-06 15:45:00,,V4_75_reclaim_add1
,1,0.33527458928272214,,,,,add,,61095.14644036139,,1,1269.3638219999998,0.2485305831402118,345510,1.0,2023-01-06 18:25:00,,V4_75_reclaim_add1
1,,,244380.58576144555,1261.5236491637088,0.9985305831402118,345478,close,1511.387662,,48286.20304606328,,,,355572,,2023-02-11 00:05:00,sell,V4_75_reclaim_add1
,,0.2081716143911576,,,,,open,,219500.09160563163,,-1,1511.387662,0.75,355572,1.0,2023-02-11 00:05:00,,V4_75_reclaim_add1
,1,0.20733717078074887,,,,,add,,73266.35369055663,,-1,1508.0383319999999,0.25,355574,1.0,2023-02-11 00:15:00,,V4_75_reclaim_add1
1,,,292766.44529618823,1510.5480794757138,1.0,355572,close,1537.567452,,-5236.740061188932,,,,355860,,2023-02-12 00:05:00,buy_cover,V4_75_reclaim_add1
,,0.22296867745980564,,,,,open,,215528.62159294554,,1,1548.099558,0.75,356059,1.0,2023-02-12 16:40:00,,V4_75_reclaim_add1
,1,0.22090588834056268,,,,,add,,71842.87386431516,,1,1555.4310239999998,0.2491900133526448,356615,1.0,2023-02-14 15:00:00,,V4_75_reclaim_add1
1,,,287371.4954572607,1549.9259374951255,0.9991900133526448,356059,close,1564.277082,,2544.841844290786,,,,362196,,2023-03-06 00:05:00,sell,V4_75_reclaim_add1
,,0.21608761286159817,,,,,open,,217437.2529761636,,-1,1532.313476,0.75,363060,1.0,2023-03-09 00:05:00,,V4_75_reclaim_add1
,1,0.20600357345869047,,,,,add,,73394.41114328266,,-1,1505.89876,0.25,363282,1.0,2023-03-09 18:35:00,,V4_75_reclaim_add1
1,,,290831.6641194463,1525.5604117397456,1.0,363060,close,1578.505638,,-10093.425195606309,,,,364212,,2023-03-13 00:05:00,buy_cover,V4_75_reclaim_add1
,,0.2435367674086507,,,,,open,,209823.55932984094,,1,1576.855308,0.75,364213,1.0,2023-03-13 00:10:00,,V4_75_reclaim_add1
,1,0.24102615529748406,,,,,add,,69941.18644328031,,1,1584.71688,0.24914350302541077,364215,1.0,2023-03-13 00:20:00,,V4_75_reclaim_add1
1,,,279764.74577312125,1578.8133793774784,0.9991435030254108,364213,close,1839.3320600000002,,46033.38930337224,,,,381204,,2023-05-11 00:05:00,sell,V4_75_reclaim_add1
,,0.13900124372591693,,,,,open,,244348.60130737012,,1,1853.100546,0.75,384948,1.0,2023-05-24 00:05:00,,V4_75_reclaim_add1
0,,,244348.60130737012,1853.100546,0.75,384948,close,1826.914544,,-3549.217405381525,,,,385812,,2023-05-27 00:05:00,sell,V4_75_reclaim_add1
,,0.14838089155926726,,,,,open,,241686.688253334,,1,1910.2219679999998,0.75,386388,1.0,2023-05-29 00:05:00,,V4_75_reclaim_add1
,1,0.1470517457320104,,,,,add,,80562.229417778,,1,1915.7130659999998,0.24953707440337547,386390,1.0,2023-05-29 00:15:00,,V4_75_reclaim_add1
1,,,322248.917671112,1911.5917892479008,0.9995370744033755,386388,close,1839.392048,,-12295.178151759086,,,,389844,,2023-06-10 00:05:00,sell,V4_75_reclaim_add1
,,0.18087381265701186,,,,,open,,232465.30463951468,,-1,1721.8555600000002,0.75,392436,1.0,2023-06-19 00:05:00,,V4_75_reclaim_add1
,1,0.18072359037446017,,,,,add,,77456.41454563398,,-1,1722.115508,0.25,392444,1.0,2023-06-19 00:45:00,,V4_75_reclaim_add1
1,,,309921.71918514866,1721.9205195011723,1.0,392436,close,1735.1169539999999,,-2375.161983758968,,,,392724,,2023-06-20 00:05:00,buy_cover,V4_75_reclaim_add1
,,0.1873145492082675,,,,,open,,230637.4448938177,,1,1889.1477539999998,0.75,393300,1.0,2023-06-22 00:05:00,,V4_75_reclaim_add1
,1,0.18660025779419165,,,,,add,,76879.14829793922,,1,1892.618448,0.24973094243263516,393304,1.0,2023-06-22 00:25:00,,V4_75_reclaim_add1
1,,,307516.5931917569,1890.0142335943658,0.9997309424326352,393300,close,1830.393848,,-9819.706968310988,,,,405972,,2023-08-05 00:05:00,sell,V4_75_reclaim_add1
,,0.21326545124368468,,,,,open,,223272.66466758447,,-1,1687.652402,0.75,409716,1.0,2023-08-18 00:05:00,,V4_75_reclaim_add1
,1,0.21284430200793092,,,,,add,,74482.57979431315,,-1,1685.21289,0.25,409730,1.0,2023-08-18 01:15:00,,V4_75_reclaim_add1
1,,,297755.24446189764,1687.0415032390804,1.0,409716,close,1641.9183179999998,,7964.051021600433,,,,415082,,2023-09-05 15:15:00,buy_cover,V4_75_reclaim_add1
,,0.19183068308386098,,,,,open,,229201.0396471155,,1,1641.9183179999998,0.75,415082,1.0,2023-09-05 15:15:00,,V4_75_reclaim_add1
,1,0.19003264301253142,,,,,add,,76400.34654903848,,1,1647.6594659999998,0.24942097700620358,415403,1.0,2023-09-06 18:00:00,,V4_75_reclaim_add1
1,,,305601.386196154,1643.3498508659056,0.9994209770062036,415082,close,1618.866162,,-4673.454383878678,,,,415885,,2023-09-08 10:10:00,sell,V4_75_reclaim_add1
,,0.2047266478131684,,,,,open,,225695.9488592065,,1,1623.294594,0.75,417501,1.0,2023-09-14 00:50:00,,V4_75_reclaim_add1
,1,0.20045765812344185,,,,,add,,75231.98295306883,,1,1633.886712,0.24885727014671033,417503,1.0,2023-09-14 01:00:00,,V4_75_reclaim_add1
1,,,300927.9318122753,1625.9297276675725,0.9988572701467103,417501,close,1614.2970759999998,,-2272.4753386463854,,,,417955,,2023-09-15 14:40:00,sell,V4_75_reclaim_add1
,,0.21024035273339692,,,,,open,,223991.59235522168,,-1,1614.2970759999998,0.75,417955,1.0,2023-09-15 14:40:00,,V4_75_reclaim_add1
,1,0.2101954158881585,,,,,add,,74681.34900792752,,-1,1613.147306,0.25,417957,1.0,2023-09-15 14:50:00,,V4_75_reclaim_add1
1,,,298672.9413631492,1614.0094293711977,1.0,417955,close,1648.6596659999998,,-6412.024742931069,,,,418770,,2023-09-18 10:35:00,buy_cover,V4_75_reclaim_add1
,,0.22783535951141676,,,,,open,,219137.77285681892,,1,1594.838904,0.75,420483,1.0,2023-09-24 09:20:00,,V4_75_reclaim_add1
,1,0.22741347101236298,,,,,add,,73045.9242856063,,1,1596.559248,0.24987287534037306,420527,1.0,2023-09-24 13:00:00,,V4_75_reclaim_add1
1,,,292183.6971424252,1595.2686423327089,0.9998728753403731,420483,close,1652.8293680000002,,10421.53816197149,,,,422900,,2023-10-02 18:45:00,sell,V4_75_reclaim_add1
,,0.19881738710927332,,,,,open,,226953.92647829754,,-1,1652.8293680000002,0.75,422900,1.0,2023-10-02 18:45:00,,V4_75_reclaim_add1
,1,0.198371552654791,,,,,add,,75833.16795355387,,-1,1646.87056,0.25,423141,1.0,2023-10-03 14:50:00,,V4_75_reclaim_add1
1,,,302787.0944318514,1651.3329379926206,1.0,422900,close,1653.1205579999998,,-327.7644585093367,,,,424061,,2023-10-06 19:30:00,buy_cover,V4_75_reclaim_add1
,,0.20177035708462143,,,,,open,,226662.68507025077,,1,1653.1205579999998,0.75,424061,1.0,2023-10-06 19:30:00,,V4_75_reclaim_add1
,1,0.20006355433293865,,,,,add,,75554.22835675027,,1,1657.28139,0.24960387311590693,424087,1.0,2023-10-06 21:40:00,,V4_75_reclaim_add1
1,,,302216.91342700104,1654.1588060813087,0.9996038731159069,424061,close,1626.07472,,-5249.820655698946,,,,424516,,2023-10-08 09:25:00,sell,V4_75_reclaim_add1
,,0.2148704320782998,,,,,open,,222725.31957847657,,-1,1626.07472,0.75,424516,1.0,2023-10-08 09:25:00,,V4_75_reclaim_add1
,1,0.21517259162415447,,,,,add,,74285.57602160095,,-1,1624.1451060000002,0.25,424519,1.0,2023-10-08 09:40:00,,V4_75_reclaim_add1
1,,,297010.8956000775,1625.591673217622,1.0,424516,close,1555.921122,,12729.476682271226,,,,426094,,2023-10-13 20:55:00,buy_cover,V4_75_reclaim_add1
,,0.1817697495333982,,,,,open,,232227.87545583997,,1,1555.921122,0.75,426094,1.0,2023-10-13 20:55:00,,V4_75_reclaim_add1
,1,0.17628101442838628,,,,,add,,77409.2918186133,,1,1569.4538280000002,0.2484544602613239,426096,1.0,2023-10-13 21:05:00,,V4_75_reclaim_add1
1,,,309637.16727445327,1559.2823725098426,0.9984544602613239,426094,close,1572.455446,,2490.9769031625474,,,,427152,,2023-10-17 13:05:00,sell,V4_75_reclaim_add1
,,0.17635568789302136,,,,,open,,234096.10813321185,,-1,1572.455446,0.75,427152,1.0,2023-10-17 13:05:00,,V4_75_reclaim_add1
,1,0.17292430330796837,,,,,add,,78139.23633515723,,-1,1568.946148,0.25,427161,1.0,2023-10-17 13:50:00,,V4_75_reclaim_add1
1,,,312235.3444683691,1571.575745924978,1.0,427152,close,1577.495436,,-1176.0914308583015,,,,427888,,2023-10-20 02:25:00,buy_cover,V4_75_reclaim_add1
,,0.17823438956983162,,,,,open,,233167.20425839792,,1,1577.495436,0.75,427888,1.0,2023-10-20 02:25:00,,V4_75_reclaim_add1
,1,0.1774988051979045,,,,,add,,77722.40141946595,,1,1580.4360239999999,0.2497259093888462,427890,1.0,2023-10-20 02:35:00,,V4_75_reclaim_add1
1,,,310889.6056778639,1578.2295566516839,0.9997259093888462,427888,close,2233.033304,,128811.43619724264,,,,455796,,2024-01-25 00:05:00,sell,V4_75_reclaim_add1
,,0.17505313547477408,,,,,open,,329775.7814063299,,1,2311.052118,0.75,457236,1.0,2024-01-30 00:05:00,,V4_75_reclaim_add1
,1,0.17398366113996755,,,,,add,,109925.26046877663,,1,2315.232954,0.2497362002317851,457240,1.0,2024-01-30 00:25:00,,V4_75_reclaim_add1
1,,,439701.0418751065,2312.0959107857934,0.9997362002317851,457236,close,2298.5402,,-2752.7785104640643,,,,459252,,2024-02-06 00:05:00,sell,V4_75_reclaim_add1
,,0.18021777186329724,,,,,open,,327711.19752348185,,1,2377.7754600000003,0.75,459540,1.0,2024-02-07 00:05:00,,V4_75_reclaim_add1
,1,0.1798380275640462,,,,,add,,109186.38791963215,,1,2377.255356,0.25,459542,1.0,2024-02-07 00:15:00,,V4_75_reclaim_add1
1,,,436897.585443114,2377.6454579175547,1.0,459540,close,3321.8055059999997,,173247.35546125186,,,,476244,,2024-04-05 00:05:00,sell,V4_75_reclaim_add1
,,0.18827600412328271,,,,,open,,457646.71411942074,,1,3359.401746,0.75,476820,1.0,2024-04-07 00:05:00,,V4_75_reclaim_add1
,1,0.18766247034791628,,,,,add,,152548.90470647358,,1,3364.4627579999997,0.2497927970048821,476832,1.0,2024-04-07 01:05:00,,V4_75_reclaim_add1
1,,,610195.6188258943,3360.6655710150376,0.9997927970048821,476820,close,3139.372,,-40408.228795452975,,,,479124,,2024-04-15 00:05:00,sell,V4_75_reclaim_add1
,,0.24202979705817518,,,,,open,,427340.542522831,,-1,3048.8901,0.75,502452,1.0,2024-07-05 00:05:00,,V4_75_reclaim_add1
,1,0.23994562134176345,,,,,add,,142843.78584298436,,-1,3036.3426099999997,0.25,502486,1.0,2024-07-05 02:55:00,,V4_75_reclaim_add1
1,,,570184.3283658153,3045.7369505780493,1.0,502452,close,3098.409558,,-9860.675792726688,,,,504180,,2024-07-11 00:05:00,buy_cover,V4_75_reclaim_add1
,,0.2552988428641376,,,,,open,,419859.5080290311,,1,3487.957452,0.75,505620,1.0,2024-07-16 00:05:00,,V4_75_reclaim_add1
,1,0.25233466220710954,,,,,add,,139953.1693430104,,1,3513.082476,0.24873136513899308,505923,1.0,2024-07-17 01:20:00,,V4_75_reclaim_add1
1,,,559812.6773720415,3494.204955721674,0.9987313651389931,505620,close,3271.3156059999997,,-35919.11222783249,,,,508788,,2024-07-27 00:05:00,sell,V4_75_reclaim_add1
,,0.30308090554433464,,,,,open,,392920.1738581568,,-1,2991.741532,0.75,510804,1.0,2024-08-03 00:05:00,,V4_75_reclaim_add1
,1,0.30164802894910103,,,,,add,,131233.15475566388,,-1,2982.633354,0.25,510810,1.0,2024-08-03 00:35:00,,V4_75_reclaim_add1
1,,,524153.32861382066,2989.4558857820207,1.0,510804,close,2738.0174939999997,,44085.72410327289,,,,514048,,2024-08-14 06:25:00,buy_cover,V4_75_reclaim_add1
,,0.24717764140656662,,,,,open,,425905.84393631935,,1,2738.0174939999997,0.75,514048,1.0,2024-08-14 06:25:00,,V4_75_reclaim_add1
,1,0.2439156223427834,,,,,add,,141968.61464543978,,1,2739.507792,0.24997297282644848,514096,1.0,2024-08-14 10:25:00,,V4_75_reclaim_add1
1,,,567874.4585817591,2738.3899164683394,0.9999729728264485,514048,close,2544.34103,,-40451.98033878114,,,,514489,,2024-08-15 19:10:00,sell,V4_75_reclaim_add1
,,0.29970547013700877,,,,,open,,395566.8586822335,,-1,2544.34103,0.75,514489,1.0,2024-08-15 19:10:00,,V4_75_reclaim_add1
0,,,395566.8586822335,2544.34103,0.75,514489,close,2635.807056,,-14220.140479930444,,,,515159,,2024-08-18 03:00:00,buy_cover,V4_75_reclaim_add1
,,0.31740835032297476,,,,,open,,384842.4182934833,,-1,2552.629372,0.7500000000000001,516152,1.0,2024-08-21 13:45:00,,V4_75_reclaim_add1
0,,,384842.4182934833,2552.629372,0.7500000000000001,516152,close,2653.100514,,-15147.328804991615,,,,516626,,2024-08-23 05:15:00,buy_cover,V4_75_reclaim_add1
,,0.337261626064699,,,,,open,,373424.19532699557,,1,2653.100514,0.75,516626,1.0,2024-08-23 05:15:00,,V4_75_reclaim_add1
,1,0.3350140056632839,,,,,add,,124474.73177566519,,1,2670.534,0.24884874396559908,516628,1.0,2024-08-23 05:25:00,,V4_75_reclaim_add1
1,,,497898.92710266076,2657.437511736852,0.9988487439655991,516626,close,2733.4631980000004,,14039.37685834535,,,,517456,,2024-08-26 02:25:00,sell,V4_75_reclaim_add1
,,0.3188915414991239,,,,,open,,383953.7279707546,,-1,2733.4631980000004,0.7500000000000001,517456,1.0,2024-08-26 02:25:00,,V4_75_reclaim_add1
,1,0.31876670916552086,,,,,add,,128025.52701937081,,-1,2731.20365,0.2499999999999999,517513,1.0,2024-08-26 07:10:00,,V4_75_reclaim_add1
1,,,511979.2549901254,2732.8978249659012,1.0,517456,close,2556.081114,,33124.7438047473,,,,518370,,2024-08-29 06:35:00,buy_cover,V4_75_reclaim_add1
,,0.27448403808756283,,,,,open,,408720.4889360665,,1,2556.081114,0.75,518370,1.0,2024-08-29 06:35:00,,V4_75_reclaim_add1
,1,0.27421437216814104,,,,,add,,136240.16297868884,,1,2561.41218,0.24968448253075803,518427,1.0,2024-08-29 11:20:00,,V4_75_reclaim_add1
1,,,544960.6519147553,2557.411799002214,0.999684482530758,518370,close,2484.223056,,-15807.564698562725,,,,519181,,2024-09-01 02:10:00,sell,V4_75_reclaim_add1
,,0.2959387157187525,,,,,open,,396864.81541214447,,-1,2484.223056,0.75,519181,1.0,2024-09-01 02:10:00,,V4_75_reclaim_add1
,1,0.2942260135196815,,,,,add,,132720.1649642792,,-1,2472.415418,0.25,519221,1.0,2024-09-01 05:30:00,,V4_75_reclaim_add1
1,,,529584.9803764237,2481.2533466249083,1.0,519181,close,2542.038306,,-12973.583577273297,,,,519690,,2024-09-02 20:35:00,buy_cover,V4_75_reclaim_add1
,,0.31348357642717684,,,,,open,,387055.189982133,,1,2316.0331140000003,0.7499999999999999,521440,1.0,2024-09-08 22:25:00,,V4_75_reclaim_add1
,1,0.3132227234798153,,,,,add,,129018.39666071103,,1,2318.31357,0.24989048705985417,521556,1.0,2024-09-09 08:05:00,,V4_75_reclaim_add1
1,,,516073.586642844,2316.602807293422,0.9998904870598541,521440,close,2314.3170440000004,,-715.4085458798218,,,,522161,,2024-09-11 10:30:00,sell,V4_75_reclaim_add1
,,0.3140957705548907,,,,,open,,386518.63357272313,,-1,2314.3170440000004,0.75,522161,1.0,2024-09-11 10:30:00,,V4_75_reclaim_add1
,1,0.31401453507367516,,,,,add,,128879.37258458244,,-1,2312.43742,0.25,522164,1.0,2024-09-11 10:45:00,,V4_75_reclaim_add1
1,,,515398.00615730556,2313.8467426100297,1.0,522161,close,2383.196544,,-15447.306674982188,,,,522796,,2024-09-13 15:25:00,buy_cover,V4_75_reclaim_add1
,,0.3351214505150074,,,,,open,,374855.84386556287,,1,2345.1289319999996,0.75,523935,1.0,2024-09-17 14:20:00,,V4_75_reclaim_add1
,1,0.3329015601033616,,,,,add,,124951.94795518764,,1,2352.490404,0.2494877008644838,523937,1.0,2024-09-17 14:30:00,,V4_75_reclaim_add1
1,,,499807.7918207505,2346.9649774241293,0.9994877008644838,523935,close,2549.4100160000003,,42895.387718375016,,,,525467,,2024-09-22 22:00:00,sell,V4_75_reclaim_add1
,,0.2790192773317832,,,,,open,,407027.3846543442,,-1,2549.4100160000003,0.75,525467,1.0,2024-09-22 22:00:00,,V4_75_reclaim_add1
,1,0.2735340487580281,,,,,add,,136502.24729907946,,-1,2527.684362,0.25,525469,1.0,2024-09-22 22:10:00,,V4_75_reclaim_add1
1,,,543529.6319534236,2543.9187834674553,1.0,525467,close,2637.987492,,-20098.547762740287,,,,526527,,2024-09-26 14:20:00,buy_cover,V4_75_reclaim_add1
,,0.30477640334863765,,,,,open,,391871.94438749587,,1,2637.987492,0.7499999999999999,526527,1.0,2024-09-26 14:20:00,,V4_75_reclaim_add1
,1,0.3005945986864862,,,,,add,,130623.98146249866,,1,2661.2721479999996,0.24843056027528776,526555,1.0,2024-09-26 16:40:00,,V4_75_reclaim_add1
1,,,522495.9258499945,2643.7703732933874,0.9984305602752876,526527,close,2644.1310679999997,,-137.720851729915,,,,527308,,2024-09-29 07:25:00,sell,V4_75_reclaim_add1
,,0.30437480724702093,,,,,open,,391768.6537486985,,-1,2644.1310679999997,0.75,527308,1.0,2024-09-29 07:25:00,,V4_75_reclaim_add1
,1,0.30477609969892516,,,,,add,,130656.29143493893,,-1,2641.2716400000004,0.25,527513,1.0,2024-09-30 00:30:00,,V4_75_reclaim_add1
1,,,522424.94518363744,2643.415356612729,1.0,527308,close,2396.22915,,48852.061856550805,,,,528850,,2024-10-04 15:55:00,buy_cover,V4_75_reclaim_add1
,,0.2401367738156508,,,,,open,,428329.33639933396,,1,2396.22915,0.75,528850,1.0,2024-10-04 15:55:00,,V4_75_reclaim_add1
,1,0.23518561411593408,,,,,add,,142776.44546644465,,1,2415.022908,0.24861274112829645,528852,1.0,2024-10-04 16:05:00,,V4_75_reclaim_add1
1,,,571105.7818657786,2400.9001135306557,0.9986127411282965,528850,close,2412.987306,,2645.6295253600692,,,,529800,,2024-10-07 23:05:00,sell,V4_75_reclaim_add1
,,0.23810264531169412,,,,,open,,430313.55854335404,,-1,2412.987306,0.75,529800,1.0,2024-10-07 23:05:00,,V4_75_reclaim_add1
,1,0.23546996201254766,,,,,add,,143672.9642288724,,-1,2406.7485540000002,0.25,529998,1.0,2024-10-08 15:35:00,,V4_75_reclaim_add1
1,,,573986.5227722265,2411.42266863069,1.0,529800,close,2419.7038439999997,,-1971.1299729549792,,,,530796,,2024-10-11 10:05:00,buy_cover,V4_75_reclaim_add1
,,0.23942208045896973,,,,,open,,428749.1130852219,,1,2419.7038439999997,0.75,530796,1.0,2024-10-11 10:05:00,,V4_75_reclaim_add1
,1,0.23684907086766016,,,,,add,,142916.3710284073,,1,2434.376778,0.24894293982251692,530838,1.0,2024-10-11 13:35:00,,V4_75_reclaim_add1
1,,,571665.4841136292,2423.3554700745135,0.9989429398225169,530796,close,2442.21146,,4217.67395740957,,,,531435,,2024-10-13 15:20:00,sell,V4_75_reclaim_add1
,,0.23359230318515078,,,,,open,,431912.3685532791,,-1,2442.21146,0.75,531435,1.0,2024-10-13 15:20:00,,V4_75_reclaim_add1
,1,0.23336969933049367,,,,,add,,144079.21937888383,,-1,2438.782146,0.25,531437,1.0,2024-10-13 15:30:00,,V4_75_reclaim_add1
1,,,575991.5879321629,2441.3527431491725,1.0,531435,close,2658.08151,,-51133.08008356753,,,,531995,,2024-10-15 14:00:00,buy_cover,V4_75_reclaim_add1
,,0.304248997203301,,,,,open,,393476.15975241363,,1,2658.08151,0.75,531995,1.0,2024-10-15 14:00:00,,V4_75_reclaim_add1
0,,,393476.15975241363,2658.08151,0.75,531995,close,2587.992298,,-10528.54039590992,,,,532573,,2024-10-17 14:10:00,sell,V4_75_reclaim_add1
,,0.3161005435863462,,,,,open,,385579.7544554812,,-1,2644.710952,0.7500000000000001,533849,1.0,2024-10-22 00:30:00,,V4_75_reclaim_add1
,1,0.3138062812375787,,,,,add,,128960.66537634637,,-1,2631.743546,0.2499999999999999,533946,1.0,2024-10-22 08:35:00,,V4_75_reclaim_add1
1,,,514540.4198318276,2641.4489101701706,1.0,533849,close,2513.472594,,24929.136023992964,,,,535544,,2024-10-27 21:45:00,buy_cover,V4_75_reclaim_add1
,,0.28165087381886145,,,,,open,,404199.4254105011,,1,2513.472594,0.75,535544,1.0,2024-10-27 21:45:00,,V4_75_reclaim_add1
,1,0.2820473760198744,,,,,add,,134733.14180350036,,1,2519.2837560000003,0.24964217027447355,535659,1.0,2024-10-28 07:20:00,,V4_75_reclaim_add1
1,,,538932.5672140014,2514.9228697161257,0.9996421702744736,535544,close,2609.557984,,20056.06280755624,,,,536601,,2024-10-31 13:50:00,sell,V4_75_reclaim_add1
,,0.25609466572586903,,,,,open,,419241.47251616826,,-1,2609.557984,0.75,536601,1.0,2024-10-31 13:50:00,,V4_75_reclaim_add1
,1,0.2555412164676064,,,,,add,,140215.61609695046,,-1,2596.850526,0.25,536603,1.0,2024-10-31 14:00:00,,V4_75_reclaim_add1
1,,,559457.0886131187,2606.3614746309704,1.0,536601,close,2485.7370479999995,,25892.12847948249,,,,538173,,2024-11-06 00:50:00,buy_cover,V4_75_reclaim_add1
,,0.22262204475192648,,,,,open,,438576.6503124881,,1,2485.7370479999995,0.75,538173,1.0,2024-11-06 00:50:00,,V4_75_reclaim_add1
,1,0.21906254545567694,,,,,add,,146192.2167708294,,1,2490.838068,0.24969075020436493,538176,1.0,2024-11-06 01:05:00,,V4_75_reclaim_add1
1,,,584768.8670833175,2487.0103432880696,0.9996907502043649,538173,close,3423.8650900000002,,219959.96218335733,,,,551988,,2024-12-24 00:05:00,sell,V4_75_reclaim_add1
,,0.16220289701928314,,,,,open,,603546.6219500061,,1,3488.8776359999997,0.75,552276,1.0,2024-12-25 00:05:00,,V4_75_reclaim_add1
,1,0.16167270701903813,,,,,add,,201182.2073166687,,1,3494.1286859999996,0.24979306624986786,552284,1.0,2024-12-25 00:45:00,,V4_75_reclaim_add1
1,,,804728.8292666748,3490.188918308584,0.9997930662498679,552276,close,3399.0700500000003,,-21322.62877784937,,,,553428,,2024-12-29 00:05:00,sell,V4_75_reclaim_add1
,,0.1844017247092199,,,,,open,,587554.6503666191,,1,3455.500962,0.75,554868,1.0,2025-01-03 00:05:00,,V4_75_reclaim_add1
,1,0.18334019629306708,,,,,add,,195851.55012220633,,1,3463.8526319999996,0.2496225643945429,554873,1.0,2025-01-03 00:30:00,,V4_75_reclaim_add1
1,,,783406.2004888254,3457.585101600709,0.9996225643945429,554868,close,3221.045662,,-53886.08294241922,,,,556884,,2025-01-10 00:05:00,sell,V4_75_reclaim_add1
,,0.24050211845462266,,,,,open,,547140.0881598047,,1,3447.199302,0.75,558612,1.0,2025-01-16 00:05:00,,V4_75_reclaim_add1
,1,0.23779084828063468,,,,,add,,182380.02938660153,,1,3466.0630739999997,0.2490529585936917,559143,1.0,2025-01-17 20:20:00,,V4_75_reclaim_add1
1,,,729520.1175464062,3451.8959691652994,0.9990529585936917,558612,close,3269.8059080000003,,-38759.1121751765,,,,560052,,2025-01-21 00:05:00,sell,V4_75_reclaim_add1
,,0.2808539372456289,,,,,open,,518070.7540284223,,-1,3085.752726,0.75,562356,1.0,2025-01-29 00:05:00,,V4_75_reclaim_add1
,1,0.2807883250148643,,,,,add,,172606.13167359686,,-1,3086.522572,0.25,562533,1.0,2025-01-29 14:50:00,,V4_75_reclaim_add1
1,,,690676.8857020191,3085.945081182018,1.0,562356,close,3258.45156,,-38609.28966574522,,,,562932,,2025-01-31 00:05:00,buy_cover,V4_75_reclaim_add1
,,0.32119358865152436,,,,,open,,489010.1852462581,,-1,3119.955884,0.75,563508,1.0,2025-02-02 00:05:00,,V4_75_reclaim_add1
,1,0.3207071302281975,,,,,add,,162996.0208627751,,-1,3118.896096,0.25,563542,1.0,2025-02-02 02:55:00,,V4_75_reclaim_add1
1,,,652006.2061090332,3119.6908784760276,1.0,563508,close,2670.594012,,93859.94482866349,,,,566964,,2025-02-14 00:05:00,buy_cover,V4_75_reclaim_add1
,,0.22412933353340203,,,,,open,,559307.3429368393,,1,2670.594012,0.75,566964,1.0,2025-02-14 00:05:00,,V4_75_reclaim_add1
,1,0.22295156229887614,,,,,add,,186435.78097894648,,1,2674.6948319999997,0.2497873662739628,566968,1.0,2025-02-14 00:25:00,,V4_75_reclaim_add1
1,,,745743.1239157858,2671.6180376710945,0.9997873662739628,566964,close,2634.862922,,-10553.817255406524,,,,568315,,2025-02-18 16:40:00,sell,V4_75_reclaim_add1
,,0.2347556873342851,,,,,open,,551391.9799952845,,-1,2634.862922,0.75,568315,1.0,2025-02-18 16:40:00,,V4_75_reclaim_add1
,1,0.23208936817259862,,,,,add,,184423.2179388223,,-1,2621.845526,0.25,568325,1.0,2025-02-18 17:30:00,,V4_75_reclaim_add1
1,,,735815.1979341067,2631.5881446388453,1.0,568315,close,2760.552,,-36059.39770704205,,,,568861,,2025-02-20 14:10:00,buy_cover,V4_75_reclaim_add1
,,0.2722943452967983,,,,,open,,524237.05943531275,,-1,2737.1024700000003,0.75,569885,1.0,2025-02-24 03:30:00,,V4_75_reclaim_add1
,1,0.266412226048626,,,,,add,,176256.31319809295,,-1,2704.459,0.25,569897,1.0,2025-02-24 04:30:00,,V4_75_reclaim_add1
1,,,700493.3726334057,2728.814834646314,1.0,569885,close,2263.9927079999998,,119320.98817096406,,,,571759,,2025-03-02 15:40:00,buy_cover,V4_75_reclaim_add1
,,0.1532394325499281,,,,,open,,613622.7265576408,,1,2263.9927079999998,0.75,571759,1.0,2025-03-02 15:40:00,,V4_75_reclaim_add1
,1,0.1373391798595216,,,,,add,,204540.90885254694,,1,2303.76066,0.24682366422193835,571770,1.0,2025-03-02 16:35:00,,V4_75_reclaim_add1
1,,,818163.6354101878,2273.805422758049,0.9968236642219384,571759,close,2162.987316,,-40186.00027034141,,,,573015,,2025-03-07 00:20:00,sell,V4_75_reclaim_add1
,,0.18850456650919245,,,,,open,,583483.2263548848,,-1,2162.987316,0.75,573015,1.0,2025-03-07 00:20:00,,V4_75_reclaim_add1
,1,0.18478730824330036,,,,,add,,194974.12012553436,,-1,2155.0089120000002,0.25,573219,1.0,2025-03-07 17:20:00,,V4_75_reclaim_add1
1,,,778457.3464804192,2160.983487499813,1.0,573015,close,1933.006524,,82124.83032925916,,,,575212,,2025-03-14 15:25:00,buy_cover,V4_75_reclaim_add1
,,0.1060204596363189,,,,,open,,644960.0804998571,,1,1933.006524,0.75,575212,1.0,2025-03-14 15:25:00,,V4_75_reclaim_add1
,1,0.10295275184135999,,,,,add,,214986.69349995232,,1,1935.306984,0.24985201921057676,575214,1.0,2025-03-14 15:35:00,,V4_75_reclaim_add1
1,,,859946.7739998094,1933.581126126973,0.9998520192105768,575212,close,1898.630198,,-15881.909754301189,,,,575736,,2025-03-16 11:05:00,sell,V4_75_reclaim_add1
,,0.12090347221858833,,,,,open,,633048.6481841311,,-1,1898.630198,0.75,575736,1.0,2025-03-16 11:05:00,,V4_75_reclaim_add1
,1,0.11578765477681896,,,,,add,,212342.17730958984,,-1,1881.963532,0.25,575739,1.0,2025-03-16 11:20:00,,V4_75_reclaim_add1
1,,,845390.825493721,1894.416225769898,1.0,575736,close,1980.706062,,-38507.14954355301,,,,576594,,2025-03-19 10:35:00,buy_cover,V4_75_reclaim_add1
,,0.16151597665632356,,,,,open,,604041.4774026424,,-1,2034.403038,0.75,578650,1.0,2025-03-26 13:55:00,,V4_75_reclaim_add1
,1,0.15851629008041745,,,,,add,,202150.6001116903,,-1,2022.765366,0.25,578655,1.0,2025-03-26 14:20:00,,V4_75_reclaim_add1
1,,,806192.0775143327,2031.4723604970832,1.0,578650,close,1860.251976,,67949.03054725612,,,,580291,,2025-04-01 06:40:00,buy_cover,V4_75_reclaim_add1
,,0.08899386994486769,,,,,open,,654882.3215014572,,1,1860.251976,0.75,580291,1.0,2025-04-01 06:40:00,,V4_75_reclaim_add1
,1,0.0864992956574846,,,,,add,,218294.10716715246,,1,1872.394404,0.24885685629222465,580311,1.0,2025-04-01 08:20:00,,V4_75_reclaim_add1
1,,,873176.4286686097,1863.2727946513855,0.9988568562922246,580291,close,1845.6308000000001,,-8613.410764187924,,,,580765,,2025-04-02 22:10:00,sell,V4_75_reclaim_add1
,,0.09746211371612268,,,,,open,,648422.2634283163,,-1,1845.6308000000001,0.75,580765,1.0,2025-04-02 22:10:00,,V4_75_reclaim_add1
,1,0.09291370141979216,,,,,add,,217912.99157681037,,-1,1824.714984,0.25,580767,1.0,2025-04-02 22:20:00,,V4_75_reclaim_add1
1,,,866335.2550051267,1840.3247495400824,1.0,580765,close,1596.499236,,114781.20577709773,,,,582726,,2025-04-09 17:35:00,buy_cover,V4_75_reclaim_add1
,,0.08772137230089094,,,,,open,,734378.2174728889,,1,1596.499236,0.75,582726,1.0,2025-04-09 17:35:00,,V4_75_reclaim_add1
,1,0.08560551772630764,,,,,add,,244792.73915762966,,1,1597.46943,0.24996109271140343,582729,1.0,2025-04-09 17:50:00,,V4_75_reclaim_add1
1,,,979170.9566305185,1596.7416740026583,0.9999610927114034,582726,close,1575.8847600000001,,-13176.612905939692,,,,583835,,2025-04-13 14:00:00,sell,V4_75_reclaim_add1
,,0.10315432300747052,,,,,open,,724495.7577934342,,-1,1575.8847600000001,0.7500000000000001,583835,1.0,2025-04-13 14:00:00,,V4_75_reclaim_add1
,1,0.10054303032645928,,,,,add,,241063.01514698006,,-1,1579.044128,0.2499999999999999,583837,1.0,2025-04-13 14:10:00,,V4_75_reclaim_add1
1,,,965558.7729404143,1576.6723483242479,1.0,583835,close,1598.859708,,-13587.565009531332,,,,585438,,2025-04-19 03:35:00,buy_cover,V4_75_reclaim_add1
,,0.1133827336322456,,,,,open,,714160.2502203446,,1,1797.7894860000001,0.7500000000000001,587270,1.0,2025-04-25 12:15:00,,V4_75_reclaim_add1
,1,0.11097128380352017,,,,,add,,238053.4167401148,,1,1801.8603,0.24965107794476538,587301,1.0,2025-04-25 14:50:00,,V4_75_reclaim_add1
1,,,952213.6669604594,1798.8054641069825,0.9996510779447655,587270,close,1779.8539580000001,,-10408.983190074214,,,,587989,,2025-04-28 00:10:00,sell,V4_75_reclaim_add1
,,0.12316729835474916,,,,,open,,706353.512827789,,-1,1779.8539580000001,0.75,587989,1.0,2025-04-28 00:10:00,,V4_75_reclaim_add1
,1,0.12206314342507385,,,,,add,,235812.0349342002,,-1,1775.5048279999999,0.25,587992,1.0,2025-04-28 00:25:00,,V4_75_reclaim_add1
1,,,942165.5477619892,1778.7634283693953,1.0,587989,close,1831.326192,,-27841.114327840973,,,,588975,,2025-05-01 10:20:00,buy_cover,V4_75_reclaim_add1
,,0.14917329842943594,,,,,open,,685331.3522497439,,1,1839.897906,0.75,590584,1.0,2025-05-07 00:25:00,,V4_75_reclaim_add1
,1,0.14769819173721732,,,,,add,,228443.784083248,,1,1844.008728,0.24965669966540927,590592,1.0,2025-05-07 01:05:00,,V4_75_reclaim_add1
1,,,913775.1363329919,1840.9238922550671,0.9996566996654093,590584,close,2404.3390360000003,,279183.7455848678,,,,599220,,2025-06-06 00:05:00,sell,V4_75_reclaim_add1
,,0.13207615201557665,,,,,open,,894719.1614383948,,-1,2404.3390360000003,0.75,599220,1.0,2025-06-06 00:05:00,,V4_75_reclaim_add1
,1,0.13197237689751096,,,,,add,,297808.8904447843,,-1,2408.0083019999997,0.25,599224,1.0,2025-06-06 00:25:00,,V4_75_reclaim_add1
1,,,1192528.0518831792,2405.2543103109197,1.0,599220,close,2474.4847979999995,,-34324.51205893746,,,,599508,,2025-06-07 00:05:00,buy_cover,V4_75_reclaim_add1
,,0.1583571232994313,,,,,open,,868796.8981864091,,1,2537.7074399999997,0.75,599778,1.0,2025-06-07 22:35:00,,V4_75_reclaim_add1
,1,0.15736610888074787,,,,,add,,289589.9739361846,,1,2538.617622,0.25,600058,1.0,2025-06-08 21:55:00,,V4_75_reclaim_add1
1,,,1158386.8721225937,2537.9349190092275,1.0,599778,close,2310.547798,,-104207.85423623235,,,,603796,,2025-06-21 21:25:00,sell,V4_75_reclaim_add1
,,0.233767126253839,,,,,open,,790641.007509235,,-1,2310.547798,0.75,603796,1.0,2025-06-21 21:25:00,,V4_75_reclaim_add1
,1,0.22683052830018635,,,,,add,,266214.30068019737,,-1,2278.4442200000003,0.25,603798,1.0,2025-06-21 21:35:00,,V4_75_reclaim_add1
1,,,1056855.3081894324,2302.376196636388,1.0,603796,close,2309.571822,,-3302.951636251062,,,,604284,,2025-06-23 14:05:00,buy_cover,V4_75_reclaim_add1
,,0.2364258456998659,,,,,open,,788005.2654858181,,1,2309.571822,0.75,604284,1.0,2025-06-23 14:05:00,,V4_75_reclaim_add1
,1,0.23526143132108213,,,,,add,,262668.42182860605,,1,2313.672642,0.24974246324301252,604351,1.0,2025-06-23 19:40:00,,V4_75_reclaim_add1
1,,,1050673.6873144242,2310.5956635687107,0.9997424632430125,604284,close,2393.481208,,37254.3995689468,,,,605281,,2025-06-27 01:10:00,sell,V4_75_reclaim_add1
,,0.20970558854006627,,,,,open,,815946.0651625283,,-1,2393.481208,0.75,605281,1.0,2025-06-27 01:10:00,,V4_75_reclaim_add1
,1,0.20937969674564827,,,,,add,,271958.36911464296,,-1,2392.8013440000004,0.25,605491,1.0,2025-06-27 18:40:00,,V4_75_reclaim_add1
1,,,1087904.4342771713,2393.311216870874,1.0,605281,close,2454.9909,,-28037.094998827204,,,,605958,,2025-06-29 09:35:00,buy_cover,V4_75_reclaim_add1
,,0.22991866844322506,,,,,open,,794755.0582482662,,1,2454.9909,0.75,605958,1.0,2025-06-29 09:35:00,,V4_75_reclaim_add1
,1,0.22968785021796456,,,,,add,,264918.3527494221,,1,2457.661434,0.24987117088311417,605974,1.0,2025-06-29 10:55:00,,V4_75_reclaim_add1
1,,,1059673.4109976883,2455.65798925627,0.9998711708831142,605958,close,2402.759352,,-23241.68669330643,,,,606708,,2025-07-02 00:05:00,sell,V4_75_reclaim_add1
,,0.24697126011138038,,,,,open,,777323.7932282864,,1,2535.617022,0.75,608021,1.0,2025-07-06 13:30:00,,V4_75_reclaim_add1
,1,0.24465176763784902,,,,,add,,259107.93107609544,,1,2547.5094,0.24919851476064092,608025,1.0,2025-07-06 13:50:00,,V4_75_reclaim_add1
1,,,1036431.7243043819,2538.5796950048693,0.9991985147606409,608021,close,4157.91825,,660452.0894532496,,,,631188,,2025-09-25 00:05:00,sell,V4_75_reclaim_add1
,,0.16054573156399377,,,,,open,,1272662.8603182235,,1,4209.771786,0.7499999999999999,632628,1.0,2025-09-30 00:05:00,,V4_75_reclaim_add1
,1,0.15208620957501606,,,,,add,,424220.953439408,,1,4269.313692,0.2474503653065313,633020,1.0,2025-10-01 08:45:00,,V4_75_reclaim_add1
1,,,1696883.8137576315,4224.501017712634,0.9974503653065312,632628,close,4134.812872,,-36689.91917817318,,,,636372,,2025-10-13 00:05:00,sell,V4_75_reclaim_add1
,,0.17869636097832375,,,,,open,,1245145.4209345938,,1,4153.360506,0.75,640404,1.0,2025-10-27 00:05:00,,V4_75_reclaim_add1
,1,0.17548632834048306,,,,,add,,415048.4736448645,,1,4176.2450819999995,0.24904594785288037,640406,1.0,2025-10-27 00:15:00,,V4_75_reclaim_add1
1,,,1660193.8945794583,4159.058105124712,0.9990459478528804,640404,close,3899.2200000000003,,-104343.51968514454,,,,641268,,2025-10-30 00:05:00,sell,V4_75_reclaim_add1
,,0.23031545963032007,,,,,open,,1166887.7811707354,,-1,3602.5093540000003,0.75,642708,1.0,2025-11-04 00:05:00,,V4_75_reclaim_add1
,1,0.2290548359190353,,,,,add,,389398.06055775814,,-1,3595.690718,0.25,642710,1.0,2025-11-04 00:15:00,,V4_75_reclaim_add1
1,,,1556285.8417284936,3600.800839390102,1.0,642708,close,2955.54099,,278884.8916171745,,,,649044,,2025-11-26 00:05:00,buy_cover,V4_75_reclaim_add1
,,0.09329041593651943,,,,,open,,1375818.007007357,,1,2955.54099,0.75,649044,1.0,2025-11-26 00:05:00,,V4_75_reclaim_add1
,1,0.09074559446009633,,,,,add,,458606.00233578566,,1,2964.74283,0.2494924846232498,649048,1.0,2025-11-26 00:25:00,,V4_75_reclaim_add1
1,,,1834424.0093431426,2957.8360907907218,0.9994924846232498,649044,close,2988.7621280000003,,18438.689636758296,,,,650032,,2025-11-29 10:25:00,sell,V4_75_reclaim_add1
,,0.08301568264921655,,,,,open,,1389647.0242349256,,-1,2988.7621280000003,0.75,650032,1.0,2025-11-29 10:25:00,,V4_75_reclaim_add1
,1,0.08335846394268442,,,,,add,,463213.8450387213,,-1,2987.582364,0.25,650087,1.0,2025-11-29 15:00:00,,V4_75_reclaim_add1
1,,,1852860.869273647,2988.4671005308,1.0,650032,close,2859.97188,,79667.592102024,,,,650941,,2025-12-02 14:10:00,buy_cover,V4_75_reclaim_add1
,,0.045504427852377516,,,,,open,,1449119.7891810527,,1,2859.97188,0.7500000000000001,650941,1.0,2025-12-02 14:10:00,,V4_75_reclaim_add1
,1,0.043515871667901274,,,,,add,,482743.0700592623,,1,2858.77164,0.2499999999999999,650943,1.0,2025-12-02 14:20:00,,V4_75_reclaim_add1
1,,,1931862.859240315,2859.671863881154,1.0,650941,close,3064.856906,,137785.474852134,,,,651829,,2025-12-05 16:10:00,sell,V4_75_reclaim_add1
,,0.05278296011205086,,,,,open,,1552458.895320153,,-1,3064.856906,0.75,651829,1.0,2025-12-05 16:10:00,,V4_75_reclaim_add1
,1,0.047626341021883345,,,,,add,,520836.84340896935,,-1,3037.1724440000003,0.25,651834,1.0,2025-12-05 16:35:00,,V4_75_reclaim_add1
1,,,2073295.7387291226,3057.8548762674927,1.0,651829,close,3079.935864,,-14971.332584593445,,,,652419,,2025-12-07 17:20:00,buy_cover,V4_75_reclaim_add1
,,0.06029789011811004,,,,,open,,1540919.4015208986,,1,3079.935864,0.75,652419,1.0,2025-12-07 17:20:00,,V4_75_reclaim_add1
,1,0.050064444300921496,,,,,add,,513639.8005069662,,1,3111.0920939999996,0.24819218595334647,652422,1.0,2025-12-07 17:35:00,,V4_75_reclaim_add1
1,,,2054559.2020278648,3087.6662716523783,0.9981921859533465,652419,close,3282.453378,,128739.40337235807,,,,653371,,2025-12-11 00:40:00,sell,V4_75_reclaim_add1
,,0.04391172878990535,,,,,open,,1637473.954050167,,-1,3282.453378,0.75,653371,1.0,2025-12-11 00:40:00,,V4_75_reclaim_add1
,1,0.04111749754457106,,,,,add,,548225.7616075174,,-1,3261.887492,0.25,653373,1.0,2025-12-11 00:50:00,,V4_75_reclaim_add1
1,,,2185699.7156576845,3277.270634721324,1.0,653371,close,3127.77543,,99702.44643359631,,,,654541,,2025-12-15 02:10:00,buy_cover,V4_75_reclaim_add1
,,0.023393630549852773,,,,,open,,1711922.9339180156,,1,3127.77543,0.75,654541,1.0,2025-12-15 02:10:00,,V4_75_reclaim_add1
,1,0.019141033709187516,,,,,add,,570640.9779726719,,1,3145.468968,0.2490186066420942,654543,1.0,2025-12-15 02:20:00,,V4_75_reclaim_add1
1,,,2282563.9118906874,3132.1801267765195,0.9990186066420942,654541,close,2862.9073040000003,,-197065.95690752356,,,,655288,,2025-12-17 16:25:00,sell,V4_75_reclaim_add1
,,0.10717341026369487,,,,,open,,1564123.466237373,,1,2966.84325,0.75,657584,1.0,2025-12-25 15:45:00,,V4_75_reclaim_add1
,1,0.10669879639971314,,,,,add,,520556.60243571695,,1,2961.822246,0.25,657586,1.0,2025-12-25 15:55:00,,V4_75_reclaim_add1
1,,,2084680.0686730898,2965.5878823873127,1.0,657584,close,3175.724728,,146824.24794279528,,,,661320,,2026-01-07 15:05:00,sell,V4_75_reclaim_add1
,,0.04662084162257074,,,,,open,,1674241.6521944692,,-1,3175.724728,0.75,661320,1.0,2026-01-07 15:05:00,,V4_75_reclaim_add1
,1,0.03841768567640946,,,,,add,,560561.7760588584,,-1,3155.628748,0.25,661323,1.0,2026-01-07 15:20:00,,V4_75_reclaim_add1
1,,,2234803.4282533275,3170.659988535311,1.0,661320,close,3107.1213,,44784.605486267246,,,,662399,,2026-01-11 09:00:00,buy_cover,V4_75_reclaim_add1
,,0.024571908828341704,,,,,open,,1707494.8857949316,,1,3107.1213,0.75,662399,1.0,2026-01-11 09:00:00,,V4_75_reclaim_add1
,1,0.024650904065912305,,,,,add,,569164.961931644,,1,3110.341944,0.24988076906358692,662423,1.0,2026-01-11 11:00:00,,V4_75_reclaim_add1
1,,,2276659.8477265756,3107.925835552275,0.9998807690635869,662399,close,3287.4323820000004,,130531.39663535124,,,,663918,,2026-01-16 15:35:00,sell,V4_75_reclaim_add1
,,0.03756468672040891,,,,,open,,1805393.433271445,,-1,3287.4323820000004,0.75,663918,1.0,2026-01-16 15:35:00,,V4_75_reclaim_add1
,1,0.028379353684206854,,,,,add,,605600.7786944658,,-1,3258.4181860000003,0.25,663920,1.0,2026-01-16 15:45:00,,V4_75_reclaim_add1
1,,,2410994.211965911,3280.096023687637,1.0,663918,close,3341.928252,,-45448.920154378284,,,,664479,,2026-01-18 14:20:00,buy_cover,V4_75_reclaim_add1
,,0.049720318759817306,,,,,open,,1770945.0940238668,,1,3341.928252,0.75,664479,1.0,2026-01-18 14:20:00,,V4_75_reclaim_add1
,1,0.04981818938165672,,,,,add,,590315.0313412889,,1,3346.599186,0.24981316523004782,664523,1.0,2026-01-18 18:00:00,,V4_75_reclaim_add1
1,,,2361260.1253651557,3343.0947626967118,0.9998131652300478,664479,close,3166.056662,,-125938.11783271888,,,,664944,,2026-01-20 05:05:00,sell,V4_75_reclaim_add1
,,0.10105562623287934,,,,,open,,1676491.5056493278,,1,2966.133108,0.75,667093,1.0,2026-01-27 16:10:00,,V4_75_reclaim_add1
,1,0.09707782905059803,,,,,add,,558830.5018831091,,1,2986.3371479999996,0.24880407379487424,667098,1.0,2026-01-27 16:35:00,,V4_75_reclaim_add1
1,,,2235322.007532437,2971.1584451519343,0.9988040737948742,667093,close,2940.531776,,-23926.49874476157,,,,667528,,2026-01-29 04:25:00,sell,V4_75_reclaim_add1
,,0.11059720680387486,,,,,open,,1658546.6315907566,,-1,2940.531776,0.75,667528,1.0,2026-01-29 04:25:00,,V4_75_reclaim_add1
,1,0.10986055175466791,,,,,add,,553265.266507864,,-1,2936.4026019999997,0.25,667608,1.0,2026-01-29 11:05:00,,V4_75_reclaim_add1
1,,,2211811.8980986206,2939.497810753828,1.0,667528,close,2093.158548,,636824.2321955648,,,,670116,,2026-02-07 04:05:00,buy_cover,V4_75_reclaim_add1
,,0.08323213638735516,,,,,open,,2135833.0339527153,,1,2093.158548,0.75,670116,1.0,2026-02-07 04:05:00,,V4_75_reclaim_add1
,1,0.07886536310136805,,,,,add,,711944.3446509051,,1,2100.990114,0.24937529803973313,670118,1.0,2026-02-07 04:15:00,,V4_75_reclaim_add1
1,,,2847777.3786036205,2095.1109607763983,0.9993752980397331,670116,close,2055.38884,,-55109.65335216513,,,,670665,,2026-02-09 01:50:00,sell,V4_75_reclaim_add1
,,0.09977985153116553,,,,,open,,2094500.7939385916,,-1,2055.38884,0.75,670665,1.0,2026-02-09 01:50:00,,V4_75_reclaim_add1
,1,0.09972175998905697,,,,,add,,699424.5894848912,,-1,2049.629992,0.25,670745,1.0,2026-02-09 08:30:00,,V4_75_reclaim_add1
1,,,2793925.383423483,2053.944149317587,1.0,670665,close,2012.20236,,56780.35093622189,,,,671977,,2026-02-13 15:10:00,buy_cover,V4_75_reclaim_add1
,,0.08400190180607436,,,,,open,,2136666.9683332443,,1,2012.20236,0.75,671977,1.0,2026-02-13 15:10:00,,V4_75_reclaim_add1
,1,0.073229816018207,,,,,add,,712222.3227777481,,1,2040.067932,0.2475046267652785,671981,1.0,2026-02-13 15:30:00,,V4_75_reclaim_add1
1,,,2848889.2911109924,2019.097142265613,0.9975046267652785,671977,close,2026.074704,,8701.763975091279,,,,672526,,2026-02-15 12:55:00,sell,V4_75_reclaim_add1
,,0.07941750943211989,,,,,open,,2143193.291314563,,-1,2026.074704,0.75,672526,1.0,2026-02-15 12:55:00,,V4_75_reclaim_add1
,1,0.07424191415597647,,,,,add,,718641.2035729465,,-1,2009.2180759999999,0.25,672533,1.0,2026-02-15 13:30:00,,V4_75_reclaim_add1
1,,,2861834.4948875094,2021.815262121169,1.0,672526,close,2022.214362,,-564.8024979461916,,,,673329,,2026-02-18 07:50:00,buy_cover,V4_75_reclaim_add1
,,0.07986319063017189,,,,,open,,2142340.4142668704,,1,2022.214362,0.75,673329,1.0,2026-02-18 07:50:00,,V4_75_reclaim_add1
,1,0.07862803284031661,,,,,add,,714113.47142229,,1,2025.915102,0.2497322761073152,673335,1.0,2026-02-18 08:20:00,,V4_75_reclaim_add1
1,,,2856453.8856891603,2023.1382788940057,0.9997322761073152,673329,close,1951.90954,,-101669.57095656404,,,,674551,,2026-02-22 13:40:00,sell,V4_75_reclaim_add1
,,0.1114997809278474,,,,,open,,2066088.2360494472,,-1,1951.90954,0.75,674551,1.0,2026-02-22 13:40:00,,V4_75_reclaim_add1
,1,0.10802677834790653,,,,,add,,692423.6413585524,,-1,1937.0425140000002,0.25,674598,1.0,2026-02-22 17:35:00,,V4_75_reclaim_add1
1,,,2758511.8774079997,1948.1563048419293,1.0,674551,close,1904.340792,,62041.13212818373,,,,675266,,2026-02-25 01:15:00,buy_cover,V4_75_reclaim_add1
,,0.0929277869692785,,,,,open,,2112205.308363974,,1,1904.340792,0.75,675266,1.0,2026-02-25 01:15:00,,V4_75_reclaim_add1
,1,0.08280997755549191,,,,,add,,704068.4361213245,,1,1931.33619,0.247444493092976,675277,1.0,2026-02-25 02:10:00,,V4_75_reclaim_add1
1,,,2816273.7444852986,1911.0186439901206,0.997444493092976,675266,close,1969.376046,,84840.67940321472,,,,675963,,2026-02-27 11:20:00,sell,V4_75_reclaim_add1
,,0.07126029790147059,,,,,open,,2175835.817916385,,-1,1969.376046,0.75,675963,1.0,2026-02-27 11:20:00,,V4_75_reclaim_add1
,1,0.0678816016907855,,,,,add,,726872.589599393,,-1,1962.817358,0.25,675967,1.0,2026-02-27 11:40:00,,V4_75_reclaim_add1
1,,,2902708.4075157777,1967.729562536359,1.0,675963,close,1989.307782,,-31831.12622467242,,,,676425,,2026-03-01 01:50:00,buy_cover,V4_75_reclaim_add1
,,0.0805197738467196,,,,,open,,2151527.066986753,,1,1989.307782,0.75,676425,1.0,2026-03-01 01:50:00,,V4_75_reclaim_add1
,1,0.06252030253300589,,,,,add,,717175.6889955844,,1,2043.85869,0.24503596908496117,676428,1.0,2026-03-01 02:05:00,,V4_75_reclaim_add1
1,,,2868702.7559823375,2002.6706803959476,0.9950359690849612,676425,close,2051.559606,,68855.00771617983,,,,677958,,2026-03-06 09:35:00,sell,V4_75_reclaim_add1
,,0.06727505982330495,,,,,open,,2203168.322773888,,-1,2051.559606,0.7499999999999999,677958,1.0,2026-03-06 09:35:00,,V4_75_reclaim_add1
,1,0.06258021341107656,,,,,add,,737559.2828077126,,-1,2038.932132,0.25,677989,1.0,2026-03-06 12:10:00,,V4_75_reclaim_add1
1,,,2940727.6055816,2048.377856970896,0.9999999999999999,677958,close,1982.0363280000001,,95242.4857173874,,,,678745,,2026-03-09 03:10:00,buy_cover,V4_75_reclaim_add1
,,0.03671509438132692,,,,,open,,2274159.077921091,,1,1982.0363280000001,0.75,678745,1.0,2026-03-09 03:10:00,,V4_75_reclaim_add1
,1,0.028896636501901996,,,,,add,,758053.0259736972,,1,2004.570834,0.24796084982019895,678747,1.0,2026-03-09 03:20:00,,V4_75_reclaim_add1
1,,,3032212.1038947883,1987.6223225672572,0.997960849820199,678745,close,2066.33665,,118821.6473182668,,,,680265,,2026-03-14 09:50:00,sell,V4_75_reclaim_add1
,,0.06280638367406222,,,,,open,,2363275.3134097913,,-1,2066.33665,0.75,680265,1.0,2026-03-14 09:50:00,,V4_75_reclaim_add1
,1,0.061792851173608665,,,,,add,,787450.6431341035,,-1,2066.5866,0.25,680271,1.0,2026-03-14 10:20:00,,V4_75_reclaim_add1
1,,,3150725.956543895,2066.399113519395,1.0,680265,close,2147.389392,,-123489.1654441976,,,,680700,,2026-03-15 22:05:00,buy_cover,V4_75_reclaim_add1
,,0.09786097093395696,,,,,open,,2270185.8304331615,,1,2147.389392,0.75,680700,1.0,2026-03-15 22:05:00,,V4_75_reclaim_add1
,1,0.09790828943866603,,,,,add,,756728.610144387,,1,2152.9805100000003,0.24958767114554004,680706,1.0,2026-03-15 22:35:00,,V4_75_reclaim_add1
1,,,3026914.4405775485,2148.784447290278,0.99958767114554,680700,close,2292.011506,,200467.40437452123,,,,681437,,2026-03-18 11:30:00,sell,V4_75_reclaim_add1
,,0.03816710725026429,,,,,open,,2420536.3837140524,,-1,2292.011506,0.75,681437,1.0,2026-03-18 11:30:00,,V4_75_reclaim_add1
,1,0.03217118422859866,,,,,add,,813883.5893973177,,-1,2264.437022,0.25,681439,1.0,2026-03-18 11:40:00,,V4_75_reclaim_add1
1,,,3234419.97311137,2285.009844597477,1.0,681437,close,2157.371388,,180671.7172120181,,,,682873,,2026-03-23 11:10:00,buy_cover,V4_75_reclaim_add1
,,0.050750837570003204,,,,,open,,2555555.008627099,,-1,2140.17188,0.7499999999999999,683665,1.0,2026-03-26 05:10:00,,V4_75_reclaim_add1
,1,0.04744034109365447,,,,,add,,855494.0338318277,,-1,2127.114492,0.25,683672,1.0,2026-03-26 05:45:00,,V4_75_reclaim_add1
1,,,3411049.042458927,2136.882038209562,0.9999999999999999,683665,close,2039.05773,,156154.52097676648,,,,684789,,2026-03-30 02:50:00,buy_cover,V4_75_reclaim_add1
,,0.042663853857587974,,,,,open,,2672159.2420033053,,1,2039.05773,0.75,684789,1.0,2026-03-30 02:50:00,,V4_75_reclaim_add1
,1,0.041811546046257475,,,,,add,,890007.108276725,,1,2037.6974579999999,0.25,684802,1.0,2026-03-30 03:55:00,,V4_75_reclaim_add1
1,,,3562166.3502800306,2038.717695936084,1.0,684789,close,2081.13369,,72657.3305548029,,,,685646,,2026-04-02 02:15:00,sell,V4_75_reclaim_add1
,,0.040204895472580104,,,,,open,,2726652.2399194073,,-1,2081.13369,0.7499999999999999,685646,1.0,2026-04-02 02:15:00,,V4_75_reclaim_add1
,1,0.03392626740268545,,,,,add,,912171.1070274852,,-1,2070.265864,0.25,685652,1.0,2026-04-02 02:45:00,,V4_75_reclaim_add1
1,,,3638823.3469468923,2078.3986684656625,0.9999999999999999,685646,close,2086.727262,,-14581.406989196781,,,,686759,,2026-04-05 23:00:00,buy_cover,V4_75_reclaim_add1
,,0.04236829874325909,,,,,open,,2715170.3611754677,,1,2086.727262,0.75,686759,1.0,2026-04-05 23:00:00,,V4_75_reclaim_add1
,1,0.039676356750083186,,,,,add,,905056.7870584894,,1,2098.4196,0.24902859548467626,686762,1.0,2026-04-05 23:15:00,,V4_75_reclaim_add1
1,,,3620227.148233957,2089.6381139485293,0.9990285954846763,686759,close,2089.562004,,-1579.7512163650244,,,,687192,,2026-04-07 11:05:00,sell,V4_75_reclaim_add1
,,0.044684663570082384,,,,,open,,2713985.547763194,,-1,2089.562004,0.75,687192,1.0,2026-04-07 11:05:00,,V4_75_reclaim_add1
,1,0.04299421985539853,,,,,add,,904257.3472638732,,-1,2089.9719219999997,0.25,687194,1.0,2026-04-07 11:15:00,,V4_75_reclaim_add1
1,,,3618242.895027067,2089.664434057588,1.0,687192,close,2265.623034,,-304671.2265286222,,,,688412,,2026-04-11 16:45:00,buy_cover,V4_75_reclaim_add1
,,0.12285325617396181,,,,,open,,2484939.3914324734,,1,2265.623034,0.7500000000000001,688412,1.0,2026-04-11 16:45:00,,V4_75_reclaim_add1
,1,0.12155926506833215,,,,,add,,828313.1304774908,,1,2277.60543,0.24908708006604563,688434,1.0,2026-04-11 18:35:00,,V4_75_reclaim_add1
1,,,3313252.5219099643,2268.6067976338904,0.9990870800660457,688412,close,2298.450218,,42243.08686358202,,,,689818,,2026-04-16 13:55:00,sell,V4_75_reclaim_add1
,,0.11237016284433143,,,,,open,,2516621.7065801597,,-1,2298.450218,0.75,689818,1.0,2026-04-16 13:55:00,,V4_75_reclaim_add1
,1,0.11012535137945456,,,,,add,,841441.0980443317,,-1,2288.152278,0.25,689824,1.0,2026-04-16 14:25:00,,V4_75_reclaim_add1
1,,,3358062.8046244914,2295.8611351044756,1.0,689818,close,2345.71905,,-72925.00921938336,,,,691407,,2026-04-22 02:20:00,buy_cover,V4_75_reclaim_add1
,,0.13316283826584796,,,,,open,,2461424.2402449283,,1,2345.71905,0.75,691407,1.0,2026-04-22 02:20:00,,V4_75_reclaim_add1
,1,0.12992036016898445,,,,,add,,820474.7467483096,,1,2357.22135,0.2491587812700654,691409,1.0,2026-04-22 02:30:00,,V4_75_reclaim_add1
1,,,3281898.986993238,2348.5840884021027,0.9991587812700654,691407,close,2294.710966,,-76564.53491409123,,,,691879,,2026-04-23 17:40:00,sell,V4_75_reclaim_add1
,,0.15264891593873486,,,,,open,,2404000.83905936,,-1,2263.2472599999996,0.75,693265,1.0,2026-04-28 13:10:00,,V4_75_reclaim_add1
,1,0.1446016110520133,,,,,add,,809257.1730234668,,-1,2232.50341,0.25,693613,1.0,2026-04-29 18:10:00,,V4_75_reclaim_add1
1,,,3213258.012082827,2255.424942150891,1.0,693265,close,2287.00731,,-44994.62637188658,,,,694011,,2026-05-01 03:20:00,buy_cover,V4_75_reclaim_add1
,,0.16393640772735596,,,,,open,,2369772.8805786325,,1,2287.00731,0.75,694011,1.0,2026-05-01 03:20:00,,V4_75_reclaim_add1
,1,0.16351793757206545,,,,,add,,789272.9707333642,,1,2285.40699,0.25,694108,1.0,2026-05-01 11:25:00,,V4_75_reclaim_add1
1,,,3159045.8513119966,2286.607267473106,1.0,694011,close,2335.7927480000003,,66661.1774442303,,,,695708,,2026-05-07 00:45:00,sell,V4_75_reclaim_add1
,,0.14672800504016326,,,,,open,,2419768.763661805,,-1,2335.7927480000003,0.75,695708,1.0,2026-05-07 00:45:00,,V4_75_reclaim_add1
,1,0.14640235335494367,,,,,add,,807316.0322457065,,-1,2332.053496,0.25,695710,1.0,2026-05-07 00:55:00,,V4_75_reclaim_add1
1,,,3227084.7959075114,2334.8561794712014,1.0,695708,close,2321.8942859999997,,17915.205841308925,,,,696325,,2026-05-09 04:10:00,buy_cover,V4_75_reclaim_add1
,,0.1430840587279073,,,,,open,,2432721.105323401,,1,2321.8942859999997,0.75,696325,1.0,2026-05-09 04:10:00,,V4_75_reclaim_add1
,1,0.1402297253986159,,,,,add,,810907.0351078003,,1,2332.986504,0.24918229633922517,696481,1.0,2026-05-09 17:10:00,,V4_75_reclaim_add1
1,,,3243628.140431201,2324.657440336654,0.9991822963392252,696325,close,2308.8981280000003,,-23277.72309086891,,,,697026,,2026-05-11 14:35:00,sell,V4_75_reclaim_add1
,,0.14851204681895736,,,,,open,,2415262.813005249,,-1,2308.8981280000003,0.75,697026,1.0,2026-05-11 14:35:00,,V4_75_reclaim_add1
,1,0.14819930847688734,,,,,add,,806129.8688455882,,-1,2303.98911,0.25,697159,1.0,2026-05-12 01:40:00,,V4_75_reclaim_add1
1,,,3221392.681850837,2307.66772091552,1.0,697026,close,2320.053918,,-17290.403349702712,,,,697536,,2026-05-13 09:05:00,buy_cover,V4_75_reclaim_add1
,,0.15342049772938438,,,,,open,,2401811.8015906946,,1,2144.9289,0.75,699627,1.0,2026-05-20 15:20:00,,V4_75_reclaim_add1
,1,0.15282206340376459,,,,,add,,800603.9338635649,,1,2148.4296,0.24976930507369544,699746,1.0,2026-05-21 01:15:00,,V4_75_reclaim_add1
1,,,3202415.7354542594,2145.8030050416255,0.9997693050736954,699627,close,2095.43083,,-76426.65866551409,,,,700245,,2026-05-22 18:50:00,sell,V4_75_reclaim_add1
,,0.17334895723878352,,,,,open,,2344491.807591559,,-1,2095.43083,0.75,700245,1.0,2026-05-22 18:50:00,,V4_75_reclaim_add1
,1,0.17166327894989564,,,,,add,,783539.2428656046,,-1,2087.292458,0.25,700249,1.0,2026-05-22 19:10:00,,V4_75_reclaim_add1
1,,,3128031.0504571637,2093.386300843021,1.0,700245,close,2041.50822,,77518.66107358783,,,,702222,,2026-05-29 15:35:00,buy_cover,V4_75_reclaim_add1
,,0.152330498231652,,,,,open,,2402161.598739181,,1,2041.50822,0.75,702222,1.0,2026-05-29 15:35:00,,V4_75_reclaim_add1
0,,,2402161.598739181,2041.50822,0.75,702222,close,2006.018716,,-42703.155692523345,,,,702783,,2026-05-31 14:20:00,sell,V4_75_reclaim_add1
,,0.16407214435455053,,,,,open,,2370134.2319697887,,-1,2006.018716,0.75,702783,1.0,2026-05-31 14:20:00,,V4_75_reclaim_add1
,1,0.16438700491440583,,,,,add,,789745.7136175502,,-1,2006.2286740000002,0.25,702808,1.0,2026-05-31 16:25:00,,V4_75_reclaim_add1
1,,,3159879.945587339,2006.0711864789928,1.0,702783,close,1609.741884,,624281.5442724796,,,,704704,,2026-06-07 06:25:00,buy_cover,V4_75_reclaim_add1
,,0.03864089256765879,,,,,open,,2837871.4081823104,,1,1609.741884,0.75,704704,1.0,2026-06-07 06:25:00,,V4_75_reclaim_add1
,1,0.030118928601678863,,,,,add,,945957.1360607701,,1,1631.1061559999998,0.24761056408335713,704733,1.0,2026-06-07 08:50:00,,V4_75_reclaim_add1
1,,,3783828.5442430805,1615.0303115399645,0.9976105640833571,704704,close,1648.6702,,77269.45102815842,,,,705375,,2026-06-09 14:20:00,sell,V4_75_reclaim_add1
,,0.03807983747621102,,,,,open,,2895823.496453429,,-1,1648.6702,0.75,705375,1.0,2026-06-09 14:20:00,,V4_75_reclaim_add1
,1,0.03222484254473945,,,,,add,,971061.0530950465,,-1,1634.8329680000002,0.25,705381,1.0,2026-06-09 14:50:00,,V4_75_reclaim_add1
1,,,3866884.5495484755,1645.1733835206535,1.0,705375,close,1667.1233579999998,,-51591.98426404642,,,,705922,,2026-06-11 11:55:00,buy_cover,V4_75_reclaim_add1
,,0.052098897767921315,,,,,open,,2856549.4755729623,,1,1667.1233579999998,0.7500000000000001,705922,1.0,2026-06-11 11:55:00,,V4_75_reclaim_add1
,1,0.04940528479959749,,,,,add,,952183.1585243205,,1,1673.8747079999998,0.24931783634139537,705990,1.0,2026-06-11 17:35:00,,V4_75_reclaim_add1
1,,,3808732.634097283,1668.8060845961709,0.9993178363413955,705922,close_final,1676.504632,,16040.102701121941,,,,706102,,2026-06-12 02:55:00,sell_final,V4_75_reclaim_add1
,,0.0,,,,,open,,7500.0,,1,173.114616,0.75,1982,1.0,2019-09-30 10:00:00,,V5_75_reclaim_add1_dd_throttle
,1,0.0,,,,,add,,2500.0,,1,176.69533199999998,0.24625521818546647,2041,1.0,2019-09-30 14:55:00,,V5_75_reclaim_add1_dd_throttle
1,,,10000.0,173.9961201750064,0.9962552181854665,1982,close,172.275538,,-102.84628745658301,,,,2899,,2019-10-03 14:25:00,sell,V5_75_reclaim_add1_dd_throttle
,,0.06914979757085027,,,,,open,,7422.865284407562,,-1,172.275538,0.75,2899,1.0,2019-10-03 14:25:00,,V5_75_reclaim_add1_dd_throttle
,1,0.061113551216559925,,,,,add,,2486.2543144290735,,-1,171.095774,0.25,2903,1.0,2019-10-03 14:45:00,,V5_75_reclaim_add1_dd_throttle
1,,,9909.119598836636,171.97800219458927,1.0,2899,close,176.065206,,-235.49826739330456,,,,4027,,2019-10-07 12:25:00,buy_cover,V5_75_reclaim_add1_dd_throttle
,,0.09282550983420779,,,,,open,,7244.75521592276,,1,176.065206,0.75,4027,1.0,2019-10-07 12:25:00,,V5_75_reclaim_add1_dd_throttle
,1,0.08886340976326768,,,,,add,,2414.918405307586,,1,177.215436,0.2488558024580837,4029,1.0,2019-10-07 12:35:00,,V5_75_reclaim_add1_dd_throttle
1,,,9659.673621230346,176.35136141487064,0.9988558024580837,4027,close,185.71285,,508.70843962405706,,,,5104,,2019-10-11 06:10:00,sell,V5_75_reclaim_add1_dd_throttle
,,0.0524033064598427,,,,,open,,7626.286545640802,,-1,185.71285,0.75,5104,1.0,2019-10-11 06:10:00,,V5_75_reclaim_add1_dd_throttle
,1,0.05182965748611579,,,,,add,,2546.1570516686616,,-1,185.242944,0.25,5128,1.0,2019-10-11 08:10:00,,V5_75_reclaim_add1_dd_throttle
1,,,10172.443597309462,185.59500924747664,1.0,5104,close,185.347062,,13.590369792767888,,,,6094,,2019-10-14 16:40:00,buy_cover,V5_75_reclaim_add1_dd_throttle
,,0.050904183040953566,,,,,open,,7634.953456445783,,1,185.347062,0.75,6094,1.0,2019-10-14 16:40:00,,V5_75_reclaim_add1_dd_throttle
,1,0.04503243853951444,,,,,add,,2544.9844854819275,,1,187.257444,0.2481568747981392,6099,1.0,2019-10-14 17:05:00,,V5_75_reclaim_add1_dd_throttle
1,,,10179.93794192771,185.82099386931202,0.9981568747981392,6094,close,176.86462,,-494.5374824675855,,,,6611,,2019-10-16 11:45:00,sell,V5_75_reclaim_add1_dd_throttle
,,0.09629959733063587,,,,,open,,7264.0503445950935,,-1,176.86462,0.75,6611,1.0,2019-10-16 11:45:00,,V5_75_reclaim_add1_dd_throttle
,1,0.09169017743198948,,,,,add,,2437.356895333243,,-1,175.234946,0.25,6620,1.0,2019-10-16 12:30:00,,V5_75_reclaim_add1_dd_throttle
1,,,9701.407239928336,176.45234041361428,1.0,6611,close,175.555104,,49.33073680872258,,,,7835,,2019-10-20 17:45:00,buy_cover,V5_75_reclaim_add1_dd_throttle
,,0.09278004802072282,,,,,open,,7299.593186115646,,1,175.555104,0.75,7835,1.0,2019-10-20 17:45:00,,V5_75_reclaim_add1_dd_throttle
,1,0.09142159125005722,,,,,add,,2433.197728705216,,1,176.07520799999998,0.2495206358297407,7863,1.0,2019-10-20 20:05:00,,V5_75_reclaim_add1_dd_throttle
1,,,9732.790914820862,175.68484172679211,0.9995206358297407,7835,close,171.305732,,-246.39465417713654,,,,8379,,2019-10-22 15:05:00,sell,V5_75_reclaim_add1_dd_throttle
,,0.11602553088680534,,,,,open,,7114.7971954827935,,-1,171.305732,0.75,8379,1.0,2019-10-22 15:05:00,,V5_75_reclaim_add1_dd_throttle
,1,0.11549645485683036,,,,,add,,2373.5866739070443,,-1,171.04578400000003,0.25,8475,1.0,2019-10-22 23:05:00,,V5_75_reclaim_add1_dd_throttle
1,,,9488.383869389838,171.24063008374782,1.0,8379,close,164.08281,,396.6126897841914,,,,9191,,2019-10-25 10:45:00,buy_cover,V5_75_reclaim_add1_dd_throttle
,,0.07964687407588933,,,,,open,,7410.83345524053,,1,164.08281,0.75,9191,1.0,2019-10-25 10:45:00,,V5_75_reclaim_add1_dd_throttle
,1,0.0750764578302352,,,,,add,,2470.2778184135095,,1,165.243042,0.24875592180710426,9196,1.0,2019-10-25 11:10:00,,V5_75_reclaim_add1_dd_throttle
1,,,9881.11127365404,164.37133786138733,0.9987559218071043,9191,close,182.553482,,1088.622453287946,,,,10628,,2019-10-30 10:30:00,sell,V5_75_reclaim_add1_dd_throttle
,,0.06608357628765782,,,,,open,,8227.300295206489,,-1,182.553482,0.75,10628,1.0,2019-10-30 10:30:00,,V5_75_reclaim_add1_dd_throttle
,1,0.059566491390164455,,,,,add,,2761.0986658752995,,-1,180.82382800000002,0.25,10668,1.0,2019-10-30 13:50:00,,V5_75_reclaim_add1_dd_throttle
1,,,10988.398961081788,182.11575975946067,1.0,10628,close,184.24684200000002,,-128.583604877138,,,,11330,,2019-11-01 21:00:00,buy_cover,V5_75_reclaim_add1_dd_throttle
,,0.07739552418906337,,,,,open,,8129.214331704474,,1,184.24684200000002,0.75,11330,1.0,2019-11-01 21:00:00,,V5_75_reclaim_add1_dd_throttle
,1,0.07546089179820348,,,,,add,,2709.738110568158,,1,184.67692799999998,0.24963800513917067,11564,1.0,2019-11-02 16:30:00,,V5_75_reclaim_add1_dd_throttle
1,,,10838.952442272632,184.35417558901548,0.9996380051391707,11330,close,181.153762,,-192.42557884757662,,,,11781,,2019-11-03 10:35:00,sell,V5_75_reclaim_add1_dd_throttle
,,0.09360003253068105,,,,,open,,7984.895147568792,,-1,181.153762,0.75,11781,1.0,2019-11-03 10:35:00,,V5_75_reclaim_add1_dd_throttle
,1,0.09352179872315547,,,,,add,,2660.723053385666,,-1,181.16376,0.25,11802,1.0,2019-11-03 12:20:00,,V5_75_reclaim_add1_dd_throttle
1,,,10645.618200954457,181.1562607565216,1.0,11781,close,188.767746,,-447.28724872059684,,,,12405,,2019-11-05 14:35:00,buy_cover,V5_75_reclaim_add1_dd_throttle
,,0.1308123481210589,,,,,open,,7647.832868298201,,1,188.767746,0.75,12405,1.0,2019-11-05 14:35:00,,V5_75_reclaim_add1_dd_throttle
,1,0.12640192672598582,,,,,add,,2549.277622766067,,1,190.698132,0.24817179788396082,12550,1.0,2019-11-06 02:40:00,,V5_75_reclaim_add1_dd_throttle
1,,,10197.110491064268,189.2466693081989,0.9981717978839608,12405,close,188.04238400000003,,-68.94255674493797,,,,12871,,2019-11-07 05:25:00,sell,V5_75_reclaim_add1_dd_throttle
,,0.1388312055842752,,,,,open,,7596.125950739497,,-1,188.04238400000003,0.75,12871,1.0,2019-11-07 05:25:00,,V5_75_reclaim_add1_dd_throttle
,1,0.13603152166990873,,,,,add,,2537.84537857193,,-1,187.392514,0.25,12916,1.0,2019-11-07 09:10:00,,V5_75_reclaim_add1_dd_throttle
1,,,10133.971329311427,187.8792146907433,1.0,12871,close,187.177428,,37.85390570755408,,,,13737,,2019-11-10 05:35:00,buy_cover,V5_75_reclaim_add1_dd_throttle
,,0.13384607862367293,,,,,open,,7622.996284320766,,1,187.177428,0.75,13737,1.0,2019-11-10 05:35:00,,V5_75_reclaim_add1_dd_throttle
,1,0.12492543545744583,,,,,add,,2540.9987614402553,,1,190.978188,0.24632405449269346,13866,1.0,2019-11-10 16:20:00,,V5_75_reclaim_add1_dd_throttle
1,,,10163.995045761021,188.1133643998105,0.9963240544926935,13737,close,184.603072,,-193.65472255830355,,,,14236,,2019-11-11 23:10:00,sell,V5_75_reclaim_add1_dd_throttle
,,0.15296059479745006,,,,,open,,5608.316431801529,,-1,184.603072,0.5625,14236,0.75,2019-11-11 23:10:00,,V5_75_reclaim_add1_dd_throttle
,1,0.15074166986856985,,,,,add,,1871.1254060647027,,-1,184.233146,0.1875,14239,0.75,2019-11-11 23:25:00,,V5_75_reclaim_add1_dd_throttle
1,,,7479.441837866231,184.5103886723146,0.75,14236,close,184.51689599999997,,-0.2634863866314845,,,,14247,,2019-11-12 00:05:00,buy_cover,V5_75_reclaim_add1_dd_throttle
,,0.1516569003118745,,,,,open,,5607.326783502288,,-1,182.253542,0.5625,15687,0.75,2019-11-17 00:05:00,,V5_75_reclaim_add1_dd_throttle
,1,0.1516383560408423,,,,,add,,1868.976757767954,,-1,182.203552,0.1875,15719,0.75,2019-11-17 02:45:00,,V5_75_reclaim_add1_dd_throttle
1,,,7476.303541270242,182.24104259143647,0.75,15687,close,144.60891600000002,,1543.830305983517,,,,30375,,2020-01-07 00:05:00,buy_cover,V5_75_reclaim_add1_dd_throttle
,,0.08830125531407484,,,,,open,,8633.186995292832,,-1,143.62127,0.7500000000000001,30663,1.0,2020-01-08 00:05:00,,V5_75_reclaim_add1_dd_throttle
,1,0.08443356458309437,,,,,add,,2876.2646921229693,,-1,143.661262,0.2499999999999999,30754,1.0,2020-01-08 07:40:00,,V5_75_reclaim_add1_dd_throttle
1,,,11509.451687415802,143.6312620969465,1.0,30663,close,143.75874599999997,,-10.215071693466598,,,,31527,,2020-01-11 00:05:00,buy_cover,V5_75_reclaim_add1_dd_throttle
,,0.08929263589378889,,,,,open,,8623.799273769619,,-1,201.029786,0.75,48807,1.0,2020-03-11 00:05:00,,V5_75_reclaim_add1_dd_throttle
,1,0.08841087531818426,,,,,add,,2877.382988670074,,-1,200.689854,0.25,48841,1.0,2020-03-11 02:55:00,,V5_75_reclaim_add1_dd_throttle
1,,,11501.182262439692,200.94463333781505,1.0,48807,close,142.47849,,3346.343841522419,,,,55344,,2020-04-02 16:50:00,buy_cover,V5_75_reclaim_add1_dd_throttle
,,0.16973969882313733,,,,,open,,8348.87398317905,,1,169.23384,0.5625,57447,0.75,2020-04-10 00:05:00,,V5_75_reclaim_add1_dd_throttle
,1,0.16882284202673392,,,,,add,,2786.031216065361,,1,169.63392,0.1875,57454,0.75,2020-04-10 00:40:00,,V5_75_reclaim_add1_dd_throttle
1,,,11134.905199244411,169.3337656919192,0.75,57447,close,163.63726599999998,,-378.88926091648864,,,,57493,,2020-04-10 03:55:00,sell,V5_75_reclaim_add1_dd_throttle
,,0.19117144912843265,,,,,open,,8135.748773913525,,-1,163.63726599999998,0.5625,57493,0.75,2020-04-10 03:55:00,,V5_75_reclaim_add1_dd_throttle
,1,0.18091136740389424,,,,,add,,2738.4281390405804,,-1,160.727848,0.1875,57495,0.75,2020-04-10 04:05:00,,V5_75_reclaim_add1_dd_throttle
1,,,10874.176912954106,162.89471388884542,0.75,57493,close,160.362066,,169.06951917750303,,,,58193,,2020-04-12 14:15:00,buy_cover,V5_75_reclaim_add1_dd_throttle
,,0.18121916114260161,,,,,open,,8229.627033548164,,1,160.362066,0.5625,58193,0.75,2020-04-12 14:15:00,,V5_75_reclaim_add1_dd_throttle
,1,0.17980202353199493,,,,,add,,2749.2299852963506,,1,161.05220400000002,0.1875,58195,0.75,2020-04-12 14:25:00,,V5_75_reclaim_add1_dd_throttle
1,,,10978.857018844516,160.53432865141897,0.75,58193,close,153.38931599999998,,-492.8392658956873,,,,59163,,2020-04-15 23:05:00,sell,V5_75_reclaim_add1_dd_throttle
,,0.20931465617269596,,,,,open,,7952.40494648184,,-1,153.38931599999998,0.5625,59163,0.75,2020-04-15 23:05:00,,V5_75_reclaim_add1_dd_throttle
,1,0.20667725556883976,,,,,add,,2656.5225131561533,,-1,152.73944600000002,0.1875,59165,0.75,2020-04-15 23:15:00,,V5_75_reclaim_add1_dd_throttle
1,,,10608.927459637993,153.22606721644974,0.75,59163,close,179.475888,,-1817.4607846974632,,,,59905,,2020-04-18 12:55:00,buy_cover,V5_75_reclaim_add1_dd_throttle
,,0.3109511410916388,,,,,open,,4619.259833833539,,1,175.075008,0.375,60992,0.5,2020-04-22 07:30:00,,V5_75_reclaim_add1_dd_throttle
,1,0.309667408590075,,,,,add,,1541.3029561070884,,1,175.615116,0.125,61011,0.5,2020-04-22 09:05:00,,V5_75_reclaim_add1_dd_throttle
1,,,6160.562789940628,175.2098250419867,0.5,60992,close,390.4219,,7561.5937027030395,,,,95701,,2020-08-21 21:15:00,sell,V5_75_reclaim_add1_dd_throttle
,,0.08635021982582358,,,,,open,,14909.714944694359,,1,370.494084,0.75,101495,1.0,2020-09-11 00:05:00,,V5_75_reclaim_add1_dd_throttle
,1,0.08488605602845456,,,,,add,,4969.904981564785,,1,371.77434,0.24942863973819807,101499,1.0,2020-09-11 00:25:00,,V5_75_reclaim_add1_dd_throttle
1,,,19879.619926259144,370.8133206494695,0.9994286397381981,101495,close,317.596468,,-2859.8110466135695,,,,105239,,2020-09-24 00:05:00,sell,V5_75_reclaim_add1_dd_throttle
,,0.2177846106124811,,,,,open,,9573.642494800635,,1,365.333052,0.5625,109847,0.75,2020-10-10 00:05:00,,V5_75_reclaim_add1_dd_throttle
,1,0.2168527751149869,,,,,add,,3195.015786174109,,1,366.253236,0.1875,109850,0.75,2020-10-10 00:20:00,,V5_75_reclaim_add1_dd_throttle
1,,,12768.658280974745,365.56286946430646,0.75,109847,close,934.813,,19870.14260558166,,,,136783,,2021-01-11 16:15:00,sell,V5_75_reclaim_add1_dd_throttle
,,0.2802440461998399,,,,,open,,13833.731806960212,,1,1576.9353239999998,0.375,150989,0.5,2021-03-02 00:05:00,,V5_75_reclaim_add1_dd_throttle
,1,0.2785329195229542,,,,,add,,4622.206571627812,,1,1587.56745,0.125,150991,0.5,2021-03-02 00:15:00,,V5_75_reclaim_add1_dd_throttle
1,,,18455.938378588024,1579.584702863592,0.5,150989,close,3432.533356,,21633.894265630213,,,,172818,,2021-05-16 19:10:00,sell,V5_75_reclaim_add1_dd_throttle
,,0.15637493599763208,,,,,open,,32919.66323485732,,1,2871.4441739999997,0.5625,175757,0.75,2021-05-27 00:05:00,,V5_75_reclaim_add1_dd_throttle
0,,,32919.66323485732,2871.4441739999997,0.5625,175757,close,2256.79855,,-7056.951126516578,,,,176621,,2021-05-30 00:05:00,sell,V5_75_reclaim_add1_dd_throttle
,,0.2581013480163076,,,,,open,,19300.085484127827,,1,2843.838654,0.375,178061,0.5,2021-06-04 00:05:00,,V5_75_reclaim_add1_dd_throttle
0,,,19300.085484127827,2843.838654,0.375,178061,close,2703.819128,,-957.6001459086474,,,,178925,,2021-06-07 00:05:00,sell,V5_75_reclaim_add1_dd_throttle
,,0.27190521674735424,,,,,open,,18940.985429412085,,-1,1804.359056,0.375,184304,0.5,2021-06-26 00:05:00,,V5_75_reclaim_add1_dd_throttle
,1,0.26871934134306363,,,,,add,,6341.721004426646,,-1,1782.2534779999999,0.125,184389,0.5,2021-06-26 07:10:00,,V5_75_reclaim_add1_dd_throttle
1,,,25282.70643383873,1798.76289893264,0.5,184304,close,1985.537028,,-2625.2228514708804,,,,184880,,2021-06-28 00:05:00,buy_cover,V5_75_reclaim_add1_dd_throttle
,,0.3098208662162165,,,,,open,,17954.630657127964,,-1,1942.36145,0.37499999999999994,189488,0.5,2021-07-14 00:05:00,,V5_75_reclaim_add1_dd_throttle
,1,0.30966461005111257,,,,,add,,5989.616691019008,,-1,1937.482426,0.125,189490,0.5,2021-07-14 00:15:00,,V5_75_reclaim_add1_dd_throttle
1,,,23944.24734814697,1941.1386664621198,0.49999999999999994,189488,close,2023.494618,,-1015.8724722983388,,,,192080,,2021-07-23 00:05:00,buy_cover,V5_75_reclaim_add1_dd_throttle
,,0.32453376592152383,,,,,open,,17571.88266146498,,1,2182.9765079999997,0.375,192656,0.5,2021-07-25 00:05:00,,V5_75_reclaim_add1_dd_throttle
,1,0.32401788734442816,,,,,add,,5864.755434448429,,1,2191.268166,0.125,192658,0.5,2021-07-25 00:15:00,,V5_75_reclaim_add1_dd_throttle
1,,,23436.63809591341,2185.0455100964605,0.5,192656,close,3060.8077160000003,,9380.230588079845,,,,209936,,2021-09-23 00:05:00,sell,V5_75_reclaim_add1_dd_throttle
,,0.18931712852018068,,,,,open,,31634.203697992383,,1,3305.06088,0.5625,212528,0.75,2021-10-02 00:05:00,,V5_75_reclaim_add1_dd_throttle
,1,0.1884952532507238,,,,,add,,10556.932083464279,,1,3313.182504,0.1875,212540,0.75,2021-10-02 01:05:00,,V5_75_reclaim_add1_dd_throttle
1,,,42191.13578145666,3307.0893096703417,0.75,212528,close,4179.51393,,11108.879698421479,,,,231248,,2021-12-06 00:05:00,sell,V5_75_reclaim_add1_dd_throttle
,,0.11480890140989308,,,,,open,,50510.59803780595,,1,4354.9308120000005,0.75,231536,1.0,2021-12-07 00:05:00,,V5_75_reclaim_add1_dd_throttle
,1,0.11335820300246935,,,,,add,,16836.866012601982,,1,4366.92321,0.24955964009089193,231550,1.0,2021-12-07 01:15:00,,V5_75_reclaim_add1_dd_throttle
1,,,67347.46405040793,4357.922732245968,0.9995596400908919,231536,close,4078.8540660000003,,-4337.946616337627,,,,232976,,2021-12-12 00:05:00,sell,V5_75_reclaim_add1_dd_throttle
,,0.17182532786460059,,,,,open,,35442.853556664544,,-1,3406.5785480000004,0.5625,240464,0.75,2022-01-07 00:05:00,,V5_75_reclaim_add1_dd_throttle
,1,0.16988290173542775,,,,,add,,11840.063201647885,,-1,3392.001464,0.1875,240466,0.75,2022-01-07 00:15:00,,V5_75_reclaim_add1_dd_throttle
1,,,47282.91675831243,3402.9165703580147,0.75,240464,close,2465.162934,,13029.920326686013,,,,246224,,2022-01-27 00:05:00,buy_cover,V5_75_reclaim_add1_dd_throttle
,,0.0519678778557896,,,,,open,,57022.485883053494,,1,2465.162934,0.75,246224,1.0,2022-01-27 00:05:00,,V5_75_reclaim_add1_dd_throttle
,1,0.043863753535292815,,,,,add,,19007.49529435116,,1,2487.307362,0.2484016407891303,246227,1.0,2022-01-27 00:20:00,,V5_75_reclaim_add1_dd_throttle
1,,,76029.98117740465,2470.66199268543,0.9984016407891303,246224,close,2337.842338,,-4116.049548488198,,,,246475,,2022-01-27 21:00:00,sell,V5_75_reclaim_add1_dd_throttle
,,0.10325380640369608,,,,,open,,53935.44872168734,,-1,2337.842338,0.75,246475,1.0,2022-01-27 21:00:00,,V5_75_reclaim_add1_dd_throttle
,1,0.09819343755816379,,,,,add,,18083.921472345657,,-1,2318.626182,0.25,246478,1.0,2022-01-27 21:15:00,,V5_75_reclaim_add1_dd_throttle
1,,,72019.37019403299,2332.9873132237167,1.0,246475,close,2591.588214,,-7983.012352519203,,,,246962,,2022-01-29 13:35:00,buy_cover,V5_75_reclaim_add1_dd_throttle
,,0.2031549527793729,,,,,open,,35953.03991382663,,1,2752.75044,0.5625,248591,0.75,2022-02-04 05:20:00,,V5_75_reclaim_add1_dd_throttle
,1,0.19858383109081446,,,,,add,,12063.035666892054,,1,2785.997088,0.1875,248600,0.75,2022-02-04 06:05:00,,V5_75_reclaim_add1_dd_throttle
1,,,48016.07558071868,2761.0281076466013,0.75,248591,close,2959.8379139999997,,3436.844567489403,,,,249284,,2022-02-06 15:05:00,sell,V5_75_reclaim_add1_dd_throttle
,,0.15981499128119736,,,,,open,,37886.264983039415,,-1,2959.8379139999997,0.5625,249284,0.75,2022-02-06 15:05:00,,V5_75_reclaim_add1_dd_throttle
0,,,37886.264983039415,2959.8379139999997,0.5625,249284,close,3195.0088739999997,,-3010.213641380382,,,,249750,,2022-02-08 05:55:00,buy_cover,V5_75_reclaim_add1_dd_throttle
,,0.19793448739578268,,,,,open,,36188.75760495236,,1,3195.0088739999997,0.5625,249750,0.75,2022-02-08 05:55:00,,V5_75_reclaim_add1_dd_throttle
,1,0.19489778009114034,,,,,add,,12108.15021485178,,1,3217.5933899999995,0.1875,249754,0.75,2022-02-08 06:15:00,,V5_75_reclaim_add1_dd_throttle
1,,,48296.90781980414,3200.641035113506,0.75,249750,close,3076.8845,,-1886.026443114839,,,,250537,,2022-02-10 23:30:00,sell,V5_75_reclaim_add1_dd_throttle
,,0.22144365295060942,,,,,open,,35127.867730700265,,1,2959.0816979999995,0.5625,251580,0.75,2022-02-14 14:25:00,,V5_75_reclaim_add1_dd_throttle
,1,0.21917583608150137,,,,,add,,11743.61917249594,,1,2975.6950199999997,0.1875,251714,0.75,2022-02-15 01:35:00,,V5_75_reclaim_add1_dd_throttle
1,,,46871.48690319621,2963.226713635961,0.75,251580,close,3050.369804,,1359.1068722001073,,,,252179,,2022-02-16 16:20:00,sell,V5_75_reclaim_add1_dd_throttle
,,0.20480328574675588,,,,,open,,35892.36534631282,,-1,3050.369804,0.5625,252179,0.75,2022-02-16 16:20:00,,V5_75_reclaim_add1_dd_throttle
,1,0.20426657504083612,,,,,add,,11965.554680365729,,-1,3048.5001780000002,0.1875,252375,0.75,2022-02-17 08:40:00,,V5_75_reclaim_add1_dd_throttle
1,,,47857.92002667855,3049.9021405435947,0.75,252179,close,2666.013096,,6023.844520206316,,,,254066,,2022-02-23 06:05:00,buy_cover,V5_75_reclaim_add1_dd_throttle
,,0.12954810121631644,,,,,open,,52367.19183056784,,1,2666.013096,0.75,254066,1.0,2022-02-23 06:05:00,,V5_75_reclaim_add1_dd_throttle
,1,0.12828513374443484,,,,,add,,17455.730610189275,,1,2670.073908,0.2497896804645502,254068,1.0,2022-02-23 06:15:00,,V5_75_reclaim_add1_dd_throttle
1,,,69822.92244075712,2667.027140572354,0.9997896804645502,254066,close,2650.31983,,-465.1497765677632,,,,255380,,2022-02-27 19:35:00,sell,V5_75_reclaim_add1_dd_throttle
,,0.13601070490247613,,,,,open,,52018.32949814202,,-1,2650.31983,0.75,255380,1.0,2022-02-27 19:35:00,,V5_75_reclaim_add1_dd_throttle
,1,0.13125065874721897,,,,,add,,17405.32660710662,,-1,2635.8327280000003,0.25,255383,1.0,2022-02-27 19:50:00,,V5_75_reclaim_add1_dd_throttle
1,,,69423.65610524864,2646.672805989611,1.0,255380,close,2995.9490699999997,,-9161.701765295176,,,,255884,,2022-03-01 13:35:00,buy_cover,V5_75_reclaim_add1_dd_throttle
,,0.2497107097166542,,,,,open,,33852.47971931613,,1,2632.596414,0.5625,258056,0.75,2022-03-09 02:35:00,,V5_75_reclaim_add1_dd_throttle
,1,0.2482911133709652,,,,,add,,11315.273101850844,,1,2646.5592060000004,0.1875,258066,0.75,2022-03-09 03:25:00,,V5_75_reclaim_add1_dd_throttle
1,,,45167.75282116697,2636.0804760039405,0.75,258056,close,2534.323034,,-1760.924342850638,,,,258628,,2022-03-11 02:15:00,sell,V5_75_reclaim_add1_dd_throttle
,,0.2711101254005881,,,,,open,,21907.97318430843,,-1,2534.323034,0.375,258628,0.5,2022-03-11 02:15:00,,V5_75_reclaim_add1_dd_throttle
,1,0.2714016098215487,,,,,add,,7294.950604205218,,-1,2540.44181,0.125,258636,0.5,2022-03-11 02:55:00,,V5_75_reclaim_add1_dd_throttle
1,,,29202.923788513646,2535.848753407439,0.5,258628,close,2606.341164,,-811.7918889782995,,,,259955,,2022-03-15 16:50:00,buy_cover,V5_75_reclaim_add1_dd_throttle
,,0.2818574908003777,,,,,open,,21601.36100665743,,-1,2885.982688,0.375,261337,0.5,2022-03-20 12:00:00,,V5_75_reclaim_add1_dd_throttle
,1,0.2807626314738296,,,,,add,,7209.073993068751,,-1,2875.614762,0.125,261339,0.5,2022-03-20 12:10:00,,V5_75_reclaim_add1_dd_throttle
1,,,28810.43499972618,2883.38137302875,0.5,261337,close,2964.072696,,-806.2577921193297,,,,261799,,2022-03-22 02:30:00,buy_cover,V5_75_reclaim_add1_dd_throttle
,,0.2918689855673666,,,,,open,,21296.8535519877,,1,2964.072696,0.375,261799,0.5,2022-03-22 02:30:00,,V5_75_reclaim_add1_dd_throttle
,1,0.2916008013380279,,,,,add,,7103.408916026723,,1,2970.223926,0.125,261802,0.5,2022-03-22 02:45:00,,V5_75_reclaim_add1_dd_throttle
1,,,28400.26246801442,2965.60883708003,0.5,261799,close,3176.894494,,2011.2166485607995,,,,266378,,2022-04-07 00:05:00,sell,V5_75_reclaim_add1_dd_throttle
,,0.26752655145107307,,,,,open,,22051.059795198,,-1,3176.894494,0.37500000000000006,266378,0.5,2022-04-07 00:05:00,,V5_75_reclaim_add1_dd_throttle
,1,0.2646058849150754,,,,,add,,7375.734287980614,,-1,3146.3706,0.12499999999999994,266388,0.5,2022-04-07 00:55:00,,V5_75_reclaim_add1_dd_throttle
1,,,29426.794083178615,3169.18829150553,0.5,266378,close,3228.6756060000002,,-552.3550489250338,,,,266666,,2022-04-08 00:05:00,buy_cover,V5_75_reclaim_add1_dd_throttle
,,0.2738667094023318,,,,,open,,21841.719642294873,,1,3272.1543,0.375,266698,0.5,2022-04-08 02:45:00,,V5_75_reclaim_add1_dd_throttle
,1,0.2727284291429347,,,,,add,,7292.178046289319,,1,3287.3773439999995,0.125,266761,0.5,2022-04-08 08:00:00,,V5_75_reclaim_add1_dd_throttle
1,,,29133.89768858419,3275.9513652794108,0.5,266698,close,2984.2630280000003,,-2604.6760258568975,,,,267818,,2022-04-12 00:05:00,sell,V5_75_reclaim_add1_dd_throttle
,,0.30562482087185006,,,,,open,,20864.966132598536,,-1,2984.2630280000003,0.375,267818,0.5,2022-04-12 00:05:00,,V5_75_reclaim_add1_dd_throttle
,1,0.3043551148767739,,,,,add,,6973.151219093964,,-1,2962.287424,0.125,267830,0.5,2022-04-12 01:05:00,,V5_75_reclaim_add1_dd_throttle
1,,,27838.1173516925,2978.72782351061,0.5,267818,close,3096.8892539999997,,-1104.2930119302036,,,,268277,,2022-04-13 14:20:00,buy_cover,V5_75_reclaim_add1_dd_throttle
,,0.320175712992556,,,,,open,,20448.76839432333,,-1,3012.587362,0.375,269538,0.5,2022-04-17 23:25:00,,V5_75_reclaim_add1_dd_throttle
,1,0.31845019592816404,,,,,add,,6834.371393223503,,-1,2990.0318740000002,0.125,269540,0.5,2022-04-17 23:35:00,,V5_75_reclaim_add1_dd_throttle
1,,,27283.139787546836,3006.90537287448,0.5,269538,close,3118.02348,,-1008.2284178953742,,,,270002,,2022-04-19 14:05:00,buy_cover,V5_75_reclaim_add1_dd_throttle
,,0.332481286660412,,,,,open,,20068.636502128502,,1,3118.02348,0.375,270002,0.5,2022-04-19 14:05:00,,V5_75_reclaim_add1_dd_throttle
,1,0.332163239973048,,,,,add,,6694.261416164873,,1,3125.1349020000002,0.125,270015,0.5,2022-04-19 15:10:00,,V5_75_reclaim_add1_dd_throttle
1,,,26762.897918293376,3119.799238326716,0.5,270002,close,3025.524774,,-819.10506262134,,,,270647,,2022-04-21 19:50:00,sell,V5_75_reclaim_add1_dd_throttle
,,0.34302504561557234,,,,,open,,19761.4721036455,,1,2971.384158,0.37500000000000006,271787,0.5,2022-04-25 18:50:00,,V5_75_reclaim_add1_dd_throttle
,1,0.34193567018935367,,,,,add,,6597.090909131168,,1,2984.526786,0.12499999999999994,271795,0.5,2022-04-25 19:30:00,,V5_75_reclaim_add1_dd_throttle
1,,,26358.56301277667,2974.662658050269,0.5,271787,close,2837.23244,,-1227.8280392767047,,,,272853,,2022-04-29 11:40:00,sell,V5_75_reclaim_add1_dd_throttle
,,0.35779942406876875,,,,,open,,19301.036588916737,,-1,2837.23244,0.37500000000000006,272853,0.5,2022-04-29 11:40:00,,V5_75_reclaim_add1_dd_throttle
,1,0.3568480464278241,,,,,add,,6447.515376044002,,-1,2819.825922,0.12499999999999994,272914,0.5,2022-04-29 16:45:00,,V5_75_reclaim_add1_dd_throttle
1,,,25748.551964960738,2832.853658031766,0.5,272853,close,2835.677022,,-25.66126670993981,,,,273570,,2022-05-01 23:25:00,buy_cover,V5_75_reclaim_add1_dd_throttle
,,0.3585128149707686,,,,,open,,19289.482472503136,,1,2835.677022,0.375,273570,0.5,2022-05-01 23:25:00,,V5_75_reclaim_add1_dd_throttle
,1,0.35661829886719465,,,,,add,,6448.169733667037,,1,2858.391564,0.125,273636,0.5,2022-05-02 04:55:00,,V5_75_reclaim_add1_dd_throttle
1,,,25737.652206170173,2841.333838086813,0.5,273570,close,2762.4773940000005,,-724.3136070479522,,,,274101,,2022-05-03 19:40:00,sell,V5_75_reclaim_add1_dd_throttle
,,0.3673698932040129,,,,,open,,19017.864869860154,,-1,2762.4773940000005,0.375,274101,0.5,2022-05-03 19:40:00,,V5_75_reclaim_add1_dd_throttle
,1,0.3675074871293047,,,,,add,,6342.536011118934,,-1,2757.59837,0.125,274109,0.5,2022-05-03 20:20:00,,V5_75_reclaim_add1_dd_throttle
1,,,25360.400880979087,2761.2555510984535,0.5,274101,close,2089.877892,,6166.183600971839,,,,277466,,2022-05-15 12:05:00,buy_cover,V5_75_reclaim_add1_dd_throttle
,,0.2909768900571469,,,,,open,,21328.28169015852,,1,2089.877892,0.375,277466,0.5,2022-05-15 12:05:00,,V5_75_reclaim_add1_dd_throttle
,1,0.29050433455996294,,,,,add,,7110.261426356823,,1,2091.3681899999997,0.125,277470,0.5,2022-05-15 12:25:00,,V5_75_reclaim_add1_dd_throttle
1,,,28438.543116515342,2090.250300118377,0.5,277466,close,2001.989522,,-1211.7109289077343,,,,278340,,2022-05-18 12:55:00,sell,V5_75_reclaim_add1_dd_throttle
,,0.30596767341962683,,,,,open,,20873.890091818117,,-1,2001.989522,0.375,278340,0.5,2022-05-18 12:55:00,,V5_75_reclaim_add1_dd_throttle
,1,0.3040333543574202,,,,,add,,6975.918298419314,,-1,1987.412438,0.125,278350,0.5,2022-05-18 13:45:00,,V5_75_reclaim_add1_dd_throttle
1,,,27849.80839023743,1998.3181662987615,0.5,278340,close,2050.10994,,-721.8013198743174,,,,278781,,2022-05-20 01:40:00,buy_cover,V5_75_reclaim_add1_dd_throttle
,,0.31511055188765025,,,,,open,,20601.12586123598,,-1,1989.082104,0.375,279862,0.5,2022-05-23 19:45:00,,V5_75_reclaim_add1_dd_throttle
,1,0.3148518170214373,,,,,add,,6870.17979718443,,-1,1985.862748,0.125,279864,0.5,2022-05-23 19:55:00,,V5_75_reclaim_add1_dd_throttle
1,,,27471.30565842041,1988.2760108149491,0.5,279862,close,1836.297186,,2099.838626633624,,,,281661,,2022-05-30 01:40:00,buy_cover,V5_75_reclaim_add1_dd_throttle
,,0.28843956951409433,,,,,open,,21386.504998299206,,1,1836.297186,0.37499999999999994,281661,0.5,2022-05-30 01:40:00,,V5_75_reclaim_add1_dd_throttle
,1,0.28760892642134317,,,,,add,,7142.059154203603,,1,1846.11915,0.125,281665,0.5,2022-05-30 02:00:00,,V5_75_reclaim_add1_dd_throttle
1,,,28528.564152502808,1838.7462714863493,0.49999999999999994,281661,close,1916.876548,,1200.313786191382,,,,282267,,2022-06-01 04:10:00,sell,V5_75_reclaim_add1_dd_throttle
,,0.27348561413273154,,,,,open,,21836.622668120977,,-1,1916.876548,0.375,282267,0.5,2022-06-01 04:10:00,,V5_75_reclaim_add1_dd_throttle
,1,0.2729849758292918,,,,,add,,7288.403095410324,,-1,1909.41804,0.125,282393,0.5,2022-06-01 14:40:00,,V5_75_reclaim_add1_dd_throttle
1,,,29125.025763531303,1915.0046299479823,0.5,282267,close,1796.319192,,1805.0705865910058,,,,283346,,2022-06-04 22:05:00,buy_cover,V5_75_reclaim_add1_dd_throttle
,,0.25141443550277875,,,,,open,,22511.33976116034,,1,1796.319192,0.375,283346,0.5,2022-06-04 22:05:00,,V5_75_reclaim_add1_dd_throttle
,1,0.24925861351019285,,,,,add,,11295.000056211662,,1,1813.782684,0.1875,283349,0.75,2022-06-04 22:20:00,,V5_75_reclaim_add1_dd_throttle
1,,,33806.339817372005,1802.1163715970151,0.5625,283346,close,1780.423844,,-420.29383295727894,,,,283952,,2022-06-07 00:35:00,sell,V5_75_reclaim_add1_dd_throttle
,,0.2557686997641875,,,,,open,,22353.72957380136,,-1,1780.423844,0.375,283952,0.5,2022-06-07 00:35:00,,V5_75_reclaim_add1_dd_throttle
,1,0.24959476221922028,,,,,add,,11290.399189608068,,-1,1731.483634,0.1875,283968,0.75,2022-06-07 01:55:00,,V5_75_reclaim_add1_dd_throttle
1,,,33644.128763409426,1763.6948091753793,0.5625,283952,close,1248.729696,,9823.442336338048,,,,286538,,2022-06-16 00:05:00,buy_cover,V5_75_reclaim_add1_dd_throttle
,,0.13446017741396732,,,,,open,,52069.994280541745,,1,1141.5282599999998,0.75,288796,1.0,2022-06-23 20:15:00,,V5_75_reclaim_add1_dd_throttle
,1,0.13237164285706982,,,,,add,,17356.66476018058,,1,1146.3092159999999,0.24929202098091385,288823,1.0,2022-06-23 22:30:00,,V5_75_reclaim_add1_dd_throttle
1,,,69426.65904072233,1142.7197563255697,0.9992920209809139,288796,close,1192.91137,,3020.4355902539537,,,,289870,,2022-06-27 13:45:00,sell,V5_75_reclaim_add1_dd_throttle
,,0.0971322530049884,,,,,open,,54335.320973232214,,-1,1192.91137,0.75,289870,1.0,2022-06-27 13:45:00,,V5_75_reclaim_add1_dd_throttle
,1,0.09085305847260938,,,,,add,,18221.327080729854,,-1,1182.81339,0.25,289873,1.0,2022-06-27 14:00:00,,V5_75_reclaim_add1_dd_throttle
1,,,72556.64805396207,1190.3592615700936,1.0,289870,close,1092.208398,,5982.648318066276,,,,291864,,2022-07-04 11:55:00,buy_cover,V5_75_reclaim_add1_dd_throttle
,,0.0680825972864092,,,,,open,,58811.423714573815,,1,1092.208398,0.75,291864,1.0,2022-07-04 11:55:00,,V5_75_reclaim_add1_dd_throttle
,1,0.058018220509835516,,,,,add,,19603.80790485794,,1,1106.851326,0.2475857723393291,291866,1.0,2022-07-04 12:05:00,,V5_75_reclaim_add1_dd_throttle
1,,,78415.23161943175,1095.8326876331541,0.9975857723393291,291864,close,1188.502252,,6597.202740531022,,,,293479,,2022-07-10 02:30:00,sell,V5_75_reclaim_add1_dd_throttle
,,0.06750862880451836,,,,,open,,63759.325769972085,,-1,1188.502252,0.75,293479,1.0,2022-07-10 02:30:00,,V5_75_reclaim_add1_dd_throttle
,1,0.06364467491799886,,,,,add,,21326.11402099157,,-1,1182.583436,0.25,293579,1.0,2022-07-10 10:50:00,,V5_75_reclaim_add1_dd_throttle
1,,,85085.43979096366,1187.013182157088,1.0,293479,close,1099.829922,,6249.323838658645,,,,294463,,2022-07-13 12:30:00,buy_cover,V5_75_reclaim_add1_dd_throttle
,,0.04677131644290844,,,,,open,,68433.55583299742,,1,1099.829922,0.75,294463,1.0,2022-07-13 12:30:00,,V5_75_reclaim_add1_dd_throttle
,1,0.03951814709065782,,,,,add,,22811.185277665805,,1,1111.3422239999998,0.24812727648975108,294593,1.0,2022-07-13 23:20:00,,V5_75_reclaim_add1_dd_throttle
1,,,91244.74111066322,1102.6855791333032,0.9981272764897511,294463,close,1481.893562,,31329.55965720916,,,,296666,,2022-07-21 04:05:00,sell,V5_75_reclaim_add1_dd_throttle
,,0.07984856947806107,,,,,open,,91930.72557590429,,-1,1481.893562,0.75,296666,1.0,2022-07-21 04:05:00,,V5_75_reclaim_add1_dd_throttle
0,,,91930.72557590429,1481.893562,0.75,296666,close,1606.881312,,-7753.734094924934,,,,297550,,2022-07-24 05:45:00,buy_cover,V5_75_reclaim_add1_dd_throttle
,,0.13901027035467395,,,,,open,,86101.63539587421,,1,1606.881312,0.7500000000000001,297550,1.0,2022-07-24 05:45:00,,V5_75_reclaim_add1_dd_throttle
,1,0.13444791056974126,,,,,add,,28700.54513195806,,1,1618.603656,0.24871434840262563,297559,1.0,2022-07-24 06:30:00,,V5_75_reclaim_add1_dd_throttle
1,,,114802.18052783227,1609.7959510838891,0.9987143484026257,297550,close,1479.1741060000002,,-9357.453534815912,,,,297999,,2022-07-25 19:10:00,sell,V5_75_reclaim_add1_dd_throttle
,,0.20899509082776313,,,,,open,,59312.6589335717,,-1,1670.405852,0.5625,299769,0.75,2022-07-31 22:40:00,,V5_75_reclaim_add1_dd_throttle
,1,0.20858451456767713,,,,,add,,19776.489034640395,,-1,1668.896154,0.1875,299771,0.75,2022-07-31 22:50:00,,V5_75_reclaim_add1_dd_throttle
1,,,79089.1479682121,1670.0280912445785,0.75,299769,close,1681.2261780000001,,-530.3155236332386,,,,300509,,2022-08-03 12:20:00,buy_cover,V5_75_reclaim_add1_dd_throttle
,,0.2126485670967081,,,,,open,,59005.458922381586,,1,1681.2261780000001,0.5625,300509,0.75,2022-08-03 12:20:00,,V5_75_reclaim_add1_dd_throttle
,1,0.20866511489313622,,,,,add,,19785.18690893391,,1,1699.63986,0.1875,301073,0.75,2022-08-05 11:20:00,,V5_75_reclaim_add1_dd_throttle
1,,,78790.64583131549,1685.8124359899998,0.75,300509,close,1711.05772,,1147.91624828348,,,,302229,,2022-08-09 11:40:00,sell,V5_75_reclaim_add1_dd_throttle
,,0.20659641609793422,,,,,open,,59651.16181204104,,-1,1711.05772,0.5625,302229,0.75,2022-08-09 11:40:00,,V5_75_reclaim_add1_dd_throttle
,1,0.20070631903945768,,,,,add,,19962.572441008262,,-1,1698.3102700000002,0.1875,302231,0.75,2022-08-09 11:50:00,,V5_75_reclaim_add1_dd_throttle
1,,,79613.7342530493,1707.843446341891,0.75,302229,close,1891.82829,,-8576.731348730798,,,,302683,,2022-08-11 01:30:00,buy_cover,V5_75_reclaim_add1_dd_throttle
,,0.26762660348339296,,,,,open,,36545.19592218433,,1,1891.82829,0.37499999999999994,302683,0.5,2022-08-11 01:30:00,,V5_75_reclaim_add1_dd_throttle
,1,0.26675126691031525,,,,,add,,12222.491418479978,,1,1909.471818,0.125,302687,0.5,2022-08-11 01:50:00,,V5_75_reclaim_add1_dd_throttle
1,,,48767.687340664306,1896.2195421566685,0.49999999999999994,302683,close,1958.368248,,1578.2193847806775,,,,303731,,2022-08-14 16:50:00,sell,V5_75_reclaim_add1_dd_throttle
,,0.25757220611721476,,,,,open,,37137.02819147709,,-1,1958.368248,0.37500000000000006,303731,0.5,2022-08-14 16:50:00,,V5_75_reclaim_add1_dd_throttle
,1,0.25474693636398293,,,,,add,,12417.607289517739,,-1,1941.301662,0.12499999999999994,303733,0.5,2022-08-14 17:00:00,,V5_75_reclaim_add1_dd_throttle
1,,,49554.635480994824,1954.0635177822548,0.5,303731,close,1919.6938619999999,,871.6091127984837,,,,304463,,2022-08-17 05:50:00,buy_cover,V5_75_reclaim_add1_dd_throttle
,,0.2508136385838765,,,,,open,,37460.16501111544,,1,1919.6938619999999,0.375,304463,0.5,2022-08-17 05:50:00,,V5_75_reclaim_add1_dd_throttle
,1,0.24777316526460202,,,,,add,,18808.73879310185,,1,1941.968316,0.1875,304466,0.75,2022-08-17 06:05:00,,V5_75_reclaim_add1_dd_throttle
1,,,56268.90380421729,1927.0823645060348,0.5625,304463,close,1821.865554,,-3093.5036037987447,,,,304974,,2022-08-19 00:25:00,sell,V5_75_reclaim_add1_dd_throttle
,,0.274556596950702,,,,,open,,36300.10115969091,,-1,1821.865554,0.375,304974,0.5,2022-08-19 00:25:00,,V5_75_reclaim_add1_dd_throttle
,1,0.2716933386341175,,,,,add,,12126.282004055338,,-1,1810.597808,0.125,304987,0.5,2022-08-19 01:30:00,,V5_75_reclaim_add1_dd_throttle
1,,,48426.38316374624,1819.0308953834647,0.5,304974,close,1643.248584,,4679.69223014958,,,,305802,,2022-08-21 21:25:00,buy_cover,V5_75_reclaim_add1_dd_throttle
,,0.23865544060630284,,,,,open,,57077.03065088958,,1,1643.248584,0.5625,305802,0.75,2022-08-21 21:25:00,,V5_75_reclaim_add1_dd_throttle
,1,0.23448727926943425,,,,,add,,19134.04369833111,,1,1660.552044,0.1875,306342,0.75,2022-08-23 18:25:00,,V5_75_reclaim_add1_dd_throttle
1,,,76211.0743492207,1647.5589097351353,0.75,305802,close,1653.579218,,247.88842433335958,,,,307070,,2022-08-26 07:05:00,sell,V5_75_reclaim_add1_dd_throttle
,,0.23681100106233144,,,,,open,,57216.46788957711,,-1,1653.579218,0.5625,307070,0.75,2022-08-26 07:05:00,,V5_75_reclaim_add1_dd_throttle
,1,0.23264014520886578,,,,,add,,19199.34608940376,,-1,1633.313272,0.1875,307119,0.75,2022-08-26 11:10:00,,V5_75_reclaim_add1_dd_throttle
1,,,76415.81397898086,1648.440275000966,0.75,307070,close,1510.4720340000001,,6395.718556614884,,,,308019,,2022-08-29 14:10:00,buy_cover,V5_75_reclaim_add1_dd_throttle
,,0.1889844267774653,,,,,open,,60805.46279860035,,1,1510.4720340000001,0.5625,308019,0.75,2022-08-29 14:10:00,,V5_75_reclaim_add1_dd_throttle
,1,0.18450785495151745,,,,,add,,20389.199637574704,,1,1527.075354,0.1875,308022,0.75,2022-08-29 14:25:00,,V5_75_reclaim_add1_dd_throttle
1,,,81194.66243617504,1514.6073359278448,0.75,308019,close,1519.925954,,252.53039280380472,,,,308891,,2022-09-01 14:50:00,sell,V5_75_reclaim_add1_dd_throttle
,,0.18589853702280323,,,,,open,,60947.51114455248,,-1,1519.925954,0.5625,308891,0.75,2022-09-01 14:50:00,,V5_75_reclaim_add1_dd_throttle
0,,,60947.51114455248,1519.925954,0.5625,308891,close,1574.194776,,-2176.1229796833795,,,,309722,,2022-09-04 12:05:00,buy_cover,V5_75_reclaim_add1_dd_throttle
,,0.20372687480882412,,,,,open,,59716.58537347682,,1,1574.194776,0.5625,309722,0.75,2022-09-04 12:05:00,,V5_75_reclaim_add1_dd_throttle
,1,0.20244449623816718,,,,,add,,19905.388521508812,,1,1574.8048979999999,0.1875,309835,0.75,2022-09-04 21:30:00,,V5_75_reclaim_add1_dd_throttle
1,,,79621.97389498563,1574.3472613708116,0.75,309722,close,1559.867964,,-763.8373091603862,,,,310395,,2022-09-06 20:10:00,sell,V5_75_reclaim_add1_dd_throttle
,,0.20933825829772001,,,,,open,,59286.92688707411,,-1,1707.098512,0.5625,312072,0.75,2022-09-12 15:55:00,,V5_75_reclaim_add1_dd_throttle
,1,0.2031084463178855,,,,,add,,19914.37501308906,,-1,1683.0633200000002,0.1875,312174,0.75,2022-09-13 00:25:00,,V5_75_reclaim_add1_dd_throttle
1,,,79201.30190016316,1700.9907311179047,0.75,312072,close,1631.57625,,3232.070782988754,,,,312729,,2022-09-14 22:40:00,buy_cover,V5_75_reclaim_add1_dd_throttle
,,0.18511626868875564,,,,,open,,61096.056556041505,,1,1631.57625,0.5625,312729,0.75,2022-09-14 22:40:00,,V5_75_reclaim_add1_dd_throttle
,1,0.18122684878045792,,,,,add,,20460.240425891243,,1,1645.749084,0.1875,312731,0.75,2022-09-14 22:50:00,,V5_75_reclaim_add1_dd_throttle
1,,,81556.29698193274,1635.1088379115647,0.75,312729,close,1422.985346,,-10608.726969756302,,,,313231,,2022-09-16 16:30:00,sell,V5_75_reclaim_add1_dd_throttle
,,0.2649550015629972,,,,,open,,36752.43175703572,,-1,1422.985346,0.37500000000000006,313231,0.5,2022-09-16 16:30:00,,V5_75_reclaim_add1_dd_throttle
,1,0.26458645763584654,,,,,add,,12251.264713596041,,-1,1422.275488,0.12499999999999994,313449,0.5,2022-09-17 10:40:00,,V5_75_reclaim_add1_dd_throttle
1,,,49003.69647063177,1422.8078101438232,0.5,313231,close,1356.501246,,2283.702253454001,,,,315107,,2022-09-23 04:50:00,buy_cover,V5_75_reclaim_add1_dd_throttle
,,0.24734900863539577,,,,,open,,56407.7172372685,,1,1356.501246,0.5625,315107,0.75,2022-09-23 04:50:00,,V5_75_reclaim_add1_dd_throttle
0,,,56407.7172372685,1356.501246,0.5625,315107,close,1303.549238,,-2223.596223610759,,,,315789,,2022-09-25 13:40:00,sell,V5_75_reclaim_add1_dd_throttle
,,0.2641291038846323,,,,,open,,36771.296240991636,,-1,1303.549238,0.375,315789,0.5,2022-09-25 13:40:00,,V5_75_reclaim_add1_dd_throttle
,1,0.26118829381837505,,,,,add,,12308.740037759962,,-1,1288.382272,0.125,315830,0.5,2022-09-25 17:05:00,,V5_75_reclaim_add1_dd_throttle
1,,,49080.0362787516,1299.7120784984543,0.5,315789,close,1386.92733,,-3293.440951848206,,,,316243,,2022-09-27 03:30:00,buy_cover,V5_75_reclaim_add1_dd_throttle
,,0.2891962271121936,,,,,open,,35532.574881327644,,-1,1307.948358,0.37499999999999994,317554,0.5,2022-10-01 16:45:00,,V5_75_reclaim_add1_dd_throttle
,1,0.28861620083397566,,,,,add,,11855.078915502627,,-1,1304.219104,0.125,317595,0.5,2022-10-01 20:10:00,,V5_75_reclaim_add1_dd_throttle
1,,,47387.65379683027,1307.0134030390914,0.49999999999999994,317554,close,1316.0931659999999,,-329.1979776838198,,,,318102,,2022-10-03 14:25:00,buy_cover,V5_75_reclaim_add1_dd_throttle
,,0.29171646228852366,,,,,open,,35405.571565661456,,1,1316.0931659999999,0.375,318102,0.5,2022-10-03 14:25:00,,V5_75_reclaim_add1_dd_throttle
,1,0.2902389998458921,,,,,add,,11830.917543098807,,1,1325.2649999999999,0.125,318111,0.5,2022-10-03 15:10:00,,V5_75_reclaim_add1_dd_throttle
1,,,47236.48910876026,1318.3784193774707,0.5,318102,close,1324.864974,,213.4226243070516,,,,318664,,2022-10-05 13:15:00,sell,V5_75_reclaim_add1_dd_throttle
,,0.29039111222990965,,,,,open,,35485.6050497766,,-1,1324.864974,0.375,318664,0.5,2022-10-05 13:15:00,,V5_75_reclaim_add1_dd_throttle
,1,0.28991887941366634,,,,,add,,11831.81526529396,,-1,1323.355276,0.125,318667,0.5,2022-10-05 13:30:00,,V5_75_reclaim_add1_dd_throttle
1,,,47317.42031507056,1324.4871481257678,0.5,318664,close,1331.0761619999998,,-235.3912003347432,,,,319955,,2022-10-10 00:50:00,buy_cover,V5_75_reclaim_add1_dd_throttle
,,0.29232164269712435,,,,,open,,35393.78454312744,,1,1331.0761619999998,0.375,319955,0.5,2022-10-10 00:50:00,,V5_75_reclaim_add1_dd_throttle
,1,0.29164804168915825,,,,,add,,11806.759628218426,,1,1334.2667999999999,0.125,319957,0.5,2022-10-10 01:00:00,,V5_75_reclaim_add1_dd_throttle
1,,,47200.544171345864,1331.872837260988,0.5,319955,close,1278.314286,,-1916.1928463676013,,,,320900,,2022-10-13 07:35:00,sell,V5_75_reclaim_add1_dd_throttle
,,0.3063471544615467,,,,,open,,34675.21222573959,,1,1294.848918,0.375,321908,0.5,2022-10-16 19:35:00,,V5_75_reclaim_add1_dd_throttle
,1,0.30510951705835243,,,,,add,,11579.729763665066,,1,1301.740296,0.125,321910,0.5,2022-10-16 19:45:00,,V5_75_reclaim_add1_dd_throttle
1,,,46254.94198940466,1296.5672895265661,0.5,321908,close,1305.068934,,284.6741040102643,,,,322432,,2022-10-18 15:15:00,sell,V5_75_reclaim_add1_dd_throttle
,,0.30417630116361727,,,,,open,,34781.96501474344,,-1,1305.068934,0.375,322432,0.5,2022-10-18 15:15:00,,V5_75_reclaim_add1_dd_throttle
,1,0.3023031308702475,,,,,add,,11624.990646010778,,-1,1295.2409,0.125,322474,0.5,2022-10-18 18:45:00,,V5_75_reclaim_add1_dd_throttle
1,,,46406.95566075422,1302.5930266888017,0.5,322432,close,1309.0417559999999,,-229.74440914058505,,,,322997,,2022-10-20 14:20:00,buy_cover,V5_75_reclaim_add1_dd_throttle
,,0.3059184138678219,,,,,open,,34692.33033964116,,1,1309.0417559999999,0.375,322997,0.5,2022-10-20 14:20:00,,V5_75_reclaim_add1_dd_throttle
,1,0.30531968661436826,,,,,add,,11582.679001491437,,1,1315.172982,0.125,323561,0.5,2022-10-22 13:20:00,,V5_75_reclaim_add1_dd_throttle
1,,,46275.009341132594,1310.5710377932496,0.5,322997,close,1488.7022,,6268.6171374588885,,,,325224,,2022-10-28 07:55:00,sell,V5_75_reclaim_add1_dd_throttle
,,0.25870313452128324,,,,,open,,37043.06176618824,,-1,1488.7022,0.375,325224,0.5,2022-10-28 07:55:00,,V5_75_reclaim_add1_dd_throttle
0,,,37043.06176618824,1488.7022,0.375,325224,close,1612.792494,,-3087.7109172778655,,,,326789,,2022-11-02 18:20:00,buy_cover,V5_75_reclaim_add1_dd_throttle
,,0.28212051759173584,,,,,open,,35882.39194257658,,1,1612.792494,0.37499999999999994,326789,0.5,2022-11-02 18:20:00,,V5_75_reclaim_add1_dd_throttle
,1,0.28068241999835075,,,,,add,,11988.059988303643,,1,1623.244584,0.125,327307,0.5,2022-11-04 13:30:00,,V5_75_reclaim_add1_dd_throttle
1,,,47870.45193088022,1615.3973271969987,0.49999999999999994,326789,close,1618.366262,,68.79953187873616,,,,327744,,2022-11-06 01:55:00,sell,V5_75_reclaim_add1_dd_throttle
,,0.2818117641638187,,,,,open,,35908.19176703111,,-1,1618.366262,0.37500000000000006,327744,0.5,2022-11-06 01:55:00,,V5_75_reclaim_add1_dd_throttle
,1,0.28102952533898107,,,,,add,,11974.756021282741,,-1,1615.786778,0.12499999999999994,327748,0.5,2022-11-06 02:15:00,,V5_75_reclaim_add1_dd_throttle
1,,,47882.947788313846,1617.7204025087856,0.5,327744,close,1325.36502,,8653.436053032674,,,,329053,,2022-11-10 15:00:00,buy_cover,V5_75_reclaim_add1_dd_throttle
,,0.21683944245160014,,,,,open,,58724.45859875135,,-1,1241.9215660000002,0.5625,329822,0.75,2022-11-13 07:05:00,,V5_75_reclaim_add1_dd_throttle
,1,0.21659008108991296,,,,,add,,19578.127047390662,,-1,1241.0517399999999,0.1875,329844,0.75,2022-11-13 08:55:00,,V5_75_reclaim_add1_dd_throttle
1,,,78302.58564614202,1241.7039676462998,0.75,329822,close,1217.463444,,1528.6248104216647,,,,331730,,2022-11-19 22:05:00,buy_cover,V5_75_reclaim_add1_dd_throttle
,,0.20509790863591504,,,,,open,,59575.50101372834,,1,1217.463444,0.5625,331730,0.75,2022-11-19 22:05:00,,V5_75_reclaim_add1_dd_throttle
,1,0.20407567962858375,,,,,add,,19892.652713477364,,1,1221.674286,0.1875,331732,0.75,2022-11-19 22:15:00,,V5_75_reclaim_add1_dd_throttle
1,,,79468.1537272057,1218.5147857088346,0.75,331730,close,1100.37988,,-7733.133420384125,,,,332258,,2022-11-21 18:05:00,sell,V5_75_reclaim_add1_dd_throttle
,,0.2637256139042268,,,,,open,,36817.075643174845,,-1,1100.37988,0.375,332258,0.5,2022-11-21 18:05:00,,V5_75_reclaim_add1_dd_throttle
,1,0.2590339921632884,,,,,add,,12338.048560247222,,-1,1084.2331100000001,0.125,332276,0.5,2022-11-21 19:35:00,,V5_75_reclaim_add1_dd_throttle
1,,,49155.12420342206,1096.2819650503752,0.5,332258,close,1173.78471,,-3475.068337942197,,,,332748,,2022-11-23 10:55:00,buy_cover,V5_75_reclaim_add1_dd_throttle
,,0.28964305281944736,,,,,open,,35510.23838213126,,-1,1193.541244,0.375,334054,0.5,2022-11-27 23:45:00,,V5_75_reclaim_add1_dd_throttle
,1,0.289033316781226,,,,,add,,11842.741770760744,,-1,1191.4516620000002,0.125,334056,0.5,2022-11-27 23:55:00,,V5_75_reclaim_add1_dd_throttle
1,,,47352.98015289201,1193.01796305898,0.5,334054,close,1230.2560019999999,,-1478.0412728521842,,,,334641,,2022-11-30 00:40:00,buy_cover,V5_75_reclaim_add1_dd_throttle
,,0.30125921598243854,,,,,open,,34952.42143130023,,1,1230.2560019999999,0.37500000000000006,334641,0.5,2022-11-30 00:40:00,,V5_75_reclaim_add1_dd_throttle
,1,0.2885179835954381,,,,,add,,11856.522945578388,,1,1288.697688,0.12499999999999994,334862,0.5,2022-11-30 19:05:00,,V5_75_reclaim_add1_dd_throttle
1,,,46808.944376878615,1244.5519585228055,0.5,334641,close,1266.39667,,802.5528964528858,,,,335631,,2022-12-03 11:10:00,sell,V5_75_reclaim_add1_dd_throttle
,,0.29554393757863673,,,,,open,,35253.37876747006,,-1,1266.39667,0.37499999999999994,335631,0.5,2022-12-03 11:10:00,,V5_75_reclaim_add1_dd_throttle
,1,0.29455307334875547,,,,,add,,11754.721243232621,,-1,1264.856978,0.125,335704,0.5,2022-12-03 17:15:00,,V5_75_reclaim_add1_dd_throttle
1,,,47008.10001070268,1266.0113073203179,0.49999999999999994,335631,close,1288.167582,,-822.6798195343072,,,,336080,,2022-12-05 00:35:00,buy_cover,V5_75_reclaim_add1_dd_throttle
,,0.3009447714030198,,,,,open,,34941.348227643895,,1,1288.167582,0.375,336080,0.5,2022-12-05 00:35:00,,V5_75_reclaim_add1_dd_throttle
,1,0.29851189073245954,,,,,add,,11693.709727106514,,1,1302.430434,0.125,336133,0.5,2022-12-05 05:00:00,,V5_75_reclaim_add1_dd_throttle
1,,,46635.05795475041,1291.7145574474555,0.5,336080,close,1229.414068,,-2267.000975007046,,,,336736,,2022-12-07 07:15:00,sell,V5_75_reclaim_add1_dd_throttle
,,0.31802944442919645,,,,,open,,34091.22286201625,,1,1279.2858059999999,0.37499999999999994,338497,0.5,2022-12-13 10:00:00,,V5_75_reclaim_add1_dd_throttle
,1,0.3176540359434601,,,,,add,,11371.661628401764,,1,1282.176384,0.125,338499,0.5,2022-12-13 10:10:00,,V5_75_reclaim_add1_dd_throttle
1,,,45462.884490418015,1280.0076052242794,0.49999999999999994,338497,close,1294.301088,,489.28478487535176,,,,338974,,2022-12-15 01:45:00,sell,V5_75_reclaim_add1_dd_throttle
,,0.31351250725416535,,,,,open,,34274.704656344504,,-1,1294.301088,0.37499999999999994,338974,0.5,2022-12-15 01:45:00,,V5_75_reclaim_add1_dd_throttle
,1,0.31229103739272157,,,,,add,,11457.17631652868,,-1,1284.033142,0.125,338976,0.5,2022-12-15 01:55:00,,V5_75_reclaim_add1_dd_throttle
1,,,45731.88097287319,1291.7132803083086,0.49999999999999994,338974,close,1200.1599840000001,,3241.3591380506405,,,,340449,,2022-12-20 04:40:00,buy_cover,V5_75_reclaim_add1_dd_throttle
,,0.2900135538909895,,,,,open,,35486.78444204053,,1,1200.1599840000001,0.375,340449,0.5,2022-12-20 04:40:00,,V5_75_reclaim_add1_dd_throttle
,1,0.2848630452600216,,,,,add,,11920.793269657766,,1,1225.505052,0.125,340580,0.5,2022-12-20 15:35:00,,V5_75_reclaim_add1_dd_throttle
1,,,47407.57771169829,1206.4339083946777,0.5,340449,close,1199.290094,,-299.56952856959833,,,,341144,,2022-12-22 14:35:00,sell,V5_75_reclaim_add1_dd_throttle
,,0.2921856689472193,,,,,open,,35374.44586882693,,-1,1199.290094,0.375,341144,0.5,2022-12-22 14:35:00,,V5_75_reclaim_add1_dd_throttle
,1,0.29149888088107034,,,,,add,,11805.859148726464,,-1,1194.9109700000001,0.125,341147,0.5,2022-12-22 14:50:00,,V5_75_reclaim_add1_dd_throttle
1,,,47180.30501755339,1198.1913039671451,0.5,341144,close,1230.0859679999999,,-1255.8909842584617,,,,342408,,2022-12-26 23:55:00,buy_cover,V5_75_reclaim_add1_dd_throttle
,,0.3018514713305286,,,,,open,,34899.948226853696,,-1,1209.748002,0.375,344605,0.5,2023-01-03 15:00:00,,V5_75_reclaim_add1_dd_throttle
,1,0.3013763216511245,,,,,add,,11638.385277306214,,-1,1207.85838,0.125,344609,0.5,2023-01-03 15:20:00,,V5_75_reclaim_add1_dd_throttle
1,,,46538.333504159906,1209.2748879378078,0.5,344605,close,1258.931736,,-1911.0167881524321,,,,345478,,2023-01-06 15:45:00,buy_cover,V5_75_reclaim_add1_dd_throttle
,,0.31618147769670424,,,,,open,,34179.82655628372,,1,1258.931736,0.37500000000000006,345478,0.5,2023-01-06 15:45:00,,V5_75_reclaim_add1_dd_throttle
,1,0.31421941321450164,,,,,add,,11426.956426205204,,1,1269.3638219999998,0.12499999999999994,345510,0.5,2023-01-06 18:25:00,,V5_75_reclaim_add1_dd_throttle
1,,,45606.78298248892,1261.5294034470498,0.5,345478,close,1511.387662,,9011.016539674354,,,,355572,,2023-02-11 00:05:00,sell,V5_75_reclaim_add1_dd_throttle
,,0.2484118932455216,,,,,open,,56338.436637992396,,-1,1511.387662,0.5625,355572,0.75,2023-02-11 00:05:00,,V5_75_reclaim_add1_dd_throttle
,1,0.247724620763917,,,,,add,,18798.66278057189,,-1,1508.0383319999999,0.1875,355574,0.75,2023-02-11 00:15:00,,V5_75_reclaim_add1_dd_throttle
1,,,75137.09941856429,1510.5482934263139,0.75,355572,close,1537.567452,,-1343.973305360385,,,,355860,,2023-02-12 00:05:00,buy_cover,V5_75_reclaim_add1_dd_throttle
,,0.2588545749225577,,,,,open,,37049.332486695064,,1,1548.099558,0.375,356059,0.5,2023-02-12 16:40:00,,V5_75_reclaim_add1_dd_throttle
,1,0.257870813602854,,,,,add,,12369.848835372406,,1,1555.4310239999998,0.125,356615,0.5,2023-02-14 15:00:00,,V5_75_reclaim_add1_dd_throttle
1,,,49419.18132206747,1549.9281654468596,0.5,356059,close,1564.277082,,437.56394595858,,,,362196,,2023-03-06 00:05:00,sell,V5_75_reclaim_add1_dd_throttle
,,0.25557214213335877,,,,,open,,37213.41896642953,,-1,1532.313476,0.375,363060,0.5,2023-03-09 00:05:00,,V5_75_reclaim_add1_dd_throttle
,1,0.250784081646936,,,,,add,,12482.800046154664,,-1,1505.89876,0.125,363282,0.5,2023-03-09 18:35:00,,V5_75_reclaim_add1_dd_throttle
1,,,49696.219012584195,1525.5918060563708,0.5,363060,close,1578.505638,,-1723.6683055034955,,,,364212,,2023-03-13 00:05:00,buy_cover,V5_75_reclaim_add1_dd_throttle
,,0.2685769847763666,,,,,open,,36563.31613543978,,1,1576.855308,0.375,364213,0.5,2023-03-13 00:10:00,,V5_75_reclaim_add1_dd_throttle
,1,0.26736323148255736,,,,,add,,12208.721397140303,,1,1584.71688,0.125,364215,0.5,2023-03-13 00:20:00,,V5_75_reclaim_add1_dd_throttle
1,,,48772.037532580085,1578.8159057018804,0.5,364213,close,1839.3320600000002,,8025.016728629635,,,,381204,,2023-05-11 00:05:00,sell,V5_75_reclaim_add1_dd_throttle
,,0.20837646257333808,,,,,open,,59359.04611301384,,1,1853.100546,0.5625,384948,0.75,2023-05-24 00:05:00,,V5_75_reclaim_add1_dd_throttle
0,,,59359.04611301384,1853.100546,0.5625,384948,close,1826.914544,,-862.2032559381842,,,,385812,,2023-05-27 00:05:00,sell,V5_75_reclaim_add1_dd_throttle
,,0.21484437261113964,,,,,open,,58874.056781548614,,1,1910.2219679999998,0.5625,386388,0.75,2023-05-29 00:05:00,,V5_75_reclaim_add1_dd_throttle
,1,0.21392531180489338,,,,,add,,19651.99046220073,,1,1915.7130659999998,0.1875,386390,0.75,2023-05-29 00:15:00,,V5_75_reclaim_add1_dd_throttle
1,,,78526.04724374934,1911.593219205465,0.75,386388,close,1839.392048,,-2996.161955759526,,,,389844,,2023-06-10 00:05:00,sell,V5_75_reclaim_add1_dd_throttle
,,0.23732040231187412,,,,,open,,57188.71568143388,,-1,1721.8555600000002,0.5625,392436,0.75,2023-06-19 00:05:00,,V5_75_reclaim_add1_dd_throttle
,1,0.23721549954616716,,,,,add,,19056.997242967147,,-1,1722.115508,0.1875,392444,0.75,2023-06-19 00:45:00,,V5_75_reclaim_add1_dd_throttle
1,,,76245.71292440103,1721.9205245369026,0.75,392436,close,1735.1169539999999,,-584.3277121816354,,,,392724,,2023-06-20 00:05:00,buy_cover,V5_75_reclaim_add1_dd_throttle
,,0.24181819228270662,,,,,open,,56851.453700627724,,1,1889.1477539999998,0.5625,393300,0.75,2023-06-22 00:05:00,,V5_75_reclaim_add1_dd_throttle
,1,0.2413184022762841,,,,,add,,18965.797360802084,,1,1892.618448,0.1875,393304,0.75,2023-06-22 00:25:00,,V5_75_reclaim_add1_dd_throttle
1,,,75817.25106142981,1890.0147588434058,0.75,393300,close,1830.393848,,-2421.0383360575797,,,,405972,,2023-08-05 00:05:00,sell,V5_75_reclaim_add1_dd_throttle
,,0.2599798705735762,,,,,open,,36993.07975773022,,-1,1687.652402,0.375,409716,0.5,2023-08-18 00:05:00,,V5_75_reclaim_add1_dd_throttle
,1,0.2597817993738031,,,,,add,,12335.86114766168,,-1,1685.21289,0.125,409730,0.5,2023-08-18 01:15:00,,V5_75_reclaim_add1_dd_throttle
1,,,49328.9409053919,1687.041682649731,0.5,409716,close,1641.9183179999998,,1319.4048795087438,,,,415082,,2023-09-05 15:15:00,buy_cover,V5_75_reclaim_add1_dd_throttle
,,0.24989980881814433,,,,,open,,56226.23537546715,,1,1641.9183179999998,0.5625,415082,0.75,2023-09-05 15:15:00,,V5_75_reclaim_add1_dd_throttle
,1,0.24852448774925706,,,,,add,,18774.710320018676,,1,1647.6594659999998,0.1875,415403,0.75,2023-09-06 18:00:00,,V5_75_reclaim_add1_dd_throttle
1,,,75000.94569548583,1643.3517210168625,0.75,415082,close,1618.866162,,-1147.0470980874234,,,,415885,,2023-09-08 10:10:00,sell,V5_75_reclaim_add1_dd_throttle
,,0.25876091948877966,,,,,open,,37054.01425519532,,1,1623.294594,0.37500000000000006,417501,0.5,2023-09-14 00:50:00,,V5_75_reclaim_add1_dd_throttle
,1,0.2567714513495395,,,,,add,,12379.696193207892,,1,1633.886712,0.12499999999999994,417503,0.5,2023-09-14 01:00:00,,V5_75_reclaim_add1_dd_throttle
1,,,49433.71044840321,1625.934270048921,0.5,417501,close,1614.2970759999998,,-373.4386917702941,,,,417955,,2023-09-15 14:40:00,sell,V5_75_reclaim_add1_dd_throttle
,,0.2613329633061996,,,,,open,,36913.97474578145,,-1,1614.2970759999998,0.375,417955,0.5,2023-09-15 14:40:00,,V5_75_reclaim_add1_dd_throttle
,1,0.2613112015802327,,,,,add,,12306.099009747839,,-1,1613.147306,0.125,417957,0.5,2023-09-15 14:50:00,,V5_75_reclaim_add1_dd_throttle
1,,,49220.07375552929,1614.0094546206055,0.5,417955,close,1648.6596659999998,,-1056.6745498113305,,,,418770,,2023-09-18 10:35:00,buy_cover,V5_75_reclaim_add1_dd_throttle
,,0.2695629130188383,,,,,open,,36514.03028407054,,1,1594.838904,0.375,420483,0.5,2023-09-24 09:20:00,,V5_75_reclaim_add1_dd_throttle
,1,0.26936336813545403,,,,,add,,12174.439558182468,,1,1596.559248,0.125,420527,0.5,2023-09-24 13:00:00,,V5_75_reclaim_add1_dd_throttle
1,,,48688.469842253005,1595.268724336789,0.5,420483,close,1652.8293680000002,,1736.6060944137644,,,,422900,,2023-10-02 18:45:00,sell,V5_75_reclaim_add1_dd_throttle
,,0.25583713487804083,,,,,open,,37165.25756947571,,-1,1652.8293680000002,0.37500000000000006,422900,0.5,2023-10-02 18:45:00,,V5_75_reclaim_add1_dd_throttle
,1,0.25564196475555767,,,,,add,,12403.309527741156,,-1,1646.87056,0.12499999999999994,423141,0.5,2023-10-03 14:50:00,,V5_75_reclaim_add1_dd_throttle
1,,,49568.56709721687,1651.3342821189087,0.5,422900,close,1653.1205579999998,,-53.61716226208955,,,,424061,,2023-10-06 19:30:00,buy_cover,V5_75_reclaim_add1_dd_throttle
,,0.25722134247743544,,,,,open,,37141.43349109513,,1,1653.1205579999998,0.375,424061,0.5,2023-10-06 19:30:00,,V5_75_reclaim_add1_dd_throttle
,1,0.25642764629439874,,,,,add,,12390.301876853795,,1,1657.28139,0.125,424087,0.5,2023-10-06 21:40:00,,V5_75_reclaim_add1_dd_throttle
1,,,49531.735367948924,1654.159424243009,0.5,424061,close,1626.07472,,-860.435709513833,,,,424516,,2023-10-08 09:25:00,sell,V5_75_reclaim_add1_dd_throttle
,,0.2633162300959123,,,,,open,,36818.77010002745,,-1,1626.07472,0.375,424516,0.5,2023-10-08 09:25:00,,V5_75_reclaim_add1_dd_throttle
,1,0.2634567164611922,,,,,add,,12276.54389416112,,-1,1624.1451060000002,0.125,424519,0.5,2023-10-08 09:40:00,,V5_75_reclaim_add1_dd_throttle
1,,,49095.31399418857,1625.5917799895515,0.5,424516,close,1555.921122,,2104.16042195919,,,,426094,,2023-10-13 20:55:00,buy_cover,V5_75_reclaim_add1_dd_throttle
,,0.24778371825273438,,,,,open,,56406.22216456886,,1,1555.921122,0.5625,426094,0.75,2023-10-13 20:55:00,,V5_75_reclaim_add1_dd_throttle
,1,0.2440124858298396,,,,,add,,18889.79441392354,,1,1569.4538280000002,0.1875,426096,0.75,2023-10-13 21:05:00,,V5_75_reclaim_add1_dd_throttle
1,,,75296.0165784924,1559.2941456145695,0.75,426094,close,1572.455446,,605.1702163589216,,,,427152,,2023-10-17 13:05:00,sell,V5_75_reclaim_add1_dd_throttle
,,0.24406395716167528,,,,,open,,56746.63041127076,,-1,1572.455446,0.5625,427152,0.75,2023-10-17 13:05:00,,V5_75_reclaim_add1_dd_throttle
,1,0.2417001804031862,,,,,add,,18935.033078755398,,-1,1568.946148,0.1875,427161,0.75,2023-10-17 13:50:00,,V5_75_reclaim_add1_dd_throttle
1,,,75681.66349002616,1571.575972028787,0.75,427152,close,1577.495436,,-285.0578736153693,,,,427888,,2023-10-20 02:25:00,buy_cover,V5_75_reclaim_add1_dd_throttle
,,0.24535374079052352,,,,,open,,56577.77117021949,,1,1577.495436,0.5625,427888,0.75,2023-10-20 02:25:00,,V5_75_reclaim_add1_dd_throttle
,1,0.2448469632884328,,,,,add,,18874.78151304846,,1,1580.4360239999999,0.1875,427890,0.75,2023-10-20 02:35:00,,V5_75_reclaim_add1_dd_throttle
1,,,75452.55268326795,1578.2300100013958,0.75,427888,close,2233.033304,,31262.357982839618,,,,455796,,2024-01-25 00:05:00,sell,V5_75_reclaim_add1_dd_throttle
,,0.14657805640839427,,,,,open,,98883.79671408903,,1,2311.052118,0.75,457236,1.0,2024-01-30 00:05:00,,V5_75_reclaim_add1_dd_throttle
,1,0.14547166652477783,,,,,add,,32961.26557136301,,1,2315.232954,0.2497362002317851,457240,1.0,2024-01-30 00:25:00,,V5_75_reclaim_add1_dd_throttle
1,,,131845.06228545203,2312.0959107857934,0.9997362002317851,457236,close,2298.5402,,-825.4250493071886,,,,459252,,2024-02-06 00:05:00,sell,V5_75_reclaim_add1_dd_throttle
,,0.15192096298113944,,,,,open,,73698.54594533147,,1,2377.7754600000003,0.5625,459540,0.75,2024-02-07 00:05:00,,V5_75_reclaim_add1_dd_throttle
,1,0.15162632389721376,,,,,add,,24557.634312770722,,1,2377.255356,0.1875,459542,0.75,2024-02-07 00:15:00,,V5_75_reclaim_add1_dd_throttle
1,,,98256.18025810219,2377.645446603562,0.75,459540,close,3321.8055059999997,,38962.50343303941,,,,476244,,2024-04-05 00:05:00,sell,V5_75_reclaim_add1_dd_throttle
,,0.15772071366899565,,,,,open,,95614.95412641615,,1,3359.401746,0.5625,476820,0.75,2024-04-07 00:05:00,,V5_75_reclaim_add1_dd_throttle
,1,0.157243242145657,,,,,add,,31891.479514143983,,1,3364.4627579999997,0.1875,476832,0.75,2024-04-07 01:05:00,,V5_75_reclaim_add1_dd_throttle
1,,,127506.43364056014,3360.666160837734,0.75,476820,close,3139.372,,-8443.721546640532,,,,479124,,2024-04-15 00:05:00,sell,V5_75_reclaim_add1_dd_throttle
,,0.19956023710530346,,,,,open,,90865.36075643085,,-1,3048.8901,0.5625,502452,0.75,2024-07-05 00:05:00,,V5_75_reclaim_add1_dd_throttle
,1,0.1979095220345124,,,,,add,,30351.754293202146,,-1,3036.3426099999997,0.1875,502486,0.75,2024-07-05 02:55:00,,V5_75_reclaim_add1_dd_throttle
1,,,121217.115049633,3045.7385909091527,0.75,502452,close,3098.409558,,-2096.242820533749,,,,504180,,2024-07-11 00:05:00,buy_cover,V5_75_reclaim_add1_dd_throttle
,,0.2100674682347351,,,,,open,,89672.58724443753,,1,3487.957452,0.5625,505620,0.75,2024-07-16 00:05:00,,V5_75_reclaim_add1_dd_throttle
,1,0.2077093047869758,,,,,add,,30005.204418073154,,1,3513.082476,0.1875,505923,0.75,2024-07-17 01:20:00,,V5_75_reclaim_add1_dd_throttle
1,,,119677.79166251069,3494.2228947714357,0.75,505620,close,3271.3156059999997,,-7679.429373742925,,,,508788,,2024-07-27 00:05:00,sell,V5_75_reclaim_add1_dd_throttle
,,0.2481198440130462,,,,,open,,85352.90822170714,,-1,2991.741532,0.5625,510804,0.75,2024-08-03 00:05:00,,V5_75_reclaim_add1_dd_throttle
,1,0.24696043596284523,,,,,add,,28493.29015529646,,-1,2982.633354,0.1875,510810,0.75,2024-08-03 00:35:00,,V5_75_reclaim_add1_dd_throttle
1,,,113846.1983770036,2989.4567331099415,0.75,510804,close,2738.0174939999997,,9575.456853730575,,,,514048,,2024-08-14 06:25:00,buy_cover,V5_75_reclaim_add1_dd_throttle
,,0.202891333051332,,,,,open,,90726.29500461317,,1,2738.0174939999997,0.5625,514048,0.75,2024-08-14 06:25:00,,V5_75_reclaim_add1_dd_throttle
,1,0.2002624674379807,,,,,add,,30244.550675311148,,1,2739.507792,0.1875,514096,0.75,2024-08-14 10:25:00,,V5_75_reclaim_add1_dd_throttle
1,,,120970.84567992433,2738.389939120845,0.75,514048,close,2544.34103,,-8617.24052710578,,,,514489,,2024-08-15 19:10:00,sell,V5_75_reclaim_add1_dd_throttle
,,0.24453119361152031,,,,,open,,85879.09720811617,,-1,2544.34103,0.5625,514489,0.75,2024-08-15 19:10:00,,V5_75_reclaim_add1_dd_throttle
0,,,85879.09720811617,2544.34103,0.5625,514489,close,2635.807056,,-3087.2475784682465,,,,515159,,2024-08-18 03:00:00,buy_cover,V5_75_reclaim_add1_dd_throttle
,,0.25886734849835624,,,,,open,,56088.572697861244,,-1,2552.629372,0.375,516152,0.5,2024-08-21 13:45:00,,V5_75_reclaim_add1_dd_throttle
0,,,56088.572697861244,2552.629372,0.375,516152,close,2653.100514,,-2207.636197237691,,,,516626,,2024-08-23 05:15:00,buy_cover,V5_75_reclaim_add1_dd_throttle
,,0.26964532307394573,,,,,open,,55256.50248094477,,1,2653.100514,0.375,516626,0.5,2024-08-23 05:15:00,,V5_75_reclaim_add1_dd_throttle
,1,0.2684031640659331,,,,,add,,18461.439948947365,,1,2670.534,0.125,516628,0.5,2024-08-23 05:25:00,,V5_75_reclaim_add1_dd_throttle
1,,,73717.94242989214,2657.445043843178,0.5,516626,close,2733.4631980000004,,2078.427876317277,,,,517456,,2024-08-26 02:25:00,sell,V5_75_reclaim_add1_dd_throttle
,,0.2595118456125327,,,,,open,,56035.912934563756,,-1,2733.4631980000004,0.375,517456,0.5,2024-08-26 02:25:00,,V5_75_reclaim_add1_dd_throttle
,1,0.25944471597235463,,,,,add,,18681.625932420433,,-1,2731.20365,0.125,517513,0.5,2024-08-26 07:10:00,,V5_75_reclaim_add1_dd_throttle
1,,,74717.53886698419,2732.897892765545,0.5,517456,close,2556.081114,,4834.180674691801,,,,518370,,2024-08-29 06:35:00,buy_cover,V5_75_reclaim_add1_dd_throttle
,,0.2353724152965576,,,,,open,,86764.69030823724,,1,2556.081114,0.5625,518370,0.75,2024-08-29 06:35:00,,V5_75_reclaim_add1_dd_throttle
,1,0.23501782755606881,,,,,add,,28948.973805386122,,1,2561.41218,0.1875,518427,0.75,2024-08-29 11:20:00,,V5_75_reclaim_add1_dd_throttle
1,,,115713.66411362337,2557.4127451368727,0.75,518370,close,2484.223056,,-3356.524692488456,,,,519181,,2024-09-01 02:10:00,sell,V5_75_reclaim_add1_dd_throttle
,,0.2522001122446572,,,,,open,,56584.43011247499,,-1,2484.223056,0.375,519181,0.5,2024-09-01 02:10:00,,V5_75_reclaim_add1_dd_throttle
,1,0.2513283486142862,,,,,add,,18892.266065411946,,-1,2472.415418,0.125,519221,0.5,2024-09-01 05:30:00,,V5_75_reclaim_add1_dd_throttle
1,,,75476.69617788694,2481.2569647917344,0.5,519181,close,2542.038306,,-1848.8883715676056,,,,519690,,2024-09-02 20:35:00,buy_cover,V5_75_reclaim_add1_dd_throttle
,,0.2615515151392216,,,,,open,,55885.436220923795,,1,2316.0331140000003,0.375,521440,0.5,2024-09-08 22:25:00,,V5_75_reclaim_add1_dd_throttle
,1,0.2614112224549271,,,,,add,,18632.56064734909,,1,2318.31357,0.125,521556,0.5,2024-09-09 08:05:00,,V5_75_reclaim_add1_dd_throttle
1,,,74517.9968682729,2316.602900935519,0.5,521440,close,2314.3170440000004,,-103.30380300812249,,,,522161,,2024-09-11 10:30:00,sell,V5_75_reclaim_add1_dd_throttle
,,0.2618808000991205,,,,,open,,55846.697294795755,,-1,2314.3170440000004,0.375,522161,0.5,2024-09-11 10:30:00,,V5_75_reclaim_add1_dd_throttle
,1,0.26183696275037993,,,,,add,,18618.44307204796,,-1,2312.43742,0.125,522164,0.5,2024-09-11 10:45:00,,V5_75_reclaim_add1_dd_throttle
1,,,74465.14036684371,2313.846797098955,0.5,522161,close,2383.196544,,-2231.8381429848523,,,,522796,,2024-09-13 15:25:00,buy_cover,V5_75_reclaim_add1_dd_throttle
,,0.2731961842380872,,,,,open,,55004.17310564893,,1,2345.1289319999996,0.375,523935,0.5,2024-09-17 14:20:00,,V5_75_reclaim_add1_dd_throttle
,1,0.27198286127631677,,,,,add,,18353.548670131222,,1,2352.490404,0.125,523937,0.5,2024-09-17 14:30:00,,V5_75_reclaim_add1_dd_throttle
1,,,73357.72177578016,2346.9663919726827,0.5,523935,close,2549.4100160000003,,6295.788049506329,,,,525467,,2024-09-22 22:00:00,sell,V5_75_reclaim_add1_dd_throttle
,,0.24252485059424678,,,,,open,,86047.64043632071,,-1,2549.4100160000003,0.5625,525467,0.75,2024-09-22 22:00:00,,V5_75_reclaim_add1_dd_throttle
,1,0.23843662096191198,,,,,add,,28813.58396623532,,-1,2527.684362,0.1875,525469,0.75,2024-09-22 22:10:00,,V5_75_reclaim_add1_dd_throttle
1,,,114861.22440255604,2543.92499670609,0.75,525467,close,2637.987492,,-4247.0282235948835,,,,526527,,2024-09-26 14:20:00,buy_cover,V5_75_reclaim_add1_dd_throttle
,,0.26302930750427955,,,,,open,,55763.84344853554,,1,2637.987492,0.375,526527,0.5,2024-09-26 14:20:00,,V5_75_reclaim_add1_dd_throttle
,1,0.2608548125019393,,,,,add,,18646.661735414662,,1,2661.2721479999996,0.125,526555,0.5,2024-09-26 16:40:00,,V5_75_reclaim_add1_dd_throttle
1,,,74410.5051839502,2643.7840923928093,0.5,526527,close,2644.1310679999997,,-19.9993453725765,,,,527308,,2024-09-29 07:25:00,sell,V5_75_reclaim_add1_dd_throttle
,,0.26286021435034945,,,,,open,,55756.34369402082,,-1,2644.1310679999997,0.375,527308,0.5,2024-09-29 07:25:00,,V5_75_reclaim_add1_dd_throttle
,1,0.2630732094602226,,,,,add,,18590.19711502346,,-1,2641.2716400000004,0.125,527513,0.5,2024-09-30 00:30:00,,V5_75_reclaim_add1_dd_throttle
1,,,74346.54080904428,2643.415493663342,0.5,527308,close,2396.22915,,6952.163500861861,,,,528850,,2024-10-04 15:55:00,buy_cover,V5_75_reclaim_add1_dd_throttle
,,0.2288084824323059,,,,,open,,87536.74352442502,,1,2396.22915,0.5625,528850,0.75,2024-10-04 15:55:00,,V5_75_reclaim_add1_dd_throttle
,1,0.2250072437031555,,,,,add,,29301.028245658883,,1,2415.022908,0.1875,528852,0.75,2024-10-04 16:05:00,,V5_75_reclaim_add1_dd_throttle
1,,,116837.7717700839,2400.914787830492,0.75,528850,close,2412.987306,,540.529877287845,,,,529800,,2024-10-07 23:05:00,sell,V5_75_reclaim_add1_dd_throttle
,,0.2272296451354675,,,,,open,,87840.79158039943,,-1,2412.987306,0.5625,529800,0.75,2024-10-07 23:05:00,,V5_75_reclaim_add1_dd_throttle
,1,0.2252255847879917,,,,,add,,29316.259187402553,,-1,2406.7485540000002,0.1875,529998,0.75,2024-10-08 15:35:00,,V5_75_reclaim_add1_dd_throttle
1,,,117157.05076780198,2411.423148252039,0.75,529800,close,2419.7038439999997,,-402.30622876167763,,,,530796,,2024-10-11 10:05:00,buy_cover,V5_75_reclaim_add1_dd_throttle
,,0.2282303320883029,,,,,open,,87601.31415850959,,1,2419.7038439999997,0.5625,530796,0.75,2024-10-11 10:05:00,,V5_75_reclaim_add1_dd_throttle
,1,0.22627202388065426,,,,,add,,29293.431110561083,,1,2434.376778,0.1875,530838,0.75,2024-10-11 13:35:00,,V5_75_reclaim_add1_dd_throttle
1,,,116894.74526907067,2423.3641981715605,0.75,530796,close,2442.21146,,862.0101826603641,,,,531435,,2024-10-13 15:20:00,sell,V5_75_reclaim_add1_dd_throttle
,,0.22379192052599128,,,,,open,,88086.19488625605,,-1,2442.21146,0.5625,531435,0.75,2024-10-13 15:20:00,,V5_75_reclaim_add1_dd_throttle
,1,0.2236234702177743,,,,,add,,29378.65022551007,,-1,2438.782146,0.1875,531437,0.75,2024-10-13 15:30:00,,V5_75_reclaim_add1_dd_throttle
1,,,117464.84511176613,2441.3528642605042,0.75,531435,close,2658.08151,,-10427.818397951545,,,,531995,,2024-10-15 14:00:00,buy_cover,V5_75_reclaim_add1_dd_throttle
,,0.27746589472974104,,,,,open,,54804.888161555486,,1,2658.08151,0.375,531995,0.5,2024-10-15 14:00:00,,V5_75_reclaim_add1_dd_throttle
0,,,54804.888161555486,2658.08151,0.375,531995,close,2587.992298,,-1466.4560090891828,,,,532573,,2024-10-17 14:10:00,sell,V5_75_reclaim_add1_dd_throttle
,,0.2830959011266586,,,,,open,,54254.96715814703,,-1,2644.710952,0.375,533849,0.5,2024-10-22 00:30:00,,V5_75_reclaim_add1_dd_throttle
,1,0.28189340998099566,,,,,add,,18115.528812827757,,-1,2631.743546,0.125,533946,0.5,2024-10-22 08:35:00,,V5_75_reclaim_add1_dd_throttle
1,,,72370.4959709748,2641.453020864963,0.5,533849,close,2513.472594,,3506.408847586412,,,,535544,,2024-10-27 21:45:00,buy_cover,V5_75_reclaim_add1_dd_throttle
,,0.2650468909634299,,,,,open,,55564.44268879412,,1,2513.472594,0.375,535544,0.5,2024-10-27 21:45:00,,V5_75_reclaim_add1_dd_throttle
,1,0.2652668038763072,,,,,add,,18534.754968546178,,1,2519.2837560000003,0.125,535659,0.5,2024-10-28 07:20:00,,V5_75_reclaim_add1_dd_throttle
1,,,74099.1976573403,2514.9236495698547,0.5,535544,close,2609.557984,,2757.5348169319623,,,,536601,,2024-10-31 13:50:00,sell,V5_75_reclaim_add1_dd_throttle
,,0.2519752871245954,,,,,open,,56598.51824514361,,-1,2609.557984,0.375,536601,0.5,2024-10-31 13:50:00,,V5_75_reclaim_add1_dd_throttle
,1,0.25169976132865657,,,,,add,,18897.794217009334,,-1,2596.850526,0.125,536603,0.5,2024-10-31 14:00:00,,V5_75_reclaim_add1_dd_throttle
1,,,75496.31246215294,2606.365472867607,0.5,536601,close,2485.7370479999995,,3494.141116042956,,,,538173,,2024-11-06 00:50:00,buy_cover,V5_75_reclaim_add1_dd_throttle
,,0.23515231280865945,,,,,open,,86854.73841033757,,1,2485.7370479999995,0.5625,538173,0.75,2024-11-06 00:50:00,,V5_75_reclaim_add1_dd_throttle
,1,0.23264917066465685,,,,,add,,28978.4725469299,,1,2490.838068,0.1875,538176,0.75,2024-11-06 01:05:00,,V5_75_reclaim_add1_dd_throttle
1,,,115833.21095726747,2487.0112306082215,0.75,538173,close,3423.8650900000002,,43570.43761862928,,,,551988,,2024-12-24 00:05:00,sell,V5_75_reclaim_add1_dd_throttle
,,0.1348606513585302,,,,,open,,148484.14609442206,,1,3488.8776359999997,0.75,552276,1.0,2024-12-25 00:05:00,,V5_75_reclaim_add1_dd_throttle
,1,0.13431315814109568,,,,,add,,49494.71536480734,,1,3494.1286859999996,0.24979306624986775,552284,1.0,2024-12-25 00:45:00,,V5_75_reclaim_add1_dd_throttle
1,,,197978.8614592294,3490.1889183085846,0.9997930662498677,552276,close,3399.0700500000003,,-5245.7792180793185,,,,553428,,2024-12-29 00:05:00,sell,V5_75_reclaim_add1_dd_throttle
,,0.15778395732360007,,,,,open,,108412.35876064692,,1,3455.500962,0.5625,554868,0.75,2025-01-03 00:05:00,,V5_75_reclaim_add1_dd_throttle
,1,0.15696182807603454,,,,,add,,36178.433474564874,,1,3463.8526319999996,0.1875,554873,0.75,2025-01-03 00:30:00,,V5_75_reclaim_add1_dd_throttle
1,,,144590.7922352118,3457.5868747582963,0.75,554868,close,3221.045662,,-9945.652092891978,,,,556884,,2025-01-10 00:05:00,sell,V5_75_reclaim_add1_dd_throttle
,,0.2012450365016475,,,,,open,,102817.92945839519,,1,3447.199302,0.5625,558612,0.75,2025-01-16 00:05:00,,V5_75_reclaim_add1_dd_throttle
,1,0.19910647835539097,,,,,add,,34370.386256371436,,1,3466.0630739999997,0.1875,559143,0.75,2025-01-17 20:20:00,,V5_75_reclaim_add1_dd_throttle
1,,,137188.31571476662,3451.9060216312364,0.75,558612,close,3269.8059080000003,,-7289.138651455258,,,,560052,,2025-01-21 00:05:00,sell,V5_75_reclaim_add1_dd_throttle
,,0.2330975313518414,,,,,open,,98717.7889669516,,-1,3085.752726,0.5625,562356,0.75,2025-01-29 00:05:00,,V5_75_reclaim_add1_dd_throttle
,1,0.2330450543401955,,,,,add,,32893.907975664944,,-1,3086.522572,0.1875,562533,0.75,2025-01-29 14:50:00,,V5_75_reclaim_add1_dd_throttle
1,,,131611.69694261655,3085.9450987617897,0.75,562356,close,3258.45156,,-7357.179151444609,,,,562932,,2025-01-31 00:05:00,buy_cover,V5_75_reclaim_add1_dd_throttle
,,0.26536237833293264,,,,,open,,63043.04625223865,,-1,3119.955884,0.375,563508,0.5,2025-02-02 00:05:00,,V5_75_reclaim_add1_dd_throttle
,1,0.265099143739698,,,,,add,,21013.87340967652,,-1,3118.896096,0.125,563542,0.5,2025-02-02 02:55:00,,V5_75_reclaim_add1_dd_throttle
1,,,84056.91966191516,3119.6908739803953,0.5,563508,close,2670.594012,,12100.46422933432,,,,566964,,2025-02-14 00:05:00,buy_cover,V5_75_reclaim_add1_dd_throttle
,,0.21283823082626818,,,,,open,,101361.62410389655,,1,2670.594012,0.5625,566964,0.75,2025-02-14 00:05:00,,V5_75_reclaim_add1_dd_throttle
,1,0.21205580379212285,,,,,add,,33808.779281541,,1,2674.6948319999997,0.1875,566968,0.75,2025-02-14 00:25:00,,V5_75_reclaim_add1_dd_throttle
1,,,135170.40338543756,2671.6185281183566,0.75,566964,close,2634.862922,,-1912.966989597684,,,,568315,,2025-02-18 16:40:00,sell,V5_75_reclaim_add1_dd_throttle
,,0.22103640455613593,,,,,open,,100285.58017224786,,-1,2634.862922,0.5625,568315,0.75,2025-02-18 16:40:00,,V5_75_reclaim_add1_dd_throttle
,1,0.21900132451026855,,,,,add,,33513.903196430445,,-1,2621.845526,0.1875,568325,0.75,2025-02-18 17:30:00,,V5_75_reclaim_add1_dd_throttle
1,,,133799.4833686783,2631.5902245720213,0.75,568315,close,2760.552,,-6556.873479403497,,,,568861,,2025-02-20 14:10:00,buy_cover,V5_75_reclaim_add1_dd_throttle
,,0.2496874713101297,,,,,open,,96582.28639820442,,-1,2737.1024700000003,0.5625,569885,0.75,2025-02-24 03:30:00,,V5_75_reclaim_add1_dd_throttle
,1,0.2451388316177341,,,,,add,,32402.82705970398,,-1,2704.459,0.1875,569897,0.75,2025-02-24 04:30:00,,V5_75_reclaim_add1_dd_throttle
1,,,128985.1134579084,2728.828091062684,0.75,569885,close,2263.9927079999998,,21971.650211610046,,,,571759,,2025-03-02 15:40:00,buy_cover,V5_75_reclaim_add1_dd_throttle
,,0.15766971544527764,,,,,open,,108926.82881697106,,1,2263.9927079999998,0.5625,571759,0.75,2025-03-02 15:40:00,,V5_75_reclaim_add1_dd_throttle
,1,0.14568295180544433,,,,,add,,48879.17812170708,,1,2303.76066,0.25,571770,1.0,2025-03-02 16:35:00,,V5_75_reclaim_add1_dd_throttle
1,,,157806.00693867815,2276.162960369083,0.8125,571759,close,2162.987316,,-7906.4267968502245,,,,573015,,2025-03-07 00:20:00,sell,V5_75_reclaim_add1_dd_throttle
,,0.1870846026804589,,,,,open,,104479.4637437428,,-1,2162.987316,0.5625,573015,0.75,2025-03-07 00:20:00,,V5_75_reclaim_add1_dd_throttle
,1,0.18437927340394522,,,,,add,,34890.91133930551,,-1,2155.0089120000002,0.1875,573219,0.75,2025-03-07 17:20:00,,V5_75_reclaim_add1_dd_throttle
1,,,139370.3750830483,2160.98441062734,0.75,573015,close,1933.006524,,14703.194613432162,,,,575212,,2025-03-14 15:25:00,buy_cover,V5_75_reclaim_add1_dd_throttle
,,0.12518846077308,,,,,open,,150312.4420621354,,1,1933.006524,0.75,575212,1.0,2025-03-14 15:25:00,,V5_75_reclaim_add1_dd_throttle
,1,0.12248335586658332,,,,,add,,50104.147354045126,,1,1935.306984,0.24985201921057687,575214,1.0,2025-03-14 15:35:00,,V5_75_reclaim_add1_dd_throttle
1,,,200416.58941618053,1933.5811261269732,0.9998520192105769,575212,close,1898.630198,,-3701.3897634242603,,,,575736,,2025-03-16 11:05:00,sell,V5_75_reclaim_add1_dd_throttle
,,0.14004325133199702,,,,,open,,147536.3997395672,,-1,1898.630198,0.7499999999999999,575736,1.0,2025-03-16 11:05:00,,V5_75_reclaim_add1_dd_throttle
,1,0.1350388159884679,,,,,add,,49487.8244238908,,-1,1881.963532,0.25,575739,1.0,2025-03-16 11:20:00,,V5_75_reclaim_add1_dd_throttle
1,,,197024.22416345798,1894.4162257698977,0.9999999999999999,575736,close,1980.706062,,-8974.359591771004,,,,576594,,2025-03-19 10:35:00,buy_cover,V5_75_reclaim_add1_dd_throttle
,,0.1797715361879052,,,,,open,,105582.05730908582,,-1,2034.403038,0.5625,578650,0.75,2025-03-26 13:55:00,,V5_75_reclaim_add1_dd_throttle
,1,0.177570753367147,,,,,add,,35299.34583285822,,-1,2022.765366,0.1875,578655,0.75,2025-03-26 14:20:00,,V5_75_reclaim_add1_dd_throttle
1,,,140881.40314194403,2031.4745397007553,0.75,578650,close,1860.251976,,11874.175646952921,,,,580291,,2025-04-01 06:40:00,buy_cover,V5_75_reclaim_add1_dd_throttle
,,0.12657682854735408,,,,,open,,149660.57593685781,,1,1860.251976,0.75,580291,1.0,2025-04-01 06:40:00,,V5_75_reclaim_add1_dd_throttle
,1,0.12374404870883404,,,,,add,,49886.85864561927,,1,1872.394404,0.24885685629222465,580311,1.0,2025-04-01 08:20:00,,V5_75_reclaim_add1_dd_throttle
1,,,199547.4345824771,1863.2727946513855,0.9988568562922246,580291,close,1845.6308000000001,,-1968.4269576763036,,,,580765,,2025-04-02 22:10:00,sell,V5_75_reclaim_add1_dd_throttle
,,0.13425989672201966,,,,,open,,148184.2557186006,,-1,1845.6308000000001,0.75,580765,1.0,2025-04-02 22:10:00,,V5_75_reclaim_add1_dd_throttle
,1,0.12989692981390555,,,,,add,,49799.762114110614,,-1,1824.714984,0.25,580767,1.0,2025-04-02 22:20:00,,V5_75_reclaim_add1_dd_throttle
1,,,197984.0178327112,1840.3247495400824,1.0,580765,close,1596.499236,,26231.004868084856,,,,582726,,2025-04-09 17:35:00,buy_cover,V5_75_reclaim_add1_dd_throttle
,,0.08772137230089105,,,,,open,,167827.8117669893,,1,1596.499236,0.7499999999999999,582726,1.0,2025-04-09 17:35:00,,V5_75_reclaim_add1_dd_throttle
,1,0.08560551772630764,,,,,add,,55942.603922329785,,1,1597.46943,0.24996109271140343,582729,1.0,2025-04-09 17:50:00,,V5_75_reclaim_add1_dd_throttle
1,,,223770.41568931908,1596.7416740026586,0.9999610927114033,582726,close,1575.8847600000001,,-3011.2577659428935,,,,583835,,2025-04-13 14:00:00,sell,V5_75_reclaim_add1_dd_throttle
,,0.10315432300747063,,,,,open,,165569.36844253214,,-1,1575.8847600000001,0.75,583835,1.0,2025-04-13 14:00:00,,V5_75_reclaim_add1_dd_throttle
,1,0.10054303032645928,,,,,add,,55090.248277365106,,-1,1579.044128,0.25,583837,1.0,2025-04-13 14:10:00,,V5_75_reclaim_add1_dd_throttle
1,,,220659.61671989725,1576.6723483242477,1.0,583835,close,1598.859708,,-3105.1728503583,,,,585438,,2025-04-19 03:35:00,buy_cover,V5_75_reclaim_add1_dd_throttle
,,0.1133827336322456,,,,,open,,163207.38986225543,,1,1797.7894860000001,0.75,587270,1.0,2025-04-25 12:15:00,,V5_75_reclaim_add1_dd_throttle
,1,0.11097128380352006,,,,,add,,54402.463287418475,,1,1801.8603,0.24965107794476538,587301,1.0,2025-04-25 14:50:00,,V5_75_reclaim_add1_dd_throttle
1,,,217609.8531496739,1798.8054641069825,0.9996510779447654,587270,close,1779.8539580000001,,-2378.7699988174136,,,,587989,,2025-04-28 00:10:00,sell,V5_75_reclaim_add1_dd_throttle
,,0.12316729835474904,,,,,open,,161423.31236314238,,-1,1779.8539580000001,0.7500000000000001,587989,1.0,2025-04-28 00:10:00,,V5_75_reclaim_add1_dd_throttle
,1,0.12206314342507374,,,,,add,,53890.23921149822,,-1,1775.5048279999999,0.2499999999999999,587992,1.0,2025-04-28 00:25:00,,V5_75_reclaim_add1_dd_throttle
1,,,215313.55157464062,1778.7634283693951,1.0,587989,close,1831.326192,,-6362.54341921382,,,,588975,,2025-05-01 10:20:00,buy_cover,V5_75_reclaim_add1_dd_throttle
,,0.14917329842943583,,,,,open,,156619.1077659958,,1,1839.897906,0.75,590584,1.0,2025-05-07 00:25:00,,V5_75_reclaim_add1_dd_throttle
,1,0.1476981917372171,,,,,add,,52206.36925533193,,1,1844.008728,0.24965669966540927,590592,1.0,2025-05-07 01:05:00,,V5_75_reclaim_add1_dd_throttle
1,,,208825.47702132774,1840.9238922550671,0.9996566996654093,590584,close,2404.3390360000003,,63801.997373580845,,,,599220,,2025-06-06 00:05:00,sell,V5_75_reclaim_add1_dd_throttle
,,0.13207615201557665,,,,,open,,204470.60579618142,,-1,2404.3390360000003,0.75,599220,1.0,2025-06-06 00:05:00,,V5_75_reclaim_add1_dd_throttle
,1,0.13197237689751118,,,,,add,,68058.41080103707,,-1,2408.0083019999997,0.25,599224,1.0,2025-06-06 00:25:00,,V5_75_reclaim_add1_dd_throttle
1,,,272529.01659721846,2405.2543103109197,1.0,599220,close,2474.4847979999995,,-7844.197460872878,,,,599508,,2025-06-07 00:05:00,buy_cover,V5_75_reclaim_add1_dd_throttle
,,0.15835712329943175,,,,,open,,148909.9337610279,,1,2537.7074399999997,0.5625,599778,0.75,2025-06-07 22:35:00,,V5_75_reclaim_add1_dd_throttle
,1,0.1576138624854192,,,,,add,,49635.48866361456,,1,2538.617622,0.1875,600058,0.75,2025-06-08 21:55:00,,V5_75_reclaim_add1_dd_throttle
1,,,198545.42242464246,2537.934920333761,0.75,599778,close,2310.547798,,-17861.03852387439,,,,603796,,2025-06-21 21:25:00,sell,V5_75_reclaim_add1_dd_throttle
,,0.21491473557386243,,,,,open,,138863.09959134855,,-1,2310.547798,0.5625,603796,0.75,2025-06-21 21:25:00,,V5_75_reclaim_add1_dd_throttle
,1,0.20957810244679997,,,,,add,,46639.05018164957,,-1,2278.4442200000003,0.1875,603798,0.75,2025-06-21 21:35:00,,V5_75_reclaim_add1_dd_throttle
1,,,185502.14977299812,2302.3914648942164,0.75,603796,close,2309.571822,,-578.5091555229155,,,,604284,,2025-06-23 14:05:00,buy_cover,V5_75_reclaim_add1_dd_throttle
,,0.2169473713529877,,,,,open,,138516.81919951743,,1,2309.571822,0.5625,604284,0.75,2025-06-23 14:05:00,,V5_75_reclaim_add1_dd_throttle
,1,0.2160514986867117,,,,,add,,46207.983025418725,,1,2313.672642,0.1875,604351,0.75,2025-06-23 19:40:00,,V5_75_reclaim_add1_dd_throttle
1,,,184724.80222493614,2310.5962576019497,0.75,604284,close,2393.481208,,6549.854639561032,,,,605281,,2025-06-27 01:10:00,sell,V5_75_reclaim_add1_dd_throttle
,,0.196390551399254,,,,,open,,142201.1124342705,,-1,2393.481208,0.5624999999999999,605281,0.75,2025-06-27 01:10:00,,V5_75_reclaim_add1_dd_throttle
,1,0.19614102007710643,,,,,add,,47397.27922204905,,-1,2392.8013440000004,0.1875,605491,0.75,2025-06-27 18:40:00,,V5_75_reclaim_add1_dd_throttle
1,,,189598.39165631955,2393.311214098956,0.7499999999999999,605281,close,2454.9909,,-4886.264083551097,,,,605958,,2025-06-29 09:35:00,buy_cover,V5_75_reclaim_add1_dd_throttle
,,0.21180414647831813,,,,,open,,139431.2590682117,,1,2454.9909,0.5625,605958,0.75,2025-06-29 09:35:00,,V5_75_reclaim_add1_dd_throttle
,1,0.21162610709535234,,,,,add,,46495.058423344824,,1,2457.661434,0.1875,605974,0.75,2025-06-29 10:55:00,,V5_75_reclaim_add1_dd_throttle
1,,,185926.31749155652,2455.658182756015,0.75,605958,close,2402.759352,,-4077.913401059166,,,,606708,,2025-07-02 00:05:00,sell,V5_75_reclaim_add1_dd_throttle
,,0.22489560962658206,,,,,open,,137137.4327801159,,1,2535.617022,0.5625,608021,0.75,2025-07-06 13:30:00,,V5_75_reclaim_add1_dd_throttle
,1,0.22310499191396527,,,,,add,,45822.744731443025,,1,2547.5094,0.1875,608025,0.75,2025-07-06 13:50:00,,V5_75_reclaim_add1_dd_throttle
1,,,182960.17751155893,2538.5850579402713,0.75,608021,close,4157.91825,,116588.26415477548,,,,631188,,2025-09-25 00:05:00,sell,V5_75_reclaim_add1_dd_throttle
,,0.13716029541289598,,,,,open,,270291.1084895695,,1,4209.771786,0.7500000000000001,632628,1.0,2025-09-30 00:05:00,,V5_75_reclaim_add1_dd_throttle
,1,0.12846510887519835,,,,,add,,90097.0361631898,,1,4269.313692,0.2474503653065312,633020,1.0,2025-10-01 08:45:00,,V5_75_reclaim_add1_dd_throttle
1,,,360388.1446527593,4224.501017712633,0.9974503653065313,632628,close,4134.812872,,-7792.290664144559,,,,636372,,2025-10-13 00:05:00,sell,V5_75_reclaim_add1_dd_throttle
,,0.1558165633131222,,,,,open,,198335.1678685958,,1,4153.360506,0.5625,640404,0.75,2025-10-27 00:05:00,,V5_75_reclaim_add1_dd_throttle
,1,0.1533419702497235,,,,,add,,66301.66959287794,,1,4176.2450819999995,0.1875,640406,0.75,2025-10-27 00:15:00,,V5_75_reclaim_add1_dd_throttle
1,,,264636.83746147377,4159.07039059705,0.75,640404,close,3899.2200000000003,,-16633.210960264114,,,,641268,,2025-10-30 00:05:00,sell,V5_75_reclaim_add1_dd_throttle
,,0.195639723548089,,,,,open,,188978.98670344724,,-1,3602.5093540000003,0.5625,642708,0.75,2025-11-04 00:05:00,,V5_75_reclaim_add1_dd_throttle
,1,0.1946516606628479,,,,,add,,63045.88888094801,,-1,3595.690718,0.1875,642710,0.75,2025-11-04 00:15:00,,V5_75_reclaim_add1_dd_throttle
1,,,252024.87558439525,3600.8011973910193,0.75,642708,close,2955.54099,,45162.63030569564,,,,649044,,2025-11-26 00:05:00,buy_cover,V5_75_reclaim_add1_dd_throttle
,,0.08824847739872477,,,,,open,,285806.15126919706,,1,2955.54099,0.75,649044,1.0,2025-11-26 00:05:00,,V5_75_reclaim_add1_dd_throttle
,1,0.0858642636816851,,,,,add,,95268.71708973235,,1,2964.74283,0.2494924846232498,649048,1.0,2025-11-26 00:25:00,,V5_75_reclaim_add1_dd_throttle
1,,,381074.8683589294,2957.8360907907227,0.9994924846232498,649044,close,2988.7621280000003,,3830.369200496236,,,,650032,,2025-11-29 10:25:00,sell,V5_75_reclaim_add1_dd_throttle
,,0.0780928538519815,,,,,open,,288678.92816956923,,-1,2988.7621280000003,0.75,650032,1.0,2025-11-29 10:25:00,,V5_75_reclaim_add1_dd_throttle
,1,0.07843747536625867,,,,,add,,96225.92929503303,,-1,2987.582364,0.25,650087,1.0,2025-11-29 15:00:00,,V5_75_reclaim_add1_dd_throttle
1,,,384904.8574646023,2988.4671005307996,1.0,650032,close,2859.97188,,16549.781848757295,,,,650941,,2025-12-02 14:10:00,buy_cover,V5_75_reclaim_add1_dd_throttle
,,0.044015518081687466,,,,,open,,301033.5288275175,,1,2859.97188,0.7500000000000001,650941,1.0,2025-12-02 14:10:00,,V5_75_reclaim_add1_dd_throttle
,1,0.04202385996481961,,,,,add,,100282.84133715103,,1,2858.77164,0.2499999999999999,650943,1.0,2025-12-02 14:20:00,,V5_75_reclaim_add1_dd_throttle
1,,,401316.37016466854,2859.671863881154,1.0,650941,close,3064.856906,,28622.925465225882,,,,651829,,2025-12-05 16:10:00,sell,V5_75_reclaim_add1_dd_throttle
,,0.05278296011205075,,,,,open,,322500.7229264369,,-1,3064.856906,0.75,651829,1.0,2025-12-05 16:10:00,,V5_75_reclaim_add1_dd_throttle
,1,0.047626341021883234,,,,,add,,108196.26788989906,,-1,3037.1724440000003,0.25,651834,1.0,2025-12-05 16:35:00,,V5_75_reclaim_add1_dd_throttle
1,,,430696.990816336,3057.8548762674927,1.0,651829,close,3079.935864,,-3110.0762772258604,,,,652419,,2025-12-07 17:20:00,buy_cover,V5_75_reclaim_add1_dd_throttle
,,0.06029789011810971,,,,,open,,320103.5611698951,,1,3079.935864,0.7500000000000001,652419,1.0,2025-12-07 17:20:00,,V5_75_reclaim_add1_dd_throttle
,1,0.05006444430092116,,,,,add,,106701.18705663166,,1,3111.0920939999996,0.24819218595334636,652422,1.0,2025-12-07 17:35:00,,V5_75_reclaim_add1_dd_throttle
1,,,426804.7482265268,3087.6662716523783,0.9981921859533465,652419,close,3282.453378,,26743.735877233325,,,,653371,,2025-12-11 00:40:00,sell,V5_75_reclaim_add1_dd_throttle
,,0.043911728789905125,,,,,open,,340161.36307782005,,-1,3282.453378,0.7499999999999999,653371,1.0,2025-12-11 00:40:00,,V5_75_reclaim_add1_dd_throttle
,1,0.04111749754457095,,,,,add,,113885.91670819077,,-1,3261.887492,0.25,653373,1.0,2025-12-11 00:50:00,,V5_75_reclaim_add1_dd_throttle
1,,,454047.2797860108,3277.2706347213248,0.9999999999999999,653371,close,3127.77543,,20711.731015421276,,,,654541,,2025-12-15 02:10:00,buy_cover,V5_75_reclaim_add1_dd_throttle
,,0.023393630549852773,,,,,open,,355627.0542474181,,1,3127.77543,0.75,654541,1.0,2025-12-15 02:10:00,,V5_75_reclaim_add1_dd_throttle
,1,0.019141033709187738,,,,,add,,118542.35141580604,,1,3145.468968,0.2490186066420942,654543,1.0,2025-12-15 02:20:00,,V5_75_reclaim_add1_dd_throttle
1,,,474169.40566322417,3132.18012677652,0.9990186066420942,654541,close,2862.9073040000003,,-40937.58215334918,,,,655288,,2025-12-17 16:25:00,sell,V5_75_reclaim_add1_dd_throttle
,,0.10717341026369531,,,,,open,,324923.86763240624,,1,2966.84325,0.75,657584,1.0,2025-12-25 15:45:00,,V5_75_reclaim_add1_dd_throttle
,1,0.10669879639971347,,,,,add,,108138.0519095984,,1,2961.822246,0.25,657586,1.0,2025-12-25 15:55:00,,V5_75_reclaim_add1_dd_throttle
1,,,433061.91954200465,2965.587882387312,1.0,657584,close,3175.724728,,30500.598919185577,,,,661320,,2026-01-07 15:05:00,sell,V5_75_reclaim_add1_dd_throttle
,,0.046620841622571185,,,,,open,,347799.3168217954,,-1,3175.724728,0.75,661320,1.0,2026-01-07 15:05:00,,V5_75_reclaim_add1_dd_throttle
,1,0.038417685676409796,,,,,add,,116448.54402836082,,-1,3155.628748,0.25,661323,1.0,2026-01-07 15:20:00,,V5_75_reclaim_add1_dd_throttle
1,,,464247.8608501562,3170.6599885353116,1.0,661320,close,3107.1213,,9303.34947278467,,,,662399,,2026-01-11 09:00:00,buy_cover,V5_75_reclaim_add1_dd_throttle
,,0.024571908828342037,,,,,open,,354707.1917472564,,1,3107.1213,0.75,662399,1.0,2026-01-11 09:00:00,,V5_75_reclaim_add1_dd_throttle
,1,0.024650904065912527,,,,,add,,118235.7305824188,,1,3110.341944,0.2498807690635868,662423,1.0,2026-01-11 11:00:00,,V5_75_reclaim_add1_dd_throttle
1,,,472942.9223296752,3107.9258355522743,0.9998807690635868,662399,close,3287.4323820000004,,27115.996376069612,,,,663918,,2026-01-16 15:35:00,sell,V5_75_reclaim_add1_dd_throttle
,,0.037564686720409024,,,,,open,,375044.1890293086,,-1,3287.4323820000004,0.7500000000000001,663918,1.0,2026-01-16 15:35:00,,V5_75_reclaim_add1_dd_throttle
,1,0.028379353684206965,,,,,add,,125804.74080346037,,-1,3258.4181860000003,0.2499999999999999,663920,1.0,2026-01-16 15:45:00,,V5_75_reclaim_add1_dd_throttle
1,,,500848.929832769,3280.0960236876376,1.0,663918,close,3341.928252,,-9441.351168908295,,,,664479,,2026-01-18 14:20:00,buy_cover,V5_75_reclaim_add1_dd_throttle
,,0.049720318759817306,,,,,open,,367888.04831315245,,1,3341.928252,0.75,664479,1.0,2026-01-18 14:20:00,,V5_75_reclaim_add1_dd_throttle
,1,0.04981818938165694,,,,,add,,122629.34943771746,,1,3346.599186,0.24981316523004782,664523,1.0,2026-01-18 18:00:00,,V5_75_reclaim_add1_dd_throttle
1,,,490517.3977508699,3343.0947626967118,0.9998131652300478,664479,close,3166.056662,,-26161.809608924144,,,,664944,,2026-01-20 05:05:00,sell,V5_75_reclaim_add1_dd_throttle
,,0.10105562623287945,,,,,open,,348266.69110645936,,1,2966.133108,0.7500000000000001,667093,1.0,2026-01-27 16:10:00,,V5_75_reclaim_add1_dd_throttle
,1,0.09707782905059803,,,,,add,,116088.89703548641,,1,2986.3371479999996,0.24880407379487424,667098,1.0,2026-01-27 16:35:00,,V5_75_reclaim_add1_dd_throttle
1,,,464355.5881419458,2971.1584451519348,0.9988040737948743,667093,close,2940.531776,,-4970.381609165168,,,,667528,,2026-01-29 04:25:00,sell,V5_75_reclaim_add1_dd_throttle
,,0.11059720680387497,,,,,open,,344538.90489958547,,-1,2940.531776,0.75,667528,1.0,2026-01-29 04:25:00,,V5_75_reclaim_add1_dd_throttle
,1,0.10986055175466825,,,,,add,,114932.80044756213,,-1,2936.4026019999997,0.25,667608,1.0,2026-01-29 11:05:00,,V5_75_reclaim_add1_dd_throttle
1,,,459471.7053471476,2939.497810753828,1.0,667528,close,2093.158548,,132290.9584783496,,,,670116,,2026-02-07 04:05:00,buy_cover,V5_75_reclaim_add1_dd_throttle
,,0.08323213638735516,,,,,open,,443688.2030025456,,1,2093.158548,0.75,670116,1.0,2026-02-07 04:05:00,,V5_75_reclaim_add1_dd_throttle
,1,0.07886536310136794,,,,,add,,147896.0676675152,,1,2100.990114,0.24937529803973313,670118,1.0,2026-02-07 04:15:00,,V5_75_reclaim_add1_dd_throttle
1,,,591584.2706700608,2095.1109607763988,0.9993752980397331,670116,close,2055.38884,,-11448.227775868727,,,,670665,,2026-02-09 01:50:00,sell,V5_75_reclaim_add1_dd_throttle
,,0.09977985153116542,,,,,open,,435102.03217064403,,-1,2055.38884,0.75,670665,1.0,2026-02-09 01:50:00,,V5_75_reclaim_add1_dd_throttle
,1,0.09972175998905686,,,,,add,,145295.27089017516,,-1,2049.629992,0.25,670745,1.0,2026-02-09 08:30:00,,V5_75_reclaim_add1_dd_throttle
1,,,580397.3030608192,2053.944149317587,1.0,670665,close,2012.20236,,11795.290864156443,,,,671977,,2026-02-13 15:10:00,buy_cover,V5_75_reclaim_add1_dd_throttle
,,0.08400190180607425,,,,,open,,443861.44072330225,,1,2012.20236,0.75,671977,1.0,2026-02-13 15:10:00,,V5_75_reclaim_add1_dd_throttle
,1,0.07322981601820677,,,,,add,,147953.81357443408,,1,2040.067932,0.2475046267652785,671981,1.0,2026-02-13 15:30:00,,V5_75_reclaim_add1_dd_throttle
1,,,591815.2542977363,2019.0971422656125,0.9975046267652785,671977,close,2026.074704,,1807.6647189577343,,,,672526,,2026-02-15 12:55:00,sell,V5_75_reclaim_add1_dd_throttle
,,0.07941750943211978,,,,,open,,445217.1892625205,,-1,2026.074704,0.75,672526,1.0,2026-02-15 12:55:00,,V5_75_reclaim_add1_dd_throttle
,1,0.07424191415597647,,,,,add,,149287.2425644514,,-1,2009.2180759999999,0.25,672533,1.0,2026-02-15 13:30:00,,V5_75_reclaim_add1_dd_throttle
1,,,594504.4318269719,2021.8152621211686,1.0,672526,close,2022.214362,,-117.32949223159812,,,,673329,,2026-02-18 07:50:00,buy_cover,V5_75_reclaim_add1_dd_throttle
,,0.07986319063017211,,,,,open,,445040.01647857274,,1,2022.214362,0.75,673329,1.0,2026-02-18 07:50:00,,V5_75_reclaim_add1_dd_throttle
,1,0.07862803284031683,,,,,add,,148346.67215952429,,1,2025.915102,0.2497322761073153,673335,1.0,2026-02-18 08:20:00,,V5_75_reclaim_add1_dd_throttle
1,,,593386.688638097,2023.138278894005,0.9997322761073153,673329,close,1951.90954,,-21120.37248261622,,,,674551,,2026-02-22 13:40:00,sell,V5_75_reclaim_add1_dd_throttle
,,0.11149978092784718,,,,,open,,429199.73711661063,,-1,1951.90954,0.75,674551,1.0,2026-02-22 13:40:00,,V5_75_reclaim_add1_dd_throttle
,1,0.10802677834790642,,,,,add,,143840.92589030377,,-1,1937.0425140000002,0.25,674598,1.0,2026-02-22 17:35:00,,V5_75_reclaim_add1_dd_throttle
1,,,573040.6630069144,1948.156304841929,1.0,674551,close,1904.340792,,12888.141530077439,,,,675266,,2026-02-25 01:15:00,buy_cover,V5_75_reclaim_add1_dd_throttle
,,0.09292778696927873,,,,,open,,438779.88716471766,,1,1904.340792,0.75,675266,1.0,2026-02-25 01:15:00,,V5_75_reclaim_add1_dd_throttle
,1,0.08280997755549213,,,,,add,,146259.96238823922,,1,1931.33619,0.247444493092976,675277,1.0,2026-02-25 02:10:00,,V5_75_reclaim_add1_dd_throttle
1,,,585039.8495529569,1911.0186439901202,0.997444493092976,675266,close,1969.376046,,17624.415386189357,,,,675963,,2026-02-27 11:20:00,sell,V5_75_reclaim_add1_dd_throttle
,,0.07126029790147059,,,,,open,,451998.1987043597,,-1,1969.376046,0.75,675963,1.0,2026-02-27 11:20:00,,V5_75_reclaim_add1_dd_throttle
,1,0.06788160169078528,,,,,add,,150997.19311593968,,-1,1962.817358,0.25,675967,1.0,2026-02-27 11:40:00,,V5_75_reclaim_add1_dd_throttle
1,,,602995.3918202994,1967.7295625363595,1.0,675963,close,1989.307782,,-6612.452832061914,,,,676425,,2026-03-01 01:50:00,buy_cover,V5_75_reclaim_add1_dd_throttle
,,0.08051977384671904,,,,,open,,446948.40977154026,,1,1989.307782,0.75,676425,1.0,2026-03-01 01:50:00,,V5_75_reclaim_add1_dd_throttle
,1,0.06252030253300567,,,,,add,,148982.8032571801,,1,2043.85869,0.24503596908496117,676428,1.0,2026-03-01 02:05:00,,V5_75_reclaim_add1_dd_throttle
1,,,595931.2130287203,2002.6706803959478,0.9950359690849612,676425,close,2051.559606,,14303.624934941647,,,,677958,,2026-03-06 09:35:00,sell,V5_75_reclaim_add1_dd_throttle
,,0.06727505982330495,,,,,open,,457676.12847274647,,-1,2051.559606,0.75,677958,1.0,2026-03-06 09:35:00,,V5_75_reclaim_add1_dd_throttle
,1,0.06258021341107678,,,,,add,,153217.19797131163,,-1,2038.932132,0.25,677989,1.0,2026-03-06 12:10:00,,V5_75_reclaim_add1_dd_throttle
1,,,610893.3264440581,2048.3778569708957,1.0,677958,close,1982.0363280000001,,19785.239138865494,,,,678745,,2026-03-09 03:10:00,buy_cover,V5_75_reclaim_add1_dd_throttle
,,0.03671509438132725,,,,,open,,472423.42382792896,,1,1982.0363280000001,0.75,678745,1.0,2026-03-09 03:10:00,,V5_75_reclaim_add1_dd_throttle
,1,0.028896636501902218,,,,,add,,157474.4746093097,,1,2004.570834,0.24796084982019895,678747,1.0,2026-03-09 03:20:00,,V5_75_reclaim_add1_dd_throttle
1,,,629897.8984372386,1987.6223225672572,0.997960849820199,678745,close,2066.33665,,24683.466515581124,,,,680265,,2026-03-14 09:50:00,sell,V5_75_reclaim_add1_dd_throttle
,,0.06280638367406222,,,,,open,,490936.0237146148,,-1,2066.33665,0.75,680265,1.0,2026-03-14 09:50:00,,V5_75_reclaim_add1_dd_throttle
,1,0.06179285117360844,,,,,add,,163581.401378917,,-1,2066.5866,0.25,680271,1.0,2026-03-14 10:20:00,,V5_75_reclaim_add1_dd_throttle
1,,,654517.4250935318,2066.399113519395,1.0,680265,close,2147.389392,,-25653.07542079757,,,,680700,,2026-03-15 22:05:00,buy_cover,V5_75_reclaim_add1_dd_throttle
,,0.09786097093395696,,,,,open,,471598.0395352526,,1,2147.389392,0.75,680700,1.0,2026-03-15 22:05:00,,V5_75_reclaim_add1_dd_throttle
,1,0.09790828943866581,,,,,add,,157199.34651175083,,1,2152.9805100000003,0.24958767114554004,680706,1.0,2026-03-15 22:35:00,,V5_75_reclaim_add1_dd_throttle
1,,,628797.3860470034,2148.7844472902784,0.99958767114554,680700,close,2292.011506,,41644.18332031707,,,,681437,,2026-03-18 11:30:00,sell,V5_75_reclaim_add1_dd_throttle
,,0.038167107250264176,,,,,open,,502831.1770254904,,-1,2292.011506,0.75,681437,1.0,2026-03-18 11:30:00,,V5_75_reclaim_add1_dd_throttle
,1,0.032171184228598326,,,,,add,,169072.46095199787,,-1,2264.437022,0.25,681439,1.0,2026-03-18 11:40:00,,V5_75_reclaim_add1_dd_throttle
1,,,671903.6379774882,2285.009844597477,1.0,681437,close,2157.371388,,37531.91764940135,,,,682873,,2026-03-23 11:10:00,buy_cover,V5_75_reclaim_add1_dd_throttle
,,0.050750837570003204,,,,,open,,530879.3297168448,,-1,2140.17188,0.75,683665,1.0,2026-03-26 05:10:00,,V5_75_reclaim_add1_dd_throttle
,1,0.04744034109365458,,,,,add,,177716.42470000577,,-1,2127.114492,0.25,683672,1.0,2026-03-26 05:45:00,,V5_75_reclaim_add1_dd_throttle
1,,,708595.7544168506,2136.882038209562,1.0,683665,close,2039.05773,,32438.827240481158,,,,684789,,2026-03-30 02:50:00,buy_cover,V5_75_reclaim_add1_dd_throttle
,,0.042663853857587974,,,,,open,,555102.1607840433,,1,2039.05773,0.75,684789,1.0,2026-03-30 02:50:00,,V5_75_reclaim_add1_dd_throttle
,1,0.041811546046257364,,,,,add,,184886.0132104945,,1,2037.6974579999999,0.25,684802,1.0,2026-03-30 03:55:00,,V5_75_reclaim_add1_dd_throttle
1,,,739988.1739945378,2038.717695936084,1.0,684789,close,2081.13369,,15093.502121353755,,,,685646,,2026-04-02 02:15:00,sell,V5_75_reclaim_add1_dd_throttle
,,0.040204895472580215,,,,,open,,566422.2873750585,,-1,2081.13369,0.7499999999999999,685646,1.0,2026-04-02 02:15:00,,V5_75_reclaim_add1_dd_throttle
,1,0.03392626740268534,,,,,add,,189490.26111786772,,-1,2070.265864,0.25,685652,1.0,2026-04-02 02:45:00,,V5_75_reclaim_add1_dd_throttle
1,,,755912.5484929262,2078.398668465663,0.9999999999999999,685646,close,2086.727262,,-3029.0749143027933,,,,686759,,2026-04-05 23:00:00,buy_cover,V5_75_reclaim_add1_dd_throttle
,,0.04236829874325876,,,,,open,,564037.0943070574,,1,2086.727262,0.75,686759,1.0,2026-04-05 23:00:00,,V5_75_reclaim_add1_dd_throttle
,1,0.03967635675008285,,,,,add,,188012.3647690192,,1,2098.4196,0.24902859548467626,686762,1.0,2026-04-05 23:15:00,,V5_75_reclaim_add1_dd_throttle
1,,,752049.4590760766,2089.6381139485297,0.9990285954846763,686759,close,2089.562004,,-328.17030509305187,,,,687192,,2026-04-07 11:05:00,sell,V5_75_reclaim_add1_dd_throttle
,,0.04468466357008216,,,,,open,,563790.9665782377,,-1,2089.562004,0.75,687192,1.0,2026-04-07 11:05:00,,V5_75_reclaim_add1_dd_throttle
,1,0.04299421985539842,,,,,add,,187846.29279604965,,-1,2089.9719219999997,0.25,687194,1.0,2026-04-07 11:15:00,,V5_75_reclaim_add1_dd_throttle
1,,,751637.2593742873,2089.664434057588,1.0,687192,close,2265.623034,,-63291.009576200275,,,,688412,,2026-04-11 16:45:00,buy_cover,V5_75_reclaim_add1_dd_throttle
,,0.12285325617396192,,,,,open,,516209.9638071812,,1,2265.623034,0.75,688412,1.0,2026-04-11 16:45:00,,V5_75_reclaim_add1_dd_throttle
,1,0.12155926506833237,,,,,add,,172069.9879357271,,1,2277.60543,0.24908708006604574,688434,1.0,2026-04-11 18:35:00,,V5_75_reclaim_add1_dd_throttle
1,,,688279.9517429083,2268.606797633891,0.9990870800660457,688412,close,2298.450218,,8775.385997798061,,,,689818,,2026-04-16 13:55:00,sell,V5_75_reclaim_add1_dd_throttle
,,0.11237016284433166,,,,,open,,522791.5033055298,,-1,2298.450218,0.75,689818,1.0,2026-04-16 13:55:00,,V5_75_reclaim_add1_dd_throttle
,1,0.11012535137945467,,,,,add,,174797.13198032856,,-1,2288.152278,0.25,689824,1.0,2026-04-16 14:25:00,,V5_75_reclaim_add1_dd_throttle
1,,,697588.6352858584,2295.8611351044756,1.0,689818,close,2345.71905,,-15149.108465005876,,,,691407,,2026-04-22 02:20:00,buy_cover,V5_75_reclaim_add1_dd_throttle
,,0.13316283826584807,,,,,open,,511325.0336614825,,1,2345.71905,0.75,691407,1.0,2026-04-22 02:20:00,,V5_75_reclaim_add1_dd_throttle
,1,0.12992036016898456,,,,,add,,170441.6778871608,,1,2357.22135,0.2491587812700653,691409,1.0,2026-04-22 02:30:00,,V5_75_reclaim_add1_dd_throttle
1,,,681766.7115486433,2348.5840884021027,0.9991587812700653,691407,close,2294.710966,,-15905.166916016024,,,,691879,,2026-04-23 17:40:00,sell,V5_75_reclaim_add1_dd_throttle
,,0.15264891593873497,,,,,open,,374547.11885585287,,-1,2263.2472599999996,0.5625,693265,0.75,2026-04-28 13:10:00,,V5_75_reclaim_add1_dd_throttle
,1,0.14661343727369391,,,,,add,,167699.88929236584,,-1,2232.50341,0.25,693613,1.0,2026-04-29 18:10:00,,V5_75_reclaim_add1_dd_throttle
1,,,542247.0081482187,2253.649099036834,0.8125,693265,close,2287.00731,,-8026.245299132774,,,,694011,,2026-05-01 03:20:00,buy_cover,V5_75_reclaim_add1_dd_throttle
,,0.1623690157754214,,,,,open,,369971.353086674,,1,2287.00731,0.5625,694011,0.75,2026-05-01 03:20:00,,V5_75_reclaim_add1_dd_throttle
,1,0.16210237497595414,,,,,add,,123247.52047942588,,1,2285.40699,0.1875,694108,0.75,2026-05-01 11:25:00,,V5_75_reclaim_add1_dd_throttle
1,,,493218.8735660999,2286.607205576385,0.75,694011,close,2335.7927480000003,,10407.760907486605,,,,695708,,2026-05-07 00:45:00,sell,V5_75_reclaim_add1_dd_throttle
,,0.14948339307881653,,,,,open,,501100.95812951366,,-1,2335.7927480000003,0.75,695708,1.0,2026-05-07 00:45:00,,V5_75_reclaim_add1_dd_throttle
,1,0.14906968960574862,,,,,add,,167184.08938358448,,-1,2332.053496,0.25,695710,1.0,2026-05-07 00:55:00,,V5_75_reclaim_add1_dd_throttle
1,,,668285.0475130981,2334.856179471202,1.0,695708,close,2321.8942859999997,,3709.993676661048,,,,696325,,2026-05-09 04:10:00,buy_cover,V5_75_reclaim_add1_dd_throttle
,,0.14576176404144836,,,,,open,,503783.21062988247,,1,2321.8942859999997,0.75,696325,1.0,2026-05-09 04:10:00,,V5_75_reclaim_add1_dd_throttle
,1,0.14291634998084446,,,,,add,,167927.7368766275,,1,2332.986504,0.24918229633922517,696481,1.0,2026-05-09 17:10:00,,V5_75_reclaim_add1_dd_throttle
1,,,671710.94750651,2324.657440336654,0.9991822963392252,696325,close,2308.8981280000003,,-4820.497528142412,,,,697026,,2026-05-11 14:35:00,sell,V5_75_reclaim_add1_dd_throttle
,,0.1511727906642225,,,,,open,,375125.87811283174,,-1,2308.8981280000003,0.5625,697026,0.75,2026-05-11 14:35:00,,V5_75_reclaim_add1_dd_throttle
,1,0.1509806643221161,,,,,add,,125163.36863983086,,-1,2303.98911,0.1875,697159,0.75,2026-05-12 01:40:00,,V5_75_reclaim_add1_dd_throttle
1,,,500289.2467526626,2307.668018963502,0.75,697026,close,2320.053918,,-2685.172052688198,,,,697536,,2026-05-13 09:05:00,buy_cover,V5_75_reclaim_add1_dd_throttle
,,0.15488395042711944,,,,,open,,373559.186292935,,1,2144.9289,0.5625,699627,0.75,2026-05-20 15:20:00,,V5_75_reclaim_add1_dd_throttle
,1,0.15443590055244139,,,,,add,,124605.98657021663,,1,2148.4296,0.1875,699746,0.75,2026-05-21 01:15:00,,V5_75_reclaim_add1_dd_throttle
1,,,498165.17286315165,2145.803459283288,0.75,699627,close,2095.43083,,-11888.971459126566,,,,700245,,2026-05-22 18:50:00,sell,V5_75_reclaim_add1_dd_throttle
,,0.1698071728188404,,,,,open,,366871.63984717627,,-1,2095.43083,0.5625,700245,0.75,2026-05-22 18:50:00,,V5_75_reclaim_add1_dd_throttle
,1,0.16853616569136876,,,,,add,,122530.19627855375,,-1,2087.292458,0.1875,700249,0.75,2026-05-22 19:10:00,,V5_75_reclaim_add1_dd_throttle
1,,,489401.83612573,2093.387298422494,0.75,700245,close,2041.50822,,12128.551759307506,,,,702222,,2026-05-29 15:35:00,buy_cover,V5_75_reclaim_add1_dd_throttle
,,0.1539755509390921,,,,,open,,373638.8925052226,,1,2041.50822,0.5625,702222,0.75,2026-05-29 15:35:00,,V5_75_reclaim_add1_dd_throttle
0,,,373638.8925052226,2041.50822,0.5625,702222,close,2006.018716,,-6642.1675410210155,,,,702783,,2026-05-31 14:20:00,sell,V5_75_reclaim_add1_dd_throttle
,,0.16277141101528925,,,,,open,,369902.6732633983,,-1,2006.018716,0.5625,702783,0.75,2026-05-31 14:20:00,,V5_75_reclaim_add1_dd_throttle
,1,0.1630066606795305,,,,,add,,123265.88923031872,,-1,2006.2286740000002,0.1875,702808,0.75,2026-05-31 16:25:00,,V5_75_reclaim_add1_dd_throttle
1,,,493168.562493717,2006.0711902045093,0.75,702783,close,1609.741884,,97432.82637444569,,,,704704,,2026-06-07 06:25:00,buy_cover,V5_75_reclaim_add1_dd_throttle
,,0.03908191153776719,,,,,open,,566204.2088476579,,1,1609.741884,0.75,704704,1.0,2026-06-07 06:25:00,,V5_75_reclaim_add1_dd_throttle
,1,0.030504781251708968,,,,,add,,188734.7362825526,,1,1631.1061559999998,0.24761056408335713,704733,1.0,2026-06-07 08:50:00,,V5_75_reclaim_add1_dd_throttle
1,,,754938.9451302105,1615.0303115399645,0.9976105640833571,704704,close,1648.6702,,15416.585917652352,,,,705375,,2026-06-09 14:20:00,sell,V5_75_reclaim_add1_dd_throttle
,,0.03807983747621113,,,,,open,,577766.6482858971,,-1,1648.6702,0.75,705375,1.0,2026-06-09 14:20:00,,V5_75_reclaim_add1_dd_throttle
,1,0.032224842544739674,,,,,add,,193743.39997407416,,-1,1634.8329680000002,0.25,705381,1.0,2026-06-09 14:50:00,,V5_75_reclaim_add1_dd_throttle
1,,,771510.0482599712,1645.1733835206537,1.0,705375,close,1667.1233579999998,,-10293.489179559168,,,,705922,,2026-06-11 11:55:00,buy_cover,V5_75_reclaim_add1_dd_throttle
,,0.052098897767921204,,,,,open,,569930.8048939888,,1,1667.1233579999998,0.75,705922,1.0,2026-06-11 11:55:00,,V5_75_reclaim_add1_dd_throttle
,1,0.04940528479959749,,,,,add,,189976.93496466288,,1,1673.8747079999998,0.24931783634139537,705990,1.0,2026-06-11 17:35:00,,V5_75_reclaim_add1_dd_throttle
1,,,759907.7398586517,1668.8060845961709,0.9993178363413954,705922,close_final,1676.504632,,3200.276669879444,,,,706102,,2026-06-12 02:55:00,sell_final,V5_75_reclaim_add1_dd_throttle
