add_count,entry_notional,entry_price,entry_size,entry_step,exit_price,pnl,step,type,variant
0,10000.0,173.114616,1.0,1982,172.275538,-52.4497206046708,2899,sell,baseline_100
0,9947.55027939533,172.275538,1.0,2899,176.065206,-218.8229585764857,4027,buy_cover,baseline_100
0,9726.737810762965,176.065206,1.0,4027,185.71285,528.8814636934749,5104,sell,baseline_100
0,10255.61927445644,185.71285,1.0,5104,185.347062,20.200317302334952,6094,buy_cover,baseline_100
0,10273.768467903883,185.347062,1.0,6094,176.86462,-474.10192523146,6611,sell,baseline_100
0,9799.666542672423,176.86462,1.0,6611,175.555104,72.55769383132247,7835,buy_cover,baseline_100
0,9870.26430319521,175.555104,1.0,7835,171.305732,-242.7653158399753,8379,sell,baseline_100
0,9627.498987355235,171.305732,1.0,8379,164.08281,405.93351207319574,9191,buy_cover,baseline_100
0,10031.50699963096,164.08281,1.0,9191,182.553482,1124.774948054297,10628,sell,baseline_100
0,11156.281947685256,182.553482,1.0,10628,184.24684200000002,-103.48484822953833,11330,buy_cover,baseline_100
0,11050.56584306618,184.24684200000002,1.0,11330,181.153762,-189.85912797185483,11781,sell,baseline_100
0,10860.706715094326,181.153762,1.0,11781,188.767746,-456.48052923888827,12405,buy_cover,baseline_100
0,10402.054044512419,188.767746,1.0,12405,188.04238400000003,-44.11552014380868,12871,sell,baseline_100
0,10357.93852436861,188.04238400000003,1.0,12871,187.177428,47.644783237674346,13737,buy_cover,baseline_100
0,10403.511719901411,187.177428,1.0,13737,184.603072,-147.18908353427105,14236,sell,baseline_100
0,10256.32263636714,184.603072,1.0,14236,184.51689599999997,4.788244033688898,14247,buy_cover,baseline_100
0,10259.059615873555,182.253542,1.0,15687,144.60891600000002,2119.0179211623936,30375,buy_cover,baseline_100
0,12376.025725112773,143.62127,1.0,30663,143.75874599999997,-11.845984554431197,31527,buy_cover,baseline_100
0,12361.704535413319,201.029786,1.0,48807,142.47849,3600.431091184704,55344,buy_cover,baseline_100
0,15959.66328569094,169.23384,1.0,57447,163.63726599999998,-533.9592270444609,57493,sell,baseline_100
0,15425.70405864648,163.63726599999998,1.0,57493,160.362066,308.74608281948167,58193,buy_cover,baseline_100
0,15731.365000654232,160.362066,1.0,58193,153.38931599999998,-690.0384291273622,59163,sell,baseline_100
0,15041.32657152687,153.38931599999998,1.0,59163,179.475888,-2558.0434859063516,59905,buy_cover,baseline_100
0,12480.274820306213,175.075008,1.0,60992,390.4219,15339.936809933251,95701,sell,baseline_100
0,27820.211630239464,370.494084,1.0,101495,317.596468,-3981.593289927441,105239,sell,baseline_100
0,23838.618340312023,365.333052,1.0,109847,934.813,37135.162257610704,136783,sell,baseline_100
0,60973.78059792273,1576.9353239999998,1.0,150989,3432.533356,71695.46912793307,172818,sell,baseline_100
0,132669.2497258558,2871.4441739999997,1.0,175757,2256.79855,-28440.157623351377,176621,sell,baseline_100
0,104229.09210250442,2843.838654,1.0,178061,2703.819128,-5171.469001386868,178925,sell,baseline_100
0,99057.62310111756,1804.359056,1.0,184304,1985.537028,-9946.49670065318,184880,buy_cover,baseline_100
0,89091.31487584415,1942.36145,1.0,189488,2023.494618,-3721.374003860561,192080,buy_cover,baseline_100
0,85352.12260900842,2182.9765079999997,1.0,192656,3060.8077160000003,34274.42691055476,209936,sell,baseline_100
0,119626.54951956318,3305.06088,1.0,212528,4179.51393,31590.289119135792,231248,sell,baseline_100
0,151216.83863869897,4354.9308120000005,1.0,231536,4078.8540660000003,-9642.895940220042,232976,sell,baseline_100
0,141573.94269847893,3406.5785480000004,1.0,240464,2465.162934,39124.28035168935,246224,buy_cover,baseline_100
0,180669.9082616286,2465.162934,1.0,246224,2337.842338,-9399.757836988516,246475,sell,baseline_100
0,171270.15042464007,2337.842338,1.0,246475,2591.588214,-18589.395825067797,246962,buy_cover,baseline_100
0,152646.50056948734,2752.75044,1.0,248591,2959.8379139999997,11417.843141022488,249284,sell,baseline_100
0,164064.34371050983,2959.8379139999997,1.0,249284,3195.0088739999997,-13035.561191439367,249750,buy_cover,baseline_100
0,150995.96965032836,3195.0088739999997,1.0,249750,3076.8845,-5640.711929682555,250537,sell,baseline_100
0,145355.2577206458,2959.0816979999995,1.0,251580,3050.369804,4424.30129698629,252179,sell,baseline_100
0,149779.5590176321,3050.369804,1.0,252179,2666.013096,18872.726227091713,254066,buy_cover,baseline_100
0,168622.3293329203,2666.013096,1.0,254066,2650.31983,-1059.6266151731543,255380,sell,baseline_100
0,167562.70271774713,2650.31983,1.0,255380,2995.9490699999997,-21851.909666429943,255884,buy_cover,baseline_100
0,145677.28051077365,2632.596414,1.0,258056,2534.323034,-5494.143050322455,258628,sell,baseline_100
0,140183.1374604512,2534.323034,1.0,258628,2606.341164,-3983.593514871318,259955,buy_cover,baseline_100
0,136171.5073180878,2885.982688,1.0,261337,2964.072696,-3684.5744068966887,261799,buy_cover,baseline_100
0,132459.6986097275,2964.072696,1.0,261799,3176.894494,9453.885492086352,266378,sell,baseline_100
0,141913.58410181385,3176.894494,1.0,266378,3228.6756060000002,-2313.084327748016,266666,buy_cover,baseline_100
0,139572.11705724546,3272.1543,1.0,266698,2984.2630280000003,-12330.77108191885,267818,sell,baseline_100
0,127241.3459753266,2984.2630280000003,1.0,267818,3096.8892539999997,-4802.0890557596285,268277,buy_cover,baseline_100
0,122413.80865037191,3012.587362,1.0,269538,3118.02348,-4284.297832795855,270002,buy_cover,baseline_100
0,118105.02805584598,3118.02348,1.0,270002,3025.524774,-3549.5178020271414,270647,sell,baseline_100
0,114555.51025381884,2971.384158,1.0,271787,2837.23244,-5215.688354639584,272853,sell,baseline_100
0,109339.82189917925,2837.23244,1.0,272853,2835.677022,59.94627962015511,273570,buy_cover,baseline_100
0,109377.90021441957,2835.677022,1.0,273570,2762.4773940000005,-2866.07785322587,274101,sell,baseline_100
0,106511.8223611937,2762.4773940000005,1.0,274101,2089.877892,25933.17423582128,277466,buy_cover,baseline_100
0,132423.69423254274,2089.877892,1.0,277466,2001.989522,-5619.723724207841,278340,sell,baseline_100
0,126803.9705083349,2001.989522,1.0,278340,2050.10994,-3047.8929082214745,278781,buy_cover,baseline_100
0,123730.71680601175,1989.082104,1.0,279862,1836.297186,9503.979987315004,281661,buy_cover,baseline_100
0,133209.95064996555,1836.297186,1.0,281661,1916.876548,5789.827658736322,282267,sell,baseline_100
0,138999.77830870188,1916.876548,1.0,282267,1796.319192,8742.063103900015,283346,buy_cover,baseline_100
0,147714.04145694018,1796.319192,1.0,283346,1780.423844,-1365.6554053572763,283952,sell,baseline_100
0,146348.3860515829,1780.423844,1.0,283952,1248.729696,43704.53024715526,286538,buy_cover,baseline_100
0,190023.64662152785,1141.5282599999998,1.0,288796,1192.91137,8474.028016407072,289870,sell,baseline_100
0,198497.67463793492,1192.91137,1.0,289870,1092.208398,16756.747354300227,291864,buy_cover,baseline_100
0,215214.72245730757,1092.208398,1.0,291864,1188.502252,18880.601961238688,293479,sell,baseline_100
0,234095.32441854625,1188.502252,1.0,293479,1099.829922,17465.501745553338,294463,buy_cover,baseline_100
0,251514.00709921587,1099.829922,1.0,294463,1481.893562,87236.47471089859,296666,sell,baseline_100
0,338750.48181011446,1481.893562,1.0,296666,1606.881312,-28571.30892885907,297550,buy_cover,baseline_100
0,310111.42278489337,1606.881312,1.0,297550,1479.1741060000002,-24760.34055638779,297999,sell,baseline_100
0,285351.0822285056,1670.405852,1.0,299769,1681.2261780000001,-1848.3966282086913,300509,buy_cover,baseline_100
0,283445.61538385117,1681.2261780000001,1.0,300509,1711.05772,4914.057706488122,302229,sell,baseline_100
0,288359.6730903393,1711.05772,1.0,302229,1891.82829,-30464.735373436066,302683,buy_cover,baseline_100
0,257837.26578228513,1891.82829,1.0,302683,1958.368248,8961.978736356134,303731,sell,baseline_100
0,266799.24451864127,1958.368248,1.0,303731,1919.6938619999999,5268.834124774468,304463,buy_cover,baseline_100
0,272014.718794512,1919.6938619999999,1.0,304463,1821.865554,-13965.221276690223,304974,sell,baseline_100
0,258049.49751782176,1821.865554,1.0,304974,1643.248584,25299.36208357266,305802,buy_cover,baseline_100
0,283297.24970189086,1643.248584,1.0,305802,1653.579218,1666.9889065336902,307070,sell,baseline_100
0,284964.23860842455,1653.579218,1.0,307070,1510.4720340000001,24661.925174954784,308019,buy_cover,baseline_100
0,309569.1709356577,1510.4720340000001,1.0,308019,1519.925954,1812.9776975369896,308891,sell,baseline_100
0,311382.1486331947,1519.925954,1.0,308891,1574.194776,-11117.859226388566,309722,buy_cover,baseline_100
0,300202.0129770795,1574.194776,1.0,309722,1559.867964,-2851.12702726468,310395,sell,baseline_100
0,297350.8859498148,1707.098512,1.0,312072,1631.57625,13154.853549927822,312729,buy_cover,baseline_100
0,310446.26932255266,1631.57625,1.0,312729,1422.985346,-39797.68306126399,313231,sell,baseline_100
0,270648.58626128867,1422.985346,1.0,313231,1356.501246,12645.135390775773,315107,buy_cover,baseline_100
0,283239.59193481214,1356.501246,1.0,315107,1303.549238,-11165.324850039906,315789,sell,baseline_100
0,272074.26708477223,1303.549238,1.0,315789,1386.92733,-17402.501966663112,316243,buy_cover,baseline_100
0,254617.35026469216,1307.948358,1.0,317554,1316.0931659999999,-1585.5335684196907,318102,buy_cover,baseline_100
0,252980.89322621952,1316.0931659999999,1.0,318102,1324.864974,1584.2700758004503,318664,sell,baseline_100
0,254565.16330201997,1324.864974,1.0,318664,1331.0761619999998,-1193.4337194536347,319955,buy_cover,baseline_100
0,253320.81654990593,1331.0761619999998,1.0,319955,1278.314286,-10138.56185757072,320900,sell,baseline_100
0,243182.2546923352,1294.848918,1.0,321908,1305.068934,1821.3641402574722,322432,sell,baseline_100
0,245003.61883259268,1305.068934,1.0,322432,1309.0417559999999,-745.8172613118368,322997,buy_cover,baseline_100
0,244208.80084751433,1309.0417559999999,1.0,322997,1488.7022,33405.54589574665,325224,sell,baseline_100
0,277614.346743261,1488.7022,1.0,325224,1612.792494,-23140.442726971058,326789,buy_cover,baseline_100
0,254418.38114694128,1612.792494,1.0,326789,1618.366262,777.154318366549,327744,sell,baseline_100
0,255195.53546530782,1618.366262,1.0,327744,1325.36502,46202.53407956901,329053,buy_cover,baseline_100
0,301347.0304377838,1241.9215660000002,1.0,329822,1217.463444,5934.671972629847,331730,buy_cover,baseline_100
0,307221.43300432607,1217.463444,1.0,331730,1100.37988,-29656.570866496942,332258,sell,baseline_100
0,277564.8621378291,1100.37988,1.0,332258,1173.78471,-18515.958767934877,332748,buy_cover,baseline_100
0,258993.39039746666,1193.541244,1.0,334054,1230.2560019999999,-7966.9361697529675,334641,buy_cover,baseline_100
0,250974.6555496342,1230.2560019999999,1.0,334641,1266.39667,7269.439055136987,335631,sell,baseline_100
0,258244.09460477118,1266.39667,1.0,335631,1288.167582,-4439.522216757934,336080,buy_cover,baseline_100
0,253752.9235690923,1288.167582,1.0,336080,1229.414068,-11670.57038575114,336736,sell,baseline_100
0,242082.35318334115,1279.2858059999999,1.0,338497,1294.301088,2743.4185040315497,338974,sell,baseline_100
0,244825.7716873727,1294.301088,1.0,338974,1200.1599840000001,17807.43321719661,340449,buy_cover,baseline_100
0,262584.23975023185,1200.1599840000001,1.0,340449,1199.290094,-295.2712000756874,341144,sell,baseline_100
0,262288.96855015616,1199.290094,1.0,341144,1230.0859679999999,-6735.155373960268,342408,buy_cover,baseline_100
0,255501.35538248584,1209.748002,1.0,344605,1258.931736,-10387.698770856136,345478,buy_cover,baseline_100
0,245062.55634055322,1258.931736,1.0,345478,1511.387662,49025.1805000442,355572,sell,baseline_100
0,294087.7368405974,1511.387662,1.0,355572,1537.567452,-5094.084925031464,355860,buy_cover,baseline_100
0,288934.83436819783,1548.099558,1.0,356059,1564.277082,2902.577303465514,362196,sell,baseline_100
0,291837.41167166334,1532.313476,1.0,363060,1578.505638,-8797.535740603402,364212,buy_cover,baseline_100
0,282981.5084487256,1576.855308,1.0,364213,1839.3320600000002,46971.89962416631,381204,sell,baseline_100
0,329953.40807289194,1853.100546,1.0,384948,1826.914544,-4792.646131925867,385812,sell,baseline_100
0,325160.76194096607,1910.2219679999998,1.0,386388,1839.392048,-12182.001081157709,389844,sell,baseline_100
0,312978.76085980836,1721.8555600000002,1.0,392436,1735.1169539999999,-2410.4884495674632,392724,buy_cover,baseline_100
0,310505.67665806896,1889.1477539999998,1.0,393300,1830.393848,-9777.285888807732,405972,sell,baseline_100
0,300728.3907692612,1687.652402,1.0,409716,1641.9183179999998,8149.520137668995,415082,buy_cover,baseline_100
0,308817.7652287764,1641.9183179999998,1.0,415082,1618.866162,-4457.51111620228,415885,sell,baseline_100
0,304360.2541125741,1623.294594,1.0,417501,1614.2970759999998,-1808.0503501347266,417955,sell,baseline_100
0,302552.20376243937,1614.2970759999998,1.0,417955,1648.6596659999998,-6440.238004408369,418770,buy_cover,baseline_100
0,296051.4553172785,1594.838904,1.0,420483,1652.8293680000002,10642.110482847143,422900,sell,baseline_100
0,306693.56580012565,1652.8293680000002,1.0,422900,1653.1205579999998,-54.019986028957646,424061,buy_cover,baseline_100
0,306578.2071009367,1653.1205579999998,1.0,424061,1626.07472,-5136.378088480211,424516,sell,baseline_100
0,301441.82901245647,1626.07472,1.0,424516,1555.921122,13005.089737643139,426094,buy_cover,baseline_100
0,314386.6303842971,1555.921122,1.0,426094,1572.455446,3213.8175412995042,427152,sell,baseline_100
0,317600.4479255966,1572.455446,1.0,427152,1577.495436,-1017.9512844590354,427888,buy_cover,baseline_100
0,316518.9765515525,1577.495436,1.0,427888,2233.033304,131352.1926257087,455796,sell,baseline_100
0,447871.1691772612,2311.052118,1.0,457236,2298.5402,-2602.9123589087976,459252,sell,baseline_100
0,445268.2568183524,2377.7754600000003,1.0,459540,3321.8055059999997,176532.66314368148,476244,sell,baseline_100
0,621800.9199620339,3359.401746,1.0,476820,3139.372,-40958.318344077445,479124,sell,baseline_100
0,580842.6016179564,3048.8901,1.0,502452,3098.409558,-9433.904760260251,504180,buy_cover,baseline_100
0,571292.5283373726,3487.957452,1.0,505620,3271.3156059999997,-35698.06861718162,508788,sell,baseline_100
0,535594.459720191,2991.741532,1.0,510804,2738.0174939999997,45422.79012267146,514048,buy_cover,baseline_100
0,580910.1309509184,2738.0174939999997,1.0,514048,2544.34103,-41307.177395039704,514489,sell,baseline_100
0,539602.9535558787,2544.34103,1.0,514489,2635.807056,-19398.060364591773,515159,buy_cover,baseline_100
0,520096.97260057577,2552.629372,1.0,516152,2653.100514,-20470.923889823956,516626,buy_cover,baseline_100
0,499522.0293162317,2653.100514,1.0,516626,2733.4631980000004,14924.732541245816,517456,sell,baseline_100
0,514446.76185747754,2733.4631980000004,1.0,517456,2556.081114,33383.91070741514,518370,buy_cover,baseline_100
0,547727.7832125211,2556.081114,1.0,518370,2484.223056,-15610.95669601846,519181,sell,baseline_100
0,532116.8265165027,2484.223056,1.0,519181,2542.038306,-12383.91744795232,519690,buy_cover,baseline_100
0,519626.485703247,2316.0331140000003,1.0,521440,2314.3170440000004,-592.6942429088522,522161,sell,baseline_100
0,519033.79146033817,2314.3170440000004,1.0,522161,2383.196544,-15447.640872367192,522796,buy_cover,baseline_100
0,503482.3438296789,2345.1289319999996,1.0,523935,2549.4100160000003,43638.76789338485,525467,sell,baseline_100
0,547121.1117230637,2549.4100160000003,1.0,525467,2637.987492,-19009.319452990196,526527,buy_cover,baseline_100
0,528002.3680477289,2637.987492,1.0,526527,2644.1310679999997,1017.9864546706667,527308,sell,baseline_100
0,529020.3545023996,2644.1310679999997,1.0,527308,2396.22915,49598.604560681444,528850,buy_cover,baseline_100
0,578513.1549921806,2396.22915,1.0,528850,2412.987306,3812.8622120580403,529800,sell,baseline_100
0,582326.0172042387,2412.987306,1.0,529800,2419.7038439999997,-1620.878174930811,530796,buy_cover,baseline_100
0,580588.673825867,2419.7038439999997,1.0,530796,2442.21146,5166.151034196257,531435,sell,baseline_100
0,585754.8248600633,2442.21146,1.0,531435,2658.08151,-51775.55798174837,531995,buy_cover,baseline_100
0,533862.1159133429,2658.08151,1.0,531995,2587.992298,-14284.95402815839,532573,sell,baseline_100
0,519577.1618851845,2644.710952,1.0,533849,2513.472594,25782.971014758456,535544,buy_cover,baseline_100
0,545256.217467566,2513.472594,1.0,535544,2609.557984,20617.715211163973,536601,sell,baseline_100
0,565873.93267873,2609.557984,1.0,536601,2485.7370479999995,26850.177959806402,538173,buy_cover,baseline_100
0,592610.9358520006,2485.7370479999995,1.0,538173,3423.8650900000002,223327.4877437218,551988,sell,baseline_100
0,815938.4235957224,3488.8776359999997,1.0,552276,3399.0700500000003,-21321.103722944506,553428,sell,baseline_100
0,794617.3198727779,3455.500962,1.0,554868,3221.045662,-54210.9353360011,556884,sell,baseline_100
0,740406.3845367768,3447.199302,1.0,558612,3269.8059080000003,-38382.31768156483,560052,sell,baseline_100
0,702024.066855212,3085.752726,1.0,562356,3258.45156,-39289.81258408725,562932,buy_cover,baseline_100
0,662593.8494577537,3119.955884,1.0,563508,2670.594012,95432.27353813092,566964,buy_cover,baseline_100
0,757893.604225993,2670.594012,1.0,566964,2634.862922,-10439.274139970425,568315,sell,baseline_100
0,747454.3300860226,2634.862922,1.0,568315,2760.552,-35655.27537533059,568861,buy_cover,baseline_100
0,711649.5638446748,2737.1024700000003,1.0,569885,2263.9927079999998,123009.06667361094,571759,buy_cover,baseline_100
0,834516.3006055169,2263.9927079999998,1.0,571759,2162.987316,-37549.85289484635,573015,sell,baseline_100
0,796966.4477106705,2162.987316,1.0,573015,1933.006524,84737.91552441102,575212,buy_cover,baseline_100
0,881544.9699455394,1933.006524,1.0,575212,1898.630198,-16023.58869313635,575736,sell,baseline_100
0,865521.381252403,1898.630198,1.0,575736,1980.706062,-37415.57817728666,576594,buy_cover,baseline_100
0,827932.6987988659,2034.403038,1.0,578650,1860.251976,70873.57700204442,580291,buy_cover,baseline_100
0,898640.6892611505,1860.251976,1.0,580291,1845.6308000000001,-7419.715763164102,580765,sell,baseline_100
0,891220.9734979864,1845.6308000000001,1.0,580765,1596.499236,120301.05474534782,582726,buy_cover,baseline_100
0,1011343.7840486347,1596.499236,1.0,582726,1575.8847600000001,-13458.047728204867,583835,sell,baseline_100
0,997885.7363204298,1575.8847600000001,1.0,583835,1598.859708,-14548.214225215022,585438,buy_cover,baseline_100
0,983137.9449479508,1797.7894860000001,1.0,587270,1779.8539580000001,-10197.503697509179,587989,sell,baseline_100
0,972940.4412504416,1779.8539580000001,1.0,587989,1831.326192,-28136.772999918903,588975,buy_cover,baseline_100
0,944609.0801622726,1839.897906,1.0,590584,2404.3390360000003,289292.0533968997,599220,sell,baseline_100
0,1233901.1335591723,2404.3390360000003,1.0,599220,2474.4847979999995,-35998.58914214582,599508,buy_cover,baseline_100
0,1197655.7641903146,2537.7074399999997,1.0,599778,2310.547798,-107642.76290987968,603796,sell,baseline_100
0,1090013.001280435,2310.547798,1.0,603796,2309.571822,460.46536167361774,604284,buy_cover,baseline_100
0,1090255.4640418524,2309.571822,1.0,604284,2393.481208,39158.32696935907,605281,sell,baseline_100
0,1129413.7910112115,2393.481208,1.0,605281,2454.9909,-29024.578628581483,605958,buy_cover,baseline_100
0,1100163.3296244277,2454.9909,1.0,605958,2402.759352,-23837.35887314356,606708,sell,baseline_100
0,1076325.9707512842,2535.617022,1.0,608021,4157.91825,687933.1530731546,631188,sell,baseline_100
0,1764259.1238244388,4209.771786,1.0,632628,4134.812872,-32107.348223629175,636372,sell,baseline_100
0,1732151.7756008096,4153.360506,1.0,640404,3899.2200000000003,-106639.25615344523,641268,sell,baseline_100
0,1625512.5194473644,3602.5093540000003,1.0,642708,2955.54099,291923.008158589,649044,buy_cover,baseline_100
0,1917110.425102064,2955.54099,1.0,649044,2988.7621280000003,20773.49107296276,650032,sell,baseline_100
0,1937883.9161750267,2988.7621280000003,1.0,650032,2859.97188,83506.40203613206,650941,buy_cover,baseline_100
0,2021002.7414279238,2859.97188,1.0,650941,3064.856906,143916.03504271363,651829,sell,baseline_100
0,2164918.7764706374,3064.856906,1.0,651829,3079.935864,-10651.215894440655,652419,buy_cover,baseline_100
0,2153834.5768209025,3079.935864,1.0,652419,3282.453378,140704.73586541507,653371,sell,baseline_100
0,2294539.3126863176,3282.453378,1.0,653371,3127.77543,108124.89278371586,654541,buy_cover,baseline_100
0,2402205.2976074964,3127.77543,1.0,654541,2862.9073040000003,-204304.39176057372,655288,sell,baseline_100
0,2197900.9058469227,2966.84325,1.0,657584,3175.724728,153802.9006437799,661320,sell,baseline_100
0,2351703.8064907026,3175.724728,1.0,661320,3107.1213,50802.65100579942,662399,buy_cover,baseline_100
0,2402036.1167352037,3107.1213,1.0,662399,3287.4323820000004,138377.4217465222,663918,sell,baseline_100
0,2540413.538481726,3287.4323820000004,1.0,663918,3341.928252,-42112.411833068356,664479,buy_cover,baseline_100
0,2497793.0439409614,3341.928252,1.0,664479,3166.056662,-132394.75720662205,664944,sell,baseline_100
0,2365398.2867343393,2966.133108,1.0,667093,2940.531776,-21354.159727001563,667528,sell,baseline_100
0,2344044.1270073378,2940.531776,1.0,667528,2093.158548,675483.411179737,670116,buy_cover,baseline_100
0,3019058.729361673,2093.158548,1.0,670116,2055.38884,-55662.69902890781,670665,sell,baseline_100
0,2963396.030332765,2055.38884,1.0,670665,2012.20236,62265.046605071984,671977,buy_cover,baseline_100
0,3025068.3977317703,2012.20236,1.0,671977,2026.074704,19636.90608833218,672526,sell,baseline_100
0,3044705.3038201025,2026.074704,1.0,672526,2022.214362,5801.291542027611,673329,buy_cover,baseline_100
0,3049897.654301366,2022.214362,1.0,673329,1951.90954,-107210.95022560377,674551,sell,baseline_100
0,2942686.704075762,1951.90954,1.0,674551,1904.340792,71714.46399317449,675266,buy_cover,baseline_100
0,3013812.6307281214,1904.340792,1.0,675266,1969.376046,101678.32145045651,675963,sell,baseline_100
0,3115490.952178578,1969.376046,1.0,675963,1989.307782,-31531.253458942287,676425,buy_cover,baseline_100
0,3083336.6005292,1989.307782,1.0,676425,2051.559606,95215.6939213723,677958,sell,baseline_100
0,3178552.294450572,2051.559606,1.0,677958,1982.0363280000001,107714.94338189298,678745,buy_cover,baseline_100
0,3285631.527373575,1982.0363280000001,1.0,678745,2066.33665,138375.05150027527,680265,sell,baseline_100
0,3424006.5788738504,2066.33665,1.0,680265,2147.389392,-134307.6539521031,680700,buy_cover,baseline_100
0,3289014.1236059726,2147.389392,1.0,680700,2292.011506,220104.04612457938,681437,sell,baseline_100
0,3509118.169730552,2292.011506,1.0,681437,2157.371388,206137.00499778846,682873,buy_cover,baseline_100
0,3714553.3510943945,2140.17188,1.0,683665,2039.05773,175497.21646333812,684789,buy_cover,baseline_100
0,3889307.6568875136,2039.05773,1.0,684789,2081.13369,78668.204007864,685646,sell,baseline_100
0,3967975.8608953776,2081.13369,1.0,685646,2086.727262,-10664.777364131529,686759,buy_cover,baseline_100
0,3956517.488359067,2086.727262,1.0,686759,2089.562004,3790.1846076501533,687192,sell,baseline_100
0,3960307.6729667173,2089.562004,1.0,687192,2265.623034,-333684.99608152965,688412,buy_cover,baseline_100
0,3625830.6153505943,2265.623034,1.0,688412,2298.450218,51064.37563137896,689818,sell,baseline_100
0,3676894.9909819732,2298.450218,1.0,689818,2345.71905,-75617.12028860021,691407,buy_cover,baseline_100
0,3600542.491695177,2345.71905,1.0,691407,2294.710966,-79703.20448626671,691879,sell,baseline_100
0,3520839.28720891,2263.2472599999996,1.0,693265,2287.00731,-36962.37565251347,694011,buy_cover,baseline_100
0,3483172.743698955,2287.00731,1.0,694011,2335.7927480000003,72878.66758759832,695708,sell,baseline_100
0,3556051.4112865534,2335.7927480000003,1.0,695708,2321.8942859999997,21159.40111688059,696325,buy_cover,baseline_100
0,3576499.6021211767,2321.8942859999997,1.0,696325,2308.8981280000003,-21440.91279254062,697026,sell,baseline_100
0,3555058.689328636,2308.8981280000003,1.0,697026,2320.053918,-17176.660060382914,697536,buy_cover,baseline_100
0,3537171.0175303873,2144.9289,1.0,699627,2095.43083,-83008.62608184712,700245,sell,baseline_100
0,3454162.39144854,2095.43083,1.0,700245,2041.50822,88887.55997676263,702222,buy_cover,baseline_100
0,3542359.1189470133,2041.50822,1.0,702222,2006.018716,-62972.413285859395,702783,sell,baseline_100
0,3479386.705661154,2006.018716,1.0,702783,1609.741884,687331.8549132114,704704,buy_cover,baseline_100
0,4166022.683233233,1609.741884,1.0,704704,1648.6702,99040.20316329226,705375,sell,baseline_100
0,4265062.886396525,1648.6702,1.0,705375,1667.1233579999998,-47737.622058779,705922,buy_cover,baseline_100
0,4216472.251760467,1667.1233579999998,1.0,705922,1676.504632,22031.117243972607,706102,sell_final,baseline_100
0,5000.0,173.114616,0.5,1982,172.275538,-26.2248603023354,2899,sell,V0_constant_50
0,4986.887569848832,172.275538,0.5,2899,176.065206,-109.69992223944337,4027,buy_cover,V0_constant_50
0,4931.538919972125,176.065206,0.5,4027,185.71285,268.147406972369,5104,sell,V0_constant_50
0,5065.61262345831,185.71285,0.5,5104,185.347062,9.977650260421797,6094,buy_cover,V0_constant_50
0,5070.094887326175,185.347062,0.5,6094,176.86462,-233.9688454822599,6611,sell,V0_constant_50
0,4953.110464585045,176.86462,0.5,6611,175.555104,36.6733164885909,7835,buy_cover,V0_constant_50
0,4970.951811782881,175.555104,0.5,7835,171.305732,-122.26366483642323,8379,sell,V0_constant_50
0,4909.819979364669,171.305732,0.5,8379,164.08281,207.0174684503554,9191,buy_cover,V0_constant_50
0,5012.83773159191,164.08281,0.5,9191,182.553482,562.0605457747606,10628,sell,V0_constant_50
0,5293.86800447929,182.553482,0.5,10628,184.24684200000002,-49.10552902478503,11330,buy_cover,V0_constant_50
0,5268.78585316645,184.24684200000002,0.5,11330,181.153762,-90.52270279718778,11781,sell,V0_constant_50
0,5223.524501767855,181.153762,0.5,11781,188.767746,-219.54715209696042,12405,buy_cover,V0_constant_50
0,5113.228573269198,188.767746,0.5,12405,188.04238400000003,-21.685403398087146,12871,sell,V0_constant_50
0,5102.385871570154,188.04238400000003,0.5,12871,187.177428,23.470120842483084,13737,buy_cover,V0_constant_50
0,5113.610693404239,187.177428,0.5,13737,184.603072,-72.34746225867275,14236,sell,V0_constant_50
0,5077.436962274903,184.603072,0.5,14236,184.51689599999997,2.370440956569837,14247,buy_cover,V0_constant_50
0,5078.114439056961,182.253542,0.5,15687,144.60891600000002,1048.8890702443737,30375,buy_cover,V0_constant_50
0,5602.051162735242,143.62127,0.5,30663,143.75874599999997,-5.3621261801527,31527,buy_cover,V0_constant_50
0,5598.809894528892,201.029786,0.5,48807,142.47849,1630.6917189410387,55344,buy_cover,V0_constant_50
0,6413.595873009959,169.23384,0.5,57447,163.63726599999998,-214.57838010895648,57493,sell,V0_constant_50
0,6306.306682955481,163.63726599999998,0.5,57493,160.362066,126.22098012631432,58193,buy_cover,V0_constant_50
0,6368.786542350343,160.362066,0.5,58193,153.38931599999998,-279.35957629538916,59163,sell,V0_constant_50
0,6229.1067542026485,153.38931599999998,0.5,59163,179.475888,-1059.3697224662974,59905,buy_cover,V0_constant_50
0,5698.79898229408,175.075008,0.5,60992,390.4219,7004.590647208059,95701,sell,V0_constant_50
0,9201.09430589811,370.494084,0.5,101495,317.596468,-1316.8489095364284,105239,sell,V0_constant_50
0,8542.669851129896,365.333052,0.5,109847,934.813,13307.542681634939,136783,sell,V0_constant_50
0,15196.441191947366,1576.9353239999998,0.5,150989,3432.533356,17868.598103113705,172818,sell,V0_constant_50
0,24130.740243504217,2871.4441739999997,0.5,175757,2256.79855,-5172.879604818176,176621,sell,V0_constant_50
0,21544.30044109513,2843.838654,0.5,178061,2703.819128,-1068.949941328443,178925,sell,V0_constant_50
0,21009.825470430907,1804.359056,0.5,184304,1985.537028,-2109.62218939597,184880,buy_cover,V0_constant_50
0,19952.91339318588,1942.36145,0.5,189488,2023.494618,-833.4398623048655,192080,buy_cover,V0_constant_50
0,19534.19817069413,2182.9765079999997,0.5,192656,3060.8077160000003,7844.250699244869,209936,sell,V0_constant_50
0,23456.323520316564,3305.06088,0.5,212528,4179.51393,6194.210605043045,231248,sell,V0_constant_50
0,26553.428822838086,4354.9308120000005,0.5,231536,4078.8540660000003,-1693.2767097879223,232976,sell,V0_constant_50
0,25706.790467944127,3406.5785480000004,0.5,240464,2465.162934,7104.129884635808,246224,buy_cover,V0_constant_50
0,29256.284731215237,2465.162934,0.5,246224,2337.842338,-1522.1239349121497,246475,sell,V0_constant_50
0,28495.222763759164,2337.842338,0.5,246475,2591.588214,-3092.827172543857,246962,buy_cover,V0_constant_50
0,26945.959655210856,2752.75044,0.5,248591,2959.8379139999997,2015.537463876968,249284,sell,V0_constant_50
0,27953.728387149342,2959.8379139999997,0.5,249284,3195.0088739999997,-2221.0343129920257,249750,buy_cover,V0_constant_50
0,26840.415857814616,3195.0088739999997,0.5,249750,3076.8845,-1002.6695035464909,250537,sell,V0_constant_50
0,26339.08110604137,2959.0816979999995,0.5,251580,3050.369804,801.704957400616,252179,sell,V0_constant_50
0,26739.933584741677,3050.369804,0.5,252179,2666.013096,3369.3212156943046,254066,buy_cover,V0_constant_50
0,28421.920199230353,2666.013096,0.5,254066,2650.31983,-178.6040034945254,255380,sell,V0_constant_50
0,28332.61819748309,2650.31983,0.5,255380,2995.9490699999997,-3694.8664793724165,255884,buy_cover,V0_constant_50
0,26482.351695977133,2632.596414,0.5,258056,2534.323034,-998.7681539393343,258628,sell,V0_constant_50
0,25982.967619007468,2534.323034,0.5,258628,2606.341164,-738.3597141517166,259955,buy_cover,V0_constant_50
0,25611.189465169708,2885.982688,0.5,261337,2964.072696,-692.9961714612764,261799,buy_cover,V0_constant_50
0,25262.13026049255,2964.072696,0.5,261799,3176.894494,1803.0033985848713,266378,sell,V0_constant_50
0,26163.631959784987,3176.894494,0.5,266378,3228.6756060000002,-426.44745692369906,266666,buy_cover,V0_constant_50
0,25947.79186812716,3272.1543,0.5,266698,2984.2630280000003,-2292.4083144480865,267818,sell,V0_constant_50
0,24801.587710903113,2984.2630280000003,0.5,267818,3096.8892539999997,-936.0120485921761,268277,buy_cover,V0_constant_50
0,24331.101527835934,3012.587362,0.5,269538,3118.02348,-851.5516892621927,270002,buy_cover,V0_constant_50
0,23902.892573052057,3118.02348,0.5,270002,3025.524774,-718.3753655930086,270647,sell,V0_constant_50
0,23543.704890255554,2971.384158,0.5,271787,2837.23244,-1071.9399455259554,272853,sell,V0_constant_50
0,23007.734917492577,2837.23244,0.5,272853,2835.677022,12.614142650265421,273570,buy_cover,V0_constant_50
0,23011.74121532596,2835.677022,0.5,273570,2762.4773940000005,-602.9869080693497,274101,sell,V0_constant_50
0,22710.247761291284,2762.4773940000005,0.5,274101,2089.877892,5529.42198411595,277466,buy_cover,V0_constant_50
0,25472.68772857313,2089.877892,0.5,277466,2001.989522,-1080.9958774916995,278340,sell,V0_constant_50
0,24932.18978982728,2001.989522,0.5,278340,2050.10994,-599.2765379681186,278781,buy_cover,V0_constant_50
0,24630.058301864236,1989.082104,0.5,279862,1836.297186,1891.879294244467,281661,buy_cover,V0_constant_50
0,25573.53494315628,1836.297186,0.5,281661,1916.876548,1111.5262727978807,282267,sell,V0_constant_50
0,26129.29807955522,1916.876548,0.5,282267,1796.319192,1643.3405538588922,283346,buy_cover,V0_constant_50
0,26948.355426676713,1796.319192,0.5,283346,1780.423844,-249.1446777228557,283952,sell,V0_constant_50
0,26823.783087815285,1780.423844,0.5,283952,1248.729696,8010.480135335089,286538,buy_cover,V0_constant_50
0,30826.340777174046,1141.5282599999998,0.5,288796,1192.91137,1374.68825608513,289870,sell,V0_constant_50
0,31513.68490521661,1192.91137,0.5,289870,1092.208398,2660.3175937599663,291864,buy_cover,V0_constant_50
0,32840.69233360607,1092.208398,0.5,291864,1188.502252,2881.085610698967,293479,sell,V0_constant_50
0,34281.235138955555,1188.502252,0.5,293479,1099.829922,2557.671639304721,294463,buy_cover,V0_constant_50
0,35556.64283509402,1099.829922,0.5,294463,1481.893562,12332.657768298915,296666,sell,V0_constant_50
0,41722.97171924348,1481.893562,0.5,296666,1606.881312,-3519.050092713289,297550,buy_cover,V0_constant_50
0,39959.274375714915,1606.881312,0.5,297550,1479.1741060000002,-3190.4830626478943,297999,sell,V0_constant_50
0,38364.03284439097,1670.405852,0.5,299769,1681.2261780000001,-248.5077273941206,300509,buy_cover,V0_constant_50
0,38235.94257740947,1681.2261780000001,0.5,300509,1711.05772,662.8912852749636,302229,sell,V0_constant_50
0,38567.38822004695,1711.05772,0.5,302229,1891.82829,-4074.5824947589354,302683,buy_cover,V0_constant_50
0,36526.240233845485,1891.82829,0.5,302683,1958.368248,1269.5891235953823,303731,sell,V0_constant_50
0,37161.03479564318,1958.368248,0.5,303731,1919.6938619999999,733.8676261863875,304463,buy_cover,V0_constant_50
0,37524.25250525681,1919.6938619999999,0.5,304463,1821.865554,-1926.4931390502534,304974,sell,V0_constant_50
0,36561.00593573168,1821.865554,0.5,304974,1643.248584,3584.46784901739,305802,buy_cover,V0_constant_50
0,38349.583759646805,1643.248584,0.5,305802,1653.579218,225.65814092720393,307070,sell,V0_constant_50
0,38462.41283011041,1653.579218,0.5,307070,1510.4720340000001,3328.6883712023846,308019,buy_cover,V0_constant_50
0,40122.91077442859,1510.4720340000001,0.5,308019,1519.925954,234.9779927195268,308891,sell,V0_constant_50
0,40240.39977078835,1519.925954,0.5,308891,1574.194776,-1436.7782540811022,309722,buy_cover,V0_constant_50
0,39517.986603770725,1574.194776,0.5,309722,1559.867964,-375.31660281604854,310395,sell,V0_constant_50
0,39330.3283023627,1707.098512,0.5,312072,1631.57625,1739.9803845732822,312729,buy_cover,V0_constant_50
0,40196.3854618191,1631.57625,0.5,312729,1422.985346,-5152.9786855185885,313231,sell,V0_constant_50
0,37619.896119059806,1422.985346,0.5,313231,1356.501246,1757.661794520427,315107,buy_cover,V0_constant_50
0,38494.965026708116,1356.501246,0.5,315107,1303.549238,-1517.4742580233724,315789,sell,V0_constant_50
0,37736.22789769643,1303.549238,0.5,315789,1386.92733,-2413.6967719901804,316243,buy_cover,V0_constant_50
0,36525.60588891157,1307.948358,0.5,317554,1316.0931659999999,-227.4494420098781,318102,buy_cover,V0_constant_50
0,36408.22860731774,1316.0931659999999,0.5,318102,1324.864974,228.0032549489697,318664,sell,V0_constant_50
0,36522.23023479222,1324.864974,0.5,318664,1331.0761619999998,-171.2208399078445,319955,buy_cover,V0_constant_50
0,36432.96759181483,1331.0761619999998,0.5,319955,1278.314286,-1458.1426848974152,320900,sell,V0_constant_50
0,35703.896249366124,1294.848918,0.5,321908,1305.068934,267.4117664479345,322432,sell,V0_constant_50
0,35837.602132590095,1305.068934,0.5,322432,1309.0417559999999,-109.09349993223441,322997,buy_cover,V0_constant_50
0,35779.47162241072,1309.0417559999999,0.5,322997,1488.7022,4894.306745948597,325224,sell,V0_constant_50
0,38226.62499538502,1488.7022,0.5,325224,1612.792494,-3186.366399028986,326789,buy_cover,V0_constant_50
0,36629.61913337099,1612.792494,0.5,326789,1618.366262,111.88997650754754,327744,sell,V0_constant_50
0,36685.56412162476,1618.366262,0.5,327744,1325.36502,6641.832598940589,329053,buy_cover,V0_constant_50
0,40002.81186468289,1241.9215660000002,0.5,329822,1217.463444,787.8078840028102,331730,buy_cover,V0_constant_50
0,40392.71552549783,1217.463444,0.5,331730,1100.37988,-3899.1727196823194,332258,sell,V0_constant_50
0,38443.12916565667,1100.37988,0.5,332258,1173.78471,-2564.486689919104,332748,buy_cover,V0_constant_50
0,37157.04150778055,1193.541244,0.5,334054,1230.2560019999999,-1142.9935624806749,334641,buy_cover,V0_constant_50
0,36581.82902238943,1230.2560019999999,0.5,334641,1266.39667,1059.5865786579743,335631,sell,V0_constant_50
0,37111.62231171841,1266.39667,0.5,335631,1288.167582,-637.9927951690697,336080,buy_cover,V0_constant_50
0,36788.9147519027,1288.167582,0.5,336080,1229.414068,-1691.9908270951346,336736,sell,V0_constant_50
0,35942.91933835513,1279.2858059999999,0.5,338497,1294.301088,407.3261380067488,338974,sell,V0_constant_50
0,36146.58240735851,1294.301088,0.5,338974,1200.1599840000001,2629.126206006069,340449,buy_cover,V0_constant_50
0,37457.530852120806,1200.1599840000001,0.5,340449,1199.290094,-42.12031193150324,341144,sell,V0_constant_50
0,37436.470696155055,1199.290094,0.5,341144,1230.0859679999999,-961.3078589811048,342408,buy_cover,V0_constant_50
0,36952.07311959489,1209.748002,0.5,344605,1258.931736,-1502.3286430335502,345478,buy_cover,V0_constant_50
0,36197.21359076616,1258.931736,0.5,345478,1511.387662,7241.3140399135955,355572,sell,V0_constant_50
0,39817.87061072295,1511.387662,0.5,355572,1537.567452,-689.7112290502628,355860,buy_cover,V0_constant_50
0,39469.033209136745,1548.099558,0.5,356059,1564.277082,396.49743248533196,362196,sell,V0_constant_50
0,39667.281925379415,1532.313476,0.5,363060,1578.505638,-1195.783393472986,364212,buy_cover,V0_constant_50
0,39065.423500450386,1576.855308,0.5,364213,1839.3320600000002,6484.4419039881905,381204,sell,V0_constant_50
0,42307.64445244448,1853.100546,0.5,384948,1826.914544,-614.5278805276321,385812,sell,V0_constant_50
0,42000.380512180665,1910.2219679999998,0.5,386388,1839.392048,-1573.525285628748,389844,sell,V0_constant_50
0,41213.617869366295,1721.8555600000002,0.5,392436,1735.1169539999999,-317.4175447754751,392724,buy_cover,V0_constant_50
0,41050.787735191625,1889.1477539999998,0.5,393300,1830.393848,-1292.618196123076,405972,sell,V0_constant_50
0,40404.47863713009,1687.652402,0.5,409716,1641.9183179999998,1094.9319133555036,415082,buy_cover,V0_constant_50
0,40947.90414594412,1641.9183179999998,0.5,415082,1618.866162,-591.046754646748,415885,sell,V0_constant_50
0,40652.380768620744,1623.294594,0.5,417501,1614.2970759999998,-241.49523562735703,417955,sell,V0_constant_50
0,40531.633150807065,1614.2970759999998,0.5,417955,1648.6596659999998,-862.7713199654245,418770,buy_cover,V0_constant_50
0,40096.19432750927,1594.838904,0.5,420483,1652.8293680000002,1441.330965651774,422900,sell,V0_constant_50
0,40816.859810335154,1652.8293680000002,0.5,422900,1653.1205579999998,-7.189346118007961,424061,buy_cover,V0_constant_50
0,40809.18345129512,1653.1205579999998,0.5,424061,1626.07472,-683.7126411238569,424516,sell,V0_constant_50
0,40467.32713073319,1626.07472,0.5,424516,1555.921122,1745.8798684372305,426094,buy_cover,V0_constant_50
0,41336.22033223873,1555.921122,0.5,426094,1572.455446,422.55954024630046,427152,sell,V0_constant_50
0,41547.50010236188,1572.455446,0.5,427152,1577.495436,-133.16521236509288,427888,buy_cover,V0_constant_50
0,41476.7627461691,1577.495436,0.5,427888,2233.033304,17212.439484930153,455796,sell,V0_constant_50
0,50082.98248863418,2311.052118,0.5,457236,2298.5402,-291.06944823029335,459252,sell,V0_constant_50
0,49937.447764519035,2377.7754600000003,0.5,459540,3321.8055059999997,19798.381109537208,476244,sell,V0_constant_50
0,59836.63831928764,3359.401746,0.5,476820,3139.372,-3941.4674411714514,479124,sell,V0_constant_50
0,57865.90459870191,3048.8901,0.5,502452,3098.409558,-939.8439978917304,504180,buy_cover,V0_constant_50
0,57390.196009296174,3487.957452,0.5,505620,3271.3156059999997,-3586.112286564865,508788,sell,V0_constant_50
0,55597.13986601374,2991.741532,0.5,510804,2738.0174939999997,4715.092118156099,514048,buy_cover,V0_constant_50
0,57949.12621110519,2738.0174939999997,0.5,514048,2544.34103,-4120.628490970332,514489,sell,V0_constant_50
0,55888.81196562003,2544.34103,0.5,514489,2635.807056,-2009.1338289944324,515159,buy_cover,V0_constant_50
0,54878.65616992625,2552.629372,0.5,516152,2653.100514,-2160.014098934458,516626,buy_cover,V0_constant_50
0,53793.16125484204,2653.100514,0.5,516626,2733.4631980000004,1607.2335095523376,517456,sell,V0_constant_50
0,54596.77800961821,2733.4631980000004,0.5,517456,2556.081114,3542.939905782914,518370,buy_cover,V0_constant_50
0,56362.7882847087,2556.081114,0.5,518370,2484.223056,-1606.4130287837615,519181,sell,V0_constant_50
0,55559.58177031682,2484.223056,0.5,519181,2542.038306,-1293.0342357159534,519690,buy_cover,V0_constant_50
0,54907.508694281816,2316.0331140000003,0.5,521440,2314.3170440000004,-62.62837863533059,522161,sell,V0_constant_50
0,54876.19450496415,2314.3170440000004,0.5,522161,2383.196544,-1633.2419181606165,522796,buy_cover,V0_constant_50
0,54054.08592643334,2345.1289319999996,0.5,523935,2549.4100160000003,4685.077318680866,525467,sell,V0_constant_50
0,56396.624585773774,2549.4100160000003,0.5,525467,2637.987492,-1959.4591212996093,526527,buy_cover,V0_constant_50
0,55411.2553626654,2637.987492,0.5,526527,2644.1310679999997,106.83267880796484,527308,sell,V0_constant_50
0,55464.671702069376,2644.1310679999997,0.5,527308,2396.22915,5200.121877024074,528850,buy_cover,V0_constant_50
0,58059.1861734112,2396.22915,0.5,528850,2412.987306,382.6562544224871,529800,sell,V0_constant_50
0,58250.514300622446,2412.987306,0.5,529800,2419.7038439999997,-162.13767635125987,530796,buy_cover,V0_constant_50
0,58163.62041101676,2419.7038439999997,0.5,530796,2442.21146,517.5472090402764,531435,sell,V0_constant_50
0,58422.3940155369,2442.21146,0.5,531435,2658.08151,-5164.024128194957,531995,buy_cover,V0_constant_50
0,55834.53971203787,2658.08151,0.5,531995,2587.992298,-1494.0071774999524,532573,sell,V0_constant_50
0,55087.53612328789,2644.710952,0.5,533849,2513.472594,2733.6081170077523,535544,buy_cover,V0_constant_50
0,56448.83142817944,2513.472594,0.5,535544,2609.557984,2134.493643730777,536601,sell,V0_constant_50
0,57516.078250044826,2609.557984,0.5,536601,2485.7370479999995,2729.0830119234815,538173,buy_cover,V0_constant_50
0,58874.86814818156,2485.7370479999995,0.5,538173,3423.8650900000002,22187.198378093963,551988,sell,V0_constant_50
0,69968.46733722853,3488.8776359999997,0.5,552276,3399.0700500000003,-1828.3303081356862,553428,sell,V0_constant_50
0,69054.30218316069,3455.500962,0.5,554868,3221.045662,-4711.070620664752,556884,sell,V0_constant_50
0,66698.76687282832,3447.199302,0.5,558612,3269.8059080000003,-3457.632608993743,560052,sell,V0_constant_50
0,64969.95056833145,3085.752726,0.5,562356,3258.45156,-3636.1391324688448,562932,buy_cover,V0_constant_50
0,63145.38400704019,3119.955884,0.5,563508,2670.594012,9094.723055702605,566964,buy_cover,V0_constant_50
0,67686.43099649079,2670.594012,0.5,566964,2634.862922,-932.3171547940146,568315,sell,V0_constant_50
0,67220.27241909379,2634.862922,0.5,568315,2760.552,-3206.5602237285784,568861,buy_cover,V0_constant_50
0,65610.2702799876,2737.1024700000003,0.5,569885,2263.9927079999998,11340.775743250706,571759,buy_cover,V0_constant_50
0,71274.09712458495,2263.9927079999998,0.5,571759,2162.987316,-3207.0456386522565,573015,sell,V0_constant_50
0,69670.57430525882,2162.987316,0.5,573015,1933.006524,7407.763848748014,575212,buy_cover,V0_constant_50
0,73367.4891722023,1933.006524,0.5,575212,1898.630198,-1333.579692498417,575736,sell,V0_constant_50
0,72700.69932595309,1898.630198,0.5,575736,1980.706062,-3142.7746998434595,576594,buy_cover,V0_constant_50
0,71122.04190609876,2034.403038,0.5,578650,1860.251976,6088.264808102562,580291,buy_cover,V0_constant_50
0,74159.06210595944,1860.251976,0.5,580291,1845.6308000000001,-612.3016336389846,580765,sell,V0_constant_50
0,73852.91128913994,1845.6308000000001,0.5,580765,1596.499236,9969.001390560537,582726,buy_cover,V0_constant_50
0,78830.0266932913,1596.499236,0.5,582726,1575.8847600000001,-1048.9986475290789,583835,sell,V0_constant_50
0,78305.52736952675,1575.8847600000001,0.5,583835,1598.859708,-1141.6192713516211,585438,buy_cover,V0_constant_50
0,77726.887181114,1797.7894860000001,0.5,587270,1779.8539580000001,-806.2146553271887,587989,sell,V0_constant_50
0,77323.7798534504,1779.8539580000001,0.5,587989,1831.326192,-2236.150897824802,588975,buy_cover,V0_constant_50
0,76197.97202655266,1839.897906,0.5,590584,2404.3390360000003,23336.074419752695,599220,sell,V0_constant_50
0,87866.009236429,2404.3390360000003,0.5,599220,2474.4847979999995,-2563.4568929671223,599508,buy_cover,V0_constant_50
0,86575.49418902179,2537.7074399999997,0.5,599778,2310.547798,-7781.222011731283,603796,sell,V0_constant_50
0,82684.88318315614,2310.547798,0.5,603796,2309.571822,34.929422488683485,604284,buy_cover,V0_constant_50
0,82694.07940608216,2309.571822,0.5,604284,2393.481208,2970.0945389522094,605281,sell,V0_constant_50
0,84179.12667555828,2393.481208,0.5,605281,2454.9909,-2163.302503055602,605958,buy_cover,V0_constant_50
0,83089.05751136292,2454.9909,0.5,605958,2402.759352,-1800.2996727820137,606708,sell,V0_constant_50
0,82188.90767497191,2535.617022,0.5,608021,4157.91825,52530.995201217826,631188,sell,V0_constant_50
0,108454.40527558082,4209.771786,0.5,632628,4134.812872,-1973.73691287548,636372,sell,V0_constant_50
0,107467.53681914308,4153.360506,0.5,640404,3899.2200000000003,-6616.19746517959,641268,sell,V0_constant_50
0,104159.43808655327,3602.5093540000003,0.5,642708,2955.54099,18705.81501560654,649044,buy_cover,V0_constant_50
0,113501.92965054789,2955.54099,0.5,649044,2988.7621280000003,1229.8881125922635,650032,sell,V0_constant_50
0,114116.87370684402,2988.7621280000003,0.5,650032,2859.97188,4917.4718131101545,650941,buy_cover,V0_constant_50
0,116564.19792602843,2859.97188,0.5,650941,3064.856906,8300.561325115079,651829,sell,V0_constant_50
0,120714.47858858597,3064.856906,0.5,651829,3079.935864,-593.9049478465749,652419,buy_cover,V0_constant_50
0,120405.45466680382,3079.935864,0.5,652419,3282.453378,7865.7933519917715,653371,sell,V0_constant_50
0,124338.35134279971,3282.453378,0.5,653371,3127.77543,5859.159105931685,654541,buy_cover,V0_constant_50
0,127255.49706063129,3127.77543,0.5,654541,2862.9073040000003,-10822.912159529238,655288,sell,V0_constant_50
0,121844.04098086667,2966.84325,0.5,657584,3175.724728,8526.302018059243,661320,sell,V0_constant_50
0,126107.1919898963,3175.724728,0.5,661320,3107.1213,2724.2289808358764,662399,buy_cover,V0_constant_50
0,127456.69576111525,3107.1213,0.5,662399,3287.4323820000004,7342.574418791846,663918,sell,V0_constant_50
0,131127.98297051116,3287.4323820000004,0.5,663918,3341.928252,-2173.7073661613395,664479,buy_cover,V0_constant_50
0,130028.01648913344,3341.928252,0.5,664479,3166.056662,-6892.095289838748,664944,sell,V0_constant_50
0,126581.96884421408,2966.133108,0.5,667093,2940.531776,-1142.7469092274987,667528,sell,V0_constant_50
0,126010.59538960032,2940.531776,0.5,667528,2093.158548,36312.484836720134,670116,buy_cover,V0_constant_50
0,144154.23674842142,2093.158548,0.5,670116,2055.38884,-2657.786619330116,670665,sell,V0_constant_50
0,142825.34343875636,2055.38884,0.5,670665,2012.20236,3000.9578789241205,671977,buy_cover,V0_constant_50
0,144311.53984387452,2012.20236,0.5,671977,2026.074704,936.7828368779155,672526,sell,V0_constant_50
0,144779.93126231348,2026.074704,0.5,672526,2022.214362,275.8594040722528,673329,buy_cover,V0_constant_50
0,144903.3829712234,2022.214362,0.5,673329,1951.90954,-5093.688752912625,674551,sell,V0_constant_50
0,142356.53859476707,1951.90954,0.5,674551,1904.340792,3469.2863657919806,675266,buy_cover,V0_constant_50
0,144076.9461238036,1904.340792,0.5,675266,1969.376046,4860.787260698737,675963,sell,V0_constant_50
0,146507.33975415296,1969.376046,0.5,675963,1989.307782,-1482.77113761261,676425,buy_cover,V0_constant_50
0,145751.30345137126,1989.307782,0.5,676425,2051.559606,4500.907067909779,677958,sell,V0_constant_50
0,148001.75698532615,2051.559606,0.5,677958,1982.0363280000001,5015.491141022969,678745,buy_cover,V0_constant_50
0,150494.7023801391,1982.0363280000001,0.5,678745,2066.33665,6338.115524785244,680265,sell,V0_constant_50
0,153663.7601425317,2066.33665,0.5,680265,2147.389392,-6027.505685748416,680700,buy_cover,V0_constant_50
0,150634.64092364325,2147.389392,0.5,680700,2292.011506,10080.617689007224,681437,sell,V0_constant_50
0,155674.94976814685,2292.011506,0.5,681437,2157.371388,9144.852451877116,682873,buy_cover,V0_constant_50
0,160231.8084991086,2140.17188,0.5,683665,2039.05773,7570.2873865563015,684789,buy_cover,V0_constant_50
0,164000.92901153682,2039.05773,0.5,684789,2081.13369,3317.2121310875227,685646,sell,V0_constant_50
0,165659.5350770806,2081.13369,0.5,685646,2086.727262,-445.2451632213197,686759,buy_cover,V0_constant_50
0,165420.34654196224,2086.727262,0.5,686759,2089.562004,158.466038151033,687192,sell,V0_constant_50
0,165499.57956103777,2089.562004,0.5,687192,2265.623034,-13944.554594656074,688412,buy_cover,V0_constant_50
0,158510.75230575365,2265.623034,0.5,688412,2298.450218,2232.38574992583,689818,sell,V0_constant_50
0,159626.94518071658,2298.450218,0.5,689818,2345.71905,-3282.8051779113594,691407,buy_cover,V0_constant_50
0,157969.57989724283,2345.71905,0.5,691407,2294.710966,-3496.8846384122735,691879,sell,V0_constant_50
0,156221.1375780367,2263.2472599999996,0.5,693265,2287.00731,-1640.036338210688,694011,buy_cover,V0_constant_50
0,155385.49729517355,2287.00731,0.5,694011,2335.7927480000003,3251.1416569259018,695708,sell,V0_constant_50
0,157011.0681236365,2335.7927480000003,0.5,695708,2321.8942859999997,934.2553821559995,696325,buy_cover,V0_constant_50
0,157462.49470790214,2321.8942859999997,0.5,696325,2308.8981280000003,-943.9787481384119,697026,sell,V0_constant_50
0,156990.50533383293,2308.8981280000003,0.5,697026,2320.053918,-758.5170255898847,697536,buy_cover,V0_constant_50
0,156595.5477705046,2144.9289,0.5,699627,2095.43083,-3674.908905037766,700245,sell,V0_constant_50
0,154758.0933179857,2095.43083,0.5,700245,2041.50822,3982.4616629918164,702222,buy_cover,V0_constant_50
0,156733.8483401498,2041.50822,0.5,702222,2006.018716,-2786.252986256499,702783,sell,V0_constant_50
0,155340.72184702154,2006.018716,0.5,702783,1609.741884,30686.622535215443,704704,buy_cover,V0_constant_50
0,170668.49904244457,1609.741884,0.5,704704,1648.6702,4057.357365519536,705375,sell,V0_constant_50
0,172697.17772520432,1648.6702,0.5,705375,1667.1233579999998,-1932.9498346105102,705922,buy_cover,V0_constant_50
0,171713.43309012655,1667.1233579999998,0.5,705922,1676.504632,897.204713061743,706102,sell_final,V0_constant_50
2,10000.0,175.0221086413258,0.9944214294180221,1982,172.275538,-160.86390384394508,2899,sell,V1_50_reclaim_add2
2,9848.519547791824,171.82861267250178,1.0,2899,176.065206,-242.8239522725471,4027,buy_cover,V1_50_reclaim_add2
2,9594.342439973949,176.65082903011657,0.9984442286016331,4027,185.71285,488.14651511729426,5104,sell,V1_50_reclaim_add2
2,10096.776998611156,185.2501988564129,1.0,5104,185.347062,-5.278972491807508,6094,buy_cover,V1_50_reclaim_add2
2,10075.190627199712,186.36377565783692,0.9972928512439643,6094,176.86462,-517.3672315700787,6611,sell,V1_50_reclaim_add2
2,9598.08264335237,175.55284450464433,1.0,6611,175.555104,-0.1231505164232658,7835,buy_cover,V1_50_reclaim_add2
2,9555.78062858454,176.03800697755227,0.9984320151616817,7835,171.305732,-260.59883809774874,8379,sell,V1_50_reclaim_add2
2,9306.401660283012,170.9562146970087,1.0,8379,164.08281,374.1702287818607,9191,buy_cover,V1_50_reclaim_add2
2,9667.490738936594,164.7941849242945,0.9977546269471318,9191,182.553482,1037.5486067222591,10628,sell,V1_50_reclaim_add2
2,10717.459993375835,181.94705959136897,1.0,10628,184.24684200000002,-135.46658586844933,11330,buy_cover,V1_50_reclaim_add2
2,10567.42926779173,184.37927920031734,0.9998772078162865,11330,181.153762,-189.01842045908415,11781,sell,V1_50_reclaim_add2
2,10382.447210450353,181.03084777600512,1.0,11781,188.767746,-443.7247020342056,12405,buy_cover,V1_50_reclaim_add2
2,9932.60965585635,189.68119743515726,0.9977669731123044,12405,188.04238400000003,-89.75438952275181,12871,sell,V1_50_reclaim_add2
2,9853.667091432892,187.6259468333622,1.0,12871,187.177428,23.55553226055963,13737,buy_cover,V1_50_reclaim_add2
2,9864.44006517587,188.78822243202492,0.9961794619743753,13737,184.603072,-222.5376911485073,14236,sell,V1_50_reclaim_add2
1,7233.359860796094,184.4795324295683,0.75,14236,184.51689599999997,-1.464719473068726,14247,buy_cover,V1_50_reclaim_add2
2,9638.843696493195,182.2185413939238,1.0,15687,144.60891600000002,1989.4427517478225,30375,buy_cover,V1_50_reclaim_add2
2,11640.022726144103,143.37899527785206,1.0,30663,143.75874599999997,-30.82906316439403,31527,buy_cover,V1_50_reclaim_add2
2,11597.99062497612,200.83204049810178,1.0,48807,142.47849,3369.900520011992,55344,buy_cover,V1_50_reclaim_add2
2,14960.929819768027,169.4685123283408,0.99938014159922,57447,163.63726599999998,-520.5688903644041,57493,sell,V1_50_reclaim_add2
2,14526.440848768136,161.79388514585185,1.0,57493,160.362066,128.55448331191837,58193,buy_cover,V1_50_reclaim_add2
2,14566.010124545788,160.74612307671006,0.9988656025114808,58193,153.38931599999998,-672.1962748255701,59163,sell,V1_50_reclaim_add2
2,13939.801868575978,152.56706996113095,1.0,59163,179.475888,-2458.613723135859,59905,buy_cover,V1_50_reclaim_add2
2,11432.412166210645,176.2248509115329,0.9955855982252731,60992,390.4219,13885.690526704395,95701,sell,V1_50_reclaim_add2
2,25318.10269291504,371.48787807681504,0.9985446729399573,101495,317.596468,-3681.531456773653,105239,sell,V1_50_reclaim_add2
2,21636.571236141386,366.02135852454813,0.9990264873682188,109847,934.813,33600.80206439567,136783,sell,V1_50_reclaim_add2
2,55237.37330053705,1583.51780707917,0.9978347214791189,150989,3432.533356,64450.761204960065,172818,sell,V1_50_reclaim_add2
0,59844.06725274856,2871.4441739999997,0.5,175757,2256.79855,-12828.705287830635,176621,sell,V1_50_reclaim_add2
0,53429.71460883324,2843.838654,0.5,178061,2703.819128,-2650.9883879712943,178925,sell,V1_50_reclaim_add2
2,104571.43096992615,1791.8701002332073,1.0,184304,1985.537028,-11302.169426382607,184880,buy_cover,V1_50_reclaim_add2
2,92971.47533116197,1938.8128012730715,1.0,189488,2023.494618,-4060.7251533334347,192080,buy_cover,V1_50_reclaim_add2
2,88806.03766871893,2186.823406182133,0.9992770839967764,192656,3060.8077160000003,35442.44446581449,209936,sell,V1_50_reclaim_add2
2,124248.4821345334,3310.2244437140803,0.9992600641226328,212528,4179.51393,32565.828241171228,231248,sell,V1_50_reclaim_add2
2,156814.31037570463,4367.049707858939,0.9983819268322798,231536,4078.8540660000003,-10407.260590528313,232976,sell,V1_50_reclaim_add2
2,146587.02353279485,3397.9664164332526,1.0,240464,2465.162934,40240.803977362695,246224,buy_cover,V1_50_reclaim_add2
2,186618.53635783243,2474.325805981148,0.9984541583454756,246224,2337.842338,-10364.375380333746,246475,sell,V1_50_reclaim_add2
1,132362.90061833628,2331.384939707766,0.75,246475,2591.588214,-14772.869905739528,246962,buy_cover,V1_50_reclaim_add2
2,161454.8184916355,2771.950647300163,0.9963955066185327,248591,2959.8379139999997,10874.7143998424,249284,sell,V1_50_reclaim_add2
0,86164.76644573895,2959.8379139999997,0.5,249284,3195.0088739999997,-6846.131585613737,249750,buy_cover,V1_50_reclaim_add2
2,165466.168352575,3205.282974993489,0.998593312249491,249750,3076.8845,-6691.837069452478,250537,sell,V1_50_reclaim_add2
2,158774.33128312253,2976.6145103975114,0.9963827464436233,251580,3050.369804,3869.072929193644,252179,sell,V1_50_reclaim_add2
2,162874.5442782293,3043.710667498992,1.0,252179,2666.013096,20211.295987758087,254066,buy_cover,V1_50_reclaim_add2
2,182822.12529121863,2669.2156865670268,0.9994143118924617,254066,2650.31983,-1366.834510701854,255380,sell,V1_50_reclaim_add2
2,182028.5445819348,2636.138073326868,1.0,255380,2995.9490699999997,-24845.37926816498,255884,buy_cover,V1_50_reclaim_add2
2,156573.5058034354,2644.108382253349,0.9975074195016306,258056,2534.323034,-6561.071491210372,258628,sell,V1_50_reclaim_add2
2,150070.26205377368,2533.5932633870475,1.0,258628,2606.341164,-4309.010850810679,259955,buy_cover,V1_50_reclaim_add2
2,145891.05306995296,2877.986182466105,1.0,261337,2964.072696,-4363.896843504452,261799,buy_cover,V1_50_reclaim_add2
2,141280.33435488516,2968.802823859731,0.9991873178672843,261799,3176.894494,9842.265496997512,266378,sell,V1_50_reclaim_add2
1,113515.89373584637,3166.622988646587,0.75,266378,3228.6756060000002,-2224.4339419426396,266666,buy_cover,V1_50_reclaim_add2
2,148875.46273119288,3281.3774481780965,0.9985913087670464,266698,2984.2630280000003,-13534.176769917947,267818,sell,V1_50_reclaim_add2
2,135610.54597319648,2972.1160903695577,1.0,267818,3096.8892539999997,-5693.095265935408,268277,buy_cover,V1_50_reclaim_add2
2,130051.89265826457,2994.7899065103816,1.0,269538,3118.02348,-5351.541761354092,270002,buy_cover,V1_50_reclaim_add2
2,124243.51644625913,3123.1355641598147,0.9991801658095621,270002,3025.524774,-3931.2585890230403,270647,sell,V1_50_reclaim_add2
2,120312.25785723611,2982.161356863671,0.9979569514583677,271787,2837.23244,-5892.790830530008,272853,sell,V1_50_reclaim_add2
2,114714.71186117761,2823.9910573228763,1.0,272853,2835.677022,-474.696637415007,273570,buy_cover,V1_50_reclaim_add2
2,113921.82744691885,2849.72889467281,0.9974064190985517,273570,2762.4773940000005,-3532.167717389617,274101,sell,V1_50_reclaim_add2
2,110427.59993620045,2759.9346851435976,1.0,274101,2089.877892,26809.610066968962,277466,buy_cover,V1_50_reclaim_add2
2,137177.18427651096,2091.5658640868905,0.999608323765236,277466,2001.989522,-5927.458717548841,278340,sell,V1_50_reclaim_add2
2,131737.16425209644,1989.1534440864946,1.0,278340,2050.10994,-4037.0063633028185,278781,buy_cover,V1_50_reclaim_add2
2,127280.23378617775,1986.2490214693996,1.0,279862,1836.297186,9609.023751747678,281661,buy_cover,V1_50_reclaim_add2
2,136769.93946779933,1846.660935229036,0.9965604941294689,281661,1916.876548,5143.62272913396,282267,sell,V1_50_reclaim_add2
2,142334.89953016868,1907.6109511518498,1.0,282267,1796.319192,8303.952949633589,283346,buy_cover,V1_50_reclaim_add2
2,150189.04816666082,1801.32074546314,0.9992435973739949,283346,1780.423844,-1801.6975141903386,283952,sell,V1_50_reclaim_add2
2,149267.74013617582,1757.428054107516,1.0,283952,1248.729696,43206.469592893525,286538,buy_cover,V1_50_reclaim_add2
2,191563.9666973368,1144.56378713387,0.998653190295036,288796,1192.91137,8012.009871637361,289870,sell,V1_50_reclaim_add2
2,199972.10171408055,1187.84102014834,1.0,289870,1092.208398,16099.684095344885,291864,buy_cover,V1_50_reclaim_add2
2,215635.66624397621,1100.7439734038066,0.995929917930799,291864,1188.502252,17098.718857097992,293479,sell,V1_50_reclaim_add2
2,233240.8526466268,1183.8367881824947,1.0,293479,1099.829922,16551.13572511013,294463,buy_cover,V1_50_reclaim_add2
2,249238.87265565497,1107.593075736206,0.996134682843224,294463,1481.893562,84094.51977698982,296666,sell,V1_50_reclaim_add2
0,166666.6962163224,1481.893562,0.5,296666,1606.881312,-14057.207063747046,297550,buy_cover,V1_50_reclaim_add2
2,319242.8520296545,1614.3390674710276,0.9975533540976514,297550,1479.1741060000002,-26846.476111026597,297999,sell,V1_50_reclaim_add2
2,292841.48125080747,1666.4504763333998,1.0,299769,1681.2261780000001,-2596.4880029180786,300509,buy_cover,V1_50_reclaim_add2
2,289741.3196194596,1692.180432332717,0.9966009560975732,300509,1711.05772,3115.060498695122,302229,sell,V1_50_reclaim_add2
2,293721.04323944624,1701.8303551062613,1.0,302229,1891.82829,-32791.969690806,302683,buy_cover,V1_50_reclaim_add2
2,260005.66621870082,1900.3401671469946,0.9979105202467788,302683,1958.368248,7832.269037910388,303731,sell,V1_50_reclaim_add2
2,268652.40609727916,1947.1591547381804,1.0,303731,1919.6938619999999,3789.4373397974414,304463,buy_cover,V1_50_reclaim_add2
2,271573.6421151892,1932.9224425093835,0.9963999984097183,304463,1821.865554,-15705.758028145705,304974,sell,V1_50_reclaim_add2
2,256802.70367023852,1810.6606977419299,1.0,304974,1643.248584,23743.76401350036,305802,buy_cover,V1_50_reclaim_add2
2,279560.28755980986,1649.2974623732293,0.998671446347078,305802,1653.579218,613.6657065809122,307070,sell,V1_50_reclaim_add2
2,281978.10787513555,1635.3386805279292,1.0,307070,1510.4720340000001,21530.511190559017,308019,buy_cover,V1_50_reclaim_add2
2,301648.0688353748,1520.3369702505659,0.9965943061253317,308019,1519.925954,-202.1637416355661,308891,sell,V1_50_reclaim_add2
0,150722.9525468696,1519.925954,0.5,308891,1574.194776,-5381.543469840079,309722,buy_cover,V1_50_reclaim_add2
2,296034.2170333898,1577.3561227997188,0.9986671679654205,309722,1559.867964,-3399.2226395274047,310395,sell,V1_50_reclaim_add2
2,293724.2009873233,1694.196588059836,1.0,312072,1631.57625,10856.54879790661,312729,buy_cover,V1_50_reclaim_add2
2,303432.7983515715,1638.6887947565588,0.9979364699252252,312729,1422.985346,-40046.77165015921,313231,sell,V1_50_reclaim_add2
2,263590.3603892535,1421.1491662444532,1.0,313231,1356.501246,11990.7067483344,315107,buy_cover,V1_50_reclaim_add2
0,137662.00768883442,1356.501246,0.5,315107,1303.549238,-5426.646129712986,315789,sell,V1_50_reclaim_add2
2,271309.2168850685,1291.5177527261603,1.0,315789,1386.92733,-20042.68434360635,316243,buy_cover,V1_50_reclaim_add2
2,250409.3766260342,1302.8016645568753,1.0,317554,1316.0931659999999,-2554.7276295860647,318102,buy_cover,V1_50_reclaim_add2
2,247195.61355606117,1321.389600834603,0.9979750816090045,318102,1324.864974,551.0182443378726,318664,sell,V1_50_reclaim_add2
2,247959.1470962232,1322.86921363326,1.0,318664,1331.0761619999998,-1538.3037825712818,319955,buy_cover,V1_50_reclaim_add2
2,246158.7361884085,1333.341398053072,0.9991479626104487,319955,1278.314286,-10253.382280001824,320900,sell,V1_50_reclaim_add2
2,235905.3539084067,1298.067012031819,0.9989243039148111,321908,1305.068934,1177.6388130840205,322432,sell,V1_50_reclaim_add2
2,237593.3427753968,1299.4326618484463,1.0,322432,1309.0417559999999,-1756.954728596087,322997,buy_cover,V1_50_reclaim_add2
2,235278.51932433955,1311.5954705428774,0.9992456846937247,322997,1488.7022,31663.207255902264,325224,sell,V1_50_reclaim_add2
0,133470.8632901209,1488.7022,0.5,325224,1612.792494,-11125.415180868702,326789,buy_cover,V1_50_reclaim_add2
2,255789.61722671508,1621.3784059126233,0.9969410711788292,326789,1618.366262,-577.3131622159272,327744,sell,V1_50_reclaim_add2
2,255374.98698583944,1616.2863938505614,1.0,327744,1325.36502,45965.89805015814,329053,buy_cover,V1_50_reclaim_add2
2,301527.31434153934,1239.3483236932066,1.0,329822,1217.463444,5324.494781947229,331730,buy_cover,V1_50_reclaim_add2
2,306391.31643633905,1220.0671960313246,0.9989526462002931,331730,1100.37988,-30167.19053624675,332258,sell,V1_50_reclaim_add2
2,276781.4316838654,1094.469349901766,1.0,332258,1173.78471,-20058.127648077498,332748,buy_cover,V1_50_reclaim_add2
2,256405.69942897212,1191.1490355470755,1.0,334054,1230.2560019999999,-8418.120796711271,334641,buy_cover,V1_50_reclaim_add2
2,247641.24002908095,1260.2657586582184,0.9876357968892746,334641,1266.39667,1105.1908737573249,335631,sell,V1_50_reclaim_add2
2,248826.67809221227,1265.3830854302073,1.0,335631,1288.167582,-4480.36475082094,336080,buy_cover,V1_50_reclaim_add2
1,183487.883599782,1292.9038434831373,0.75,336080,1229.414068,-9080.202370546933,336736,sell,V1_50_reclaim_add2
2,235136.09844585194,1284.8052528144917,0.9971717926481147,338497,1294.301088,1643.121432324784,338974,sell,V1_50_reclaim_add2
2,237159.9860736839,1289.5717894631287,1.0,338974,1200.1599840000001,16443.376085703203,340449,buy_cover,V1_50_reclaim_add2
2,253175.16396666522,1210.8571719849108,0.9960479876442659,340449,1199.290094,-2518.824661791936,341144,sell,V1_50_reclaim_add2
2,250946.43959198217,1196.4999861715212,1.0,341144,1230.0859679999999,-7044.103894725617,342408,buy_cover,V1_50_reclaim_add2
1,182706.9118686635,1209.11722735885,0.75,344605,1258.931736,-7527.347748852277,345478,buy_cover,V1_50_reclaim_add2
2,235998.15699100326,1265.1562213943857,0.9974488960042658,345478,1511.387662,45818.457501297235,355572,sell,V1_50_reclaim_add2
1,211426.43545357836,1510.2688906825408,0.75,355572,1537.567452,-3821.587364126055,355860,buy_cover,V1_50_reclaim_add2
2,277952.7418410837,1551.46840632935,0.999083283566585,356059,1564.277082,2182.6457170660724,362196,sell,V1_50_reclaim_add2
2,281957.15501850366,1514.0299549010783,1.0,363060,1578.505638,-12007.267301918066,364212,buy_cover,V1_50_reclaim_add2
2,268071.728825228,1588.032122278529,0.9954328885665342,364213,1839.3320600000002,42297.12886104948,381204,sell,V1_50_reclaim_add2
0,155184.42884313874,1853.100546,0.5,384948,1826.914544,-2254.088105875504,385812,sell,V1_50_reclaim_add2
2,308114.76958040195,1914.1343202318913,0.9989478157210568,386388,1839.392048,-12149.551164668635,389844,sell,V1_50_reclaim_add2
2,296048.18103034294,1720.9654752493143,1.0,392436,1735.1169539999999,-2434.3887522173463,392724,buy_cover,V1_50_reclaim_add2
2,293471.62002730987,1893.9146239342294,0.9984621357785698,393300,1830.393848,-9956.304657513043,405972,sell,V1_50_reclaim_add2
2,283481.1705071258,1687.2335558933985,1.0,409716,1641.9183179999998,7613.667505056597,415082,buy_cover,V1_50_reclaim_add2
2,291072.286640752,1646.870704904077,0.9982994940069017,415082,1618.866162,-5064.034654643328,415885,sell,V1_50_reclaim_add2
2,286008.25198610866,1628.674954448649,0.9984520180823151,417501,1614.2970759999998,-2638.2516145999543,417955,sell,V1_50_reclaim_add2
2,283470.61730943515,1613.070070881648,1.0,417955,1648.6596659999998,-6254.276231543452,418770,buy_cover,V1_50_reclaim_add2
2,277059.03001650336,1596.4043127181044,0.9995235999690949,420483,1652.8293680000002,9677.947346173052,422900,sell,V1_50_reclaim_add2
2,287028.62660731503,1649.308464928368,1.0,422900,1653.1205579999998,-663.4058348693652,424061,buy_cover,V1_50_reclaim_add2
1,214587.776685263,1654.5061557537424,0.75,424061,1626.07472,-3771.8801533546357,424516,sell,V1_50_reclaim_add2
2,282350.35875811905,1624.6653535686723,1.0,424516,1555.921122,11947.060959923954,426094,buy_cover,V1_50_reclaim_add2
2,294134.8765373033,1561.294369617242,0.9986163552162206,426094,1572.455446,1984.1708196239197,427152,sell,V1_50_reclaim_add2
2,296735.6303653441,1567.1916679251603,1.0,427152,1577.495436,-1950.9269053922617,427888,buy_cover,V1_50_reclaim_add2
2,294108.7733254619,1579.3058193561872,0.9994970597854771,427888,2233.033304,121575.13170682598,455796,sell,V1_50_reclaim_add2
2,415683.90503228793,2313.6067843330993,0.9995218564102686,457236,2298.5402,-2872.1755589222885,459252,sell,V1_50_reclaim_add2
2,412811.7294733656,2378.527323813506,0.9998604602838227,459540,3321.8055059999997,163482.60396702366,476244,sell,V1_50_reclaim_add2
2,576294.3334403893,3362.616149659786,0.9995955326483834,476820,3139.372,-38475.38381248643,479124,sell,V1_50_reclaim_add2
2,539529.3438855332,3033.1530740927465,1.0,502452,3098.409558,-11607.630811700248,504180,buy_cover,V1_50_reclaim_add2
2,526103.4129474255,3500.4748802097706,0.9983304488665454,505620,3271.3156059999997,-34638.108170939086,508788,sell,V1_50_reclaim_add2
2,491816.1563571802,2986.8660167329754,1.0,510804,2738.0174939999997,40975.3156466026,514048,buy_cover,V1_50_reclaim_add2
2,532342.2571918175,2740.154732008967,0.9996075623230715,514048,2544.34103,-38239.31430328317,514489,sell,V1_50_reclaim_add2
0,247051.47144426717,2544.34103,0.5,514489,2635.807056,-8881.195561767585,515159,buy_cover,V1_50_reclaim_add2
0,242586.16851623898,2552.629372,0.5,516152,2653.100514,-9548.148237797315,516626,buy_cover,V1_50_reclaim_add2
2,475575.6715609774,2662.132809211034,0.9983902964219236,516626,2733.4631980000004,12547.481476414832,517456,sell,V1_50_reclaim_add2
2,488858.5416668862,2727.0832881181427,1.0,517456,2556.081114,30653.967852016736,518370,buy_cover,V1_50_reclaim_add2
2,518679.34918107564,2560.8553359555817,0.9989846784898138,518370,2484.223056,-15722.45611334138,519181,sell,V1_50_reclaim_add2
2,503992.65184253606,2474.9590323659336,1.0,519181,2542.038306,-13659.785601962416,519690,buy_cover,V1_50_reclaim_add2
2,489196.30893540336,2317.961124554971,0.9996236631019848,521440,2314.3170440000004,-964.4198038144968,522161,sell,V1_50_reclaim_add2
2,488160.0106667144,2314.0713378433597,1.0,522161,2383.196544,-14582.141132676858,522796,buy_cover,V1_50_reclaim_add2
2,473552.11599677865,2351.287710333077,0.9985473525475619,523935,2549.4100160000003,39696.704725940246,525467,sell,V1_50_reclaim_add2
1,385457.6808843406,2542.107118727429,0.75,525467,2637.987492,-14538.248753722582,526527,buy_cover,V1_50_reclaim_add2
2,498633.48043281946,2646.7732817982637,0.9987243492287675,526527,2644.1310679999997,-697.0088627290679,527308,sell,V1_50_reclaim_add2
2,498413.60398781206,2639.8150545616786,1.0,527308,2396.22915,45990.5613978341,528850,buy_cover,V1_50_reclaim_add2
2,543827.350247127,2408.0460539078977,0.9974036630447535,528850,2412.987306,897.9650208353996,529800,sell,V1_50_reclaim_add2
2,545289.3784767205,2408.1974667565396,1.0,529800,2419.7038439999997,-2605.372941656504,530796,buy_cover,V1_50_reclaim_add2
2,542010.8844506106,2430.944400822415,0.9973975449893747,530796,2442.21146,2294.3509439956397,531435,sell,V1_50_reclaim_add2
2,544460.0399557383,2440.3047705993495,1.0,531435,2658.08151,-48588.46967611369,531995,buy_cover,V1_50_reclaim_add2
0,247803.93685525074,2658.08151,0.5,531995,2587.992298,-6630.678110429028,532573,sell,V1_50_reclaim_add2
2,489857.296496695,2635.7133513304,1.0,533849,2513.472594,22718.925837314164,535544,buy_cover,V1_50_reclaim_add2
2,511598.1499780873,2516.7883447331665,0.9994242542220537,535544,2609.557984,18645.51356028847,536601,sell,V1_50_reclaim_add2
2,531636.5217070315,2597.756328277634,1.0,536601,2485.7370479999995,22925.01138116978,538173,buy_cover,V1_50_reclaim_add2
2,553062.347615204,2491.674378119092,0.9985900002777222,538173,3423.8650900000002,206608.94515645062,551988,sell,V1_50_reclaim_add2
2,759671.2927716547,3492.363940728884,0.9995635385182322,552276,3399.0700500000003,-20589.336875155568,553428,sell,V1_50_reclaim_add2
2,739081.9558964991,3459.529697893081,0.9995522712266278,554868,3221.045662,-51224.130052234046,556884,sell,V1_50_reclaim_add2
2,687857.825844265,3462.3831381042405,0.9975044844128661,558612,3269.8059080000003,-38518.36268654396,560052,sell,V1_50_reclaim_add2
2,650088.2519820892,3080.5723708808014,1.0,562356,3258.45156,-37537.53279108484,562932,buy_cover,V1_50_reclaim_add2
2,612752.653072373,3111.811470088318,1.0,563508,2670.594012,86880.98108794971,566964,buy_cover,V1_50_reclaim_add2
2,698430.343273575,2673.510348169596,0.9994977814515033,566964,2634.862922,-10371.595838618581,568315,sell,V1_50_reclaim_add2
2,688922.636119537,2627.816456277802,1.0,568315,2760.552,-34798.64219478774,568861,buy_cover,V1_50_reclaim_add2
2,655458.6058903032,2717.958019706452,1.0,569885,2263.9927079999998,109477.60323536757,571759,buy_cover,V1_50_reclaim_add2
2,762468.8322271343,2318.418533984521,0.9843027771798767,571759,2162.987316,-51401.88267053384,573015,sell,V1_50_reclaim_add2
2,713268.5422927833,2152.222673644537,1.0,573015,1933.006524,72650.49317100993,575212,buy_cover,V1_50_reclaim_add2
2,783574.7890191518,1933.9862604273192,0.9998935123775139,575212,1898.630198,-14632.548188196844,575736,sell,V1_50_reclaim_add2
2,771382.9953566809,1887.3973087604572,1.0,575736,1980.706062,-38135.438742819475,576594,buy_cover,V1_50_reclaim_add2
2,732520.2248729826,2025.1147441016751,1.0,578650,1860.251976,59633.838932657614,580291,buy_cover,V1_50_reclaim_add2
2,790139.8603767472,1867.7833945660807,0.9979022161461508,580291,1845.6308000000001,-9683.624066278106,580765,sell,V1_50_reclaim_add2
2,783026.5238265917,1833.6206465865403,1.0,580765,1596.499236,101259.98755856801,582726,buy_cover,V1_50_reclaim_add2
2,881559.6185642717,1599.027756602779,0.9990130575943033,582726,1575.8847600000001,-13106.445556530845,583835,sell,V1_50_reclaim_add2
2,869287.0669570279,1574.0993229651008,1.0,583835,1598.859708,-13673.74127856642,585438,buy_cover,V1_50_reclaim_add2
2,854605.5743157831,1801.7406500845582,0.9987595252262353,587270,1779.8539580000001,-10718.99968541821,587989,sell,V1_50_reclaim_add2
2,844142.6391879665,1778.1091804118316,1.0,587989,1831.326192,-25264.301692265668,588975,buy_cover,V1_50_reclaim_add2
2,818453.4444102616,1841.9634863177814,0.9995619292456093,590584,2404.3390360000003,249457.25145477604,599220,sell,V1_50_reclaim_add2
1,800675.9088168389,2405.560096442852,0.75,599220,2474.4847979999995,-22941.130795438774,599508,buy_cover,V1_50_reclaim_add2
2,1044809.4298878354,2539.3555991870385,0.9996826965590666,599778,2310.547798,-94522.43895132269,603796,sell,V1_50_reclaim_add2
2,957131.9094694402,2281.9455222660163,1.0,603796,2309.571822,-11587.447787583573,604284,buy_cover,V1_50_reclaim_add2
2,938508.1167670353,2317.1674502697892,0.9978804331379865,604284,2393.481208,30521.165088094072,605281,sell,V1_50_reclaim_add2
1,726757.9163037008,2393.254552504336,0.75,605281,2454.9909,-18747.403134295484,605958,buy_cover,V1_50_reclaim_add2
2,950136.5271375731,2457.026475236061,0.9996390228443748,605958,2402.759352,-21356.816864068038,606708,sell,V1_50_reclaim_add2
2,928779.710273505,2546.0721239999143,0.9976181729450859,608021,4157.91825,587377.4753839043,631188,sell,V1_50_reclaim_add2
2,1516157.185657409,4244.813880332244,0.9956393485680721,632628,4134.812872,-39880.70707521401,636372,sell,V1_50_reclaim_add2
2,1476276.478582195,4167.089134894646,0.9983329699172483,640404,3899.2200000000003,-95450.61090910388,641268,sell,V1_50_reclaim_add2
2,1382562.2955550018,3594.6909152361395,1.0,642708,2955.54099,245824.96023278194,649044,buy_cover,V1_50_reclaim_add2
2,1626374.315446762,2959.875797956829,0.9994134732857705,649044,2988.7621280000003,15215.449692407623,650032,sell,V1_50_reclaim_add2
2,1642040.8584906945,2986.9692931594814,1.0,650032,2859.97188,69814.95580007811,650941,buy_cover,V1_50_reclaim_add2
2,1710399.2838212005,2858.73905136579,1.0,650941,3064.856906,122588.03014707938,651829,sell,V1_50_reclaim_add2
2,1839229.6001139202,3047.176289370747,1.0,651829,3079.935864,-19773.110261807917,652419,buy_cover,V1_50_reclaim_add2
2,1813523.3867327985,3095.5636618471935,0.9975773720432652,652419,3282.453378,108719.45256898273,653371,sell,V1_50_reclaim_add2
2,1925697.1620226256,3270.551664995299,1.0,653371,3127.77543,84066.56112587266,654541,buy_cover,V1_50_reclaim_add2
2,2005924.2609952497,3136.993876393244,0.9986195973157542,654541,2862.9073040000003,-175994.53722479963,655288,sell,V1_50_reclaim_add2
2,1829929.72377045,2967.7712600302325,0.9996783669838462,657584,3175.724728,127441.06276559271,661320,sell,V1_50_reclaim_add2
2,1961131.2126494118,3163.64434152695,1.0,661320,3107.1213,35038.497613730375,662399,buy_cover,V1_50_reclaim_add2
2,1992017.0579072433,3110.669904242102,0.9993979341427732,662399,3287.4323820000004,112353.51067217346,663918,sell,V1_50_reclaim_add2
2,2107666.958264396,3275.1017026430873,1.0,663918,3341.928252,-43005.634955962654,664479,buy_cover,V1_50_reclaim_add2
2,2060943.400231801,3348.3302331304803,0.9988629090775997,664479,3166.056662,-112971.31750794197,664944,sell,V1_50_reclaim_add2
2,1947972.082723859,2977.915906516282,0.9979944910795717,667093,2940.531776,-25223.762302524643,667528,sell,V1_50_reclaim_add2
2,1924097.9569804491,2936.5904847068587,1.0,667528,2093.158548,552629.2602999469,670116,buy_cover,V1_50_reclaim_add2
2,2474992.761129885,2100.127441977349,0.9980952371733867,670116,2055.38884,-53693.094666703604,670665,sell,V1_50_reclaim_add2
2,2423767.644905754,2051.2798491899775,1.0,670665,2012.20236,46173.587219053414,671977,buy_cover,V1_50_reclaim_add2
2,2466988.5001532533,2028.0444206779932,0.9959406454437593,671977,2026.074704,-3381.774871008005,672526,sell,V1_50_reclaim_add2
2,2469400.080457211,2016.5101671599464,1.0,672526,2022.214362,-6985.206263828557,673329,buy_cover,V1_50_reclaim_add2
2,2456127.639002325,2025.767205927723,0.9990359351045304,673329,1951.90954,-90494.76066317176,674551,sell,V1_50_reclaim_add2
2,2368817.5550425053,1945.5670026953721,1.0,674551,1904.340792,50194.90561323287,675266,buy_cover,V1_50_reclaim_add2
2,2415354.020441378,1916.1258046311418,0.9972413717151152,675266,1969.376046,66131.1895090132,675963,sell,V1_50_reclaim_add2
2,2484468.8733025705,1964.7803551120903,1.0,675963,1989.307782,-31014.882041005418,676425,buy_cover,V1_50_reclaim_add2
2,2449973.4341347255,2009.8414870683148,0.99575382220468,676425,2051.559606,49853.67163866246,677958,sell,V1_50_reclaim_add2
2,2507993.804313953,2040.047358548029,1.0,677958,1982.0363280000001,71317.70908361115,678745,buy_cover,V1_50_reclaim_add2
2,2570643.2160961363,1995.1936729300432,0.9965604225237933,678745,2066.33665,90597.06863859901,680265,sell,V1_50_reclaim_add2
2,2661440.3321811915,2065.8259363495904,1.0,680265,2147.389392,-105079.54134688945,680700,buy_cover,V1_50_reclaim_add2
2,2555628.4553214093,2153.5410927340504,0.9983017788586678,680700,2292.011506,163236.33290303685,681437,sell,V1_50_reclaim_add2
2,2728361.9455679664,2276.2024203111364,1.0,681437,2157.371388,142436.49820455955,682873,buy_cover,V1_50_reclaim_add2
2,2865902.298715686,2132.465035358442,1.0,683665,2039.05773,125533.80264366651,684789,buy_cover,V1_50_reclaim_add2
2,2985716.236223816,2040.1701452768352,0.9996322812700843,684789,2081.13369,58730.54241991509,685646,sell,V1_50_reclaim_add2
2,3052324.1265952867,2071.7137756054585,1.0,685646,2086.727262,-22119.740917519666,686759,buy_cover,V1_50_reclaim_add2
2,3021716.5729008927,2095.7760919567068,0.9975719476789474,686759,2089.562004,-10164.53319535032,687192,sell,V1_50_reclaim_add2
2,3011859.9312658585,2088.9959515058126,1.0,687192,2265.623034,-254656.19462191826,688412,buy_cover,V1_50_reclaim_add2
2,2756293.473097371,2277.2281102413563,0.9969439286027886,688412,2298.450218,24573.96732603805,689818,sell,V1_50_reclaim_add2
2,2782254.7945271377,2294.8072834508134,1.0,689818,2345.71905,-61725.98742618272,691407,buy_cover,V1_50_reclaim_add2
2,2718585.002038321,2353.187671667269,0.9983487497493597,691407,2294.710966,-68617.13331731083,691879,sell,V1_50_reclaim_add2
2,2659218.8627883815,2247.044669898778,1.0,693265,2287.00731,-47292.85737904813,694011,buy_cover,V1_50_reclaim_add2
2,2602143.1675694045,2289.157206848226,0.9993322481453429,694011,2335.7927480000003,51949.84891596157,695708,sell,V1_50_reclaim_add2
2,2655394.6971139964,2333.2486058122563,1.0,695708,2321.8942859999997,12922.089470247272,696325,buy_cover,V1_50_reclaim_add2
2,2666484.027016191,2327.978045181727,0.9987556075216192,696325,2308.8981280000003,-22912.030565748457,697026,sell,V1_50_reclaim_add2
2,2646133.3955399925,2304.6978418054214,1.0,697026,2320.053918,-17630.93614224717,697536,buy_cover,V1_50_reclaim_add2
1,1969463.027625103,2146.0950103862547,0.75,699627,2095.43083,-47263.43146434729,700245,sell,V1_50_reclaim_add2
2,2581396.91498864,2090.185056051204,1.0,700245,2041.50822,60116.42119817622,702222,buy_cover,V1_50_reclaim_add2
0,1318874.2719899588,2041.50822,0.5,702222,2006.018716,-23445.588925079443,702783,sell,V1_50_reclaim_add2
2,2615322.1451605856,2004.671473203492,1.0,702783,1609.741884,515230.6912275618,704704,buy_cover,V1_50_reclaim_add2
2,3129010.5818533674,1621.4961116696193,0.9962973600496543,704704,1648.6702,51165.54587361822,705375,sell,V1_50_reclaim_add2
2,3187199.0691728555,1641.186093848237,1.0,705375,1667.1233579999998,-50370.285205982625,705922,buy_cover,V1_50_reclaim_add2
2,3129168.4027071684,1674.8501749874144,0.9971550343425707,705922,1676.504632,1838.2888018488884,706102,sell_final,V1_50_reclaim_add2
2,10000.0,175.0221086413258,0.9944214294180221,1982,172.275538,-160.86390384394508,2899,sell,V2_50_reclaim_add2_dd_throttle
2,9848.519547791824,171.82861267250178,1.0,2899,176.065206,-242.8239522725471,4027,buy_cover,V2_50_reclaim_add2_dd_throttle
2,9594.342439973949,176.65082903011657,0.9984442286016331,4027,185.71285,488.14651511729426,5104,sell,V2_50_reclaim_add2_dd_throttle
2,10096.776998611156,185.2501988564129,1.0,5104,185.347062,-5.278972491807508,6094,buy_cover,V2_50_reclaim_add2_dd_throttle
2,10075.190627199712,186.36377565783692,0.9972928512439643,6094,176.86462,-517.3672315700787,6611,sell,V2_50_reclaim_add2_dd_throttle
2,9598.08264335237,175.55284450464433,1.0,6611,175.555104,-0.1231505164232658,7835,buy_cover,V2_50_reclaim_add2_dd_throttle
2,9555.78062858454,176.03800697755227,0.9984320151616817,7835,171.305732,-260.59883809774874,8379,sell,V2_50_reclaim_add2_dd_throttle
2,9306.401660283012,170.9562146970087,1.0,8379,164.08281,374.1702287818607,9191,buy_cover,V2_50_reclaim_add2_dd_throttle
2,9667.490738936594,164.7941849242945,0.9977546269471318,9191,182.553482,1037.5486067222591,10628,sell,V2_50_reclaim_add2_dd_throttle
2,10717.459993375835,181.94705959136897,1.0,10628,184.24684200000002,-135.46658586844933,11330,buy_cover,V2_50_reclaim_add2_dd_throttle
2,10567.42926779173,184.37927920031734,0.9998772078162865,11330,181.153762,-189.01842045908415,11781,sell,V2_50_reclaim_add2_dd_throttle
2,10382.447210450353,181.03084777600512,1.0,11781,188.767746,-443.7247020342056,12405,buy_cover,V2_50_reclaim_add2_dd_throttle
2,9932.60965585635,189.68119743515726,0.9977669731123044,12405,188.04238400000003,-89.75438952275181,12871,sell,V2_50_reclaim_add2_dd_throttle
2,9853.667091432892,187.6259468333622,1.0,12871,187.177428,23.55553226055963,13737,buy_cover,V2_50_reclaim_add2_dd_throttle
2,9864.44006517587,188.78822243202492,0.9961794619743753,13737,184.603072,-222.5376911485073,14236,sell,V2_50_reclaim_add2_dd_throttle
1,5424.6574430454,184.47954891408003,0.5625,14236,184.51689599999997,-1.0979813814929003,14247,buy_cover,V2_50_reclaim_add2_dd_throttle
2,7229.70674022026,182.21854134100354,0.75,15687,144.60891600000002,1492.2005282402542,30375,buy_cover,V2_50_reclaim_add2_dd_throttle
2,11143.414131080355,143.37899527785208,1.0,30663,143.75874599999997,-29.513775548090052,31527,buy_cover,V2_50_reclaim_add2_dd_throttle
2,11103.175282657641,200.83204049810178,1.0,48807,142.47849,3226.127470584099,55344,buy_cover,V2_50_reclaim_add2_dd_throttle
2,10746.980144308609,169.4686627763613,0.7499999999999999,57447,163.63726599999998,-373.9527802136563,57493,sell,V2_50_reclaim_add2_dd_throttle
2,10508.276568610516,161.79684806543105,0.75,57493,160.362066,93.18571001020064,58193,buy_cover,V2_50_reclaim_add2_dd_throttle
2,10538.80916746633,160.74653858632718,0.75,58193,153.38931599999998,-486.3738725429521,59163,sell,V2_50_reclaim_add2_dd_throttle
2,10190.27851159969,152.56831187689593,0.75,59163,179.475888,-1797.1990266980974,59905,buy_cover,V2_50_reclaim_add2_dd_throttle
2,5890.264247476199,176.23200591027052,0.5,60992,390.4219,7153.724918124536,95701,sell,V2_50_reclaim_add2_dd_throttle
2,18907.88366286672,371.4878780768151,0.9985446729399573,101495,317.596468,-2749.4148882388454,105239,sell,V2_50_reclaim_add2_dd_throttle
2,12127.724839230368,366.0222594143763,0.75,109847,934.813,18833.835940754492,136783,sell,V2_50_reclaim_add2_dd_throttle
2,17515.196812723607,1583.5298484986215,0.5,150989,3432.533356,20436.377740480817,172818,sell,V2_50_reclaim_add2_dd_throttle
0,20785.755920948694,2871.4441739999997,0.37500000000000006,175757,2256.79855,-4455.8190834260895,176621,sell,V2_50_reclaim_add2_dd_throttle
0,19114.82376466391,2843.838654,0.37500000000000006,178061,2703.819128,-948.4081322392885,178925,sell,V2_50_reclaim_add2_dd_throttle
2,37616.35080938258,1791.8811416698238,0.75,184304,1985.537028,-4065.350429528553,184880,buy_cover,V2_50_reclaim_add2_dd_throttle
2,22986.44101031513,1938.814878285458,0.5,189488,2023.494618,-1003.9555622354746,192080,buy_cover,V2_50_reclaim_add2_dd_throttle
2,22479.647130596757,2186.8243416007535,0.5,192656,3060.8077160000003,8971.602283071788,209936,sell,V2_50_reclaim_add2_dd_throttle
2,40458.45626317158,3310.228836705367,0.75,212528,4179.51393,10604.19165868812,231248,sell,V2_50_reclaim_add2_dd_throttle
2,64518.82263182974,4367.049707858938,0.9983819268322797,231536,4078.8540660000003,-4281.9064058299045,232976,sell,V2_50_reclaim_add2_dd_throttle
2,45219.337689359425,3397.9692154052623,0.75,240464,2465.162934,12413.557634750628,246224,buy_cover,V2_50_reclaim_add2_dd_throttle
2,72641.4299932126,2474.325805981148,0.9984541583454756,246224,2337.842338,-4034.3422647484113,246475,sell,V2_50_reclaim_add2_dd_throttle
1,51522.375893727156,2331.384939707766,0.75,246475,2591.588214,-5750.352649851215,246962,buy_cover,V2_50_reclaim_add2_dd_throttle
2,47263.34394607321,2772.0218873103254,0.75,248591,2959.8379139999997,3182.10414179293,249284,sell,V2_50_reclaim_add2_dd_throttle
0,33014.26737261358,2959.8379139999997,0.5,249284,3195.0088739999997,-2623.114156270356,249750,buy_cover,V2_50_reclaim_add2_dd_throttle
2,47599.39710903882,3205.2909662684356,0.75,249750,3076.8845,-1925.1443081996404,250537,sell,V2_50_reclaim_add2_dd_throttle
2,46231.82422840954,2976.7199100592024,0.7499999999999999,251580,3050.369804,1124.917704389496,252179,sell,V2_50_reclaim_add2_dd_throttle
2,46998.983923399515,3043.716894651487,0.75,252179,2666.013096,5832.2440578551395,254066,buy_cover,V2_50_reclaim_add2_dd_throttle
2,68421.4353927426,2669.2156865670263,0.9994143118924618,254066,2650.31983,-511.53972210740903,255380,sell,V2_50_reclaim_add2_dd_throttle
2,68124.43670539722,2636.138073326869,1.0,255380,2995.9490699999997,-9298.417845745178,255884,buy_cover,V2_50_reclaim_add2_dd_throttle
2,44031.1641025873,2644.150129824724,0.75,258056,2534.323034,-1845.7522656946821,258628,sell,V2_50_reclaim_add2_dd_throttle
2,28381.523078775677,2533.597506189073,0.5,258628,2606.341164,-814.8779903180293,259955,buy_cover,V2_50_reclaim_add2_dd_throttle
2,27986.66194129981,2877.994049270726,0.5,261337,2964.072696,-837.0589469450788,261799,buy_cover,V2_50_reclaim_add2_dd_throttle
2,27555.663924997873,2968.8068002198634,0.5,261799,3176.894494,1919.6201932601398,266378,sell,V2_50_reclaim_add2_dd_throttle
1,21394.59572148226,3166.638617249339,0.375,266378,3228.6756060000002,-419.13640660489546,266666,buy_cover,V2_50_reclaim_add2_dd_throttle
2,28312.544045566927,3281.3880277678504,0.5,266698,2984.2630280000003,-2573.9589537047723,267818,sell,V2_50_reclaim_add2_dd_throttle
2,27032.430082733455,2972.128336004927,0.5,267818,3096.8892539999997,-1134.738161621619,268277,buy_cover,V2_50_reclaim_add2_dd_throttle
2,26479.415995605355,2994.8289078484277,0.5,269538,3118.02348,-1089.249877786191,270002,buy_cover,V2_50_reclaim_add2_dd_throttle
2,25898.859123084643,3123.1396859387473,0.5,270002,3025.524774,-819.5133844924749,270647,sell,V2_50_reclaim_add2_dd_throttle
2,25504.650412199433,2982.1854276742442,0.5,271787,2837.23244,-1249.3916026692204,272853,sell,V2_50_reclaim_add2_dd_throttle
2,24885.829764094484,2824.013039542979,0.5,272853,2835.677022,-102.78460297646598,273570,buy_cover,V2_50_reclaim_add2_dd_throttle
2,24832.258072146076,2849.7597354661884,0.5,273570,2762.4773940000005,-770.1892471138235,274101,sell,V2_50_reclaim_add2_dd_throttle
2,24418.990469159566,2759.9351215305105,0.5,274101,2089.877892,5928.444844722217,277466,buy_cover,V2_50_reclaim_add2_dd_throttle
2,27381.944178677448,2091.5666392336734,0.5,277466,2001.989522,-1183.1900216607391,278340,sell,V2_50_reclaim_add2_dd_throttle
2,26834.702711429276,1989.1876612785425,0.5,278340,2050.10994,-821.857620199964,278781,buy_cover,V2_50_reclaim_add2_dd_throttle
2,26381.098395378816,1986.2505905024768,0.5,279862,1836.297186,1991.6608083386818,281661,buy_cover,V2_50_reclaim_add2_dd_throttle
2,27412.146767809605,1846.704941300457,0.5,281661,1916.876548,1030.2339916637393,282267,sell,V2_50_reclaim_add2_dd_throttle
2,27921.055991310324,1907.635912105972,0.5,282267,1796.319192,1629.284897253685,283346,buy_cover,V2_50_reclaim_add2_dd_throttle
2,32310.84510987142,1804.9273092839937,0.5625,283346,1780.423844,-451.39555803543044,283952,sell,V2_50_reclaim_add2_dd_throttle
2,28550.30338907762,1757.49600279851,0.5,283952,1248.729696,8264.846017386793,286538,buy_cover,V2_50_reclaim_add2_dd_throttle
2,65190.79572884273,1144.5637871338697,0.998653190295036,288796,1192.91137,2726.5529521249264,289870,sell,V2_50_reclaim_add2_dd_throttle
2,68052.15333062543,1187.8410201483398,1.0,289870,1092.208398,5478.855106486539,291864,buy_cover,V2_50_reclaim_add2_dd_throttle
2,73382.59335678807,1100.7439734038066,0.995929917930799,291864,1188.502252,5818.834864696313,293479,sell,V2_50_reclaim_add2_dd_throttle
2,79373.78329887518,1183.8367881824947,1.0,293479,1099.829922,5632.487814583379,294463,buy_cover,V2_50_reclaim_add2_dd_throttle
2,84818.04127940799,1107.5930757362062,0.996134682843224,294463,1481.893562,28618.057744432168,296666,sell,V2_50_reclaim_add2_dd_throttle
0,56718.04951192008,1481.893562,0.5,296666,1606.881312,-4783.783349290599,297550,buy_cover,V2_50_reclaim_add2_dd_throttle
2,108640.97206464718,1614.3390674710279,0.9975533540976514,297550,1479.1741060000002,-9136.076947907146,297999,sell,V2_50_reclaim_add2_dd_throttle
2,74713.87332342143,1666.4541823501843,0.75,299769,1681.2261780000001,-662.2852275009209,300509,buy_cover,V2_50_reclaim_add2_dd_throttle
2,74311.28134594469,1692.2204070204511,0.7499999999999999,300509,1711.05772,797.159512089609,302229,sell,V2_50_reclaim_add2_dd_throttle
2,74884.0570617739,1701.838726047181,0.75,302229,1891.82829,-8359.889491126145,302683,buy_cover,V2_50_reclaim_add2_dd_throttle
2,45672.83678957574,1900.347955717883,0.5,302683,1958.368248,1375.6308240511062,303731,sell,V2_50_reclaim_add2_dd_throttle
2,69627.61394554283,1947.168799673146,0.75,303731,1919.6938619999999,982.4621780879534,304463,buy_cover,V2_50_reclaim_add2_dd_throttle
2,70386.79737426752,1932.9735118959343,0.75,304463,1821.865554,-4072.3901563423424,304974,sell,V2_50_reclaim_add2_dd_throttle
2,44842.6129369156,1810.6928375188913,0.5,304974,1643.248584,4146.832991756659,305802,buy_cover,V2_50_reclaim_add2_dd_throttle
2,70314.73977237666,1649.2951254260336,0.75,305802,1653.579218,154.44846980339207,307070,sell,V2_50_reclaim_add2_dd_throttle
2,70700.25826979756,1635.3806388710386,0.75,307070,1510.4720340000001,5400.011890950023,308019,buy_cover,V2_50_reclaim_add2_dd_throttle
2,74591.56606758048,1520.372978574734,0.75,308019,1519.925954,-51.75650458733435,308891,sell,V2_50_reclaim_add2_dd_throttle
0,37180.562220305466,1519.925954,0.37499999999999994,308891,1574.194776,-1327.5271512442414,309722,buy_cover,V2_50_reclaim_add2_dd_throttle
2,73433.62786532434,1577.3650444440211,0.75,309722,1559.867964,-843.6146232017782,310395,sell,V2_50_reclaim_add2_dd_throttle
2,72930.20462930165,1694.2084957559816,0.75,312072,1631.57625,2696.1187306440843,312729,buy_cover,V2_50_reclaim_add2_dd_throttle
2,74854.48974545278,1638.700115837704,0.75,312729,1422.985346,-9879.673130190298,313231,sell,V2_50_reclaim_add2_dd_throttle
2,44903.13473778709,1421.1509826549438,0.5,313231,1356.501246,2042.6951869691402,315107,buy_cover,V2_50_reclaim_add2_dd_throttle
0,22951.2905383685,1356.501246,0.25,315107,1303.549238,-904.7415046675778,315789,sell,V2_50_reclaim_add2_dd_throttle
2,45569.03578513738,1291.5588478073403,0.5,315789,1386.92733,-3364.807772523709,316243,buy_cover,V2_50_reclaim_add2_dd_throttle
2,43816.58374560351,1302.813766990125,0.5,317554,1316.0931659999999,-446.6145560339355,318102,buy_cover,V2_50_reclaim_add2_dd_throttle
2,43579.84855322441,1321.3976879492222,0.5,318102,1324.864974,96.87556265571766,318664,sell,V2_50_reclaim_add2_dd_throttle
2,43602.69056400482,1322.8708964870066,0.5,318664,1331.0761619999998,-270.4491667089751,319955,buy_cover,V2_50_reclaim_add2_dd_throttle
2,43462.96531810322,1333.3432771891082,0.5,319955,1278.314286,-1810.4449816175038,320900,sell,V2_50_reclaim_add2_dd_throttle
2,42562.11475925114,1298.0682439843729,0.5,321908,1305.068934,212.4293522175285,322432,sell,V2_50_reclaim_add2_dd_throttle
2,42691.30135620904,1299.4389245507416,0.5,322432,1309.0417559999999,-315.4862672957461,322997,buy_cover,V2_50_reclaim_add2_dd_throttle
2,42499.43323024154,1311.5955126893293,0.5,322997,1488.7022,5719.468151784196,325224,sell,V2_50_reclaim_add2_dd_throttle
0,22671.563762248454,1488.7022,0.25,325224,1612.792494,-1889.7799372608206,326789,buy_cover,V2_50_reclaim_add2_dd_throttle
2,44464.487687539986,1621.4073489218345,0.5,326789,1618.366262,-101.14757676464797,327744,sell,V2_50_reclaim_add2_dd_throttle
2,44359.52977163237,1616.2873211926194,0.5,327744,1325.36502,7984.458371650246,329053,buy_cover,V2_50_reclaim_add2_dd_throttle
2,72572.04616962164,1239.3505016935787,0.75,329822,1217.463444,1281.6326724663813,331730,buy_cover,V2_50_reclaim_add2_dd_throttle
2,73507.97217283133,1220.0702343723913,0.75,331730,1100.37988,-7237.736346445832,332258,sell,V2_50_reclaim_add2_dd_throttle
2,45393.670893123104,1094.4787148123328,0.5,332258,1173.78471,-3289.2262456853423,332748,buy_cover,V2_50_reclaim_add2_dd_throttle
2,43723.89843394578,1191.1514952418406,0.5,334054,1230.2560019999999,-1435.4171883003146,334641,buy_cover,V2_50_reclaim_add2_dd_throttle
2,43249.50546859206,1260.4967644388257,0.5,334641,1266.39667,185.05543478757318,335631,sell,V2_50_reclaim_add2_dd_throttle
2,43076.12214080068,1265.3832774565421,0.5,335631,1288.167582,-775.6205438476973,336080,buy_cover,V2_50_reclaim_add2_dd_throttle
1,32036.24741033117,1292.895443928036,0.375,336080,1229.414068,-1585.169028688466,336736,sell,V2_50_reclaim_add2_dd_throttle
2,41944.316087207786,1284.8267498013286,0.5,338497,1294.301088,292.39847173511953,338974,sell,V2_50_reclaim_add2_dd_throttle
2,42064.47108320379,1289.5756813106607,0.5,338974,1200.1599840000001,2916.6384631647597,340449,buy_cover,V2_50_reclaim_add2_dd_throttle
2,43571.23323357444,1210.8615227196676,0.5,340449,1199.290094,-433.64260810698033,341144,sell,V2_50_reclaim_add2_dd_throttle
2,43292.99999549635,1196.5017960823286,0.5,341144,1230.0859679999999,-1215.1736247088484,342408,buy_cover,V2_50_reclaim_add2_dd_throttle
1,31995.133324233146,1209.1173493720976,0.375,344605,1258.931736,-1318.1651319987795,345478,buy_cover,V2_50_reclaim_add2_dd_throttle
2,42047.66184943566,1265.168939934334,0.5,345478,1511.387662,8162.944611991465,355572,sell,V2_50_reclaim_add2_dd_throttle
1,34561.657828798365,1510.2692287003222,0.375,355572,1537.567452,-624.70300622777,355860,buy_cover,V2_50_reclaim_add2_dd_throttle
2,45780.43736914793,1551.4693771936038,0.5,356059,1564.277082,359.4656039424517,362196,sell,V2_50_reclaim_add2_dd_throttle
2,51881.337777178735,1511.0370051488194,0.5625,363060,1578.505638,-2316.5280814366633,364212,buy_cover,V2_50_reclaim_add2_dd_throttle
2,44879.59289449554,1588.1004311448387,0.5,364213,1839.3320600000002,7078.996338698213,381204,sell,V2_50_reclaim_add2_dd_throttle
0,36236.40645439567,1853.100546,0.375,384948,1826.914544,-526.3418075990558,385812,sell,V2_50_reclaim_add2_dd_throttle
2,72135.10371075137,1914.1396404427244,0.75,386388,1839.392048,-2844.61687382168,389844,sell,V2_50_reclaim_add2_dd_throttle
2,69959.29907489243,1720.9657502236728,0.75,392436,1735.1169539999999,-575.2603976148239,392724,buy_cover,V2_50_reclaim_add2_dd_throttle
2,69583.25364053794,1893.9277527033314,0.7500000000000001,393300,1830.393848,-2361.1442456172517,405972,sell,V2_50_reclaim_add2_dd_throttle
2,45151.812794815065,1687.2338372781448,0.5,409716,1641.9183179999998,1212.6836028080797,415082,buy_cover,V2_50_reclaim_add2_dd_throttle
2,45795.462721995566,1646.8801440884968,0.5,415082,1618.866162,-797.0009242387096,415885,sell,V2_50_reclaim_add2_dd_throttle
2,45393.07465768256,1628.6794568332436,0.5,417501,1614.2970759999998,-418.84774564846884,417955,sell,V2_50_reclaim_add2_dd_throttle
2,45156.448652391344,1613.0704685038136,0.5,417955,1648.6596659999998,-996.2855453564698,418770,buy_cover,V2_50_reclaim_add2_dd_throttle
2,44656.42587102816,1596.4051432020353,0.5,420483,1652.8293680000002,1559.8693064494,422900,sell,V2_50_reclaim_add2_dd_throttle
2,45448.810488127674,1649.3103618556283,0.5,422900,1653.1205579999998,-104.99289957699511,424061,buy_cover,V2_50_reclaim_add2_dd_throttle
1,34032.501242984115,1654.5056672863645,0.375,424061,1626.07472,-598.190632300415,424516,sell,V2_50_reclaim_add2_dd_throttle
2,45078.04172484833,1624.6656972566948,0.5,424516,1555.921122,1907.3915590917677,426094,buy_cover,V2_50_reclaim_add2_dd_throttle
2,46050.653750880985,1561.2933654199037,0.5,426094,1572.455446,310.67765653002425,427152,sell,V2_50_reclaim_add2_dd_throttle
2,52015.31898289356,1565.8487441619081,0.5625,427152,1577.495436,-386.88481959406636,427888,buy_cover,V2_50_reclaim_add2_dd_throttle
2,45987.0317859637,1579.3065728032848,0.5,427888,2233.033304,19009.532640517813,455796,sell,V2_50_reclaim_add2_dd_throttle
2,110960.44413940734,2313.6067843330993,0.9995218564102687,457236,2298.5402,-766.6832220497308,459252,sell,V2_50_reclaim_add2_dd_throttle
2,110193.7609173576,2378.5273238135064,0.9998604602838228,459540,3321.8055059999997,43639.17420338595,476244,sell,V2_50_reclaim_add2_dd_throttle
2,115409.73733322814,3362.6176382117224,0.75,476820,3139.372,-7705.1970818732225,479124,sell,V2_50_reclaim_add2_dd_throttle
2,109857.18131405373,3033.1758334382903,0.75,502452,3098.409558,-2362.6653663337347,504180,buy_cover,V2_50_reclaim_add2_dd_throttle
2,107942.76549720368,3500.4906427017145,0.75,505620,3271.3156059999997,-7107.294833972337,508788,sell,V2_50_reclaim_add2_dd_throttle
2,68342.2888722994,2986.86776747355,0.5,510804,2738.0174939999997,5693.926241321613,514048,buy_cover,V2_50_reclaim_add2_dd_throttle
2,88971.24461146555,2740.583838957666,0.625,514048,2544.34103,-6403.93004215596,514489,sell,V2_50_reclaim_add2_dd_throttle
0,33978.03353592317,2544.34103,0.25,514489,2635.807056,-1221.468380142418,515159,buy_cover,V2_50_reclaim_add2_dd_throttle
0,33670.96753921077,2552.629372,0.25,516152,2653.100514,-1325.2832646677634,516626,buy_cover,V2_50_reclaim_add2_dd_throttle
2,66729.77138928963,2662.1412130525105,0.5,516626,2733.4631980000004,1760.3670586716762,517456,sell,V2_50_reclaim_add2_dd_throttle
2,67606.99704860887,2727.0953389795704,0.5,517456,2556.081114,4239.58962877655,518370,buy_cover,V2_50_reclaim_add2_dd_throttle
2,69704.62392048299,2560.8608159199466,0.5,518370,2484.223056,-2113.0644847061485,519181,sell,V2_50_reclaim_add2_dd_throttle
2,68683.24857304269,2474.971693526992,0.5,519181,2542.038306,-1861.171117093967,519690,buy_cover,V2_50_reclaim_add2_dd_throttle
2,67687.90737201017,2317.961900480641,0.5,521440,2314.3170440000004,-133.46507240350184,522161,sell,V2_50_reclaim_add2_dd_throttle
2,67603.44895706487,2314.0714937580838,0.5,522161,2383.196544,-2019.421341906127,522796,buy_cover,V2_50_reclaim_add2_dd_throttle
2,66640.53222842404,2351.2975495476853,0.5,523935,2549.4100160000003,5586.009047482075,525467,sell,V2_50_reclaim_add2_dd_throttle
1,52073.93995790925,2542.1169294295246,0.375,525467,2637.987492,-1963.8563302948241,526527,buy_cover,V2_50_reclaim_add2_dd_throttle
2,68441.50917644011,2646.769378101993,0.5,526527,2644.1310679999997,-95.56934454414295,527308,sell,V2_50_reclaim_add2_dd_throttle
2,68382.7843435668,2639.819373009633,0.5,527308,2396.22915,6310.046972536227,528850,buy_cover,V2_50_reclaim_add2_dd_throttle
2,107457.56254544147,2408.0812720429976,0.75,528850,2412.987306,175.85923436562007,529800,sell,V2_50_reclaim_add2_dd_throttle
2,107462.62033961836,2408.199105502253,0.75,529800,2419.7038439999997,-513.3790396967815,530796,buy_cover,V2_50_reclaim_add2_dd_throttle
2,107188.45809494825,2430.9848766104,0.75,530796,2442.21146,451.94023729057517,531435,sell,V2_50_reclaim_add2_dd_throttle
2,107339.92304716082,2440.3049091268863,0.75,531435,2658.08151,-9579.176798372035,531995,buy_cover,V2_50_reclaim_add2_dd_throttle
0,33372.18268907983,2658.08151,0.25,531995,2587.992298,-892.9648336578975,532573,sell,V2_50_reclaim_add2_dd_throttle
2,66357.53933416668,2635.7230482834425,0.5,533849,2513.472594,3077.806678334724,535544,buy_cover,V2_50_reclaim_add2_dd_throttle
2,67849.70311653067,2516.789738082467,0.5,535544,2609.557984,2472.785802680941,536601,sell,V2_50_reclaim_add2_dd_throttle
2,69157.237543166,2597.7797232370394,0.5,536601,2485.7370479999995,2982.765903243242,538173,buy_cover,V2_50_reclaim_add2_dd_throttle
2,70600.98532010594,2491.684805170798,0.5,538173,3423.8650900000002,26374.188596442924,551988,sell,V2_50_reclaim_add2_dd_throttle
2,167476.2099479878,3492.3639407288842,0.9995635385182322,552276,3399.0700500000003,-4539.1001845187275,553428,sell,V2_50_reclaim_add2_dd_throttle
2,162937.10976346908,3459.529697893081,0.9995522712266278,554868,3221.045662,-11292.809456747025,556884,sell,V2_50_reclaim_add2_dd_throttle
2,113947.67225214234,3462.437404698593,0.75,558612,3269.8059080000003,-6382.47796958423,560052,sell,V2_50_reclaim_add2_dd_throttle
2,109040.59355845803,3080.577485702699,0.75,562356,3258.45156,-6296.053424371203,562932,buy_cover,V2_50_reclaim_add2_dd_throttle
2,69533.35442885078,3111.8320176104494,0.5,563508,2670.594012,9859.390187444791,566964,buy_cover,V2_50_reclaim_add2_dd_throttle
2,111634.1759814803,2673.5122272992253,0.75,566964,2634.862922,-1657.8296664951922,568315,sell,V2_50_reclaim_add2_dd_throttle
2,110452.6206985914,2627.818685400879,0.75,568315,2760.552,-5579.049398090006,568861,buy_cover,V2_50_reclaim_add2_dd_throttle
2,70891.78250557587,2717.9935546581764,0.5,569885,2263.9927079999998,11841.431942845644,571759,buy_cover,V2_50_reclaim_add2_dd_throttle
2,116449.97473486443,2320.0617903842844,0.75,571759,2162.987316,-7927.4011157361965,573015,sell,V2_50_reclaim_add2_dd_throttle
2,109326.0022233226,2152.238435162063,0.75,573015,1933.006524,11136.19962763897,575212,buy_cover,V2_50_reclaim_add2_dd_throttle
2,117417.87382835295,1933.986294804999,0.75,575212,1898.630198,-2192.6742998090194,575736,sell,V2_50_reclaim_add2_dd_throttle
2,116039.55019733027,1887.4076051317147,0.75,575736,1980.706062,-5736.0698060426075,576594,buy_cover,V2_50_reclaim_add2_dd_throttle
2,111658.16684388557,2025.1226935242644,0.75,578650,1860.251976,9090.397560777652,580291,buy_cover,V2_50_reclaim_add2_dd_throttle
2,118432.60977757479,1867.8011788143601,0.75,580291,1845.6308000000001,-1452.5744276922342,580765,sell,V2_50_reclaim_add2_dd_throttle
2,117445.50426880864,1833.6307875346743,0.75,580765,1596.499236,15188.467786116104,582726,buy_cover,V2_50_reclaim_add2_dd_throttle
2,171373.17978877958,1599.027756602779,0.9990130575943033,582726,1575.8847600000001,-2547.8631319447886,583835,sell,V2_50_reclaim_add2_dd_throttle
2,168987.42373919944,1574.099322965101,1.0,583835,1598.859708,-2658.144126807194,585438,buy_cover,V2_50_reclaim_add2_dd_throttle
2,166133.37504527977,1801.7406500845584,0.9987595252262353,587270,1779.8539580000001,-2083.749098259228,587989,sell,V2_50_reclaim_add2_dd_throttle
2,164099.4043131608,1778.1091804118319,1.0,587989,1831.326192,-4911.322643382853,588975,buy_cover,V2_50_reclaim_add2_dd_throttle
2,119368.35180706462,1841.9641771529105,0.75,590584,2404.3390360000003,36382.34202079107,599220,sell,V2_50_reclaim_add2_dd_throttle
1,146568.80290244432,2405.560096442852,0.75,599220,2474.4847979999995,-4199.519482089294,599508,buy_cover,V2_50_reclaim_add2_dd_throttle
2,191258.99220089635,2539.355599187038,0.9996826965590666,599778,2310.547798,-17302.931900357653,603796,sell,V2_50_reclaim_add2_dd_throttle
2,131171.6515160892,2282.0181603192173,0.75,603796,2309.571822,-1583.794227765553,604284,buy_cover,V2_50_reclaim_add2_dd_throttle
2,129466.60934190472,2317.1984071830334,0.75,604284,2393.481208,4208.589812194201,605281,sell,V2_50_reclaim_add2_dd_throttle
1,99310.53519907146,2393.254550314292,0.5625,605281,2454.9909,-2561.808636469985,605958,buy_cover,V2_50_reclaim_add2_dd_throttle
2,130515.07678500401,2457.0274677709417,0.75,605958,2402.759352,-2933.7210820998152,606708,sell,V2_50_reclaim_add2_dd_throttle
2,128510.26312671305,2546.109759318782,0.75,608021,4157.91825,81269.16751960281,631188,sell,V2_50_reclaim_add2_dd_throttle
2,252308.3972486573,4244.8138803322445,0.995639348568072,632628,4134.812872,-6636.671565770026,636372,sell,V2_50_reclaim_add2_dd_throttle
2,184485.10572250458,4167.113732953606,0.75,640404,3899.2200000000003,-11929.147430003504,641268,sell,V2_50_reclaim_add2_dd_throttle
2,175472.26695790963,3594.6952914123776,0.75,642708,2955.54099,31199.828040301567,649044,buy_cover,V2_50_reclaim_add2_dd_throttle
2,264907.3118397938,2959.875797956829,0.9994134732857705,649044,2988.7621280000003,2478.324846972304,650032,sell,V2_50_reclaim_add2_dd_throttle
2,267459.11173245905,2986.969293159482,1.0,650032,2859.97188,11371.608670622867,650941,buy_cover,V2_50_reclaim_add2_dd_throttle
2,278593.477618538,2858.73905136579,1.0,650941,3064.856906,19967.399399736372,651829,sell,V2_50_reclaim_add2_dd_throttle
2,299577.63387853146,3047.176289370747,1.0,651829,3079.935864,-3220.6863059864263,652419,buy_cover,V2_50_reclaim_add2_dd_throttle
2,295390.5511020167,3095.5636618471935,0.9975773720432652,652419,3282.453378,17708.455950887175,653371,sell,V2_50_reclaim_add2_dd_throttle
2,313661.6544936037,3270.551664995299,1.0,653371,3127.77543,13692.940494669077,654541,buy_cover,V2_50_reclaim_add2_dd_throttle
2,326729.2152166742,3136.9938763932437,0.9986195973157542,654541,2862.9073040000003,-28666.365000915015,655288,sell,V2_50_reclaim_add2_dd_throttle
2,298062.8502157592,2967.771260030233,0.9996783669838462,657584,3175.724728,20757.871687100327,661320,sell,V2_50_reclaim_add2_dd_throttle
2,319433.2281159763,3163.64434152695,1.0,661320,3107.1213,5707.145105282019,662399,buy_cover,V2_50_reclaim_add2_dd_throttle
2,324463.98036251834,3110.669904242102,0.9993979341427732,662399,3287.4323820000004,18300.379073407385,663918,sell,V2_50_reclaim_add2_dd_throttle
2,343301.2824074278,3275.101702643087,1.0,663918,3341.928252,-7004.849401484826,664479,buy_cover,V2_50_reclaim_add2_dd_throttle
2,335690.8497779594,3348.330233130481,0.9988629090775997,664479,3166.056662,-18401.008766427753,664944,sell,V2_50_reclaim_add2_dd_throttle
2,317289.84101153165,2977.9159065162817,0.9979944910795716,667093,2940.531776,-4108.50011746044,667528,sell,V2_50_reclaim_add2_dd_throttle
2,313401.1725708507,2936.5904847068587,1.0,667528,2093.158548,90013.43073341512,670116,buy_cover,V2_50_reclaim_add2_dd_throttle
2,403132.09139297216,2100.127441977349,0.9980952371733866,670116,2055.38884,-8745.64559795626,670665,sell,V2_50_reclaim_add2_dd_throttle
2,394788.43537926534,2051.279849189977,1.0,670665,2012.20236,7520.852212204074,671977,buy_cover,V2_50_reclaim_add2_dd_throttle
2,401828.34032014414,2028.044420677993,0.9959406454437592,671977,2026.074704,-550.8306924288627,672526,sell,V2_50_reclaim_add2_dd_throttle
2,402221.1436554771,2016.5101671599466,1.0,672526,2022.214362,-1137.7652711447445,673329,buy_cover,V2_50_reclaim_add2_dd_throttle
2,400059.30012783944,2025.7672059277231,0.9990359351045304,673329,1951.90954,-14739.979324059328,674551,sell,V2_50_reclaim_add2_dd_throttle
2,385838.0477269435,1945.5670026953724,1.0,674551,1904.340792,8175.853115585458,675266,buy_cover,V2_50_reclaim_add2_dd_throttle
2,393418.00630982016,1916.1258046311414,0.9972413717151152,675266,1969.376046,10771.588972609024,675963,sell,V2_50_reclaim_add2_dd_throttle
2,404675.5807228987,1964.7803551120903,1.0,675963,1989.307782,-5051.770032567263,676425,buy_cover,V2_50_reclaim_add2_dd_throttle
2,399056.89013371733,2009.8414870683146,0.99575382220468,676425,2051.559606,8120.27219915489,677958,sell,V2_50_reclaim_add2_dd_throttle
2,408507.3715820221,2040.0473585480288,1.0,677958,1982.0363280000001,11616.38032553537,678745,buy_cover,V2_50_reclaim_add2_dd_throttle
2,418711.8411840912,1995.1936729300432,0.9965604225237933,678745,2066.33665,14756.643464960216,680265,sell,V2_50_reclaim_add2_dd_throttle
2,433501.0688031282,2065.82593634959,1.0,680265,2147.389392,-17115.579459895962,680700,buy_cover,V2_50_reclaim_add2_dd_throttle
2,416266.20497539476,2153.5410927340504,0.9983017788586678,680700,2292.011506,26588.281512580812,681437,sell,V2_50_reclaim_add2_dd_throttle
2,444401.403700143,2276.202420311136,1.0,681437,2157.371388,23200.360143955273,682873,buy_cover,V2_50_reclaim_add2_dd_throttle
2,466804.26931097225,2132.4650353584425,1.0,683665,2039.05773,20447.213096959225,684789,buy_cover,V2_50_reclaim_add2_dd_throttle
2,486319.81859428785,2040.1701452768355,0.9996322812700843,684789,2081.13369,9566.155815169099,685646,sell,V2_50_reclaim_add2_dd_throttle
2,497169.0536185012,2071.7137756054585,1.0,685646,2086.727262,-3602.910504303698,686759,buy_cover,V2_50_reclaim_add2_dd_throttle
2,492183.6300944296,2095.7760919567068,0.9975719476789474,686759,2089.562004,-1655.620812080393,687192,sell,V2_50_reclaim_add2_dd_throttle
2,490578.159315344,2088.9959515058126,1.0,687192,2265.623034,-41478.94326658273,688412,buy_cover,V2_50_reclaim_add2_dd_throttle
2,448950.9503839034,2277.2281102413563,0.9969439286027886,688412,2298.450218,4002.660127961659,689818,sell,V2_50_reclaim_add2_dd_throttle
2,453179.5857026302,2294.8072834508134,1.0,689818,2345.71905,-10054.060276545468,691407,buy_cover,V2_50_reclaim_add2_dd_throttle
2,442808.91431817913,2353.1876716672696,0.9983487497493598,691407,2294.710966,-11176.504793884757,691879,sell,V2_50_reclaim_add2_dd_throttle
2,324571.8747375693,2247.0586414193767,0.75,693265,2287.00731,-5770.292026897194,694011,buy_cover,V2_50_reclaim_add2_dd_throttle
2,319508.362509461,2289.1608459660906,0.75,694011,2335.7927480000003,6378.228253845999,695708,sell,V2_50_reclaim_add2_dd_throttle
2,324250.7978047828,2333.248980779312,0.75,695708,2321.8942859999997,1577.9708836881327,696325,buy_cover,V2_50_reclaim_add2_dd_throttle
2,325570.82994209725,2327.98508519378,0.75,696325,2308.8981280000003,-2798.4759952293243,697026,sell,V2_50_reclaim_add2_dd_throttle
2,323402.39022329333,2304.6993200777765,0.75,697026,2320.053918,-2154.5906718789483,697536,buy_cover,V2_50_reclaim_add2_dd_throttle
1,241164.44660724225,2146.094890740315,0.5625,699627,2095.43083,-5787.48282649371,700245,sell,V2_50_reclaim_add2_dd_throttle
2,317462.202642655,2090.186923916115,0.75,700245,2041.50822,7393.441378014977,702222,buy_cover,V2_50_reclaim_add2_dd_throttle
0,161329.97664984845,2041.50822,0.375,702222,2006.018716,-2867.9582232792454,702783,sell,V2_50_reclaim_add2_dd_throttle
2,320602.70018542465,2004.6719777418436,0.75,702783,1609.741884,63160.29579275483,704704,buy_cover,V2_50_reclaim_add2_dd_throttle
2,490441.488095701,1621.496111669619,0.9962973600496542,704704,1648.6702,8019.693702225515,705375,sell,V2_50_reclaim_add2_dd_throttle
2,499561.9584694714,1641.1860938482366,1.0,705375,1667.1233579999998,-7895.0444512702525,705922,buy_cover,V2_50_reclaim_add2_dd_throttle
2,490466.2249549624,1674.8501749874147,0.9971550343425708,705922,1676.504632,288.1336038800655,706102,sell_final,V2_50_reclaim_add2_dd_throttle
0,7500.0,173.114616,0.75,1982,172.275538,-39.337290453502646,2899,sell,V3_constant_75
0,7470.497032159873,172.275538,0.75,2899,176.065206,-164.33355114576534,4027,buy_cover,V3_constant_75
0,7346.126294245725,176.065206,0.75,4027,185.71285,399.43813666681126,5104,sell,V3_constant_75
0,7645.704896745834,185.71285,0.75,5104,185.347062,15.059613737706059,6094,buy_cover,V3_constant_75
0,7655.8527513146,185.347062,0.75,6094,176.86462,-353.29339375577456,6611,sell,V3_constant_75
0,7390.882705997768,176.86462,0.75,6611,175.555104,54.72282165825163,7835,buy_cover,V3_constant_75
0,7430.816189835557,175.555104,0.75,7835,171.305732,-182.76556572960908,8379,sell,V3_constant_75
0,7293.742015538352,171.305732,0.75,8379,164.08281,307.53306922306456,9191,buy_cover,V3_constant_75
0,7523.29775615332,164.08281,0.75,9191,182.553482,843.5439304568763,10628,sell,V3_constant_75
0,8155.955703995976,182.553482,0.75,10628,184.24684200000002,-75.65404335895073,11330,buy_cover,V3_constant_75
0,8097.991778121164,184.24684200000002,0.75,11330,181.153762,-139.13112497149177,11781,sell,V3_constant_75
0,7993.643434392546,181.153762,0.75,11781,188.767746,-335.97653276164147,12405,buy_cover,V3_constant_75
0,7740.461988306155,188.767746,0.75,12405,188.04238400000003,-32.8276035969684,12871,sell,V3_constant_75
0,7715.841285608429,188.04238400000003,0.75,12871,187.177428,35.491578240616946,13737,buy_cover,V3_constant_75
0,7741.30259309605,187.177428,0.75,13737,184.603072,-109.52409770054874,14236,sell,V3_constant_75
0,7659.159519820639,184.603072,0.75,14236,184.51689599999997,3.5757382225683614,14247,buy_cover,V3_constant_75
0,7660.692449559593,182.253542,0.75,15687,144.60891600000002,1582.3228635900632,30375,buy_cover,V3_constant_75
0,8846.285493384707,143.62127,0.75,30663,143.75874599999997,-8.467416248666268,31527,buy_cover,V3_constant_75
0,8838.607988374199,201.029786,0.75,48807,142.47849,2574.3050978909323,55344,buy_cover,V3_constant_75
0,10768.011020594142,169.23384,0.75,57447,163.63726599999998,-360.26316711316395,57493,sell,V3_constant_75
0,10497.81364525927,163.63726599999998,0.75,57493,160.362066,210.1141593810098,58193,buy_cover,V3_constant_75
0,10653.824592748239,160.362066,0.7500000000000001,58193,153.38931599999998,-467.31789554642455,59163,sell,V3_constant_75
0,10303.33617108842,153.38931599999998,0.7500000000000001,59163,179.475888,-1752.2644595356687,59905,buy_cover,V3_constant_75
0,8987.592326011003,175.075008,0.7499999999999999,60992,390.4219,11046.960130247127,95701,sell,V3_constant_75
0,17272.81242369635,370.494084,0.75,101495,317.596468,-2472.06293605656,105239,sell,V3_constant_75
0,15418.765221653928,365.333052,0.75,109847,934.813,24018.9401979674,136783,sell,V3_constant_75
0,33432.97037012948,1576.9353239999998,0.75,150989,3432.533356,39311.856203129704,172818,sell,V3_constant_75
0,62916.86252247676,2871.4441739999997,0.75,175757,2256.79855,-13487.416948565435,176621,sell,V3_constant_75
0,52801.299811052675,2843.838654,0.75,178061,2703.819128,-2619.808728039694,178925,sell,V3_constant_75
0,50836.4432650229,1804.359056,0.75,184304,1985.537028,-5104.549244961519,184880,buy_cover,V3_constant_75
0,47000.40586481201,1942.36145,0.75,189488,2023.494618,-1963.222664296205,192080,buy_cover,V3_constant_75
0,45520.93880571013,2182.9765079999997,0.75,192656,3060.8077160000003,18279.61674888066,209936,sell,V3_constant_75
0,59230.65136737063,3305.06088,0.75,212528,4179.51393,15641.28873502266,231248,sell,V3_constant_75
0,70961.61791863761,4354.9308120000005,0.7499999999999999,231536,4078.8540660000003,-4525.127647814472,232976,sell,V3_constant_75
0,67567.77218277677,3406.5785480000004,0.75,240464,2465.162934,18672.50718056351,246224,buy_cover,V3_constant_75
0,81562.01740237197,2465.162934,0.75,246224,2337.842338,-4243.447177536247,246475,sell,V3_constant_75
0,78379.43201921979,2337.842338,0.75,246475,2591.588214,-8507.181681902992,246962,buy_cover,V3_constant_75
0,71987.28884298966,2752.75044,0.7499999999999999,248591,2959.8379139999997,5384.594924156641,249284,sell,V3_constant_75
0,76025.73503610714,2959.8379139999997,0.75,249284,3195.0088739999997,-6040.545427323377,249750,buy_cover,V3_constant_75
0,71483.9221053592,3195.0088739999997,0.7500000000000001,249750,3076.8845,-2670.4038070285023,250537,sell,V3_constant_75
0,69481.11925008782,2959.0816979999995,0.75,251580,3050.369804,2114.8557736041257,252179,sell,V3_constant_75
0,71067.26108029092,3050.369804,0.75,252179,2666.013096,8954.712985365986,254066,buy_cover,V3_constant_75
0,77772.63573015336,2666.013096,0.75,254066,2650.31983,-488.72504061505606,255380,sell,V3_constant_75
0,77406.09194969207,2650.31983,0.75,255380,2995.9490699999997,-10094.555061965424,255884,buy_cover,V3_constant_75
0,69823.56473942555,2632.596414,0.75,258056,2534.323034,-2633.3595164380095,258628,sell,V3_constant_75
0,67848.54510209704,2534.323034,0.75,258628,2606.341164,-1928.056606226397,259955,buy_cover,V3_constant_75
0,66392.32536566193,2885.982688,0.7500000000000001,261337,2964.072696,-1796.4658515914198,261799,buy_cover,V3_constant_75
0,65035.01712816351,2964.072696,0.75,261799,3176.894494,4641.665437553558,266378,sell,V3_constant_75
0,68516.26620632868,3176.894494,0.75,266378,3228.6756060000002,-1116.7634343162354,266666,buy_cover,V3_constant_75
0,67668.41619066056,3272.1543,0.7500000000000001,266698,2984.2630280000003,-5978.298295646069,267818,sell,V3_constant_75
0,63184.692468926005,2984.2630280000003,0.75,267818,3096.8892539999997,-2384.590620845891,268277,buy_cover,V3_constant_75
0,61386.77179942124,3012.587362,0.75,269538,3118.02348,-2148.444005477766,270002,buy_cover,V3_constant_75
0,59766.23077954301,3118.02348,0.75,270002,3025.524774,-1796.2088795384698,270647,sell,V3_constant_75
0,58419.07411988915,2971.384158,0.75,271787,2837.23244,-2659.808191686483,272853,sell,V3_constant_75
0,56424.21797612428,2837.23244,0.75,272853,2835.677022,30.934950225775538,273570,buy_cover,V3_constant_75
0,56438.95555609719,2835.677022,0.75,273570,2762.4773940000005,-1478.8950991143938,274101,sell,V3_constant_75
0,55329.7842317614,2762.4773940000005,0.75,274101,2089.877892,13471.527414551543,277466,buy_cover,V3_constant_75
0,65425.1303250403,2089.877892,0.75,277466,2001.989522,-2776.4756086729394,278340,sell,V3_constant_75
0,63342.7736185356,2001.989522,0.75,278340,2050.10994,-1522.5232279798583,278781,buy_cover,V3_constant_75
0,62191.37978150792,1989.082104,0.75,279862,1836.297186,4777.032284987457,281661,buy_cover,V3_constant_75
0,65764.8252882813,1836.297186,0.75,281661,1916.876548,2858.3976089488424,282267,sell,V3_constant_75
0,67908.62349499293,1916.876548,0.7500000000000001,282267,1796.319192,4270.952652699663,283346,buy_cover,V3_constant_75
0,71101.65169099343,1796.319192,0.7500000000000001,283346,1780.423844,-657.3535867268365,283952,sell,V3_constant_75
0,70608.6365009483,1780.423844,0.75,283952,1248.729696,21086.10400785973,286538,buy_cover,V3_constant_75
0,86412.62321136794,1141.5282599999998,0.75,288796,1192.91137,3853.5361418614193,289870,sell,V3_constant_75
0,89302.77531776401,1192.91137,0.75,289870,1092.208398,7538.748485427481,291864,buy_cover,V3_constant_75
0,94943.44126553695,1092.208398,0.75,291864,1188.502252,8329.306205900706,293479,sell,V3_constant_75
0,101190.42091996249,1188.502252,0.75,293479,1099.829922,7549.665836345375,294463,buy_cover,V3_constant_75
0,106837.49173408351,1099.829922,0.75,294463,1481.893562,37056.091838891734,296666,sell,V3_constant_75
0,134629.5606132523,1481.893562,0.75,296666,1606.881312,-11355.09164941634,297550,buy_cover,V3_constant_75
0,126093.04744209806,1606.881312,0.75,297550,1479.1741060000002,-10067.693632248891,297999,sell,V3_constant_75
0,118542.27721791141,1670.405852,0.75,299769,1681.2261780000001,-767.8721377138427,300509,buy_cover,V3_constant_75
0,117948.59177304333,1681.2261780000001,0.75,300509,1711.05772,2044.8585369254288,302229,sell,V3_constant_75
0,119482.23567573741,1711.05772,0.75,302229,1891.82829,-12623.10590339548,302683,buy_cover,V3_constant_75
0,109996.98391283944,1891.82829,0.75,302683,1958.368248,3823.3054787455185,303731,sell,V3_constant_75
0,112864.46302189858,1958.368248,0.75,303731,1919.6938619999999,2228.882376773676,304463,buy_cover,V3_constant_75
0,114519.19513502557,1919.6938619999999,0.75,304463,1821.865554,-5879.409421580785,304974,sell,V3_constant_75
0,110109.63806883998,1821.865554,0.75,304974,1643.248584,10795.229710541593,305802,buy_cover,V3_constant_75
0,118189.54390603586,1643.248584,0.75,305802,1653.579218,695.4555992582464,307070,sell,V3_constant_75
0,118711.13560547955,1653.579218,0.75,307070,1510.4720340000001,10273.728233524715,308019,buy_cover,V3_constant_75
0,126398.62511028227,1510.4720340000001,0.75,308019,1519.925954,740.2477696072601,308891,sell,V3_constant_75
0,126953.81093748772,1519.925954,0.75,308891,1574.194776,-4532.86935186261,309722,buy_cover,V3_constant_75
0,123535.11585195013,1574.194776,0.75,309722,1559.867964,-1173.2576478381816,310395,sell,V3_constant_75
0,122655.17261607149,1707.098512,0.75,312072,1631.57625,5426.285607831902,312729,buy_cover,V3_constant_75
0,126706.488546053,1631.57625,0.75,312729,1422.985346,-16243.14791723981,313231,sell,V3_constant_75
0,114524.12760812315,1422.985346,0.75,313231,1356.501246,5350.750650945964,315107,buy_cover,V3_constant_75
0,118520.0119771914,1356.501246,0.75,315107,1303.549238,-4672.067297923975,315789,sell,V3_constant_75
0,115015.9615037484,1303.549238,0.75,315789,1386.92733,-7356.688001820425,316243,buy_cover,V3_constant_75
0,109481.1931081575,1307.948358,0.75,317554,1316.0931659999999,-681.7528601376398,318102,buy_cover,V3_constant_75
0,108953.45628408804,1316.0931659999999,0.75,318102,1324.864974,682.3112142764148,318664,sell,V3_constant_75
0,109465.18969479535,1324.864974,0.75,318664,1331.0761619999998,-513.1866701382387,319955,buy_cover,V3_constant_75
0,109063.87991373746,1331.0761619999998,0.75,319955,1278.314286,-4365.021824861571,320900,sell,V3_constant_75
0,105790.11354509127,1294.848918,0.75,321908,1305.068934,792.3370866372134,322432,sell,V3_constant_75
0,106384.36636006918,1305.068934,0.75,322432,1309.0417559999999,-323.84540743977414,322997,buy_cover,V3_constant_75
0,106125.52464953535,1309.0417559999999,0.75,322997,1488.7022,14517.007872307935,325224,sell,V3_constant_75
0,117013.2805537663,1488.7022,0.75,325224,1612.792494,-9753.599368023875,326789,buy_cover,V3_constant_75
0,109680.52903566531,1612.792494,0.75,326789,1618.366262,335.0335632061324,327744,sell,V3_constant_75
0,109931.80420806992,1618.366262,0.75,327744,1325.36502,19902.887098282838,329053,buy_cover,V3_constant_75
0,124842.47976115084,1241.9215660000002,0.75,329822,1217.463444,2458.624412378558,331730,buy_cover,V3_constant_75
0,126667.72169847059,1217.463444,0.75,331730,1100.37988,-12227.43552854762,332258,sell,V3_constant_75
0,117497.14505205987,1100.37988,0.75,332258,1173.78471,-7838.068105514336,332748,buy_cover,V3_constant_75
0,111600.96940116632,1193.541244,0.75,334054,1230.2560019999999,-3432.9748660270707,334641,buy_cover,V3_constant_75
0,109009.49810623584,1230.2560019999999,0.75,334641,1266.39667,3157.4419384256616,335631,sell,V3_constant_75
0,111377.57956005508,1266.39667,0.75,335631,1288.167582,-1914.712666178646,336080,buy_cover,V3_constant_75
0,109924.83842348709,1288.167582,0.75,336080,1229.414068,-5055.64840759091,336736,sell,V3_constant_75
0,106133.10211779391,1279.2858059999999,0.75,338497,1294.301088,1202.762251818116,338974,sell,V3_constant_75
0,107035.17380665749,1294.301088,0.75,338974,1200.1599840000001,7785.216794443346,340449,buy_cover,V3_constant_75
0,112858.03112641901,1200.1599840000001,0.75,340449,1199.290094,-126.90680263434479,341144,sell,V3_constant_75
0,112762.85102444324,1199.290094,0.75,341144,1230.0859679999999,-2895.567153504293,342408,buy_cover,V3_constant_75
0,110574.26123166135,1209.748002,0.75,344605,1258.931736,-4495.522600124677,345478,buy_cover,V3_constant_75
0,107186.0331423831,1258.931736,0.75,345478,1511.387662,21442.74792672388,355572,sell,V3_constant_75
0,123268.094087426,1511.387662,0.75,355572,1537.567452,-2135.2068147216924,355860,buy_cover,V3_constant_75
0,121648.19876227163,1548.099558,0.75,356059,1564.277082,1222.051683407859,362196,sell,V3_constant_75
0,122564.73752482752,1532.313476,0.75,363060,1578.505638,-3694.7547359879245,364212,buy_cover,V3_constant_75
0,119775.28676220786,1576.855308,0.75,364213,1839.3320600000002,19881.41478958004,381204,sell,V3_constant_75
0,134686.3478543929,1853.100546,0.75,384948,1826.914544,-1956.3489519252907,385812,sell,V3_constant_75
0,133219.08614044893,1910.2219679999998,0.75,386388,1839.392048,-4990.99289135146,389844,sell,V3_constant_75
0,129475.84147193533,1721.8555600000002,0.75,392436,1735.1169539999999,-997.1923318653571,392724,buy_cover,V3_constant_75
0,128708.52584681554,1889.1477539999998,0.75,393300,1830.393848,-4052.8085253561585,405972,sell,V3_constant_75
0,125668.91945279841,1687.652402,0.75,409716,1641.9183179999998,3405.5360956773657,415082,buy_cover,V3_constant_75
0,128204.22118663853,1641.9183179999998,0.75,415082,1618.866162,-1850.514463311847,415885,sell,V3_constant_75
0,126816.33533915464,1623.294594,0.75,417501,1614.2970759999998,-753.3517153260036,417955,sell,V3_constant_75
0,126251.32155266016,1614.2970759999998,0.75,417955,1648.6596659999998,-2687.4322813019535,418770,buy_cover,V3_constant_75
0,124216.80964345078,1594.838904,0.75,420483,1652.8293680000002,4465.200181622786,422900,sell,V3_constant_75
0,127565.70977966787,1652.8293680000002,0.75,422900,1653.1205579999998,-22.46900042425841,424061,buy_cover,V3_constant_75
0,127529.72317288272,1653.1205579999998,0.75,424061,1626.07472,-2136.61917436769,424516,sell,V3_constant_75
0,125927.25879210694,1626.07472,0.75,424516,1555.921122,5432.873421621553,426094,buy_cover,V3_constant_75
0,129983.0247695043,1555.921122,0.75,426094,1572.455446,1328.7515584386274,427152,sell,V3_constant_75
0,130979.58843833329,1572.455446,0.75,427152,1577.495436,-419.8068395669834,427888,buy_cover,V3_constant_75
0,130645.08637039231,1577.495436,0.75,427888,2233.033304,54216.397188846386,455796,sell,V3_constant_75
0,171307.3842620271,2311.052118,0.7500000000000001,457236,2298.5402,-995.5945779834001,459252,sell,V3_constant_75
0,170560.68832853955,2377.7754600000003,0.75,459540,3321.8055059999997,67621.10722512097,476244,sell,V3_constant_75
0,221276.51874738027,3359.401746,0.75,476820,3139.372,-14575.588111831428,479124,sell,V3_constant_75
0,210344.82766350667,3048.8901,0.75,502452,3098.409558,-3416.3697109394707,504180,buy_cover,V3_constant_75
0,207750.99865615254,3487.957452,0.75,505620,3271.3156059999997,-12981.632066673366,508788,sell,V3_constant_75
0,198014.77460614752,2991.741532,0.75,510804,2738.0174939999997,16793.272194828227,514048,buy_cover,V3_constant_75
0,210580.02653607773,2738.0174939999997,0.75,514048,2544.34103,-14973.859205621004,514489,sell,V3_constant_75
0,199349.632131862,2544.34103,0.75,514489,2635.807056,-7166.373297755868,515159,buy_cover,V3_constant_75
0,193944.94971372528,2552.629372,0.75,516152,2653.100514,-7633.63855888939,516626,buy_cover,V3_constant_75
0,188190.62905210117,2653.100514,0.75,516626,2733.4631980000004,5622.7646440660465,517456,sell,V3_constant_75
0,192407.70253515072,2733.4631980000004,0.75,517456,2556.081114,12485.881994203053,518370,buy_cover,V3_constant_75
0,201743.2528754227,2556.081114,0.75,518370,2484.223056,-5749.946014935238,519181,sell,V3_constant_75
0,197430.79336422126,2484.223056,0.75,519181,2542.038306,-4594.79295686289,519690,buy_cover,V3_constant_75
0,193955.08402756945,2316.0331140000003,0.7499999999999999,521440,2314.3170440000004,-221.22825692855986,522161,sell,V3_constant_75
0,193789.16283487304,2314.3170440000004,0.75,522161,2383.196544,-5767.611746447452,522796,buy_cover,V3_constant_75
0,189434.38565061224,2345.1289319999996,0.7500000000000001,523935,2549.4100160000003,16419.01307512293,525467,sell,V3_constant_75
0,201748.6454569544,2549.4100160000003,0.75,525467,2637.987492,-7009.607870223292,526527,buy_cover,V3_constant_75
0,196461.1772574684,2637.987492,0.7500000000000001,526527,2644.1310679999997,378.7763643110811,527308,sell,V3_constant_75
0,196745.25953070167,2644.1310679999997,0.75,527308,2396.22915,18445.963834096037,528850,buy_cover,V3_constant_75
0,210550.22061734408,2396.22915,0.75,528850,2412.987306,1387.6935606472543,529800,sell,V3_constant_75
0,211590.99078782953,2412.987306,0.75,529800,2419.7038439999997,-588.953968820686,530796,buy_cover,V3_constant_75
0,211117.5366625958,2419.7038439999997,0.75,530796,2442.21146,1878.5503912422864,531435,sell,V3_constant_75
0,212526.44945602756,2442.21146,0.75,531435,2658.08151,-18785.462858277664,531995,buy_cover,V3_constant_75
0,198405.4733449009,2658.08151,0.75,531995,2587.992298,-5308.885911146004,532573,sell,V3_constant_75
0,194423.80891154142,2644.710952,0.7500000000000001,533849,2513.472594,9647.890241282264,535544,buy_cover,V3_constant_75
0,201630.5630211664,2513.472594,0.75,535544,2609.557984,7624.234979923582,536601,sell,V3_constant_75
0,207348.73925610908,2609.557984,0.75,536601,2485.7370479999995,9838.499756320904,538173,buy_cover,V3_constant_75
0,214696.51176246136,2485.7370479999995,0.75,538173,3423.8650900000002,80909.12552991664,551988,sell,V3_constant_75
0,275378.3559098988,3488.8776359999997,0.75,552276,3399.0700500000003,-7195.849980363215,553428,sell,V3_constant_75
0,269981.4684246264,3455.500962,0.75,554868,3221.045662,-18418.863471323973,556884,sell,V3_constant_75
0,256167.32082113344,3447.199302,0.75,558612,3269.8059080000003,-13279.593062320113,560052,sell,V3_constant_75
0,246207.62602439336,3085.752726,0.75,562356,3258.45156,-13779.373015806486,562932,buy_cover,V3_constant_75
0,235836.16511863488,3119.955884,0.75,563508,2670.594012,33967.08472045718,566964,buy_cover,V3_constant_75
0,261276.10323420996,2670.594012,0.75,566964,2634.862922,-3598.833467753895,568315,sell,V3_constant_75
0,258576.97813339456,2634.862922,0.75,568315,2760.552,-12334.711285980418,568861,buy_cover,V3_constant_75
0,249287.15812218923,2737.1024700000003,0.75,569885,2263.9927079999998,43089.43925808437,571759,buy_cover,V3_constant_75
0,281566.8444920342,2263.9927079999998,0.7499999999999999,571759,2162.987316,-12669.367372537206,573015,sell,V3_constant_75
0,272064.8189626313,2162.987316,0.75,573015,1933.006524,28927.44821647645,575212,buy_cover,V3_constant_75
0,293719.59540214424,1933.006524,0.7499999999999999,575212,1898.630198,-5338.856380893558,575736,sell,V3_constant_75
0,289715.4531164741,1898.630198,0.75,575736,1980.706062,-12524.09405480232,576594,buy_cover,V3_constant_75
0,280278.9252574049,2034.403038,0.7500000000000001,578650,1860.251976,23992.73518258118,580291,buy_cover,V3_constant_75
0,298231.4348055521,1860.251976,0.7499999999999999,580291,1845.6308000000001,-2462.377348745591,580765,sell,V3_constant_75
0,296384.65179399296,1845.6308000000001,0.75,580765,1596.499236,40007.346417359135,582726,buy_cover,V3_constant_75
0,326345.7039092432,1596.499236,0.75,582726,1575.8847600000001,-4342.713257724419,583835,sell,V3_constant_75
0,323088.6689659499,1575.8847600000001,0.75,583835,1598.859708,-4710.322032648895,585438,buy_cover,V3_constant_75
0,319507.46414111834,1797.7894860000001,0.75,587270,1779.8539580000001,-3314.0604161436204,587989,sell,V3_constant_75
0,317021.9188290106,1779.8539580000001,0.75,587989,1831.326192,-9168.05735264381,588975,buy_cover,V3_constant_75
0,310098.32252670336,1839.897906,0.7499999999999999,590584,2404.3390360000003,94969.42424401973,599220,sell,V3_constant_75
0,381325.39070971817,2404.3390360000003,0.75,599220,2474.4847979999995,-11125.021037975268,599508,buy_cover,V3_constant_75
0,372924.42612263025,2537.7074399999997,0.7499999999999999,599778,2310.547798,-33517.65739762451,603796,sell,V3_constant_75
0,347786.1830744119,2310.547798,0.75,603796,2309.571822,146.91888113843743,604284,buy_cover,V3_constant_75
0,347844.2043078046,2309.571822,0.75,604284,2393.481208,12493.399515912577,605281,sell,V3_constant_75
0,357214.253944739,2393.481208,0.75,605281,2454.9909,-9179.977509913617,605958,buy_cover,V3_constant_75
0,350275.6886742121,2454.9909,0.75,605958,2402.759352,-7589.4615559629165,606708,sell,V3_constant_75
0,344583.5925072399,2535.617022,0.75,608021,4157.91825,220240.41390111344,631188,sell,V3_constant_75
0,509763.902933075,4209.771786,0.75,632628,4134.812872,-9277.076661975181,636372,sell,V3_constant_75
0,502806.09543659363,4153.360506,0.75,640404,3899.2200000000003,-30955.063385354006,641268,sell,V3_constant_75
0,479589.7978975781,3602.5093540000003,0.75,642708,2955.54099,86128.71005879948,649044,buy_cover,V3_constant_75
0,544114.3919719931,2955.54099,0.75,649044,2988.7621280000003,5895.933440401102,650032,sell,V3_constant_75
0,548536.3420522939,2988.7621280000003,0.75,650032,2859.97188,23637.275653363322,650941,buy_cover,V3_constant_75
0,566182.0183410086,2859.97188,0.75,650941,3064.856906,40317.94194130984,651829,sell,V3_constant_75
0,596420.474796991,3064.856906,0.75,651829,3079.935864,-2934.337911412935,652419,buy_cover,V3_constant_75
0,594130.2582922117,3079.935864,0.75,652419,3282.453378,38813.074115490774,653371,sell,V3_constant_75
0,623240.0638788298,3282.453378,0.75,653371,3127.77543,29368.755947145284,654541,buy_cover,V3_constant_75
0,645173.1448296069,3127.77543,0.75,654541,2862.9073040000003,-54871.12490591407,655288,sell,V3_constant_75
0,604019.8011501713,2966.84325,0.75,657584,3175.724728,42267.60051649285,661320,sell,V3_constant_75
0,635720.5015375409,3175.724728,0.7499999999999999,661320,3107.1213,13733.143896653084,662399,buy_cover,V3_constant_75
0,645925.0013848002,3107.1213,0.75,662399,3287.4323820000004,37210.69625494757,663918,sell,V3_constant_75
0,673833.0235760108,3287.4323820000004,0.75,663918,3341.928252,-11170.123826577445,664479,buy_cover,V3_constant_75
0,665354.3557525413,3341.928252,0.75,664479,3166.056662,-35266.90435779281,664944,sell,V3_constant_75
0,638904.1774841967,2966.133108,0.75,667093,2940.531776,-5767.849724403932,667528,sell,V3_constant_75
0,634578.2901908938,2940.531776,0.75,667528,2093.158548,182866.48411606794,670116,buy_cover,V3_constant_75
0,771632.966534416,2093.158548,0.7499999999999999,670116,2055.38884,-14226.677063042647,670665,sell,V3_constant_75
0,760962.958737134,2055.38884,0.75,670665,2012.20236,15988.883566527744,671977,buy_cover,V3_constant_75
0,772840.4769682193,2012.20236,0.75,671977,2026.074704,5016.810819506296,672526,sell,V3_constant_75
0,776603.085082849,2026.074704,0.75,672526,2022.214362,1479.7165766260587,673329,buy_cover,V3_constant_75
0,777596.3820525561,2022.214362,0.75,673329,1951.90954,-27334.309692087932,674551,sell,V3_constant_75
0,757095.6497834902,1951.90954,0.75,674551,1904.340792,18450.726895454573,675266,buy_cover,V3_constant_75
0,770820.1306076136,1904.340792,0.75,675266,1969.376046,26005.497561893542,675963,sell,V3_constant_75
0,790324.2537790337,1969.376046,0.75,675963,1989.307782,-7998.711838091025,676425,buy_cover,V3_constant_75
0,784206.6712623986,1989.307782,0.75,676425,2051.559606,24216.876733212615,677958,sell,V3_constant_75
0,802369.3288123081,2051.559606,0.75,677958,1982.0363280000001,27190.73301870108,678745,buy_cover,V3_constant_75
0,822642.0231770121,1982.0363280000001,0.75,678745,2066.33665,34645.738992650644,680265,sell,V3_constant_75
0,848626.3274215,2066.33665,0.75,680265,2147.389392,-33287.61452189088,680700,buy_cover,V3_constant_75
0,823533.3225809686,2147.389392,0.75,680700,2292.011506,55111.656443651416,681437,sell,V3_constant_75
0,864867.0649137071,2292.011506,0.75,681437,2157.371388,50805.101982709486,682873,buy_cover,V3_constant_75
0,902841.1613410022,2140.17188,0.75,683665,2039.05773,42655.494684762554,684789,buy_cover,V3_constant_75
0,934697.3561803731,2039.05773,0.75,684789,2081.13369,18905.925884107826,685646,sell,V3_constant_75
0,948876.8005934539,2081.13369,0.75,685646,2086.727262,-2550.3078090890776,686759,buy_cover,V3_constant_75
0,946821.7382165482,2086.727262,0.75,686759,2089.562004,907.0171404359862,687192,sell,V3_constant_75
0,947502.0010718752,2089.562004,0.75,687192,2265.623034,-79833.99968469248,688412,buy_cover,V3_constant_75
0,887484.3760081949,2265.623034,0.75,688412,2298.450218,12498.883801023941,689818,sell,V3_constant_75
0,896858.5388589628,2298.450218,0.75,689818,2345.71905,-18444.328755944036,691407,buy_cover,V3_constant_75
0,882890.7635111759,2345.71905,0.75,691407,2294.710966,-19544.06127006607,691879,sell,V3_constant_75
0,868232.7175586263,2263.2472599999996,0.75,693265,2287.00731,-9114.856215332984,694011,buy_cover,V3_constant_75
0,861266.3404894928,2287.00731,0.75,694011,2335.7927480000003,18020.33604175027,695708,sell,V3_constant_75
0,874781.5925208055,2335.7927480000003,0.75,695708,2321.8942859999997,5205.170697775437,696325,buy_cover,V3_constant_75
0,878554.2533052589,2321.8942859999997,0.75,696325,2308.8981280000003,-5266.883048850927,697026,sell,V3_constant_75
0,874604.0910186209,2308.8981280000003,0.75,697026,2320.053918,-4225.746597079211,697536,buy_cover,V3_constant_75
0,871303.5904571585,2144.9289,0.75,699627,2095.43083,-20447.333076512325,700245,sell,V3_constant_75
0,855968.0906497742,2095.43083,0.75,700245,2041.50822,22027.023160286248,702222,buy_cover,V3_constant_75
0,872359.9628063914,2041.50822,0.75,702222,2006.018716,-15507.917257189401,702783,sell,V3_constant_75
0,860729.0248634994,2006.018716,0.75,702783,1609.741884,170031.8266648812,704704,buy_cover,V3_constant_75
0,988123.7855084308,1609.741884,0.75,704704,1648.6702,23490.985985531122,705375,sell,V3_constant_75
0,1005742.024997579,1648.6702,0.75,705375,1667.1233579999998,-11256.981188038248,705922,buy_cover,V3_constant_75
0,997148.4278028009,1667.1233579999998,0.75,705922,1676.504632,5210.112295508152,706102,sell_final,V3_constant_75
1,10000.0,173.9961201750064,0.9962552181854665,1982,172.275538,-102.84628745658301,2899,sell,V4_75_reclaim_add1
1,9909.119598836636,171.97800219458927,1.0,2899,176.065206,-235.49826739330456,4027,buy_cover,V4_75_reclaim_add1
1,9659.673621230346,176.35136141487064,0.9988558024580837,4027,185.71285,508.70843962405706,5104,sell,V4_75_reclaim_add1
1,10172.443597309462,185.59500924747664,1.0,5104,185.347062,13.590369792767888,6094,buy_cover,V4_75_reclaim_add1
1,10179.93794192771,185.82099386931202,0.9981568747981392,6094,176.86462,-494.5374824675855,6611,sell,V4_75_reclaim_add1
1,9701.407239928336,176.45234041361428,1.0,6611,175.555104,49.33073680872258,7835,buy_cover,V4_75_reclaim_add1
1,9732.790914820862,175.68484172679211,0.9995206358297407,7835,171.305732,-246.39465417713654,8379,sell,V4_75_reclaim_add1
1,9488.383869389838,171.24063008374782,1.0,8379,164.08281,396.6126897841914,9191,buy_cover,V4_75_reclaim_add1
1,9881.11127365404,164.37133786138733,0.9987559218071043,9191,182.553482,1088.622453287946,10628,sell,V4_75_reclaim_add1
1,10988.398961081788,182.11575975946067,1.0,10628,184.24684200000002,-128.583604877138,11330,buy_cover,V4_75_reclaim_add1
1,10838.952442272632,184.35417558901548,0.9996380051391707,11330,181.153762,-192.42557884757662,11781,sell,V4_75_reclaim_add1
1,10645.618200954457,181.1562607565216,1.0,11781,188.767746,-447.28724872059684,12405,buy_cover,V4_75_reclaim_add1
1,10197.110491064268,189.2466693081989,0.9981717978839608,12405,188.04238400000003,-68.94255674493797,12871,sell,V4_75_reclaim_add1
1,10133.971329311427,187.8792146907433,1.0,12871,187.177428,37.85390570755408,13737,buy_cover,V4_75_reclaim_add1
1,10163.995045761021,188.1133643998105,0.9963240544926935,13737,184.603072,-193.65472255830355,14236,sell,V4_75_reclaim_add1
1,9973.33871513906,184.51036780334897,1.0,14236,184.51689599999997,-0.3524696589902305,14247,buy_cover,V4_75_reclaim_add1
1,9967.758230648355,182.24104281240946,1.0,15687,144.60891600000002,2058.3069194483487,30375,buy_cover,V4_75_reclaim_add1
1,12022.7769387621,143.6312620969465,1.0,30663,143.75874599999997,-10.670667180287637,31527,buy_cover,V4_75_reclaim_add1
1,12014.13869476927,200.94463333781502,1.0,48807,142.47849,3495.5918543898624,55344,buy_cover,V4_75_reclaim_add1
1,15504.420357685789,169.33368297345132,0.999632441055157,57447,163.63726599999998,-527.5641598270322,57493,sell,V4_75_reclaim_add1
1,15025.661125511435,162.8929306347428,1.0,57493,160.362066,233.4540276846019,58193,buy_cover,V4_75_reclaim_add1
1,15207.305093318255,160.534045399027,0.9992705130862115,58193,153.38931599999998,-682.6280459878726,59163,sell,V4_75_reclaim_add1
1,14535.125925043185,153.2259794834272,1.0,59163,179.475888,-2490.0844017925247,59905,buy_cover,V4_75_reclaim_add1
1,12031.68562035285,175.20972330154748,0.9994977880167704,60992,390.4219,14767.938773167718,95701,sell,V4_75_reclaim_add1
1,26799.624393520568,370.8133206494695,0.9994286397381982,101495,317.596468,-3855.298148052003,105239,sell,V4_75_reclaim_add1
1,22944.326245468565,365.5626642474655,0.999603537270366,109847,934.813,35705.196650440324,136783,sell,V4_75_reclaim_add1
1,58649.522895908885,1579.5799822471706,0.9988169398220531,150989,3432.533356,68748.85350197593,172818,sell,V4_75_reclaim_add1
0,95548.78229841361,2871.4441739999997,0.75,175757,2256.79855,-20482.684833911248,176621,sell,V4_75_reclaim_add1
0,80186.76867298018,2843.838654,0.75,178061,2703.819128,-3978.576231920699,178925,sell,V4_75_reclaim_add1
1,103165.85204934962,1798.7444274502477,1.0,184304,1985.537028,-10713.36722691654,184880,buy_cover,V4_75_reclaim_add1
1,92239.62569527199,1941.1379414809462,1.0,189488,2023.494618,-3913.44756466565,192080,buy_cover,V4_75_reclaim_add1
1,88271.21944492175,2185.0435340697354,0.9993647020872327,192656,3060.8077160000003,35329.59842534797,209936,sell,V4_75_reclaim_add1
1,123600.81787026972,3307.0875508512636,0.9996150137339865,212528,4179.51393,32544.04259551961,231248,sell,V4_75_reclaim_add1
1,156144.86046578933,4357.922732245968,0.9995596400908919,231536,4078.8540660000003,-10057.5140974737,232976,sell,V4_75_reclaim_add1
1,146193.60021018574,3402.914580696142,1.0,240464,2465.162934,40287.02469549951,246224,buy_cover,V4_75_reclaim_add1
1,186345.1323437731,2470.66199268543,0.9984016407891304,246224,2337.842338,-10088.201864168135,246475,sell,V4_75_reclaim_add1
1,176515.3543680041,2332.9873132237167,1.0,246475,2591.588214,-19565.90637397475,246962,buy_cover,V4_75_reclaim_add1
1,156655.7210347566,2760.987489096153,0.9978303333104233,248591,2959.8379139999997,11215.409393801005,249284,sell,V4_75_reclaim_add1
0,125903.3478214182,2959.8379139999997,0.75,249284,3195.0088739999997,-10003.519092662144,249750,buy_cover,V4_75_reclaim_add1
1,157842.43066633117,3200.625227816822,0.9987563538876524,249750,3076.8845,-6163.103016378387,250537,sell,V4_75_reclaim_add1
1,151679.3276499528,2963.217613141868,0.9990265207300727,251580,3050.369804,4398.641849830863,252179,sell,V4_75_reclaim_add1
1,156084.20045862376,3049.9021265454,1.0,252179,2666.013096,19646.213732860197,254066,buy_cover,V4_75_reclaim_add1
1,175692.96639255213,2667.027140572354,0.9997896804645503,254066,2650.31983,-1170.4400389622897,255380,sell,V4_75_reclaim_add1
1,174688.30654140245,2646.6728059896104,1.0,255380,2995.9490699999997,-23053.268240302248,255884,buy_cover,V4_75_reclaim_add1
1,151434.3204519793,2636.0732815156707,0.9990842847449148,258056,2534.323034,-5903.469277854427,258628,sell,V4_75_reclaim_add1
1,145454.05555103242,2535.847543098271,1.0,258628,2606.341164,-4043.4480828410015,259955,buy_cover,V4_75_reclaim_add1
1,141542.98864685153,2883.3790436160107,1.0,261337,2964.072696,-3961.1871241139015,261799,buy_cover,V4_75_reclaim_add1
1,137468.8165583304,2965.6081137034907,0.9996864226460945,261799,3176.894494,9735.142151533015,266378,sell,V4_75_reclaim_add1
1,147458.10887886916,3169.1684854083883,1.0,266378,3228.6756060000002,-2768.7983342921652,266666,buy_cover,V4_75_reclaim_add1
1,144405.66875379547,3275.9468280159554,0.9992055601608023,266698,2984.2630280000003,-12910.207945317903,267818,sell,V4_75_reclaim_add1
1,131667.1568016802,2978.7170447921153,1.0,267818,3096.8892539999997,-5223.518130476616,268277,buy_cover,V4_75_reclaim_add1
1,126413.36792649944,3006.8941136243848,1.0,269538,3118.02348,-4672.0041284567415,270002,buy_cover,V4_75_reclaim_add1
1,121548.32244459857,3119.7982995645,0.9996480122844191,270002,3025.524774,-3720.071633907326,270647,sell,V4_75_reclaim_add1
1,117828.25081069124,2974.6589515292626,0.9992482590821377,271787,2837.23244,-5488.506351993361,272853,sell,V4_75_reclaim_add1
1,112460.54551014812,2832.8466287614146,1.0,272853,2835.677022,-112.358646005232,273570,buy_cover,V4_75_reclaim_add1
1,112204.89370359061,2841.321745674362,0.9985817514218394,273570,2762.4773940000005,-3157.226071566489,274101,sell,V4_75_reclaim_add1
1,109075.60108464715,2761.2550821889995,0.9999999999999999,274101,2089.877892,26520.8673276646,277466,buy_cover,V4_75_reclaim_add1
1,135546.7198394718,2090.2502673435447,0.9999413454446229,277466,2001.989522,-5775.379676360928,278340,sell,V4_75_reclaim_add1
1,129938.77679565185,1998.311101309886,1.0,278340,2050.10994,-3368.1777971736155,278781,buy_cover,V4_75_reclaim_add1
1,126406.0481627477,1988.275734862425,1.0,279862,1836.297186,9662.149326235318,281661,buy_cover,V4_75_reclaim_add1
1,136014.04272718087,1838.7428659327454,0.9990759167597216,281661,1916.876548,5722.9315438804915,282267,sell,V4_75_reclaim_add1
1,141829.74916617983,1915.0027974296477,1.0,282267,1796.319192,8790.000830117962,283346,buy_cover,V4_75_reclaim_add1
1,150498.60915134609,1800.653462253298,0.9982649978063549,283346,1780.423844,-1750.308587237174,283952,sell,V4_75_reclaim_add1
1,149503.79191970258,1767.743205836804,1.0,283952,1248.729696,43894.664671624516,286538,buy_cover,V4_75_reclaim_add1
1,192613.0644773495,1142.7197563255695,0.999292020980914,288796,1192.91137,8379.711239655386,289870,sell,V4_75_reclaim_add1
1,201296.71401414945,1190.3592615700938,1.0,289870,1092.208398,16597.89254092012,291864,buy_cover,V4_75_reclaim_add1
1,217550.40891512216,1095.8326876331541,0.997585772339329,291864,1188.502252,18302.874636192893,293479,sell,V4_75_reclaim_add1
1,236055.82534121047,1187.0131821570878,1.0,293479,1099.829922,17337.74074839693,294463,buy_cover,V4_75_reclaim_add1
1,253143.81313464371,1102.6855791333035,0.9981272764897511,294463,1481.893562,86918.80867782293,296666,sell,V4_75_reclaim_add1
0,255046.96635935,1481.893562,0.75,296666,1606.881312,-21511.484288621665,297550,buy_cover,V4_75_reclaim_add1
1,318500.1281305731,1609.795951083889,0.9987143484026257,297550,1479.1741060000002,-25960.745136650105,297999,sell,V4_75_reclaim_add1
1,292567.0165091045,1670.0280644980403,1.0,299769,1681.2261780000001,-1961.750854726124,300509,buy_cover,V4_75_reclaim_add1
1,290519.118735895,1685.7920922615394,0.9980377305508998,300509,1711.05772,4236.1865553286625,302229,sell,V4_75_reclaim_add1
1,295144.93722093105,1707.8402824105262,1.0,302229,1891.82829,-31796.36127226823,302683,buy_cover,V4_75_reclaim_add1
1,262899.9150315113,1896.208533798906,0.9983381468391124,302683,1958.368248,8509.539931938692,303731,sell,V4_75_reclaim_add1
1,271832.5838500885,1954.0535201207852,1.0,303731,1919.6938619999999,4779.856551736186,304463,buy_cover,V4_75_reclaim_add1
1,276134.9449984161,1925.2144335751752,0.9979177571282785,304463,1821.865554,-14927.921196995478,304974,sell,V4_75_reclaim_add1
1,261490.33855671866,1819.02630565344,1.0,304974,1643.248584,25268.569778665405,305802,buy_cover,V4_75_reclaim_add1
1,286423.2955123747,1647.5405530715896,0.9981157037647038,305802,1653.579218,934.8381791022839,307070,sell,V4_75_reclaim_add1
1,287996.92036671576,1648.4318093101786,1.0,307070,1510.4720340000001,24102.912598425173,308019,buy_cover,V4_75_reclaim_add1
1,311403.44690582884,1514.5889239272965,0.9980304231562487,308019,1519.925954,972.3195499289432,308891,sell,V4_75_reclaim_add1
0,234281.82484181834,1519.925954,0.75,308891,1574.194776,-8365.002166392951,309722,buy_cover,V4_75_reclaim_add1
1,303963.1956333395,1574.347261102789,1.0,309722,1559.867964,-2916.0094129524077,310395,sell,V4_75_reclaim_add1
1,301820.06140487094,1700.9791428922297,1.0,312072,1631.57625,12314.792441539816,312729,buy_cover,V4_75_reclaim_add1
1,313302.32694070286,1635.096524116446,0.9984564896340563,312729,1422.985346,-40751.86798227701,313231,sell,V4_75_reclaim_add1
1,272555.51057405025,1422.8078052088772,1.0,313231,1356.501246,12701.808931815962,315107,buy_cover,V4_75_reclaim_add1
0,213898.31759109526,1356.501246,0.75,315107,1303.549238,-8431.886885825079,315789,sell,V4_75_reclaim_add1
1,277348.9012972449,1299.7000653625907,1.0,315789,1386.92733,-18613.81042332208,316243,buy_cover,V4_75_reclaim_add1
1,258215.21206206403,1307.0127598229947,1.0,317554,1316.0931659999999,-1793.9269495055196,318102,buy_cover,V4_75_reclaim_add1
1,256251.01970680244,1318.374202119516,0.9987748562941774,318102,1324.864974,1158.6098167713499,318664,sell,V4_75_reclaim_add1
1,257445.321500724,1324.4870695978213,1.0,318664,1331.0761619999998,-1280.7352700081246,319955,buy_cover,V4_75_reclaim_add1
1,256077.40518926553,1331.8723900592745,0.9996262799245678,319955,1278.314286,-10395.850447799574,320900,sell,V4_75_reclaim_add1
1,245681.55474146595,1296.5649129154015,0.9990808729211484,321908,1305.068934,1512.4899505135254,322432,sell,V4_75_reclaim_add1
1,247524.5429479347,1302.5880905149797,1.0,322432,1309.0417559999999,-1226.3490280250262,322997,buy_cover,V4_75_reclaim_add1
1,245918.19075536486,1310.5691968850997,0.9991997029778972,322997,1488.7022,33313.556435572886,325224,sell,V4_75_reclaim_add1
0,209423.8103932033,1488.7022,0.75,325224,1612.792494,-17456.44541400351,326789,buy_cover,V4_75_reclaim_add1
1,261733.4170148556,1615.3928771930516,0.9988655038704566,326789,1618.366262,376.8859605274047,327744,sell,V4_75_reclaim_add1
1,262168.97709432495,1617.7201858747057,1.0,327744,1325.36502,47379.31154821688,329053,buy_cover,V4_75_reclaim_add1
1,309454.6090362205,1241.7039584582008,1.0,329822,1217.463444,6041.177483077918,331730,buy_cover,V4_75_reclaim_add1
1,315416.46728945174,1218.5134308072052,0.9994280494312998,331730,1100.37988,-30693.206663996214,332258,sell,V4_75_reclaim_add1
1,285485.2769275027,1096.2657062127473,1.0,332258,1173.78471,-20187.187042338366,332748,buy_cover,V4_75_reclaim_add1
1,264545.95953170385,1193.0177645047168,1.0,334054,1230.2560019999999,-8257.389407087932,334641,buy_cover,V4_75_reclaim_add1
1,256168.67792873742,1244.3637944681736,0.991472735446554,334641,1266.39667,4431.486300583609,335631,sell,V4_75_reclaim_add1
1,260640.02654927495,1266.011218968127,1.0,335631,1288.167582,-4561.430050871364,336080,buy_cover,V4_75_reclaim_add1
1,255986.6061731398,1291.7039286410727,0.998015653866696,336080,1229.414068,-12441.893605457852,336736,sell,V4_75_reclaim_add1
1,243544.71256768194,1280.0072279469168,0.9996519786849118,338497,1294.301088,2621.1715833187627,338974,sell,V4_75_reclaim_add1
1,246513.58718727887,1291.7078315853532,0.9999999999999999,338974,1200.1599840000001,17471.288467819482,340449,buy_cover,V4_75_reclaim_add1
1,263587.8699013827,1206.3974584128146,0.9961763200403525,340449,1199.290094,-1657.7038653524942,341144,sell,V4_75_reclaim_add1
1,262089.8499680304,1198.1903019172819,0.9999999999999999,341144,1230.0859679999999,-6976.786099129298,342408,buy_cover,V4_75_reclaim_add1
1,254956.4983409883,1209.2747334801606,0.9999999999999999,344605,1258.931736,-10469.384905793588,345478,buy_cover,V4_75_reclaim_add1
1,244380.58576144555,1261.5236491637088,0.9985305831402118,345478,1511.387662,48286.20304606328,355572,sell,V4_75_reclaim_add1
1,292766.44529618823,1510.5480794757138,1.0,355572,1537.567452,-5236.740061188932,355860,buy_cover,V4_75_reclaim_add1
1,287371.4954572607,1549.9259374951255,0.9991900133526448,356059,1564.277082,2544.841844290786,362196,sell,V4_75_reclaim_add1
1,290831.6641194463,1525.5604117397456,1.0,363060,1578.505638,-10093.425195606309,364212,buy_cover,V4_75_reclaim_add1
1,279764.74577312125,1578.8133793774784,0.9991435030254108,364213,1839.3320600000002,46033.38930337224,381204,sell,V4_75_reclaim_add1
0,244348.60130737012,1853.100546,0.75,384948,1826.914544,-3549.217405381525,385812,sell,V4_75_reclaim_add1
1,322248.917671112,1911.5917892479008,0.9995370744033755,386388,1839.392048,-12295.178151759086,389844,sell,V4_75_reclaim_add1
1,309921.71918514866,1721.9205195011723,1.0,392436,1735.1169539999999,-2375.161983758968,392724,buy_cover,V4_75_reclaim_add1
1,307516.5931917569,1890.0142335943658,0.9997309424326352,393300,1830.393848,-9819.706968310988,405972,sell,V4_75_reclaim_add1
1,297755.24446189764,1687.0415032390804,1.0,409716,1641.9183179999998,7964.051021600433,415082,buy_cover,V4_75_reclaim_add1
1,305601.386196154,1643.3498508659056,0.9994209770062036,415082,1618.866162,-4673.454383878678,415885,sell,V4_75_reclaim_add1
1,300927.9318122753,1625.9297276675725,0.9988572701467103,417501,1614.2970759999998,-2272.4753386463854,417955,sell,V4_75_reclaim_add1
1,298672.9413631492,1614.0094293711977,1.0,417955,1648.6596659999998,-6412.024742931069,418770,buy_cover,V4_75_reclaim_add1
1,292183.6971424252,1595.2686423327089,0.9998728753403731,420483,1652.8293680000002,10421.53816197149,422900,sell,V4_75_reclaim_add1
1,302787.0944318514,1651.3329379926206,1.0,422900,1653.1205579999998,-327.7644585093367,424061,buy_cover,V4_75_reclaim_add1
1,302216.91342700104,1654.1588060813087,0.9996038731159069,424061,1626.07472,-5249.820655698946,424516,sell,V4_75_reclaim_add1
1,297010.8956000775,1625.591673217622,1.0,424516,1555.921122,12729.476682271226,426094,buy_cover,V4_75_reclaim_add1
1,309637.16727445327,1559.2823725098426,0.9984544602613239,426094,1572.455446,2490.9769031625474,427152,sell,V4_75_reclaim_add1
1,312235.3444683691,1571.575745924978,1.0,427152,1577.495436,-1176.0914308583015,427888,buy_cover,V4_75_reclaim_add1
1,310889.6056778639,1578.2295566516839,0.9997259093888462,427888,2233.033304,128811.43619724264,455796,sell,V4_75_reclaim_add1
1,439701.0418751065,2312.0959107857934,0.9997362002317851,457236,2298.5402,-2752.7785104640643,459252,sell,V4_75_reclaim_add1
1,436897.585443114,2377.6454579175547,1.0,459540,3321.8055059999997,173247.35546125186,476244,sell,V4_75_reclaim_add1
1,610195.6188258943,3360.6655710150376,0.9997927970048821,476820,3139.372,-40408.228795452975,479124,sell,V4_75_reclaim_add1
1,570184.3283658153,3045.7369505780493,1.0,502452,3098.409558,-9860.675792726688,504180,buy_cover,V4_75_reclaim_add1
1,559812.6773720415,3494.204955721674,0.9987313651389931,505620,3271.3156059999997,-35919.11222783249,508788,sell,V4_75_reclaim_add1
1,524153.32861382066,2989.4558857820207,1.0,510804,2738.0174939999997,44085.72410327289,514048,buy_cover,V4_75_reclaim_add1
1,567874.4585817591,2738.3899164683394,0.9999729728264485,514048,2544.34103,-40451.98033878114,514489,sell,V4_75_reclaim_add1
0,395566.8586822335,2544.34103,0.75,514489,2635.807056,-14220.140479930444,515159,buy_cover,V4_75_reclaim_add1
0,384842.4182934833,2552.629372,0.7500000000000001,516152,2653.100514,-15147.328804991615,516626,buy_cover,V4_75_reclaim_add1
1,497898.92710266076,2657.437511736852,0.9988487439655991,516626,2733.4631980000004,14039.37685834535,517456,sell,V4_75_reclaim_add1
1,511979.2549901254,2732.8978249659012,1.0,517456,2556.081114,33124.7438047473,518370,buy_cover,V4_75_reclaim_add1
1,544960.6519147553,2557.411799002214,0.999684482530758,518370,2484.223056,-15807.564698562725,519181,sell,V4_75_reclaim_add1
1,529584.9803764237,2481.2533466249083,1.0,519181,2542.038306,-12973.583577273297,519690,buy_cover,V4_75_reclaim_add1
1,516073.586642844,2316.602807293422,0.9998904870598541,521440,2314.3170440000004,-715.4085458798218,522161,sell,V4_75_reclaim_add1
1,515398.00615730556,2313.8467426100297,1.0,522161,2383.196544,-15447.306674982188,522796,buy_cover,V4_75_reclaim_add1
1,499807.7918207505,2346.9649774241293,0.9994877008644838,523935,2549.4100160000003,42895.387718375016,525467,sell,V4_75_reclaim_add1
1,543529.6319534236,2543.9187834674553,1.0,525467,2637.987492,-20098.547762740287,526527,buy_cover,V4_75_reclaim_add1
1,522495.9258499945,2643.7703732933874,0.9984305602752876,526527,2644.1310679999997,-137.720851729915,527308,sell,V4_75_reclaim_add1
1,522424.94518363744,2643.415356612729,1.0,527308,2396.22915,48852.061856550805,528850,buy_cover,V4_75_reclaim_add1
1,571105.7818657786,2400.9001135306557,0.9986127411282965,528850,2412.987306,2645.6295253600692,529800,sell,V4_75_reclaim_add1
1,573986.5227722265,2411.42266863069,1.0,529800,2419.7038439999997,-1971.1299729549792,530796,buy_cover,V4_75_reclaim_add1
1,571665.4841136292,2423.3554700745135,0.9989429398225169,530796,2442.21146,4217.67395740957,531435,sell,V4_75_reclaim_add1
1,575991.5879321629,2441.3527431491725,1.0,531435,2658.08151,-51133.08008356753,531995,buy_cover,V4_75_reclaim_add1
0,393476.15975241363,2658.08151,0.75,531995,2587.992298,-10528.54039590992,532573,sell,V4_75_reclaim_add1
1,514540.4198318276,2641.4489101701706,1.0,533849,2513.472594,24929.136023992964,535544,buy_cover,V4_75_reclaim_add1
1,538932.5672140014,2514.9228697161257,0.9996421702744736,535544,2609.557984,20056.06280755624,536601,sell,V4_75_reclaim_add1
1,559457.0886131187,2606.3614746309704,1.0,536601,2485.7370479999995,25892.12847948249,538173,buy_cover,V4_75_reclaim_add1
1,584768.8670833175,2487.0103432880696,0.9996907502043649,538173,3423.8650900000002,219959.96218335733,551988,sell,V4_75_reclaim_add1
1,804728.8292666748,3490.188918308584,0.9997930662498679,552276,3399.0700500000003,-21322.62877784937,553428,sell,V4_75_reclaim_add1
1,783406.2004888254,3457.585101600709,0.9996225643945429,554868,3221.045662,-53886.08294241922,556884,sell,V4_75_reclaim_add1
1,729520.1175464062,3451.8959691652994,0.9990529585936917,558612,3269.8059080000003,-38759.1121751765,560052,sell,V4_75_reclaim_add1
1,690676.8857020191,3085.945081182018,1.0,562356,3258.45156,-38609.28966574522,562932,buy_cover,V4_75_reclaim_add1
1,652006.2061090332,3119.6908784760276,1.0,563508,2670.594012,93859.94482866349,566964,buy_cover,V4_75_reclaim_add1
1,745743.1239157858,2671.6180376710945,0.9997873662739628,566964,2634.862922,-10553.817255406524,568315,sell,V4_75_reclaim_add1
1,735815.1979341067,2631.5881446388453,1.0,568315,2760.552,-36059.39770704205,568861,buy_cover,V4_75_reclaim_add1
1,700493.3726334057,2728.814834646314,1.0,569885,2263.9927079999998,119320.98817096406,571759,buy_cover,V4_75_reclaim_add1
1,818163.6354101878,2273.805422758049,0.9968236642219384,571759,2162.987316,-40186.00027034141,573015,sell,V4_75_reclaim_add1
1,778457.3464804192,2160.983487499813,1.0,573015,1933.006524,82124.83032925916,575212,buy_cover,V4_75_reclaim_add1
1,859946.7739998094,1933.581126126973,0.9998520192105768,575212,1898.630198,-15881.909754301189,575736,sell,V4_75_reclaim_add1
1,845390.825493721,1894.416225769898,1.0,575736,1980.706062,-38507.14954355301,576594,buy_cover,V4_75_reclaim_add1
1,806192.0775143327,2031.4723604970832,1.0,578650,1860.251976,67949.03054725612,580291,buy_cover,V4_75_reclaim_add1
1,873176.4286686097,1863.2727946513855,0.9988568562922246,580291,1845.6308000000001,-8613.410764187924,580765,sell,V4_75_reclaim_add1
1,866335.2550051267,1840.3247495400824,1.0,580765,1596.499236,114781.20577709773,582726,buy_cover,V4_75_reclaim_add1
1,979170.9566305185,1596.7416740026583,0.9999610927114034,582726,1575.8847600000001,-13176.612905939692,583835,sell,V4_75_reclaim_add1
1,965558.7729404143,1576.6723483242479,1.0,583835,1598.859708,-13587.565009531332,585438,buy_cover,V4_75_reclaim_add1
1,952213.6669604594,1798.8054641069825,0.9996510779447655,587270,1779.8539580000001,-10408.983190074214,587989,sell,V4_75_reclaim_add1
1,942165.5477619892,1778.7634283693953,1.0,587989,1831.326192,-27841.114327840973,588975,buy_cover,V4_75_reclaim_add1
1,913775.1363329919,1840.9238922550671,0.9996566996654093,590584,2404.3390360000003,279183.7455848678,599220,sell,V4_75_reclaim_add1
1,1192528.0518831792,2405.2543103109197,1.0,599220,2474.4847979999995,-34324.51205893746,599508,buy_cover,V4_75_reclaim_add1
1,1158386.8721225937,2537.9349190092275,1.0,599778,2310.547798,-104207.85423623235,603796,sell,V4_75_reclaim_add1
1,1056855.3081894324,2302.376196636388,1.0,603796,2309.571822,-3302.951636251062,604284,buy_cover,V4_75_reclaim_add1
1,1050673.6873144242,2310.5956635687107,0.9997424632430125,604284,2393.481208,37254.3995689468,605281,sell,V4_75_reclaim_add1
1,1087904.4342771713,2393.311216870874,1.0,605281,2454.9909,-28037.094998827204,605958,buy_cover,V4_75_reclaim_add1
1,1059673.4109976883,2455.65798925627,0.9998711708831142,605958,2402.759352,-23241.68669330643,606708,sell,V4_75_reclaim_add1
1,1036431.7243043819,2538.5796950048693,0.9991985147606409,608021,4157.91825,660452.0894532496,631188,sell,V4_75_reclaim_add1
1,1696883.8137576315,4224.501017712634,0.9974503653065312,632628,4134.812872,-36689.91917817318,636372,sell,V4_75_reclaim_add1
1,1660193.8945794583,4159.058105124712,0.9990459478528804,640404,3899.2200000000003,-104343.51968514454,641268,sell,V4_75_reclaim_add1
1,1556285.8417284936,3600.800839390102,1.0,642708,2955.54099,278884.8916171745,649044,buy_cover,V4_75_reclaim_add1
1,1834424.0093431426,2957.8360907907218,0.9994924846232498,649044,2988.7621280000003,18438.689636758296,650032,sell,V4_75_reclaim_add1
1,1852860.869273647,2988.4671005308,1.0,650032,2859.97188,79667.592102024,650941,buy_cover,V4_75_reclaim_add1
1,1931862.859240315,2859.671863881154,1.0,650941,3064.856906,137785.474852134,651829,sell,V4_75_reclaim_add1
1,2073295.7387291226,3057.8548762674927,1.0,651829,3079.935864,-14971.332584593445,652419,buy_cover,V4_75_reclaim_add1
1,2054559.2020278648,3087.6662716523783,0.9981921859533465,652419,3282.453378,128739.40337235807,653371,sell,V4_75_reclaim_add1
1,2185699.7156576845,3277.270634721324,1.0,653371,3127.77543,99702.44643359631,654541,buy_cover,V4_75_reclaim_add1
1,2282563.9118906874,3132.1801267765195,0.9990186066420942,654541,2862.9073040000003,-197065.95690752356,655288,sell,V4_75_reclaim_add1
1,2084680.0686730898,2965.5878823873127,1.0,657584,3175.724728,146824.24794279528,661320,sell,V4_75_reclaim_add1
1,2234803.4282533275,3170.659988535311,1.0,661320,3107.1213,44784.605486267246,662399,buy_cover,V4_75_reclaim_add1
1,2276659.8477265756,3107.925835552275,0.9998807690635869,662399,3287.4323820000004,130531.39663535124,663918,sell,V4_75_reclaim_add1
1,2410994.211965911,3280.096023687637,1.0,663918,3341.928252,-45448.920154378284,664479,buy_cover,V4_75_reclaim_add1
1,2361260.1253651557,3343.0947626967118,0.9998131652300478,664479,3166.056662,-125938.11783271888,664944,sell,V4_75_reclaim_add1
1,2235322.007532437,2971.1584451519343,0.9988040737948742,667093,2940.531776,-23926.49874476157,667528,sell,V4_75_reclaim_add1
1,2211811.8980986206,2939.497810753828,1.0,667528,2093.158548,636824.2321955648,670116,buy_cover,V4_75_reclaim_add1
1,2847777.3786036205,2095.1109607763983,0.9993752980397331,670116,2055.38884,-55109.65335216513,670665,sell,V4_75_reclaim_add1
1,2793925.383423483,2053.944149317587,1.0,670665,2012.20236,56780.35093622189,671977,buy_cover,V4_75_reclaim_add1
1,2848889.2911109924,2019.097142265613,0.9975046267652785,671977,2026.074704,8701.763975091279,672526,sell,V4_75_reclaim_add1
1,2861834.4948875094,2021.815262121169,1.0,672526,2022.214362,-564.8024979461916,673329,buy_cover,V4_75_reclaim_add1
1,2856453.8856891603,2023.1382788940057,0.9997322761073152,673329,1951.90954,-101669.57095656404,674551,sell,V4_75_reclaim_add1
1,2758511.8774079997,1948.1563048419293,1.0,674551,1904.340792,62041.13212818373,675266,buy_cover,V4_75_reclaim_add1
1,2816273.7444852986,1911.0186439901206,0.997444493092976,675266,1969.376046,84840.67940321472,675963,sell,V4_75_reclaim_add1
1,2902708.4075157777,1967.729562536359,1.0,675963,1989.307782,-31831.12622467242,676425,buy_cover,V4_75_reclaim_add1
1,2868702.7559823375,2002.6706803959476,0.9950359690849612,676425,2051.559606,68855.00771617983,677958,sell,V4_75_reclaim_add1
1,2940727.6055816,2048.377856970896,0.9999999999999999,677958,1982.0363280000001,95242.4857173874,678745,buy_cover,V4_75_reclaim_add1
1,3032212.1038947883,1987.6223225672572,0.997960849820199,678745,2066.33665,118821.6473182668,680265,sell,V4_75_reclaim_add1
1,3150725.956543895,2066.399113519395,1.0,680265,2147.389392,-123489.1654441976,680700,buy_cover,V4_75_reclaim_add1
1,3026914.4405775485,2148.784447290278,0.99958767114554,680700,2292.011506,200467.40437452123,681437,sell,V4_75_reclaim_add1
1,3234419.97311137,2285.009844597477,1.0,681437,2157.371388,180671.7172120181,682873,buy_cover,V4_75_reclaim_add1
1,3411049.042458927,2136.882038209562,0.9999999999999999,683665,2039.05773,156154.52097676648,684789,buy_cover,V4_75_reclaim_add1
1,3562166.3502800306,2038.717695936084,1.0,684789,2081.13369,72657.3305548029,685646,sell,V4_75_reclaim_add1
1,3638823.3469468923,2078.3986684656625,0.9999999999999999,685646,2086.727262,-14581.406989196781,686759,buy_cover,V4_75_reclaim_add1
1,3620227.148233957,2089.6381139485293,0.9990285954846763,686759,2089.562004,-1579.7512163650244,687192,sell,V4_75_reclaim_add1
1,3618242.895027067,2089.664434057588,1.0,687192,2265.623034,-304671.2265286222,688412,buy_cover,V4_75_reclaim_add1
1,3313252.5219099643,2268.6067976338904,0.9990870800660457,688412,2298.450218,42243.08686358202,689818,sell,V4_75_reclaim_add1
1,3358062.8046244914,2295.8611351044756,1.0,689818,2345.71905,-72925.00921938336,691407,buy_cover,V4_75_reclaim_add1
1,3281898.986993238,2348.5840884021027,0.9991587812700654,691407,2294.710966,-76564.53491409123,691879,sell,V4_75_reclaim_add1
1,3213258.012082827,2255.424942150891,1.0,693265,2287.00731,-44994.62637188658,694011,buy_cover,V4_75_reclaim_add1
1,3159045.8513119966,2286.607267473106,1.0,694011,2335.7927480000003,66661.1774442303,695708,sell,V4_75_reclaim_add1
1,3227084.7959075114,2334.8561794712014,1.0,695708,2321.8942859999997,17915.205841308925,696325,buy_cover,V4_75_reclaim_add1
1,3243628.140431201,2324.657440336654,0.9991822963392252,696325,2308.8981280000003,-23277.72309086891,697026,sell,V4_75_reclaim_add1
1,3221392.681850837,2307.66772091552,1.0,697026,2320.053918,-17290.403349702712,697536,buy_cover,V4_75_reclaim_add1
1,3202415.7354542594,2145.8030050416255,0.9997693050736954,699627,2095.43083,-76426.65866551409,700245,sell,V4_75_reclaim_add1
1,3128031.0504571637,2093.386300843021,1.0,700245,2041.50822,77518.66107358783,702222,buy_cover,V4_75_reclaim_add1
0,2402161.598739181,2041.50822,0.75,702222,2006.018716,-42703.155692523345,702783,sell,V4_75_reclaim_add1
1,3159879.945587339,2006.0711864789928,1.0,702783,1609.741884,624281.5442724796,704704,buy_cover,V4_75_reclaim_add1
1,3783828.5442430805,1615.0303115399645,0.9976105640833571,704704,1648.6702,77269.45102815842,705375,sell,V4_75_reclaim_add1
1,3866884.5495484755,1645.1733835206535,1.0,705375,1667.1233579999998,-51591.98426404642,705922,buy_cover,V4_75_reclaim_add1
1,3808732.634097283,1668.8060845961709,0.9993178363413955,705922,1676.504632,16040.102701121941,706102,sell_final,V4_75_reclaim_add1
1,10000.0,173.9961201750064,0.9962552181854665,1982,172.275538,-102.84628745658301,2899,sell,V5_75_reclaim_add1_dd_throttle
1,9909.119598836636,171.97800219458927,1.0,2899,176.065206,-235.49826739330456,4027,buy_cover,V5_75_reclaim_add1_dd_throttle
1,9659.673621230346,176.35136141487064,0.9988558024580837,4027,185.71285,508.70843962405706,5104,sell,V5_75_reclaim_add1_dd_throttle
1,10172.443597309462,185.59500924747664,1.0,5104,185.347062,13.590369792767888,6094,buy_cover,V5_75_reclaim_add1_dd_throttle
1,10179.93794192771,185.82099386931202,0.9981568747981392,6094,176.86462,-494.5374824675855,6611,sell,V5_75_reclaim_add1_dd_throttle
1,9701.407239928336,176.45234041361428,1.0,6611,175.555104,49.33073680872258,7835,buy_cover,V5_75_reclaim_add1_dd_throttle
1,9732.790914820862,175.68484172679211,0.9995206358297407,7835,171.305732,-246.39465417713654,8379,sell,V5_75_reclaim_add1_dd_throttle
1,9488.383869389838,171.24063008374782,1.0,8379,164.08281,396.6126897841914,9191,buy_cover,V5_75_reclaim_add1_dd_throttle
1,9881.11127365404,164.37133786138733,0.9987559218071043,9191,182.553482,1088.622453287946,10628,sell,V5_75_reclaim_add1_dd_throttle
1,10988.398961081788,182.11575975946067,1.0,10628,184.24684200000002,-128.583604877138,11330,buy_cover,V5_75_reclaim_add1_dd_throttle
1,10838.952442272632,184.35417558901548,0.9996380051391707,11330,181.153762,-192.42557884757662,11781,sell,V5_75_reclaim_add1_dd_throttle
1,10645.618200954457,181.1562607565216,1.0,11781,188.767746,-447.28724872059684,12405,buy_cover,V5_75_reclaim_add1_dd_throttle
1,10197.110491064268,189.2466693081989,0.9981717978839608,12405,188.04238400000003,-68.94255674493797,12871,sell,V5_75_reclaim_add1_dd_throttle
1,10133.971329311427,187.8792146907433,1.0,12871,187.177428,37.85390570755408,13737,buy_cover,V5_75_reclaim_add1_dd_throttle
1,10163.995045761021,188.1133643998105,0.9963240544926935,13737,184.603072,-193.65472255830355,14236,sell,V5_75_reclaim_add1_dd_throttle
1,7479.441837866231,184.5103886723146,0.75,14236,184.51689599999997,-0.2634863866314845,14247,buy_cover,V5_75_reclaim_add1_dd_throttle
1,7476.303541270242,182.24104259143647,0.75,15687,144.60891600000002,1543.830305983517,30375,buy_cover,V5_75_reclaim_add1_dd_throttle
1,11509.451687415802,143.6312620969465,1.0,30663,143.75874599999997,-10.215071693466598,31527,buy_cover,V5_75_reclaim_add1_dd_throttle
1,11501.182262439692,200.94463333781505,1.0,48807,142.47849,3346.343841522419,55344,buy_cover,V5_75_reclaim_add1_dd_throttle
1,11134.905199244411,169.3337656919192,0.75,57447,163.63726599999998,-378.88926091648864,57493,sell,V5_75_reclaim_add1_dd_throttle
1,10874.176912954106,162.89471388884542,0.75,57493,160.362066,169.06951917750303,58193,buy_cover,V5_75_reclaim_add1_dd_throttle
1,10978.857018844516,160.53432865141897,0.75,58193,153.38931599999998,-492.8392658956873,59163,sell,V5_75_reclaim_add1_dd_throttle
1,10608.927459637993,153.22606721644974,0.75,59163,179.475888,-1817.4607846974632,59905,buy_cover,V5_75_reclaim_add1_dd_throttle
1,6160.562789940628,175.2098250419867,0.5,60992,390.4219,7561.5937027030395,95701,sell,V5_75_reclaim_add1_dd_throttle
1,19879.619926259144,370.8133206494695,0.9994286397381981,101495,317.596468,-2859.8110466135695,105239,sell,V5_75_reclaim_add1_dd_throttle
1,12768.658280974745,365.56286946430646,0.75,109847,934.813,19870.14260558166,136783,sell,V5_75_reclaim_add1_dd_throttle
1,18455.938378588024,1579.584702863592,0.5,150989,3432.533356,21633.894265630213,172818,sell,V5_75_reclaim_add1_dd_throttle
0,32919.66323485732,2871.4441739999997,0.5625,175757,2256.79855,-7056.951126516578,176621,sell,V5_75_reclaim_add1_dd_throttle
0,19300.085484127827,2843.838654,0.375,178061,2703.819128,-957.6001459086474,178925,sell,V5_75_reclaim_add1_dd_throttle
1,25282.70643383873,1798.76289893264,0.5,184304,1985.537028,-2625.2228514708804,184880,buy_cover,V5_75_reclaim_add1_dd_throttle
1,23944.24734814697,1941.1386664621198,0.49999999999999994,189488,2023.494618,-1015.8724722983388,192080,buy_cover,V5_75_reclaim_add1_dd_throttle
1,23436.63809591341,2185.0455100964605,0.5,192656,3060.8077160000003,9380.230588079845,209936,sell,V5_75_reclaim_add1_dd_throttle
1,42191.13578145666,3307.0893096703417,0.75,212528,4179.51393,11108.879698421479,231248,sell,V5_75_reclaim_add1_dd_throttle
1,67347.46405040793,4357.922732245968,0.9995596400908919,231536,4078.8540660000003,-4337.946616337627,232976,sell,V5_75_reclaim_add1_dd_throttle
1,47282.91675831243,3402.9165703580147,0.75,240464,2465.162934,13029.920326686013,246224,buy_cover,V5_75_reclaim_add1_dd_throttle
1,76029.98117740465,2470.66199268543,0.9984016407891303,246224,2337.842338,-4116.049548488198,246475,sell,V5_75_reclaim_add1_dd_throttle
1,72019.37019403299,2332.9873132237167,1.0,246475,2591.588214,-7983.012352519203,246962,buy_cover,V5_75_reclaim_add1_dd_throttle
1,48016.07558071868,2761.0281076466013,0.75,248591,2959.8379139999997,3436.844567489403,249284,sell,V5_75_reclaim_add1_dd_throttle
0,37886.264983039415,2959.8379139999997,0.5625,249284,3195.0088739999997,-3010.213641380382,249750,buy_cover,V5_75_reclaim_add1_dd_throttle
1,48296.90781980414,3200.641035113506,0.75,249750,3076.8845,-1886.026443114839,250537,sell,V5_75_reclaim_add1_dd_throttle
1,46871.48690319621,2963.226713635961,0.75,251580,3050.369804,1359.1068722001073,252179,sell,V5_75_reclaim_add1_dd_throttle
1,47857.92002667855,3049.9021405435947,0.75,252179,2666.013096,6023.844520206316,254066,buy_cover,V5_75_reclaim_add1_dd_throttle
1,69822.92244075712,2667.027140572354,0.9997896804645502,254066,2650.31983,-465.1497765677632,255380,sell,V5_75_reclaim_add1_dd_throttle
1,69423.65610524864,2646.672805989611,1.0,255380,2995.9490699999997,-9161.701765295176,255884,buy_cover,V5_75_reclaim_add1_dd_throttle
1,45167.75282116697,2636.0804760039405,0.75,258056,2534.323034,-1760.924342850638,258628,sell,V5_75_reclaim_add1_dd_throttle
1,29202.923788513646,2535.848753407439,0.5,258628,2606.341164,-811.7918889782995,259955,buy_cover,V5_75_reclaim_add1_dd_throttle
1,28810.43499972618,2883.38137302875,0.5,261337,2964.072696,-806.2577921193297,261799,buy_cover,V5_75_reclaim_add1_dd_throttle
1,28400.26246801442,2965.60883708003,0.5,261799,3176.894494,2011.2166485607995,266378,sell,V5_75_reclaim_add1_dd_throttle
1,29426.794083178615,3169.18829150553,0.5,266378,3228.6756060000002,-552.3550489250338,266666,buy_cover,V5_75_reclaim_add1_dd_throttle
1,29133.89768858419,3275.9513652794108,0.5,266698,2984.2630280000003,-2604.6760258568975,267818,sell,V5_75_reclaim_add1_dd_throttle
1,27838.1173516925,2978.72782351061,0.5,267818,3096.8892539999997,-1104.2930119302036,268277,buy_cover,V5_75_reclaim_add1_dd_throttle
1,27283.139787546836,3006.90537287448,0.5,269538,3118.02348,-1008.2284178953742,270002,buy_cover,V5_75_reclaim_add1_dd_throttle
1,26762.897918293376,3119.799238326716,0.5,270002,3025.524774,-819.10506262134,270647,sell,V5_75_reclaim_add1_dd_throttle
1,26358.56301277667,2974.662658050269,0.5,271787,2837.23244,-1227.8280392767047,272853,sell,V5_75_reclaim_add1_dd_throttle
1,25748.551964960738,2832.853658031766,0.5,272853,2835.677022,-25.66126670993981,273570,buy_cover,V5_75_reclaim_add1_dd_throttle
1,25737.652206170173,2841.333838086813,0.5,273570,2762.4773940000005,-724.3136070479522,274101,sell,V5_75_reclaim_add1_dd_throttle
1,25360.400880979087,2761.2555510984535,0.5,274101,2089.877892,6166.183600971839,277466,buy_cover,V5_75_reclaim_add1_dd_throttle
1,28438.543116515342,2090.250300118377,0.5,277466,2001.989522,-1211.7109289077343,278340,sell,V5_75_reclaim_add1_dd_throttle
1,27849.80839023743,1998.3181662987615,0.5,278340,2050.10994,-721.8013198743174,278781,buy_cover,V5_75_reclaim_add1_dd_throttle
1,27471.30565842041,1988.2760108149491,0.5,279862,1836.297186,2099.838626633624,281661,buy_cover,V5_75_reclaim_add1_dd_throttle
1,28528.564152502808,1838.7462714863493,0.49999999999999994,281661,1916.876548,1200.313786191382,282267,sell,V5_75_reclaim_add1_dd_throttle
1,29125.025763531303,1915.0046299479823,0.5,282267,1796.319192,1805.0705865910058,283346,buy_cover,V5_75_reclaim_add1_dd_throttle
1,33806.339817372005,1802.1163715970151,0.5625,283346,1780.423844,-420.29383295727894,283952,sell,V5_75_reclaim_add1_dd_throttle
1,33644.128763409426,1763.6948091753793,0.5625,283952,1248.729696,9823.442336338048,286538,buy_cover,V5_75_reclaim_add1_dd_throttle
1,69426.65904072233,1142.7197563255697,0.9992920209809139,288796,1192.91137,3020.4355902539537,289870,sell,V5_75_reclaim_add1_dd_throttle
1,72556.64805396207,1190.3592615700936,1.0,289870,1092.208398,5982.648318066276,291864,buy_cover,V5_75_reclaim_add1_dd_throttle
1,78415.23161943175,1095.8326876331541,0.9975857723393291,291864,1188.502252,6597.202740531022,293479,sell,V5_75_reclaim_add1_dd_throttle
1,85085.43979096366,1187.013182157088,1.0,293479,1099.829922,6249.323838658645,294463,buy_cover,V5_75_reclaim_add1_dd_throttle
1,91244.74111066322,1102.6855791333032,0.9981272764897511,294463,1481.893562,31329.55965720916,296666,sell,V5_75_reclaim_add1_dd_throttle
0,91930.72557590429,1481.893562,0.75,296666,1606.881312,-7753.734094924934,297550,buy_cover,V5_75_reclaim_add1_dd_throttle
1,114802.18052783227,1609.7959510838891,0.9987143484026257,297550,1479.1741060000002,-9357.453534815912,297999,sell,V5_75_reclaim_add1_dd_throttle
1,79089.1479682121,1670.0280912445785,0.75,299769,1681.2261780000001,-530.3155236332386,300509,buy_cover,V5_75_reclaim_add1_dd_throttle
1,78790.64583131549,1685.8124359899998,0.75,300509,1711.05772,1147.91624828348,302229,sell,V5_75_reclaim_add1_dd_throttle
1,79613.7342530493,1707.843446341891,0.75,302229,1891.82829,-8576.731348730798,302683,buy_cover,V5_75_reclaim_add1_dd_throttle
1,48767.687340664306,1896.2195421566685,0.49999999999999994,302683,1958.368248,1578.2193847806775,303731,sell,V5_75_reclaim_add1_dd_throttle
1,49554.635480994824,1954.0635177822548,0.5,303731,1919.6938619999999,871.6091127984837,304463,buy_cover,V5_75_reclaim_add1_dd_throttle
1,56268.90380421729,1927.0823645060348,0.5625,304463,1821.865554,-3093.5036037987447,304974,sell,V5_75_reclaim_add1_dd_throttle
1,48426.38316374624,1819.0308953834647,0.5,304974,1643.248584,4679.69223014958,305802,buy_cover,V5_75_reclaim_add1_dd_throttle
1,76211.0743492207,1647.5589097351353,0.75,305802,1653.579218,247.88842433335958,307070,sell,V5_75_reclaim_add1_dd_throttle
1,76415.81397898086,1648.440275000966,0.75,307070,1510.4720340000001,6395.718556614884,308019,buy_cover,V5_75_reclaim_add1_dd_throttle
1,81194.66243617504,1514.6073359278448,0.75,308019,1519.925954,252.53039280380472,308891,sell,V5_75_reclaim_add1_dd_throttle
0,60947.51114455248,1519.925954,0.5625,308891,1574.194776,-2176.1229796833795,309722,buy_cover,V5_75_reclaim_add1_dd_throttle
1,79621.97389498563,1574.3472613708116,0.75,309722,1559.867964,-763.8373091603862,310395,sell,V5_75_reclaim_add1_dd_throttle
1,79201.30190016316,1700.9907311179047,0.75,312072,1631.57625,3232.070782988754,312729,buy_cover,V5_75_reclaim_add1_dd_throttle
1,81556.29698193274,1635.1088379115647,0.75,312729,1422.985346,-10608.726969756302,313231,sell,V5_75_reclaim_add1_dd_throttle
1,49003.69647063177,1422.8078101438232,0.5,313231,1356.501246,2283.702253454001,315107,buy_cover,V5_75_reclaim_add1_dd_throttle
0,56407.7172372685,1356.501246,0.5625,315107,1303.549238,-2223.596223610759,315789,sell,V5_75_reclaim_add1_dd_throttle
1,49080.0362787516,1299.7120784984543,0.5,315789,1386.92733,-3293.440951848206,316243,buy_cover,V5_75_reclaim_add1_dd_throttle
1,47387.65379683027,1307.0134030390914,0.49999999999999994,317554,1316.0931659999999,-329.1979776838198,318102,buy_cover,V5_75_reclaim_add1_dd_throttle
1,47236.48910876026,1318.3784193774707,0.5,318102,1324.864974,213.4226243070516,318664,sell,V5_75_reclaim_add1_dd_throttle
1,47317.42031507056,1324.4871481257678,0.5,318664,1331.0761619999998,-235.3912003347432,319955,buy_cover,V5_75_reclaim_add1_dd_throttle
1,47200.544171345864,1331.872837260988,0.5,319955,1278.314286,-1916.1928463676013,320900,sell,V5_75_reclaim_add1_dd_throttle
1,46254.94198940466,1296.5672895265661,0.5,321908,1305.068934,284.6741040102643,322432,sell,V5_75_reclaim_add1_dd_throttle
1,46406.95566075422,1302.5930266888017,0.5,322432,1309.0417559999999,-229.74440914058505,322997,buy_cover,V5_75_reclaim_add1_dd_throttle
1,46275.009341132594,1310.5710377932496,0.5,322997,1488.7022,6268.6171374588885,325224,sell,V5_75_reclaim_add1_dd_throttle
0,37043.06176618824,1488.7022,0.375,325224,1612.792494,-3087.7109172778655,326789,buy_cover,V5_75_reclaim_add1_dd_throttle
1,47870.45193088022,1615.3973271969987,0.49999999999999994,326789,1618.366262,68.79953187873616,327744,sell,V5_75_reclaim_add1_dd_throttle
1,47882.947788313846,1617.7204025087856,0.5,327744,1325.36502,8653.436053032674,329053,buy_cover,V5_75_reclaim_add1_dd_throttle
1,78302.58564614202,1241.7039676462998,0.75,329822,1217.463444,1528.6248104216647,331730,buy_cover,V5_75_reclaim_add1_dd_throttle
1,79468.1537272057,1218.5147857088346,0.75,331730,1100.37988,-7733.133420384125,332258,sell,V5_75_reclaim_add1_dd_throttle
1,49155.12420342206,1096.2819650503752,0.5,332258,1173.78471,-3475.068337942197,332748,buy_cover,V5_75_reclaim_add1_dd_throttle
1,47352.98015289201,1193.01796305898,0.5,334054,1230.2560019999999,-1478.0412728521842,334641,buy_cover,V5_75_reclaim_add1_dd_throttle
1,46808.944376878615,1244.5519585228055,0.5,334641,1266.39667,802.5528964528858,335631,sell,V5_75_reclaim_add1_dd_throttle
1,47008.10001070268,1266.0113073203179,0.49999999999999994,335631,1288.167582,-822.6798195343072,336080,buy_cover,V5_75_reclaim_add1_dd_throttle
1,46635.05795475041,1291.7145574474555,0.5,336080,1229.414068,-2267.000975007046,336736,sell,V5_75_reclaim_add1_dd_throttle
1,45462.884490418015,1280.0076052242794,0.49999999999999994,338497,1294.301088,489.28478487535176,338974,sell,V5_75_reclaim_add1_dd_throttle
1,45731.88097287319,1291.7132803083086,0.49999999999999994,338974,1200.1599840000001,3241.3591380506405,340449,buy_cover,V5_75_reclaim_add1_dd_throttle
1,47407.57771169829,1206.4339083946777,0.5,340449,1199.290094,-299.56952856959833,341144,sell,V5_75_reclaim_add1_dd_throttle
1,47180.30501755339,1198.1913039671451,0.5,341144,1230.0859679999999,-1255.8909842584617,342408,buy_cover,V5_75_reclaim_add1_dd_throttle
1,46538.333504159906,1209.2748879378078,0.5,344605,1258.931736,-1911.0167881524321,345478,buy_cover,V5_75_reclaim_add1_dd_throttle
1,45606.78298248892,1261.5294034470498,0.5,345478,1511.387662,9011.016539674354,355572,sell,V5_75_reclaim_add1_dd_throttle
1,75137.09941856429,1510.5482934263139,0.75,355572,1537.567452,-1343.973305360385,355860,buy_cover,V5_75_reclaim_add1_dd_throttle
1,49419.18132206747,1549.9281654468596,0.5,356059,1564.277082,437.56394595858,362196,sell,V5_75_reclaim_add1_dd_throttle
1,49696.219012584195,1525.5918060563708,0.5,363060,1578.505638,-1723.6683055034955,364212,buy_cover,V5_75_reclaim_add1_dd_throttle
1,48772.037532580085,1578.8159057018804,0.5,364213,1839.3320600000002,8025.016728629635,381204,sell,V5_75_reclaim_add1_dd_throttle
0,59359.04611301384,1853.100546,0.5625,384948,1826.914544,-862.2032559381842,385812,sell,V5_75_reclaim_add1_dd_throttle
1,78526.04724374934,1911.593219205465,0.75,386388,1839.392048,-2996.161955759526,389844,sell,V5_75_reclaim_add1_dd_throttle
1,76245.71292440103,1721.9205245369026,0.75,392436,1735.1169539999999,-584.3277121816354,392724,buy_cover,V5_75_reclaim_add1_dd_throttle
1,75817.25106142981,1890.0147588434058,0.75,393300,1830.393848,-2421.0383360575797,405972,sell,V5_75_reclaim_add1_dd_throttle
1,49328.9409053919,1687.041682649731,0.5,409716,1641.9183179999998,1319.4048795087438,415082,buy_cover,V5_75_reclaim_add1_dd_throttle
1,75000.94569548583,1643.3517210168625,0.75,415082,1618.866162,-1147.0470980874234,415885,sell,V5_75_reclaim_add1_dd_throttle
1,49433.71044840321,1625.934270048921,0.5,417501,1614.2970759999998,-373.4386917702941,417955,sell,V5_75_reclaim_add1_dd_throttle
1,49220.07375552929,1614.0094546206055,0.5,417955,1648.6596659999998,-1056.6745498113305,418770,buy_cover,V5_75_reclaim_add1_dd_throttle
1,48688.469842253005,1595.268724336789,0.5,420483,1652.8293680000002,1736.6060944137644,422900,sell,V5_75_reclaim_add1_dd_throttle
1,49568.56709721687,1651.3342821189087,0.5,422900,1653.1205579999998,-53.61716226208955,424061,buy_cover,V5_75_reclaim_add1_dd_throttle
1,49531.735367948924,1654.159424243009,0.5,424061,1626.07472,-860.435709513833,424516,sell,V5_75_reclaim_add1_dd_throttle
1,49095.31399418857,1625.5917799895515,0.5,424516,1555.921122,2104.16042195919,426094,buy_cover,V5_75_reclaim_add1_dd_throttle
1,75296.0165784924,1559.2941456145695,0.75,426094,1572.455446,605.1702163589216,427152,sell,V5_75_reclaim_add1_dd_throttle
1,75681.66349002616,1571.575972028787,0.75,427152,1577.495436,-285.0578736153693,427888,buy_cover,V5_75_reclaim_add1_dd_throttle
1,75452.55268326795,1578.2300100013958,0.75,427888,2233.033304,31262.357982839618,455796,sell,V5_75_reclaim_add1_dd_throttle
1,131845.06228545203,2312.0959107857934,0.9997362002317851,457236,2298.5402,-825.4250493071886,459252,sell,V5_75_reclaim_add1_dd_throttle
1,98256.18025810219,2377.645446603562,0.75,459540,3321.8055059999997,38962.50343303941,476244,sell,V5_75_reclaim_add1_dd_throttle
1,127506.43364056014,3360.666160837734,0.75,476820,3139.372,-8443.721546640532,479124,sell,V5_75_reclaim_add1_dd_throttle
1,121217.115049633,3045.7385909091527,0.75,502452,3098.409558,-2096.242820533749,504180,buy_cover,V5_75_reclaim_add1_dd_throttle
1,119677.79166251069,3494.2228947714357,0.75,505620,3271.3156059999997,-7679.429373742925,508788,sell,V5_75_reclaim_add1_dd_throttle
1,113846.1983770036,2989.4567331099415,0.75,510804,2738.0174939999997,9575.456853730575,514048,buy_cover,V5_75_reclaim_add1_dd_throttle
1,120970.84567992433,2738.389939120845,0.75,514048,2544.34103,-8617.24052710578,514489,sell,V5_75_reclaim_add1_dd_throttle
0,85879.09720811617,2544.34103,0.5625,514489,2635.807056,-3087.2475784682465,515159,buy_cover,V5_75_reclaim_add1_dd_throttle
0,56088.572697861244,2552.629372,0.375,516152,2653.100514,-2207.636197237691,516626,buy_cover,V5_75_reclaim_add1_dd_throttle
1,73717.94242989214,2657.445043843178,0.5,516626,2733.4631980000004,2078.427876317277,517456,sell,V5_75_reclaim_add1_dd_throttle
1,74717.53886698419,2732.897892765545,0.5,517456,2556.081114,4834.180674691801,518370,buy_cover,V5_75_reclaim_add1_dd_throttle
1,115713.66411362337,2557.4127451368727,0.75,518370,2484.223056,-3356.524692488456,519181,sell,V5_75_reclaim_add1_dd_throttle
1,75476.69617788694,2481.2569647917344,0.5,519181,2542.038306,-1848.8883715676056,519690,buy_cover,V5_75_reclaim_add1_dd_throttle
1,74517.9968682729,2316.602900935519,0.5,521440,2314.3170440000004,-103.30380300812249,522161,sell,V5_75_reclaim_add1_dd_throttle
1,74465.14036684371,2313.846797098955,0.5,522161,2383.196544,-2231.8381429848523,522796,buy_cover,V5_75_reclaim_add1_dd_throttle
1,73357.72177578016,2346.9663919726827,0.5,523935,2549.4100160000003,6295.788049506329,525467,sell,V5_75_reclaim_add1_dd_throttle
1,114861.22440255604,2543.92499670609,0.75,525467,2637.987492,-4247.0282235948835,526527,buy_cover,V5_75_reclaim_add1_dd_throttle
1,74410.5051839502,2643.7840923928093,0.5,526527,2644.1310679999997,-19.9993453725765,527308,sell,V5_75_reclaim_add1_dd_throttle
1,74346.54080904428,2643.415493663342,0.5,527308,2396.22915,6952.163500861861,528850,buy_cover,V5_75_reclaim_add1_dd_throttle
1,116837.7717700839,2400.914787830492,0.75,528850,2412.987306,540.529877287845,529800,sell,V5_75_reclaim_add1_dd_throttle
1,117157.05076780198,2411.423148252039,0.75,529800,2419.7038439999997,-402.30622876167763,530796,buy_cover,V5_75_reclaim_add1_dd_throttle
1,116894.74526907067,2423.3641981715605,0.75,530796,2442.21146,862.0101826603641,531435,sell,V5_75_reclaim_add1_dd_throttle
1,117464.84511176613,2441.3528642605042,0.75,531435,2658.08151,-10427.818397951545,531995,buy_cover,V5_75_reclaim_add1_dd_throttle
0,54804.888161555486,2658.08151,0.375,531995,2587.992298,-1466.4560090891828,532573,sell,V5_75_reclaim_add1_dd_throttle
1,72370.4959709748,2641.453020864963,0.5,533849,2513.472594,3506.408847586412,535544,buy_cover,V5_75_reclaim_add1_dd_throttle
1,74099.1976573403,2514.9236495698547,0.5,535544,2609.557984,2757.5348169319623,536601,sell,V5_75_reclaim_add1_dd_throttle
1,75496.31246215294,2606.365472867607,0.5,536601,2485.7370479999995,3494.141116042956,538173,buy_cover,V5_75_reclaim_add1_dd_throttle
1,115833.21095726747,2487.0112306082215,0.75,538173,3423.8650900000002,43570.43761862928,551988,sell,V5_75_reclaim_add1_dd_throttle
1,197978.8614592294,3490.1889183085846,0.9997930662498677,552276,3399.0700500000003,-5245.7792180793185,553428,sell,V5_75_reclaim_add1_dd_throttle
1,144590.7922352118,3457.5868747582963,0.75,554868,3221.045662,-9945.652092891978,556884,sell,V5_75_reclaim_add1_dd_throttle
1,137188.31571476662,3451.9060216312364,0.75,558612,3269.8059080000003,-7289.138651455258,560052,sell,V5_75_reclaim_add1_dd_throttle
1,131611.69694261655,3085.9450987617897,0.75,562356,3258.45156,-7357.179151444609,562932,buy_cover,V5_75_reclaim_add1_dd_throttle
1,84056.91966191516,3119.6908739803953,0.5,563508,2670.594012,12100.46422933432,566964,buy_cover,V5_75_reclaim_add1_dd_throttle
1,135170.40338543756,2671.6185281183566,0.75,566964,2634.862922,-1912.966989597684,568315,sell,V5_75_reclaim_add1_dd_throttle
1,133799.4833686783,2631.5902245720213,0.75,568315,2760.552,-6556.873479403497,568861,buy_cover,V5_75_reclaim_add1_dd_throttle
1,128985.1134579084,2728.828091062684,0.75,569885,2263.9927079999998,21971.650211610046,571759,buy_cover,V5_75_reclaim_add1_dd_throttle
1,157806.00693867815,2276.162960369083,0.8125,571759,2162.987316,-7906.4267968502245,573015,sell,V5_75_reclaim_add1_dd_throttle
1,139370.3750830483,2160.98441062734,0.75,573015,1933.006524,14703.194613432162,575212,buy_cover,V5_75_reclaim_add1_dd_throttle
1,200416.58941618053,1933.5811261269732,0.9998520192105769,575212,1898.630198,-3701.3897634242603,575736,sell,V5_75_reclaim_add1_dd_throttle
1,197024.22416345798,1894.4162257698977,0.9999999999999999,575736,1980.706062,-8974.359591771004,576594,buy_cover,V5_75_reclaim_add1_dd_throttle
1,140881.40314194403,2031.4745397007553,0.75,578650,1860.251976,11874.175646952921,580291,buy_cover,V5_75_reclaim_add1_dd_throttle
1,199547.4345824771,1863.2727946513855,0.9988568562922246,580291,1845.6308000000001,-1968.4269576763036,580765,sell,V5_75_reclaim_add1_dd_throttle
1,197984.0178327112,1840.3247495400824,1.0,580765,1596.499236,26231.004868084856,582726,buy_cover,V5_75_reclaim_add1_dd_throttle
1,223770.41568931908,1596.7416740026586,0.9999610927114033,582726,1575.8847600000001,-3011.2577659428935,583835,sell,V5_75_reclaim_add1_dd_throttle
1,220659.61671989725,1576.6723483242477,1.0,583835,1598.859708,-3105.1728503583,585438,buy_cover,V5_75_reclaim_add1_dd_throttle
1,217609.8531496739,1798.8054641069825,0.9996510779447654,587270,1779.8539580000001,-2378.7699988174136,587989,sell,V5_75_reclaim_add1_dd_throttle
1,215313.55157464062,1778.7634283693951,1.0,587989,1831.326192,-6362.54341921382,588975,buy_cover,V5_75_reclaim_add1_dd_throttle
1,208825.47702132774,1840.9238922550671,0.9996566996654093,590584,2404.3390360000003,63801.997373580845,599220,sell,V5_75_reclaim_add1_dd_throttle
1,272529.01659721846,2405.2543103109197,1.0,599220,2474.4847979999995,-7844.197460872878,599508,buy_cover,V5_75_reclaim_add1_dd_throttle
1,198545.42242464246,2537.934920333761,0.75,599778,2310.547798,-17861.03852387439,603796,sell,V5_75_reclaim_add1_dd_throttle
1,185502.14977299812,2302.3914648942164,0.75,603796,2309.571822,-578.5091555229155,604284,buy_cover,V5_75_reclaim_add1_dd_throttle
1,184724.80222493614,2310.5962576019497,0.75,604284,2393.481208,6549.854639561032,605281,sell,V5_75_reclaim_add1_dd_throttle
1,189598.39165631955,2393.311214098956,0.7499999999999999,605281,2454.9909,-4886.264083551097,605958,buy_cover,V5_75_reclaim_add1_dd_throttle
1,185926.31749155652,2455.658182756015,0.75,605958,2402.759352,-4077.913401059166,606708,sell,V5_75_reclaim_add1_dd_throttle
1,182960.17751155893,2538.5850579402713,0.75,608021,4157.91825,116588.26415477548,631188,sell,V5_75_reclaim_add1_dd_throttle
1,360388.1446527593,4224.501017712633,0.9974503653065313,632628,4134.812872,-7792.290664144559,636372,sell,V5_75_reclaim_add1_dd_throttle
1,264636.83746147377,4159.07039059705,0.75,640404,3899.2200000000003,-16633.210960264114,641268,sell,V5_75_reclaim_add1_dd_throttle
1,252024.87558439525,3600.8011973910193,0.75,642708,2955.54099,45162.63030569564,649044,buy_cover,V5_75_reclaim_add1_dd_throttle
1,381074.8683589294,2957.8360907907227,0.9994924846232498,649044,2988.7621280000003,3830.369200496236,650032,sell,V5_75_reclaim_add1_dd_throttle
1,384904.8574646023,2988.4671005307996,1.0,650032,2859.97188,16549.781848757295,650941,buy_cover,V5_75_reclaim_add1_dd_throttle
1,401316.37016466854,2859.671863881154,1.0,650941,3064.856906,28622.925465225882,651829,sell,V5_75_reclaim_add1_dd_throttle
1,430696.990816336,3057.8548762674927,1.0,651829,3079.935864,-3110.0762772258604,652419,buy_cover,V5_75_reclaim_add1_dd_throttle
1,426804.7482265268,3087.6662716523783,0.9981921859533465,652419,3282.453378,26743.735877233325,653371,sell,V5_75_reclaim_add1_dd_throttle
1,454047.2797860108,3277.2706347213248,0.9999999999999999,653371,3127.77543,20711.731015421276,654541,buy_cover,V5_75_reclaim_add1_dd_throttle
1,474169.40566322417,3132.18012677652,0.9990186066420942,654541,2862.9073040000003,-40937.58215334918,655288,sell,V5_75_reclaim_add1_dd_throttle
1,433061.91954200465,2965.587882387312,1.0,657584,3175.724728,30500.598919185577,661320,sell,V5_75_reclaim_add1_dd_throttle
1,464247.8608501562,3170.6599885353116,1.0,661320,3107.1213,9303.34947278467,662399,buy_cover,V5_75_reclaim_add1_dd_throttle
1,472942.9223296752,3107.9258355522743,0.9998807690635868,662399,3287.4323820000004,27115.996376069612,663918,sell,V5_75_reclaim_add1_dd_throttle
1,500848.929832769,3280.0960236876376,1.0,663918,3341.928252,-9441.351168908295,664479,buy_cover,V5_75_reclaim_add1_dd_throttle
1,490517.3977508699,3343.0947626967118,0.9998131652300478,664479,3166.056662,-26161.809608924144,664944,sell,V5_75_reclaim_add1_dd_throttle
1,464355.5881419458,2971.1584451519348,0.9988040737948743,667093,2940.531776,-4970.381609165168,667528,sell,V5_75_reclaim_add1_dd_throttle
1,459471.7053471476,2939.497810753828,1.0,667528,2093.158548,132290.9584783496,670116,buy_cover,V5_75_reclaim_add1_dd_throttle
1,591584.2706700608,2095.1109607763988,0.9993752980397331,670116,2055.38884,-11448.227775868727,670665,sell,V5_75_reclaim_add1_dd_throttle
1,580397.3030608192,2053.944149317587,1.0,670665,2012.20236,11795.290864156443,671977,buy_cover,V5_75_reclaim_add1_dd_throttle
1,591815.2542977363,2019.0971422656125,0.9975046267652785,671977,2026.074704,1807.6647189577343,672526,sell,V5_75_reclaim_add1_dd_throttle
1,594504.4318269719,2021.8152621211686,1.0,672526,2022.214362,-117.32949223159812,673329,buy_cover,V5_75_reclaim_add1_dd_throttle
1,593386.688638097,2023.138278894005,0.9997322761073153,673329,1951.90954,-21120.37248261622,674551,sell,V5_75_reclaim_add1_dd_throttle
1,573040.6630069144,1948.156304841929,1.0,674551,1904.340792,12888.141530077439,675266,buy_cover,V5_75_reclaim_add1_dd_throttle
1,585039.8495529569,1911.0186439901202,0.997444493092976,675266,1969.376046,17624.415386189357,675963,sell,V5_75_reclaim_add1_dd_throttle
1,602995.3918202994,1967.7295625363595,1.0,675963,1989.307782,-6612.452832061914,676425,buy_cover,V5_75_reclaim_add1_dd_throttle
1,595931.2130287203,2002.6706803959478,0.9950359690849612,676425,2051.559606,14303.624934941647,677958,sell,V5_75_reclaim_add1_dd_throttle
1,610893.3264440581,2048.3778569708957,1.0,677958,1982.0363280000001,19785.239138865494,678745,buy_cover,V5_75_reclaim_add1_dd_throttle
1,629897.8984372386,1987.6223225672572,0.997960849820199,678745,2066.33665,24683.466515581124,680265,sell,V5_75_reclaim_add1_dd_throttle
1,654517.4250935318,2066.399113519395,1.0,680265,2147.389392,-25653.07542079757,680700,buy_cover,V5_75_reclaim_add1_dd_throttle
1,628797.3860470034,2148.7844472902784,0.99958767114554,680700,2292.011506,41644.18332031707,681437,sell,V5_75_reclaim_add1_dd_throttle
1,671903.6379774882,2285.009844597477,1.0,681437,2157.371388,37531.91764940135,682873,buy_cover,V5_75_reclaim_add1_dd_throttle
1,708595.7544168506,2136.882038209562,1.0,683665,2039.05773,32438.827240481158,684789,buy_cover,V5_75_reclaim_add1_dd_throttle
1,739988.1739945378,2038.717695936084,1.0,684789,2081.13369,15093.502121353755,685646,sell,V5_75_reclaim_add1_dd_throttle
1,755912.5484929262,2078.398668465663,0.9999999999999999,685646,2086.727262,-3029.0749143027933,686759,buy_cover,V5_75_reclaim_add1_dd_throttle
1,752049.4590760766,2089.6381139485297,0.9990285954846763,686759,2089.562004,-328.17030509305187,687192,sell,V5_75_reclaim_add1_dd_throttle
1,751637.2593742873,2089.664434057588,1.0,687192,2265.623034,-63291.009576200275,688412,buy_cover,V5_75_reclaim_add1_dd_throttle
1,688279.9517429083,2268.606797633891,0.9990870800660457,688412,2298.450218,8775.385997798061,689818,sell,V5_75_reclaim_add1_dd_throttle
1,697588.6352858584,2295.8611351044756,1.0,689818,2345.71905,-15149.108465005876,691407,buy_cover,V5_75_reclaim_add1_dd_throttle
1,681766.7115486433,2348.5840884021027,0.9991587812700653,691407,2294.710966,-15905.166916016024,691879,sell,V5_75_reclaim_add1_dd_throttle
1,542247.0081482187,2253.649099036834,0.8125,693265,2287.00731,-8026.245299132774,694011,buy_cover,V5_75_reclaim_add1_dd_throttle
1,493218.8735660999,2286.607205576385,0.75,694011,2335.7927480000003,10407.760907486605,695708,sell,V5_75_reclaim_add1_dd_throttle
1,668285.0475130981,2334.856179471202,1.0,695708,2321.8942859999997,3709.993676661048,696325,buy_cover,V5_75_reclaim_add1_dd_throttle
1,671710.94750651,2324.657440336654,0.9991822963392252,696325,2308.8981280000003,-4820.497528142412,697026,sell,V5_75_reclaim_add1_dd_throttle
1,500289.2467526626,2307.668018963502,0.75,697026,2320.053918,-2685.172052688198,697536,buy_cover,V5_75_reclaim_add1_dd_throttle
1,498165.17286315165,2145.803459283288,0.75,699627,2095.43083,-11888.971459126566,700245,sell,V5_75_reclaim_add1_dd_throttle
1,489401.83612573,2093.387298422494,0.75,700245,2041.50822,12128.551759307506,702222,buy_cover,V5_75_reclaim_add1_dd_throttle
0,373638.8925052226,2041.50822,0.5625,702222,2006.018716,-6642.1675410210155,702783,sell,V5_75_reclaim_add1_dd_throttle
1,493168.562493717,2006.0711902045093,0.75,702783,1609.741884,97432.82637444569,704704,buy_cover,V5_75_reclaim_add1_dd_throttle
1,754938.9451302105,1615.0303115399645,0.9976105640833571,704704,1648.6702,15416.585917652352,705375,sell,V5_75_reclaim_add1_dd_throttle
1,771510.0482599712,1645.1733835206537,1.0,705375,1667.1233579999998,-10293.489179559168,705922,buy_cover,V5_75_reclaim_add1_dd_throttle
1,759907.7398586517,1668.8060845961709,0.9993178363413954,705922,1676.504632,3200.276669879444,706102,sell_final,V5_75_reclaim_add1_dd_throttle
