entry_notional,entry_price,entry_size,entry_step,exit_price,pnl,step,type,variant
10000.0,173.114616,1.0,1982,172.275538,-52.4497206046708,2899,sell,baseline_100
9947.55027939533,172.275538,1.0,2899,176.065206,-218.8229585764857,4027,buy_cover,baseline_100
9726.737810762965,176.065206,1.0,4027,185.71285,528.8814636934749,5104,sell,baseline_100
10255.61927445644,185.71285,1.0,5104,185.347062,20.200317302334952,6094,buy_cover,baseline_100
10273.768467903883,185.347062,1.0,6094,176.86462,-474.10192523146,6611,sell,baseline_100
9799.666542672423,176.86462,1.0,6611,175.555104,72.55769383132247,7835,buy_cover,baseline_100
9870.26430319521,175.555104,1.0,7835,171.305732,-242.7653158399753,8379,sell,baseline_100
9627.498987355235,171.305732,1.0,8379,164.08281,405.93351207319574,9191,buy_cover,baseline_100
10031.50699963096,164.08281,1.0,9191,182.553482,1124.774948054297,10628,sell,baseline_100
11156.281947685256,182.553482,1.0,10628,184.24684200000002,-103.48484822953833,11330,buy_cover,baseline_100
11050.56584306618,184.24684200000002,1.0,11330,181.153762,-189.85912797185483,11781,sell,baseline_100
10860.706715094326,181.153762,1.0,11781,188.767746,-456.48052923888827,12405,buy_cover,baseline_100
10402.054044512419,188.767746,1.0,12405,188.04238400000003,-44.11552014380868,12871,sell,baseline_100
10357.93852436861,188.04238400000003,1.0,12871,187.177428,47.644783237674346,13737,buy_cover,baseline_100
10403.511719901411,187.177428,1.0,13737,184.603072,-147.18908353427105,14236,sell,baseline_100
10256.32263636714,184.603072,1.0,14236,184.51689599999997,4.788244033688898,14247,buy_cover,baseline_100
10259.059615873555,182.253542,1.0,15687,144.60891600000002,2119.0179211623936,30375,buy_cover,baseline_100
12376.025725112773,143.62127,1.0,30663,143.75874599999997,-11.845984554431197,31527,buy_cover,baseline_100
12361.704535413319,201.029786,1.0,48807,142.47849,3600.431091184704,55344,buy_cover,baseline_100
15959.66328569094,169.23384,1.0,57447,163.63726599999998,-533.9592270444609,57493,sell,baseline_100
15425.70405864648,163.63726599999998,1.0,57493,160.362066,308.74608281948167,58193,buy_cover,baseline_100
15731.365000654232,160.362066,1.0,58193,153.38931599999998,-690.0384291273622,59163,sell,baseline_100
15041.32657152687,153.38931599999998,1.0,59163,179.475888,-2558.0434859063516,59905,buy_cover,baseline_100
12480.274820306213,175.075008,1.0,60992,390.4219,15339.936809933251,95701,sell,baseline_100
27820.211630239464,370.494084,1.0,101495,317.596468,-3981.593289927441,105239,sell,baseline_100
23838.618340312023,365.333052,1.0,109847,934.813,37135.162257610704,136783,sell,baseline_100
60973.78059792273,1576.9353239999998,1.0,150989,3432.533356,71695.46912793307,172818,sell,baseline_100
132669.2497258558,2871.4441739999997,1.0,175757,2256.79855,-28440.157623351377,176621,sell,baseline_100
104229.09210250442,2843.838654,1.0,178061,2703.819128,-5171.469001386868,178925,sell,baseline_100
99057.62310111756,1804.359056,1.0,184304,1985.537028,-9946.49670065318,184880,buy_cover,baseline_100
89091.31487584415,1942.36145,1.0,189488,2023.494618,-3721.374003860561,192080,buy_cover,baseline_100
85352.12260900842,2182.9765079999997,1.0,192656,3060.8077160000003,34274.42691055476,209936,sell,baseline_100
119626.54951956318,3305.06088,1.0,212528,4179.51393,31590.289119135792,231248,sell,baseline_100
151216.83863869897,4354.9308120000005,1.0,231536,4078.8540660000003,-9642.895940220042,232976,sell,baseline_100
141573.94269847893,3406.5785480000004,1.0,240464,2465.162934,39124.28035168935,246224,buy_cover,baseline_100
180669.9082616286,2465.162934,1.0,246224,2337.842338,-9399.757836988516,246475,sell,baseline_100
171270.15042464007,2337.842338,1.0,246475,2591.588214,-18589.395825067797,246962,buy_cover,baseline_100
152646.50056948734,2752.75044,1.0,248591,2959.8379139999997,11417.843141022488,249284,sell,baseline_100
164064.34371050983,2959.8379139999997,1.0,249284,3195.0088739999997,-13035.561191439367,249750,buy_cover,baseline_100
150995.96965032836,3195.0088739999997,1.0,249750,3076.8845,-5640.711929682555,250537,sell,baseline_100
145355.2577206458,2959.0816979999995,1.0,251580,3050.369804,4424.30129698629,252179,sell,baseline_100
149779.5590176321,3050.369804,1.0,252179,2666.013096,18872.726227091713,254066,buy_cover,baseline_100
168622.3293329203,2666.013096,1.0,254066,2650.31983,-1059.6266151731543,255380,sell,baseline_100
167562.70271774713,2650.31983,1.0,255380,2995.9490699999997,-21851.909666429943,255884,buy_cover,baseline_100
145677.28051077365,2632.596414,1.0,258056,2534.323034,-5494.143050322455,258628,sell,baseline_100
140183.1374604512,2534.323034,1.0,258628,2606.341164,-3983.593514871318,259955,buy_cover,baseline_100
136171.5073180878,2885.982688,1.0,261337,2964.072696,-3684.5744068966887,261799,buy_cover,baseline_100
132459.6986097275,2964.072696,1.0,261799,3176.894494,9453.885492086352,266378,sell,baseline_100
141913.58410181385,3176.894494,1.0,266378,3228.6756060000002,-2313.084327748016,266666,buy_cover,baseline_100
139572.11705724546,3272.1543,1.0,266698,2984.2630280000003,-12330.77108191885,267818,sell,baseline_100
127241.3459753266,2984.2630280000003,1.0,267818,3096.8892539999997,-4802.0890557596285,268277,buy_cover,baseline_100
122413.80865037191,3012.587362,1.0,269538,3118.02348,-4284.297832795855,270002,buy_cover,baseline_100
118105.02805584598,3118.02348,1.0,270002,3025.524774,-3549.5178020271414,270647,sell,baseline_100
114555.51025381884,2971.384158,1.0,271787,2837.23244,-5215.688354639584,272853,sell,baseline_100
109339.82189917925,2837.23244,1.0,272853,2835.677022,59.94627962015511,273570,buy_cover,baseline_100
109377.90021441957,2835.677022,1.0,273570,2762.4773940000005,-2866.07785322587,274101,sell,baseline_100
106511.8223611937,2762.4773940000005,1.0,274101,2089.877892,25933.17423582128,277466,buy_cover,baseline_100
132423.69423254274,2089.877892,1.0,277466,2001.989522,-5619.723724207841,278340,sell,baseline_100
126803.9705083349,2001.989522,1.0,278340,2050.10994,-3047.8929082214745,278781,buy_cover,baseline_100
123730.71680601175,1989.082104,1.0,279862,1836.297186,9503.979987315004,281661,buy_cover,baseline_100
133209.95064996555,1836.297186,1.0,281661,1916.876548,5789.827658736322,282267,sell,baseline_100
138999.77830870188,1916.876548,1.0,282267,1796.319192,8742.063103900015,283346,buy_cover,baseline_100
147714.04145694018,1796.319192,1.0,283346,1780.423844,-1365.6554053572763,283952,sell,baseline_100
146348.3860515829,1780.423844,1.0,283952,1248.729696,43704.53024715526,286538,buy_cover,baseline_100
190023.64662152785,1141.5282599999998,1.0,288796,1192.91137,8474.028016407072,289870,sell,baseline_100
198497.67463793492,1192.91137,1.0,289870,1092.208398,16756.747354300227,291864,buy_cover,baseline_100
215214.72245730757,1092.208398,1.0,291864,1188.502252,18880.601961238688,293479,sell,baseline_100
234095.32441854625,1188.502252,1.0,293479,1099.829922,17465.501745553338,294463,buy_cover,baseline_100
251514.00709921587,1099.829922,1.0,294463,1481.893562,87236.47471089859,296666,sell,baseline_100
338750.48181011446,1481.893562,1.0,296666,1606.881312,-28571.30892885907,297550,buy_cover,baseline_100
310111.42278489337,1606.881312,1.0,297550,1479.1741060000002,-24760.34055638779,297999,sell,baseline_100
285351.0822285056,1670.405852,1.0,299769,1681.2261780000001,-1848.3966282086913,300509,buy_cover,baseline_100
283445.61538385117,1681.2261780000001,1.0,300509,1711.05772,4914.057706488122,302229,sell,baseline_100
288359.6730903393,1711.05772,1.0,302229,1891.82829,-30464.735373436066,302683,buy_cover,baseline_100
257837.26578228513,1891.82829,1.0,302683,1958.368248,8961.978736356134,303731,sell,baseline_100
266799.24451864127,1958.368248,1.0,303731,1919.6938619999999,5268.834124774468,304463,buy_cover,baseline_100
272014.718794512,1919.6938619999999,1.0,304463,1821.865554,-13965.221276690223,304974,sell,baseline_100
258049.49751782176,1821.865554,1.0,304974,1643.248584,25299.36208357266,305802,buy_cover,baseline_100
283297.24970189086,1643.248584,1.0,305802,1653.579218,1666.9889065336902,307070,sell,baseline_100
284964.23860842455,1653.579218,1.0,307070,1510.4720340000001,24661.925174954784,308019,buy_cover,baseline_100
309569.1709356577,1510.4720340000001,1.0,308019,1519.925954,1812.9776975369896,308891,sell,baseline_100
311382.1486331947,1519.925954,1.0,308891,1574.194776,-11117.859226388566,309722,buy_cover,baseline_100
300202.0129770795,1574.194776,1.0,309722,1559.867964,-2851.12702726468,310395,sell,baseline_100
297350.8859498148,1707.098512,1.0,312072,1631.57625,13154.853549927822,312729,buy_cover,baseline_100
310446.26932255266,1631.57625,1.0,312729,1422.985346,-39797.68306126399,313231,sell,baseline_100
270648.58626128867,1422.985346,1.0,313231,1356.501246,12645.135390775773,315107,buy_cover,baseline_100
283239.59193481214,1356.501246,1.0,315107,1303.549238,-11165.324850039906,315789,sell,baseline_100
272074.26708477223,1303.549238,1.0,315789,1386.92733,-17402.501966663112,316243,buy_cover,baseline_100
254617.35026469216,1307.948358,1.0,317554,1316.0931659999999,-1585.5335684196907,318102,buy_cover,baseline_100
252980.89322621952,1316.0931659999999,1.0,318102,1324.864974,1584.2700758004503,318664,sell,baseline_100
254565.16330201997,1324.864974,1.0,318664,1331.0761619999998,-1193.4337194536347,319955,buy_cover,baseline_100
253320.81654990593,1331.0761619999998,1.0,319955,1278.314286,-10138.56185757072,320900,sell,baseline_100
243182.2546923352,1294.848918,1.0,321908,1305.068934,1821.3641402574722,322432,sell,baseline_100
245003.61883259268,1305.068934,1.0,322432,1309.0417559999999,-745.8172613118368,322997,buy_cover,baseline_100
244208.80084751433,1309.0417559999999,1.0,322997,1488.7022,33405.54589574665,325224,sell,baseline_100
277614.346743261,1488.7022,1.0,325224,1612.792494,-23140.442726971058,326789,buy_cover,baseline_100
254418.38114694128,1612.792494,1.0,326789,1618.366262,777.154318366549,327744,sell,baseline_100
255195.53546530782,1618.366262,1.0,327744,1325.36502,46202.53407956901,329053,buy_cover,baseline_100
301347.0304377838,1241.9215660000002,1.0,329822,1217.463444,5934.671972629847,331730,buy_cover,baseline_100
307221.43300432607,1217.463444,1.0,331730,1100.37988,-29656.570866496942,332258,sell,baseline_100
277564.8621378291,1100.37988,1.0,332258,1173.78471,-18515.958767934877,332748,buy_cover,baseline_100
258993.39039746666,1193.541244,1.0,334054,1230.2560019999999,-7966.9361697529675,334641,buy_cover,baseline_100
250974.6555496342,1230.2560019999999,1.0,334641,1266.39667,7269.439055136987,335631,sell,baseline_100
258244.09460477118,1266.39667,1.0,335631,1288.167582,-4439.522216757934,336080,buy_cover,baseline_100
253752.9235690923,1288.167582,1.0,336080,1229.414068,-11670.57038575114,336736,sell,baseline_100
242082.35318334115,1279.2858059999999,1.0,338497,1294.301088,2743.4185040315497,338974,sell,baseline_100
244825.7716873727,1294.301088,1.0,338974,1200.1599840000001,17807.43321719661,340449,buy_cover,baseline_100
262584.23975023185,1200.1599840000001,1.0,340449,1199.290094,-295.2712000756874,341144,sell,baseline_100
262288.96855015616,1199.290094,1.0,341144,1230.0859679999999,-6735.155373960268,342408,buy_cover,baseline_100
255501.35538248584,1209.748002,1.0,344605,1258.931736,-10387.698770856136,345478,buy_cover,baseline_100
245062.55634055322,1258.931736,1.0,345478,1511.387662,49025.1805000442,355572,sell,baseline_100
294087.7368405974,1511.387662,1.0,355572,1537.567452,-5094.084925031464,355860,buy_cover,baseline_100
288934.83436819783,1548.099558,1.0,356059,1564.277082,2902.577303465514,362196,sell,baseline_100
291837.41167166334,1532.313476,1.0,363060,1578.505638,-8797.535740603402,364212,buy_cover,baseline_100
282981.5084487256,1576.855308,1.0,364213,1839.3320600000002,46971.89962416631,381204,sell,baseline_100
329953.40807289194,1853.100546,1.0,384948,1826.914544,-4792.646131925867,385812,sell,baseline_100
325160.76194096607,1910.2219679999998,1.0,386388,1839.392048,-12182.001081157709,389844,sell,baseline_100
312978.76085980836,1721.8555600000002,1.0,392436,1735.1169539999999,-2410.4884495674632,392724,buy_cover,baseline_100
310505.67665806896,1889.1477539999998,1.0,393300,1830.393848,-9777.285888807732,405972,sell,baseline_100
300728.3907692612,1687.652402,1.0,409716,1641.9183179999998,8149.520137668995,415082,buy_cover,baseline_100
308817.7652287764,1641.9183179999998,1.0,415082,1618.866162,-4457.51111620228,415885,sell,baseline_100
304360.2541125741,1623.294594,1.0,417501,1614.2970759999998,-1808.0503501347266,417955,sell,baseline_100
302552.20376243937,1614.2970759999998,1.0,417955,1648.6596659999998,-6440.238004408369,418770,buy_cover,baseline_100
296051.4553172785,1594.838904,1.0,420483,1652.8293680000002,10642.110482847143,422900,sell,baseline_100
306693.56580012565,1652.8293680000002,1.0,422900,1653.1205579999998,-54.019986028957646,424061,buy_cover,baseline_100
306578.2071009367,1653.1205579999998,1.0,424061,1626.07472,-5136.378088480211,424516,sell,baseline_100
301441.82901245647,1626.07472,1.0,424516,1555.921122,13005.089737643139,426094,buy_cover,baseline_100
314386.6303842971,1555.921122,1.0,426094,1572.455446,3213.8175412995042,427152,sell,baseline_100
317600.4479255966,1572.455446,1.0,427152,1577.495436,-1017.9512844590354,427888,buy_cover,baseline_100
316518.9765515525,1577.495436,1.0,427888,2233.033304,131352.1926257087,455796,sell,baseline_100
447871.1691772612,2311.052118,1.0,457236,2298.5402,-2602.9123589087976,459252,sell,baseline_100
445268.2568183524,2377.7754600000003,1.0,459540,3321.8055059999997,176532.66314368148,476244,sell,baseline_100
621800.9199620339,3359.401746,1.0,476820,3139.372,-40958.318344077445,479124,sell,baseline_100
580842.6016179564,3048.8901,1.0,502452,3098.409558,-9433.904760260251,504180,buy_cover,baseline_100
571292.5283373726,3487.957452,1.0,505620,3271.3156059999997,-35698.06861718162,508788,sell,baseline_100
535594.459720191,2991.741532,1.0,510804,2738.0174939999997,45422.79012267146,514048,buy_cover,baseline_100
580910.1309509184,2738.0174939999997,1.0,514048,2544.34103,-41307.177395039704,514489,sell,baseline_100
539602.9535558787,2544.34103,1.0,514489,2635.807056,-19398.060364591773,515159,buy_cover,baseline_100
520096.97260057577,2552.629372,1.0,516152,2653.100514,-20470.923889823956,516626,buy_cover,baseline_100
499522.0293162317,2653.100514,1.0,516626,2733.4631980000004,14924.732541245816,517456,sell,baseline_100
514446.76185747754,2733.4631980000004,1.0,517456,2556.081114,33383.91070741514,518370,buy_cover,baseline_100
547727.7832125211,2556.081114,1.0,518370,2484.223056,-15610.95669601846,519181,sell,baseline_100
532116.8265165027,2484.223056,1.0,519181,2542.038306,-12383.91744795232,519690,buy_cover,baseline_100
519626.485703247,2316.0331140000003,1.0,521440,2314.3170440000004,-592.6942429088522,522161,sell,baseline_100
519033.79146033817,2314.3170440000004,1.0,522161,2383.196544,-15447.640872367192,522796,buy_cover,baseline_100
503482.3438296789,2345.1289319999996,1.0,523935,2549.4100160000003,43638.76789338485,525467,sell,baseline_100
547121.1117230637,2549.4100160000003,1.0,525467,2637.987492,-19009.319452990196,526527,buy_cover,baseline_100
528002.3680477289,2637.987492,1.0,526527,2644.1310679999997,1017.9864546706667,527308,sell,baseline_100
529020.3545023996,2644.1310679999997,1.0,527308,2396.22915,49598.604560681444,528850,buy_cover,baseline_100
578513.1549921806,2396.22915,1.0,528850,2412.987306,3812.8622120580403,529800,sell,baseline_100
582326.0172042387,2412.987306,1.0,529800,2419.7038439999997,-1620.878174930811,530796,buy_cover,baseline_100
580588.673825867,2419.7038439999997,1.0,530796,2442.21146,5166.151034196257,531435,sell,baseline_100
585754.8248600633,2442.21146,1.0,531435,2658.08151,-51775.55798174837,531995,buy_cover,baseline_100
533862.1159133429,2658.08151,1.0,531995,2587.992298,-14284.95402815839,532573,sell,baseline_100
519577.1618851845,2644.710952,1.0,533849,2513.472594,25782.971014758456,535544,buy_cover,baseline_100
545256.217467566,2513.472594,1.0,535544,2609.557984,20617.715211163973,536601,sell,baseline_100
565873.93267873,2609.557984,1.0,536601,2485.7370479999995,26850.177959806402,538173,buy_cover,baseline_100
592610.9358520006,2485.7370479999995,1.0,538173,3423.8650900000002,223327.4877437218,551988,sell,baseline_100
815938.4235957224,3488.8776359999997,1.0,552276,3399.0700500000003,-21321.103722944506,553428,sell,baseline_100
794617.3198727779,3455.500962,1.0,554868,3221.045662,-54210.9353360011,556884,sell,baseline_100
740406.3845367768,3447.199302,1.0,558612,3269.8059080000003,-38382.31768156483,560052,sell,baseline_100
702024.066855212,3085.752726,1.0,562356,3258.45156,-39289.81258408725,562932,buy_cover,baseline_100
662593.8494577537,3119.955884,1.0,563508,2670.594012,95432.27353813092,566964,buy_cover,baseline_100
757893.604225993,2670.594012,1.0,566964,2634.862922,-10439.274139970425,568315,sell,baseline_100
747454.3300860226,2634.862922,1.0,568315,2760.552,-35655.27537533059,568861,buy_cover,baseline_100
711649.5638446748,2737.1024700000003,1.0,569885,2263.9927079999998,123009.06667361094,571759,buy_cover,baseline_100
834516.3006055169,2263.9927079999998,1.0,571759,2162.987316,-37549.85289484635,573015,sell,baseline_100
796966.4477106705,2162.987316,1.0,573015,1933.006524,84737.91552441102,575212,buy_cover,baseline_100
881544.9699455394,1933.006524,1.0,575212,1898.630198,-16023.58869313635,575736,sell,baseline_100
865521.381252403,1898.630198,1.0,575736,1980.706062,-37415.57817728666,576594,buy_cover,baseline_100
827932.6987988659,2034.403038,1.0,578650,1860.251976,70873.57700204442,580291,buy_cover,baseline_100
898640.6892611505,1860.251976,1.0,580291,1845.6308000000001,-7419.715763164102,580765,sell,baseline_100
891220.9734979864,1845.6308000000001,1.0,580765,1596.499236,120301.05474534782,582726,buy_cover,baseline_100
1011343.7840486347,1596.499236,1.0,582726,1575.8847600000001,-13458.047728204867,583835,sell,baseline_100
997885.7363204298,1575.8847600000001,1.0,583835,1598.859708,-14548.214225215022,585438,buy_cover,baseline_100
983137.9449479508,1797.7894860000001,1.0,587270,1779.8539580000001,-10197.503697509179,587989,sell,baseline_100
972940.4412504416,1779.8539580000001,1.0,587989,1831.326192,-28136.772999918903,588975,buy_cover,baseline_100
944609.0801622726,1839.897906,1.0,590584,2404.3390360000003,289292.0533968997,599220,sell,baseline_100
1233901.1335591723,2404.3390360000003,1.0,599220,2474.4847979999995,-35998.58914214582,599508,buy_cover,baseline_100
1197655.7641903146,2537.7074399999997,1.0,599778,2310.547798,-107642.76290987968,603796,sell,baseline_100
1090013.001280435,2310.547798,1.0,603796,2309.571822,460.46536167361774,604284,buy_cover,baseline_100
1090255.4640418524,2309.571822,1.0,604284,2393.481208,39158.32696935907,605281,sell,baseline_100
1129413.7910112115,2393.481208,1.0,605281,2454.9909,-29024.578628581483,605958,buy_cover,baseline_100
1100163.3296244277,2454.9909,1.0,605958,2402.759352,-23837.35887314356,606708,sell,baseline_100
1076325.9707512842,2535.617022,1.0,608021,4157.91825,687933.1530731546,631188,sell,baseline_100
1764259.1238244388,4209.771786,1.0,632628,4134.812872,-32107.348223629175,636372,sell,baseline_100
1732151.7756008096,4153.360506,1.0,640404,3899.2200000000003,-106639.25615344523,641268,sell,baseline_100
1625512.5194473644,3602.5093540000003,1.0,642708,2955.54099,291923.008158589,649044,buy_cover,baseline_100
1917110.425102064,2955.54099,1.0,649044,2988.7621280000003,20773.49107296276,650032,sell,baseline_100
1937883.9161750267,2988.7621280000003,1.0,650032,2859.97188,83506.40203613206,650941,buy_cover,baseline_100
2021002.7414279238,2859.97188,1.0,650941,3064.856906,143916.03504271363,651829,sell,baseline_100
2164918.7764706374,3064.856906,1.0,651829,3079.935864,-10651.215894440655,652419,buy_cover,baseline_100
2153834.5768209025,3079.935864,1.0,652419,3282.453378,140704.73586541507,653371,sell,baseline_100
2294539.3126863176,3282.453378,1.0,653371,3127.77543,108124.89278371586,654541,buy_cover,baseline_100
2402205.2976074964,3127.77543,1.0,654541,2862.9073040000003,-204304.39176057372,655288,sell,baseline_100
2197900.9058469227,2966.84325,1.0,657584,3175.724728,153802.9006437799,661320,sell,baseline_100
2351703.8064907026,3175.724728,1.0,661320,3107.1213,50802.65100579942,662399,buy_cover,baseline_100
2402036.1167352037,3107.1213,1.0,662399,3287.4323820000004,138377.4217465222,663918,sell,baseline_100
2540413.538481726,3287.4323820000004,1.0,663918,3341.928252,-42112.411833068356,664479,buy_cover,baseline_100
2497793.0439409614,3341.928252,1.0,664479,3166.056662,-132394.75720662205,664944,sell,baseline_100
2365398.2867343393,2966.133108,1.0,667093,2940.531776,-21354.159727001563,667528,sell,baseline_100
2344044.1270073378,2940.531776,1.0,667528,2093.158548,675483.411179737,670116,buy_cover,baseline_100
3019058.729361673,2093.158548,1.0,670116,2055.38884,-55662.69902890781,670665,sell,baseline_100
2963396.030332765,2055.38884,1.0,670665,2012.20236,62265.046605071984,671977,buy_cover,baseline_100
3025068.3977317703,2012.20236,1.0,671977,2026.074704,19636.90608833218,672526,sell,baseline_100
3044705.3038201025,2026.074704,1.0,672526,2022.214362,5801.291542027611,673329,buy_cover,baseline_100
3049897.654301366,2022.214362,1.0,673329,1951.90954,-107210.95022560377,674551,sell,baseline_100
2942686.704075762,1951.90954,1.0,674551,1904.340792,71714.46399317449,675266,buy_cover,baseline_100
3013812.6307281214,1904.340792,1.0,675266,1969.376046,101678.32145045651,675963,sell,baseline_100
3115490.952178578,1969.376046,1.0,675963,1989.307782,-31531.253458942287,676425,buy_cover,baseline_100
3083336.6005292,1989.307782,1.0,676425,2051.559606,95215.6939213723,677958,sell,baseline_100
3178552.294450572,2051.559606,1.0,677958,1982.0363280000001,107714.94338189298,678745,buy_cover,baseline_100
3285631.527373575,1982.0363280000001,1.0,678745,2066.33665,138375.05150027527,680265,sell,baseline_100
3424006.5788738504,2066.33665,1.0,680265,2147.389392,-134307.6539521031,680700,buy_cover,baseline_100
3289014.1236059726,2147.389392,1.0,680700,2292.011506,220104.04612457938,681437,sell,baseline_100
3509118.169730552,2292.011506,1.0,681437,2157.371388,206137.00499778846,682873,buy_cover,baseline_100
3714553.3510943945,2140.17188,1.0,683665,2039.05773,175497.21646333812,684789,buy_cover,baseline_100
3889307.6568875136,2039.05773,1.0,684789,2081.13369,78668.204007864,685646,sell,baseline_100
3967975.8608953776,2081.13369,1.0,685646,2086.727262,-10664.777364131529,686759,buy_cover,baseline_100
3956517.488359067,2086.727262,1.0,686759,2089.562004,3790.1846076501533,687192,sell,baseline_100
3960307.6729667173,2089.562004,1.0,687192,2265.623034,-333684.99608152965,688412,buy_cover,baseline_100
3625830.6153505943,2265.623034,1.0,688412,2298.450218,51064.37563137896,689818,sell,baseline_100
3676894.9909819732,2298.450218,1.0,689818,2345.71905,-75617.12028860021,691407,buy_cover,baseline_100
3600542.491695177,2345.71905,1.0,691407,2294.710966,-79703.20448626671,691879,sell,baseline_100
3520839.28720891,2263.2472599999996,1.0,693265,2287.00731,-36962.37565251347,694011,buy_cover,baseline_100
3483172.743698955,2287.00731,1.0,694011,2335.7927480000003,72878.66758759832,695708,sell,baseline_100
3556051.4112865534,2335.7927480000003,1.0,695708,2321.8942859999997,21159.40111688059,696325,buy_cover,baseline_100
3576499.6021211767,2321.8942859999997,1.0,696325,2308.8981280000003,-21440.91279254062,697026,sell,baseline_100
3555058.689328636,2308.8981280000003,1.0,697026,2320.053918,-17176.660060382914,697536,buy_cover,baseline_100
3537171.0175303873,2144.9289,1.0,699627,2095.43083,-83008.62608184712,700245,sell,baseline_100
3454162.39144854,2095.43083,1.0,700245,2041.50822,88887.55997676263,702222,buy_cover,baseline_100
3542359.1189470133,2041.50822,1.0,702222,2006.018716,-62972.413285859395,702783,sell,baseline_100
3479386.705661154,2006.018716,1.0,702783,1609.741884,687331.8549132114,704704,buy_cover,baseline_100
4166022.683233233,1609.741884,1.0,704704,1648.6702,99040.20316329226,705375,sell,baseline_100
4265062.886396525,1648.6702,1.0,705375,1667.1233579999998,-47737.622058779,705922,buy_cover,baseline_100
4216472.251760467,1667.1233579999998,1.0,705922,1676.504632,22031.117243972607,706102,sell_final,baseline_100
5000.0,173.114616,0.5,1982,172.275538,-26.2248603023354,2899,sell,V0_constant_50
4986.887569848832,172.275538,0.5,2899,176.065206,-109.69992223944337,4027,buy_cover,V0_constant_50
4931.538919972125,176.065206,0.5,4027,185.71285,268.147406972369,5104,sell,V0_constant_50
5065.61262345831,185.71285,0.5,5104,185.347062,9.977650260421797,6094,buy_cover,V0_constant_50
5070.094887326175,185.347062,0.5,6094,176.86462,-233.9688454822599,6611,sell,V0_constant_50
4953.110464585045,176.86462,0.5,6611,175.555104,36.6733164885909,7835,buy_cover,V0_constant_50
4970.951811782881,175.555104,0.5,7835,171.305732,-122.26366483642323,8379,sell,V0_constant_50
4909.819979364669,171.305732,0.5,8379,164.08281,207.0174684503554,9191,buy_cover,V0_constant_50
5012.83773159191,164.08281,0.5,9191,182.553482,562.0605457747606,10628,sell,V0_constant_50
5293.86800447929,182.553482,0.5,10628,184.24684200000002,-49.10552902478503,11330,buy_cover,V0_constant_50
5268.78585316645,184.24684200000002,0.5,11330,181.153762,-90.52270279718778,11781,sell,V0_constant_50
5223.524501767855,181.153762,0.5,11781,188.767746,-219.54715209696042,12405,buy_cover,V0_constant_50
5113.228573269198,188.767746,0.5,12405,188.04238400000003,-21.685403398087146,12871,sell,V0_constant_50
5102.385871570154,188.04238400000003,0.5,12871,187.177428,23.470120842483084,13737,buy_cover,V0_constant_50
5113.610693404239,187.177428,0.5,13737,184.603072,-72.34746225867275,14236,sell,V0_constant_50
5077.436962274903,184.603072,0.5,14236,184.51689599999997,2.370440956569837,14247,buy_cover,V0_constant_50
5078.114439056961,182.253542,0.5,15687,144.60891600000002,1048.8890702443737,30375,buy_cover,V0_constant_50
5602.051162735242,143.62127,0.5,30663,143.75874599999997,-5.3621261801527,31527,buy_cover,V0_constant_50
5598.809894528892,201.029786,0.5,48807,142.47849,1630.6917189410387,55344,buy_cover,V0_constant_50
6413.595873009959,169.23384,0.5,57447,163.63726599999998,-214.57838010895648,57493,sell,V0_constant_50
6306.306682955481,163.63726599999998,0.5,57493,160.362066,126.22098012631432,58193,buy_cover,V0_constant_50
6368.786542350343,160.362066,0.5,58193,153.38931599999998,-279.35957629538916,59163,sell,V0_constant_50
6229.1067542026485,153.38931599999998,0.5,59163,179.475888,-1059.3697224662974,59905,buy_cover,V0_constant_50
5698.79898229408,175.075008,0.5,60992,390.4219,7004.590647208059,95701,sell,V0_constant_50
9201.09430589811,370.494084,0.5,101495,317.596468,-1316.8489095364284,105239,sell,V0_constant_50
8542.669851129896,365.333052,0.5,109847,934.813,13307.542681634939,136783,sell,V0_constant_50
15196.441191947366,1576.9353239999998,0.5,150989,3432.533356,17868.598103113705,172818,sell,V0_constant_50
24130.740243504217,2871.4441739999997,0.5,175757,2256.79855,-5172.879604818176,176621,sell,V0_constant_50
21544.30044109513,2843.838654,0.5,178061,2703.819128,-1068.949941328443,178925,sell,V0_constant_50
21009.825470430907,1804.359056,0.5,184304,1985.537028,-2109.62218939597,184880,buy_cover,V0_constant_50
19952.91339318588,1942.36145,0.5,189488,2023.494618,-833.4398623048655,192080,buy_cover,V0_constant_50
19534.19817069413,2182.9765079999997,0.5,192656,3060.8077160000003,7844.250699244869,209936,sell,V0_constant_50
23456.323520316564,3305.06088,0.5,212528,4179.51393,6194.210605043045,231248,sell,V0_constant_50
26553.428822838086,4354.9308120000005,0.5,231536,4078.8540660000003,-1693.2767097879223,232976,sell,V0_constant_50
25706.790467944127,3406.5785480000004,0.5,240464,2465.162934,7104.129884635808,246224,buy_cover,V0_constant_50
29256.284731215237,2465.162934,0.5,246224,2337.842338,-1522.1239349121497,246475,sell,V0_constant_50
28495.222763759164,2337.842338,0.5,246475,2591.588214,-3092.827172543857,246962,buy_cover,V0_constant_50
26945.959655210856,2752.75044,0.5,248591,2959.8379139999997,2015.537463876968,249284,sell,V0_constant_50
27953.728387149342,2959.8379139999997,0.5,249284,3195.0088739999997,-2221.0343129920257,249750,buy_cover,V0_constant_50
26840.415857814616,3195.0088739999997,0.5,249750,3076.8845,-1002.6695035464909,250537,sell,V0_constant_50
26339.08110604137,2959.0816979999995,0.5,251580,3050.369804,801.704957400616,252179,sell,V0_constant_50
26739.933584741677,3050.369804,0.5,252179,2666.013096,3369.3212156943046,254066,buy_cover,V0_constant_50
28421.920199230353,2666.013096,0.5,254066,2650.31983,-178.6040034945254,255380,sell,V0_constant_50
28332.61819748309,2650.31983,0.5,255380,2995.9490699999997,-3694.8664793724165,255884,buy_cover,V0_constant_50
26482.351695977133,2632.596414,0.5,258056,2534.323034,-998.7681539393343,258628,sell,V0_constant_50
25982.967619007468,2534.323034,0.5,258628,2606.341164,-738.3597141517166,259955,buy_cover,V0_constant_50
25611.189465169708,2885.982688,0.5,261337,2964.072696,-692.9961714612764,261799,buy_cover,V0_constant_50
25262.13026049255,2964.072696,0.5,261799,3176.894494,1803.0033985848713,266378,sell,V0_constant_50
26163.631959784987,3176.894494,0.5,266378,3228.6756060000002,-426.44745692369906,266666,buy_cover,V0_constant_50
25947.79186812716,3272.1543,0.5,266698,2984.2630280000003,-2292.4083144480865,267818,sell,V0_constant_50
24801.587710903113,2984.2630280000003,0.5,267818,3096.8892539999997,-936.0120485921761,268277,buy_cover,V0_constant_50
24331.101527835934,3012.587362,0.5,269538,3118.02348,-851.5516892621927,270002,buy_cover,V0_constant_50
23902.892573052057,3118.02348,0.5,270002,3025.524774,-718.3753655930086,270647,sell,V0_constant_50
23543.704890255554,2971.384158,0.5,271787,2837.23244,-1071.9399455259554,272853,sell,V0_constant_50
23007.734917492577,2837.23244,0.5,272853,2835.677022,12.614142650265421,273570,buy_cover,V0_constant_50
23011.74121532596,2835.677022,0.5,273570,2762.4773940000005,-602.9869080693497,274101,sell,V0_constant_50
22710.247761291284,2762.4773940000005,0.5,274101,2089.877892,5529.42198411595,277466,buy_cover,V0_constant_50
25472.68772857313,2089.877892,0.5,277466,2001.989522,-1080.9958774916995,278340,sell,V0_constant_50
24932.18978982728,2001.989522,0.5,278340,2050.10994,-599.2765379681186,278781,buy_cover,V0_constant_50
24630.058301864236,1989.082104,0.5,279862,1836.297186,1891.879294244467,281661,buy_cover,V0_constant_50
25573.53494315628,1836.297186,0.5,281661,1916.876548,1111.5262727978807,282267,sell,V0_constant_50
26129.29807955522,1916.876548,0.5,282267,1796.319192,1643.3405538588922,283346,buy_cover,V0_constant_50
26948.355426676713,1796.319192,0.5,283346,1780.423844,-249.1446777228557,283952,sell,V0_constant_50
26823.783087815285,1780.423844,0.5,283952,1248.729696,8010.480135335089,286538,buy_cover,V0_constant_50
30826.340777174046,1141.5282599999998,0.5,288796,1192.91137,1374.68825608513,289870,sell,V0_constant_50
31513.68490521661,1192.91137,0.5,289870,1092.208398,2660.3175937599663,291864,buy_cover,V0_constant_50
32840.69233360607,1092.208398,0.5,291864,1188.502252,2881.085610698967,293479,sell,V0_constant_50
34281.235138955555,1188.502252,0.5,293479,1099.829922,2557.671639304721,294463,buy_cover,V0_constant_50
35556.64283509402,1099.829922,0.5,294463,1481.893562,12332.657768298915,296666,sell,V0_constant_50
41722.97171924348,1481.893562,0.5,296666,1606.881312,-3519.050092713289,297550,buy_cover,V0_constant_50
39959.274375714915,1606.881312,0.5,297550,1479.1741060000002,-3190.4830626478943,297999,sell,V0_constant_50
38364.03284439097,1670.405852,0.5,299769,1681.2261780000001,-248.5077273941206,300509,buy_cover,V0_constant_50
38235.94257740947,1681.2261780000001,0.5,300509,1711.05772,662.8912852749636,302229,sell,V0_constant_50
38567.38822004695,1711.05772,0.5,302229,1891.82829,-4074.5824947589354,302683,buy_cover,V0_constant_50
36526.240233845485,1891.82829,0.5,302683,1958.368248,1269.5891235953823,303731,sell,V0_constant_50
37161.03479564318,1958.368248,0.5,303731,1919.6938619999999,733.8676261863875,304463,buy_cover,V0_constant_50
37524.25250525681,1919.6938619999999,0.5,304463,1821.865554,-1926.4931390502534,304974,sell,V0_constant_50
36561.00593573168,1821.865554,0.5,304974,1643.248584,3584.46784901739,305802,buy_cover,V0_constant_50
38349.583759646805,1643.248584,0.5,305802,1653.579218,225.65814092720393,307070,sell,V0_constant_50
38462.41283011041,1653.579218,0.5,307070,1510.4720340000001,3328.6883712023846,308019,buy_cover,V0_constant_50
40122.91077442859,1510.4720340000001,0.5,308019,1519.925954,234.9779927195268,308891,sell,V0_constant_50
40240.39977078835,1519.925954,0.5,308891,1574.194776,-1436.7782540811022,309722,buy_cover,V0_constant_50
39517.986603770725,1574.194776,0.5,309722,1559.867964,-375.31660281604854,310395,sell,V0_constant_50
39330.3283023627,1707.098512,0.5,312072,1631.57625,1739.9803845732822,312729,buy_cover,V0_constant_50
40196.3854618191,1631.57625,0.5,312729,1422.985346,-5152.9786855185885,313231,sell,V0_constant_50
37619.896119059806,1422.985346,0.5,313231,1356.501246,1757.661794520427,315107,buy_cover,V0_constant_50
38494.965026708116,1356.501246,0.5,315107,1303.549238,-1517.4742580233724,315789,sell,V0_constant_50
37736.22789769643,1303.549238,0.5,315789,1386.92733,-2413.6967719901804,316243,buy_cover,V0_constant_50
36525.60588891157,1307.948358,0.5,317554,1316.0931659999999,-227.4494420098781,318102,buy_cover,V0_constant_50
36408.22860731774,1316.0931659999999,0.5,318102,1324.864974,228.0032549489697,318664,sell,V0_constant_50
36522.23023479222,1324.864974,0.5,318664,1331.0761619999998,-171.2208399078445,319955,buy_cover,V0_constant_50
36432.96759181483,1331.0761619999998,0.5,319955,1278.314286,-1458.1426848974152,320900,sell,V0_constant_50
35703.896249366124,1294.848918,0.5,321908,1305.068934,267.4117664479345,322432,sell,V0_constant_50
35837.602132590095,1305.068934,0.5,322432,1309.0417559999999,-109.09349993223441,322997,buy_cover,V0_constant_50
35779.47162241072,1309.0417559999999,0.5,322997,1488.7022,4894.306745948597,325224,sell,V0_constant_50
38226.62499538502,1488.7022,0.5,325224,1612.792494,-3186.366399028986,326789,buy_cover,V0_constant_50
36629.61913337099,1612.792494,0.5,326789,1618.366262,111.88997650754754,327744,sell,V0_constant_50
36685.56412162476,1618.366262,0.5,327744,1325.36502,6641.832598940589,329053,buy_cover,V0_constant_50
40002.81186468289,1241.9215660000002,0.5,329822,1217.463444,787.8078840028102,331730,buy_cover,V0_constant_50
40392.71552549783,1217.463444,0.5,331730,1100.37988,-3899.1727196823194,332258,sell,V0_constant_50
38443.12916565667,1100.37988,0.5,332258,1173.78471,-2564.486689919104,332748,buy_cover,V0_constant_50
37157.04150778055,1193.541244,0.5,334054,1230.2560019999999,-1142.9935624806749,334641,buy_cover,V0_constant_50
36581.82902238943,1230.2560019999999,0.5,334641,1266.39667,1059.5865786579743,335631,sell,V0_constant_50
37111.62231171841,1266.39667,0.5,335631,1288.167582,-637.9927951690697,336080,buy_cover,V0_constant_50
36788.9147519027,1288.167582,0.5,336080,1229.414068,-1691.9908270951346,336736,sell,V0_constant_50
35942.91933835513,1279.2858059999999,0.5,338497,1294.301088,407.3261380067488,338974,sell,V0_constant_50
36146.58240735851,1294.301088,0.5,338974,1200.1599840000001,2629.126206006069,340449,buy_cover,V0_constant_50
37457.530852120806,1200.1599840000001,0.5,340449,1199.290094,-42.12031193150324,341144,sell,V0_constant_50
37436.470696155055,1199.290094,0.5,341144,1230.0859679999999,-961.3078589811048,342408,buy_cover,V0_constant_50
36952.07311959489,1209.748002,0.5,344605,1258.931736,-1502.3286430335502,345478,buy_cover,V0_constant_50
36197.21359076616,1258.931736,0.5,345478,1511.387662,7241.3140399135955,355572,sell,V0_constant_50
39817.87061072295,1511.387662,0.5,355572,1537.567452,-689.7112290502628,355860,buy_cover,V0_constant_50
39469.033209136745,1548.099558,0.5,356059,1564.277082,396.49743248533196,362196,sell,V0_constant_50
39667.281925379415,1532.313476,0.5,363060,1578.505638,-1195.783393472986,364212,buy_cover,V0_constant_50
39065.423500450386,1576.855308,0.5,364213,1839.3320600000002,6484.4419039881905,381204,sell,V0_constant_50
42307.64445244448,1853.100546,0.5,384948,1826.914544,-614.5278805276321,385812,sell,V0_constant_50
42000.380512180665,1910.2219679999998,0.5,386388,1839.392048,-1573.525285628748,389844,sell,V0_constant_50
41213.617869366295,1721.8555600000002,0.5,392436,1735.1169539999999,-317.4175447754751,392724,buy_cover,V0_constant_50
41050.787735191625,1889.1477539999998,0.5,393300,1830.393848,-1292.618196123076,405972,sell,V0_constant_50
40404.47863713009,1687.652402,0.5,409716,1641.9183179999998,1094.9319133555036,415082,buy_cover,V0_constant_50
40947.90414594412,1641.9183179999998,0.5,415082,1618.866162,-591.046754646748,415885,sell,V0_constant_50
40652.380768620744,1623.294594,0.5,417501,1614.2970759999998,-241.49523562735703,417955,sell,V0_constant_50
40531.633150807065,1614.2970759999998,0.5,417955,1648.6596659999998,-862.7713199654245,418770,buy_cover,V0_constant_50
40096.19432750927,1594.838904,0.5,420483,1652.8293680000002,1441.330965651774,422900,sell,V0_constant_50
40816.859810335154,1652.8293680000002,0.5,422900,1653.1205579999998,-7.189346118007961,424061,buy_cover,V0_constant_50
40809.18345129512,1653.1205579999998,0.5,424061,1626.07472,-683.7126411238569,424516,sell,V0_constant_50
40467.32713073319,1626.07472,0.5,424516,1555.921122,1745.8798684372305,426094,buy_cover,V0_constant_50
41336.22033223873,1555.921122,0.5,426094,1572.455446,422.55954024630046,427152,sell,V0_constant_50
41547.50010236188,1572.455446,0.5,427152,1577.495436,-133.16521236509288,427888,buy_cover,V0_constant_50
41476.7627461691,1577.495436,0.5,427888,2233.033304,17212.439484930153,455796,sell,V0_constant_50
50082.98248863418,2311.052118,0.5,457236,2298.5402,-291.06944823029335,459252,sell,V0_constant_50
49937.447764519035,2377.7754600000003,0.5,459540,3321.8055059999997,19798.381109537208,476244,sell,V0_constant_50
59836.63831928764,3359.401746,0.5,476820,3139.372,-3941.4674411714514,479124,sell,V0_constant_50
57865.90459870191,3048.8901,0.5,502452,3098.409558,-939.8439978917304,504180,buy_cover,V0_constant_50
57390.196009296174,3487.957452,0.5,505620,3271.3156059999997,-3586.112286564865,508788,sell,V0_constant_50
55597.13986601374,2991.741532,0.5,510804,2738.0174939999997,4715.092118156099,514048,buy_cover,V0_constant_50
57949.12621110519,2738.0174939999997,0.5,514048,2544.34103,-4120.628490970332,514489,sell,V0_constant_50
55888.81196562003,2544.34103,0.5,514489,2635.807056,-2009.1338289944324,515159,buy_cover,V0_constant_50
54878.65616992625,2552.629372,0.5,516152,2653.100514,-2160.014098934458,516626,buy_cover,V0_constant_50
53793.16125484204,2653.100514,0.5,516626,2733.4631980000004,1607.2335095523376,517456,sell,V0_constant_50
54596.77800961821,2733.4631980000004,0.5,517456,2556.081114,3542.939905782914,518370,buy_cover,V0_constant_50
56362.7882847087,2556.081114,0.5,518370,2484.223056,-1606.4130287837615,519181,sell,V0_constant_50
55559.58177031682,2484.223056,0.5,519181,2542.038306,-1293.0342357159534,519690,buy_cover,V0_constant_50
54907.508694281816,2316.0331140000003,0.5,521440,2314.3170440000004,-62.62837863533059,522161,sell,V0_constant_50
54876.19450496415,2314.3170440000004,0.5,522161,2383.196544,-1633.2419181606165,522796,buy_cover,V0_constant_50
54054.08592643334,2345.1289319999996,0.5,523935,2549.4100160000003,4685.077318680866,525467,sell,V0_constant_50
56396.624585773774,2549.4100160000003,0.5,525467,2637.987492,-1959.4591212996093,526527,buy_cover,V0_constant_50
55411.2553626654,2637.987492,0.5,526527,2644.1310679999997,106.83267880796484,527308,sell,V0_constant_50
55464.671702069376,2644.1310679999997,0.5,527308,2396.22915,5200.121877024074,528850,buy_cover,V0_constant_50
58059.1861734112,2396.22915,0.5,528850,2412.987306,382.6562544224871,529800,sell,V0_constant_50
58250.514300622446,2412.987306,0.5,529800,2419.7038439999997,-162.13767635125987,530796,buy_cover,V0_constant_50
58163.62041101676,2419.7038439999997,0.5,530796,2442.21146,517.5472090402764,531435,sell,V0_constant_50
58422.3940155369,2442.21146,0.5,531435,2658.08151,-5164.024128194957,531995,buy_cover,V0_constant_50
55834.53971203787,2658.08151,0.5,531995,2587.992298,-1494.0071774999524,532573,sell,V0_constant_50
55087.53612328789,2644.710952,0.5,533849,2513.472594,2733.6081170077523,535544,buy_cover,V0_constant_50
56448.83142817944,2513.472594,0.5,535544,2609.557984,2134.493643730777,536601,sell,V0_constant_50
57516.078250044826,2609.557984,0.5,536601,2485.7370479999995,2729.0830119234815,538173,buy_cover,V0_constant_50
58874.86814818156,2485.7370479999995,0.5,538173,3423.8650900000002,22187.198378093963,551988,sell,V0_constant_50
69968.46733722853,3488.8776359999997,0.5,552276,3399.0700500000003,-1828.3303081356862,553428,sell,V0_constant_50
69054.30218316069,3455.500962,0.5,554868,3221.045662,-4711.070620664752,556884,sell,V0_constant_50
66698.76687282832,3447.199302,0.5,558612,3269.8059080000003,-3457.632608993743,560052,sell,V0_constant_50
64969.95056833145,3085.752726,0.5,562356,3258.45156,-3636.1391324688448,562932,buy_cover,V0_constant_50
63145.38400704019,3119.955884,0.5,563508,2670.594012,9094.723055702605,566964,buy_cover,V0_constant_50
67686.43099649079,2670.594012,0.5,566964,2634.862922,-932.3171547940146,568315,sell,V0_constant_50
67220.27241909379,2634.862922,0.5,568315,2760.552,-3206.5602237285784,568861,buy_cover,V0_constant_50
65610.2702799876,2737.1024700000003,0.5,569885,2263.9927079999998,11340.775743250706,571759,buy_cover,V0_constant_50
71274.09712458495,2263.9927079999998,0.5,571759,2162.987316,-3207.0456386522565,573015,sell,V0_constant_50
69670.57430525882,2162.987316,0.5,573015,1933.006524,7407.763848748014,575212,buy_cover,V0_constant_50
73367.4891722023,1933.006524,0.5,575212,1898.630198,-1333.579692498417,575736,sell,V0_constant_50
72700.69932595309,1898.630198,0.5,575736,1980.706062,-3142.7746998434595,576594,buy_cover,V0_constant_50
71122.04190609876,2034.403038,0.5,578650,1860.251976,6088.264808102562,580291,buy_cover,V0_constant_50
74159.06210595944,1860.251976,0.5,580291,1845.6308000000001,-612.3016336389846,580765,sell,V0_constant_50
73852.91128913994,1845.6308000000001,0.5,580765,1596.499236,9969.001390560537,582726,buy_cover,V0_constant_50
78830.0266932913,1596.499236,0.5,582726,1575.8847600000001,-1048.9986475290789,583835,sell,V0_constant_50
78305.52736952675,1575.8847600000001,0.5,583835,1598.859708,-1141.6192713516211,585438,buy_cover,V0_constant_50
77726.887181114,1797.7894860000001,0.5,587270,1779.8539580000001,-806.2146553271887,587989,sell,V0_constant_50
77323.7798534504,1779.8539580000001,0.5,587989,1831.326192,-2236.150897824802,588975,buy_cover,V0_constant_50
76197.97202655266,1839.897906,0.5,590584,2404.3390360000003,23336.074419752695,599220,sell,V0_constant_50
87866.009236429,2404.3390360000003,0.5,599220,2474.4847979999995,-2563.4568929671223,599508,buy_cover,V0_constant_50
86575.49418902179,2537.7074399999997,0.5,599778,2310.547798,-7781.222011731283,603796,sell,V0_constant_50
82684.88318315614,2310.547798,0.5,603796,2309.571822,34.929422488683485,604284,buy_cover,V0_constant_50
82694.07940608216,2309.571822,0.5,604284,2393.481208,2970.0945389522094,605281,sell,V0_constant_50
84179.12667555828,2393.481208,0.5,605281,2454.9909,-2163.302503055602,605958,buy_cover,V0_constant_50
83089.05751136292,2454.9909,0.5,605958,2402.759352,-1800.2996727820137,606708,sell,V0_constant_50
82188.90767497191,2535.617022,0.5,608021,4157.91825,52530.995201217826,631188,sell,V0_constant_50
108454.40527558082,4209.771786,0.5,632628,4134.812872,-1973.73691287548,636372,sell,V0_constant_50
107467.53681914308,4153.360506,0.5,640404,3899.2200000000003,-6616.19746517959,641268,sell,V0_constant_50
104159.43808655327,3602.5093540000003,0.5,642708,2955.54099,18705.81501560654,649044,buy_cover,V0_constant_50
113501.92965054789,2955.54099,0.5,649044,2988.7621280000003,1229.8881125922635,650032,sell,V0_constant_50
114116.87370684402,2988.7621280000003,0.5,650032,2859.97188,4917.4718131101545,650941,buy_cover,V0_constant_50
116564.19792602843,2859.97188,0.5,650941,3064.856906,8300.561325115079,651829,sell,V0_constant_50
120714.47858858597,3064.856906,0.5,651829,3079.935864,-593.9049478465749,652419,buy_cover,V0_constant_50
120405.45466680382,3079.935864,0.5,652419,3282.453378,7865.7933519917715,653371,sell,V0_constant_50
124338.35134279971,3282.453378,0.5,653371,3127.77543,5859.159105931685,654541,buy_cover,V0_constant_50
127255.49706063129,3127.77543,0.5,654541,2862.9073040000003,-10822.912159529238,655288,sell,V0_constant_50
121844.04098086667,2966.84325,0.5,657584,3175.724728,8526.302018059243,661320,sell,V0_constant_50
126107.1919898963,3175.724728,0.5,661320,3107.1213,2724.2289808358764,662399,buy_cover,V0_constant_50
127456.69576111525,3107.1213,0.5,662399,3287.4323820000004,7342.574418791846,663918,sell,V0_constant_50
131127.98297051116,3287.4323820000004,0.5,663918,3341.928252,-2173.7073661613395,664479,buy_cover,V0_constant_50
130028.01648913344,3341.928252,0.5,664479,3166.056662,-6892.095289838748,664944,sell,V0_constant_50
126581.96884421408,2966.133108,0.5,667093,2940.531776,-1142.7469092274987,667528,sell,V0_constant_50
126010.59538960032,2940.531776,0.5,667528,2093.158548,36312.484836720134,670116,buy_cover,V0_constant_50
144154.23674842142,2093.158548,0.5,670116,2055.38884,-2657.786619330116,670665,sell,V0_constant_50
142825.34343875636,2055.38884,0.5,670665,2012.20236,3000.9578789241205,671977,buy_cover,V0_constant_50
144311.53984387452,2012.20236,0.5,671977,2026.074704,936.7828368779155,672526,sell,V0_constant_50
144779.93126231348,2026.074704,0.5,672526,2022.214362,275.8594040722528,673329,buy_cover,V0_constant_50
144903.3829712234,2022.214362,0.5,673329,1951.90954,-5093.688752912625,674551,sell,V0_constant_50
142356.53859476707,1951.90954,0.5,674551,1904.340792,3469.2863657919806,675266,buy_cover,V0_constant_50
144076.9461238036,1904.340792,0.5,675266,1969.376046,4860.787260698737,675963,sell,V0_constant_50
146507.33975415296,1969.376046,0.5,675963,1989.307782,-1482.77113761261,676425,buy_cover,V0_constant_50
145751.30345137126,1989.307782,0.5,676425,2051.559606,4500.907067909779,677958,sell,V0_constant_50
148001.75698532615,2051.559606,0.5,677958,1982.0363280000001,5015.491141022969,678745,buy_cover,V0_constant_50
150494.7023801391,1982.0363280000001,0.5,678745,2066.33665,6338.115524785244,680265,sell,V0_constant_50
153663.7601425317,2066.33665,0.5,680265,2147.389392,-6027.505685748416,680700,buy_cover,V0_constant_50
150634.64092364325,2147.389392,0.5,680700,2292.011506,10080.617689007224,681437,sell,V0_constant_50
155674.94976814685,2292.011506,0.5,681437,2157.371388,9144.852451877116,682873,buy_cover,V0_constant_50
160231.8084991086,2140.17188,0.5,683665,2039.05773,7570.2873865563015,684789,buy_cover,V0_constant_50
164000.92901153682,2039.05773,0.5,684789,2081.13369,3317.2121310875227,685646,sell,V0_constant_50
165659.5350770806,2081.13369,0.5,685646,2086.727262,-445.2451632213197,686759,buy_cover,V0_constant_50
165420.34654196224,2086.727262,0.5,686759,2089.562004,158.466038151033,687192,sell,V0_constant_50
165499.57956103777,2089.562004,0.5,687192,2265.623034,-13944.554594656074,688412,buy_cover,V0_constant_50
158510.75230575365,2265.623034,0.5,688412,2298.450218,2232.38574992583,689818,sell,V0_constant_50
159626.94518071658,2298.450218,0.5,689818,2345.71905,-3282.8051779113594,691407,buy_cover,V0_constant_50
157969.57989724283,2345.71905,0.5,691407,2294.710966,-3496.8846384122735,691879,sell,V0_constant_50
156221.1375780367,2263.2472599999996,0.5,693265,2287.00731,-1640.036338210688,694011,buy_cover,V0_constant_50
155385.49729517355,2287.00731,0.5,694011,2335.7927480000003,3251.1416569259018,695708,sell,V0_constant_50
157011.0681236365,2335.7927480000003,0.5,695708,2321.8942859999997,934.2553821559995,696325,buy_cover,V0_constant_50
157462.49470790214,2321.8942859999997,0.5,696325,2308.8981280000003,-943.9787481384119,697026,sell,V0_constant_50
156990.50533383293,2308.8981280000003,0.5,697026,2320.053918,-758.5170255898847,697536,buy_cover,V0_constant_50
156595.5477705046,2144.9289,0.5,699627,2095.43083,-3674.908905037766,700245,sell,V0_constant_50
154758.0933179857,2095.43083,0.5,700245,2041.50822,3982.4616629918164,702222,buy_cover,V0_constant_50
156733.8483401498,2041.50822,0.5,702222,2006.018716,-2786.252986256499,702783,sell,V0_constant_50
155340.72184702154,2006.018716,0.5,702783,1609.741884,30686.622535215443,704704,buy_cover,V0_constant_50
170668.49904244457,1609.741884,0.5,704704,1648.6702,4057.357365519536,705375,sell,V0_constant_50
172697.17772520432,1648.6702,0.5,705375,1667.1233579999998,-1932.9498346105102,705922,buy_cover,V0_constant_50
171713.43309012655,1667.1233579999998,0.5,705922,1676.504632,897.204713061743,706102,sell_final,V0_constant_50
7500.0,173.114616,0.75,1982,172.275538,-39.337290453502646,2899,sell,V3_constant_75
7470.497032159873,172.275538,0.75,2899,176.065206,-164.33355114576534,4027,buy_cover,V3_constant_75
7346.126294245725,176.065206,0.75,4027,185.71285,399.43813666681126,5104,sell,V3_constant_75
7645.704896745834,185.71285,0.75,5104,185.347062,15.059613737706059,6094,buy_cover,V3_constant_75
7655.8527513146,185.347062,0.75,6094,176.86462,-353.29339375577456,6611,sell,V3_constant_75
7390.882705997768,176.86462,0.75,6611,175.555104,54.72282165825163,7835,buy_cover,V3_constant_75
7430.816189835557,175.555104,0.75,7835,171.305732,-182.76556572960908,8379,sell,V3_constant_75
7293.742015538352,171.305732,0.75,8379,164.08281,307.53306922306456,9191,buy_cover,V3_constant_75
7523.29775615332,164.08281,0.75,9191,182.553482,843.5439304568763,10628,sell,V3_constant_75
8155.955703995976,182.553482,0.75,10628,184.24684200000002,-75.65404335895073,11330,buy_cover,V3_constant_75
8097.991778121164,184.24684200000002,0.75,11330,181.153762,-139.13112497149177,11781,sell,V3_constant_75
7993.643434392546,181.153762,0.75,11781,188.767746,-335.97653276164147,12405,buy_cover,V3_constant_75
7740.461988306155,188.767746,0.75,12405,188.04238400000003,-32.8276035969684,12871,sell,V3_constant_75
7715.841285608429,188.04238400000003,0.75,12871,187.177428,35.491578240616946,13737,buy_cover,V3_constant_75
7741.30259309605,187.177428,0.75,13737,184.603072,-109.52409770054874,14236,sell,V3_constant_75
7659.159519820639,184.603072,0.75,14236,184.51689599999997,3.5757382225683614,14247,buy_cover,V3_constant_75
7660.692449559593,182.253542,0.75,15687,144.60891600000002,1582.3228635900632,30375,buy_cover,V3_constant_75
8846.285493384707,143.62127,0.75,30663,143.75874599999997,-8.467416248666268,31527,buy_cover,V3_constant_75
8838.607988374199,201.029786,0.75,48807,142.47849,2574.3050978909323,55344,buy_cover,V3_constant_75
10768.011020594142,169.23384,0.75,57447,163.63726599999998,-360.26316711316395,57493,sell,V3_constant_75
10497.81364525927,163.63726599999998,0.75,57493,160.362066,210.1141593810098,58193,buy_cover,V3_constant_75
10653.824592748239,160.362066,0.7500000000000001,58193,153.38931599999998,-467.31789554642455,59163,sell,V3_constant_75
10303.33617108842,153.38931599999998,0.7500000000000001,59163,179.475888,-1752.2644595356687,59905,buy_cover,V3_constant_75
8987.592326011003,175.075008,0.7499999999999999,60992,390.4219,11046.960130247127,95701,sell,V3_constant_75
17272.81242369635,370.494084,0.75,101495,317.596468,-2472.06293605656,105239,sell,V3_constant_75
15418.765221653928,365.333052,0.75,109847,934.813,24018.9401979674,136783,sell,V3_constant_75
33432.97037012948,1576.9353239999998,0.75,150989,3432.533356,39311.856203129704,172818,sell,V3_constant_75
62916.86252247676,2871.4441739999997,0.75,175757,2256.79855,-13487.416948565435,176621,sell,V3_constant_75
52801.299811052675,2843.838654,0.75,178061,2703.819128,-2619.808728039694,178925,sell,V3_constant_75
50836.4432650229,1804.359056,0.75,184304,1985.537028,-5104.549244961519,184880,buy_cover,V3_constant_75
47000.40586481201,1942.36145,0.75,189488,2023.494618,-1963.222664296205,192080,buy_cover,V3_constant_75
45520.93880571013,2182.9765079999997,0.75,192656,3060.8077160000003,18279.61674888066,209936,sell,V3_constant_75
59230.65136737063,3305.06088,0.75,212528,4179.51393,15641.28873502266,231248,sell,V3_constant_75
70961.61791863761,4354.9308120000005,0.7499999999999999,231536,4078.8540660000003,-4525.127647814472,232976,sell,V3_constant_75
67567.77218277677,3406.5785480000004,0.75,240464,2465.162934,18672.50718056351,246224,buy_cover,V3_constant_75
81562.01740237197,2465.162934,0.75,246224,2337.842338,-4243.447177536247,246475,sell,V3_constant_75
78379.43201921979,2337.842338,0.75,246475,2591.588214,-8507.181681902992,246962,buy_cover,V3_constant_75
71987.28884298966,2752.75044,0.7499999999999999,248591,2959.8379139999997,5384.594924156641,249284,sell,V3_constant_75
76025.73503610714,2959.8379139999997,0.75,249284,3195.0088739999997,-6040.545427323377,249750,buy_cover,V3_constant_75
71483.9221053592,3195.0088739999997,0.7500000000000001,249750,3076.8845,-2670.4038070285023,250537,sell,V3_constant_75
69481.11925008782,2959.0816979999995,0.75,251580,3050.369804,2114.8557736041257,252179,sell,V3_constant_75
71067.26108029092,3050.369804,0.75,252179,2666.013096,8954.712985365986,254066,buy_cover,V3_constant_75
77772.63573015336,2666.013096,0.75,254066,2650.31983,-488.72504061505606,255380,sell,V3_constant_75
77406.09194969207,2650.31983,0.75,255380,2995.9490699999997,-10094.555061965424,255884,buy_cover,V3_constant_75
69823.56473942555,2632.596414,0.75,258056,2534.323034,-2633.3595164380095,258628,sell,V3_constant_75
67848.54510209704,2534.323034,0.75,258628,2606.341164,-1928.056606226397,259955,buy_cover,V3_constant_75
66392.32536566193,2885.982688,0.7500000000000001,261337,2964.072696,-1796.4658515914198,261799,buy_cover,V3_constant_75
65035.01712816351,2964.072696,0.75,261799,3176.894494,4641.665437553558,266378,sell,V3_constant_75
68516.26620632868,3176.894494,0.75,266378,3228.6756060000002,-1116.7634343162354,266666,buy_cover,V3_constant_75
67668.41619066056,3272.1543,0.7500000000000001,266698,2984.2630280000003,-5978.298295646069,267818,sell,V3_constant_75
63184.692468926005,2984.2630280000003,0.75,267818,3096.8892539999997,-2384.590620845891,268277,buy_cover,V3_constant_75
61386.77179942124,3012.587362,0.75,269538,3118.02348,-2148.444005477766,270002,buy_cover,V3_constant_75
59766.23077954301,3118.02348,0.75,270002,3025.524774,-1796.2088795384698,270647,sell,V3_constant_75
58419.07411988915,2971.384158,0.75,271787,2837.23244,-2659.808191686483,272853,sell,V3_constant_75
56424.21797612428,2837.23244,0.75,272853,2835.677022,30.934950225775538,273570,buy_cover,V3_constant_75
56438.95555609719,2835.677022,0.75,273570,2762.4773940000005,-1478.8950991143938,274101,sell,V3_constant_75
55329.7842317614,2762.4773940000005,0.75,274101,2089.877892,13471.527414551543,277466,buy_cover,V3_constant_75
65425.1303250403,2089.877892,0.75,277466,2001.989522,-2776.4756086729394,278340,sell,V3_constant_75
63342.7736185356,2001.989522,0.75,278340,2050.10994,-1522.5232279798583,278781,buy_cover,V3_constant_75
62191.37978150792,1989.082104,0.75,279862,1836.297186,4777.032284987457,281661,buy_cover,V3_constant_75
65764.8252882813,1836.297186,0.75,281661,1916.876548,2858.3976089488424,282267,sell,V3_constant_75
67908.62349499293,1916.876548,0.7500000000000001,282267,1796.319192,4270.952652699663,283346,buy_cover,V3_constant_75
71101.65169099343,1796.319192,0.7500000000000001,283346,1780.423844,-657.3535867268365,283952,sell,V3_constant_75
70608.6365009483,1780.423844,0.75,283952,1248.729696,21086.10400785973,286538,buy_cover,V3_constant_75
86412.62321136794,1141.5282599999998,0.75,288796,1192.91137,3853.5361418614193,289870,sell,V3_constant_75
89302.77531776401,1192.91137,0.75,289870,1092.208398,7538.748485427481,291864,buy_cover,V3_constant_75
94943.44126553695,1092.208398,0.75,291864,1188.502252,8329.306205900706,293479,sell,V3_constant_75
101190.42091996249,1188.502252,0.75,293479,1099.829922,7549.665836345375,294463,buy_cover,V3_constant_75
106837.49173408351,1099.829922,0.75,294463,1481.893562,37056.091838891734,296666,sell,V3_constant_75
134629.5606132523,1481.893562,0.75,296666,1606.881312,-11355.09164941634,297550,buy_cover,V3_constant_75
126093.04744209806,1606.881312,0.75,297550,1479.1741060000002,-10067.693632248891,297999,sell,V3_constant_75
118542.27721791141,1670.405852,0.75,299769,1681.2261780000001,-767.8721377138427,300509,buy_cover,V3_constant_75
117948.59177304333,1681.2261780000001,0.75,300509,1711.05772,2044.8585369254288,302229,sell,V3_constant_75
119482.23567573741,1711.05772,0.75,302229,1891.82829,-12623.10590339548,302683,buy_cover,V3_constant_75
109996.98391283944,1891.82829,0.75,302683,1958.368248,3823.3054787455185,303731,sell,V3_constant_75
112864.46302189858,1958.368248,0.75,303731,1919.6938619999999,2228.882376773676,304463,buy_cover,V3_constant_75
114519.19513502557,1919.6938619999999,0.75,304463,1821.865554,-5879.409421580785,304974,sell,V3_constant_75
110109.63806883998,1821.865554,0.75,304974,1643.248584,10795.229710541593,305802,buy_cover,V3_constant_75
118189.54390603586,1643.248584,0.75,305802,1653.579218,695.4555992582464,307070,sell,V3_constant_75
118711.13560547955,1653.579218,0.75,307070,1510.4720340000001,10273.728233524715,308019,buy_cover,V3_constant_75
126398.62511028227,1510.4720340000001,0.75,308019,1519.925954,740.2477696072601,308891,sell,V3_constant_75
126953.81093748772,1519.925954,0.75,308891,1574.194776,-4532.86935186261,309722,buy_cover,V3_constant_75
123535.11585195013,1574.194776,0.75,309722,1559.867964,-1173.2576478381816,310395,sell,V3_constant_75
122655.17261607149,1707.098512,0.75,312072,1631.57625,5426.285607831902,312729,buy_cover,V3_constant_75
126706.488546053,1631.57625,0.75,312729,1422.985346,-16243.14791723981,313231,sell,V3_constant_75
114524.12760812315,1422.985346,0.75,313231,1356.501246,5350.750650945964,315107,buy_cover,V3_constant_75
118520.0119771914,1356.501246,0.75,315107,1303.549238,-4672.067297923975,315789,sell,V3_constant_75
115015.9615037484,1303.549238,0.75,315789,1386.92733,-7356.688001820425,316243,buy_cover,V3_constant_75
109481.1931081575,1307.948358,0.75,317554,1316.0931659999999,-681.7528601376398,318102,buy_cover,V3_constant_75
108953.45628408804,1316.0931659999999,0.75,318102,1324.864974,682.3112142764148,318664,sell,V3_constant_75
109465.18969479535,1324.864974,0.75,318664,1331.0761619999998,-513.1866701382387,319955,buy_cover,V3_constant_75
109063.87991373746,1331.0761619999998,0.75,319955,1278.314286,-4365.021824861571,320900,sell,V3_constant_75
105790.11354509127,1294.848918,0.75,321908,1305.068934,792.3370866372134,322432,sell,V3_constant_75
106384.36636006918,1305.068934,0.75,322432,1309.0417559999999,-323.84540743977414,322997,buy_cover,V3_constant_75
106125.52464953535,1309.0417559999999,0.75,322997,1488.7022,14517.007872307935,325224,sell,V3_constant_75
117013.2805537663,1488.7022,0.75,325224,1612.792494,-9753.599368023875,326789,buy_cover,V3_constant_75
109680.52903566531,1612.792494,0.75,326789,1618.366262,335.0335632061324,327744,sell,V3_constant_75
109931.80420806992,1618.366262,0.75,327744,1325.36502,19902.887098282838,329053,buy_cover,V3_constant_75
124842.47976115084,1241.9215660000002,0.75,329822,1217.463444,2458.624412378558,331730,buy_cover,V3_constant_75
126667.72169847059,1217.463444,0.75,331730,1100.37988,-12227.43552854762,332258,sell,V3_constant_75
117497.14505205987,1100.37988,0.75,332258,1173.78471,-7838.068105514336,332748,buy_cover,V3_constant_75
111600.96940116632,1193.541244,0.75,334054,1230.2560019999999,-3432.9748660270707,334641,buy_cover,V3_constant_75
109009.49810623584,1230.2560019999999,0.75,334641,1266.39667,3157.4419384256616,335631,sell,V3_constant_75
111377.57956005508,1266.39667,0.75,335631,1288.167582,-1914.712666178646,336080,buy_cover,V3_constant_75
109924.83842348709,1288.167582,0.75,336080,1229.414068,-5055.64840759091,336736,sell,V3_constant_75
106133.10211779391,1279.2858059999999,0.75,338497,1294.301088,1202.762251818116,338974,sell,V3_constant_75
107035.17380665749,1294.301088,0.75,338974,1200.1599840000001,7785.216794443346,340449,buy_cover,V3_constant_75
112858.03112641901,1200.1599840000001,0.75,340449,1199.290094,-126.90680263434479,341144,sell,V3_constant_75
112762.85102444324,1199.290094,0.75,341144,1230.0859679999999,-2895.567153504293,342408,buy_cover,V3_constant_75
110574.26123166135,1209.748002,0.75,344605,1258.931736,-4495.522600124677,345478,buy_cover,V3_constant_75
107186.0331423831,1258.931736,0.75,345478,1511.387662,21442.74792672388,355572,sell,V3_constant_75
123268.094087426,1511.387662,0.75,355572,1537.567452,-2135.2068147216924,355860,buy_cover,V3_constant_75
121648.19876227163,1548.099558,0.75,356059,1564.277082,1222.051683407859,362196,sell,V3_constant_75
122564.73752482752,1532.313476,0.75,363060,1578.505638,-3694.7547359879245,364212,buy_cover,V3_constant_75
119775.28676220786,1576.855308,0.75,364213,1839.3320600000002,19881.41478958004,381204,sell,V3_constant_75
134686.3478543929,1853.100546,0.75,384948,1826.914544,-1956.3489519252907,385812,sell,V3_constant_75
133219.08614044893,1910.2219679999998,0.75,386388,1839.392048,-4990.99289135146,389844,sell,V3_constant_75
129475.84147193533,1721.8555600000002,0.75,392436,1735.1169539999999,-997.1923318653571,392724,buy_cover,V3_constant_75
128708.52584681554,1889.1477539999998,0.75,393300,1830.393848,-4052.8085253561585,405972,sell,V3_constant_75
125668.91945279841,1687.652402,0.75,409716,1641.9183179999998,3405.5360956773657,415082,buy_cover,V3_constant_75
128204.22118663853,1641.9183179999998,0.75,415082,1618.866162,-1850.514463311847,415885,sell,V3_constant_75
126816.33533915464,1623.294594,0.75,417501,1614.2970759999998,-753.3517153260036,417955,sell,V3_constant_75
126251.32155266016,1614.2970759999998,0.75,417955,1648.6596659999998,-2687.4322813019535,418770,buy_cover,V3_constant_75
124216.80964345078,1594.838904,0.75,420483,1652.8293680000002,4465.200181622786,422900,sell,V3_constant_75
127565.70977966787,1652.8293680000002,0.75,422900,1653.1205579999998,-22.46900042425841,424061,buy_cover,V3_constant_75
127529.72317288272,1653.1205579999998,0.75,424061,1626.07472,-2136.61917436769,424516,sell,V3_constant_75
125927.25879210694,1626.07472,0.75,424516,1555.921122,5432.873421621553,426094,buy_cover,V3_constant_75
129983.0247695043,1555.921122,0.75,426094,1572.455446,1328.7515584386274,427152,sell,V3_constant_75
130979.58843833329,1572.455446,0.75,427152,1577.495436,-419.8068395669834,427888,buy_cover,V3_constant_75
130645.08637039231,1577.495436,0.75,427888,2233.033304,54216.397188846386,455796,sell,V3_constant_75
171307.3842620271,2311.052118,0.7500000000000001,457236,2298.5402,-995.5945779834001,459252,sell,V3_constant_75
170560.68832853955,2377.7754600000003,0.75,459540,3321.8055059999997,67621.10722512097,476244,sell,V3_constant_75
221276.51874738027,3359.401746,0.75,476820,3139.372,-14575.588111831428,479124,sell,V3_constant_75
210344.82766350667,3048.8901,0.75,502452,3098.409558,-3416.3697109394707,504180,buy_cover,V3_constant_75
207750.99865615254,3487.957452,0.75,505620,3271.3156059999997,-12981.632066673366,508788,sell,V3_constant_75
198014.77460614752,2991.741532,0.75,510804,2738.0174939999997,16793.272194828227,514048,buy_cover,V3_constant_75
210580.02653607773,2738.0174939999997,0.75,514048,2544.34103,-14973.859205621004,514489,sell,V3_constant_75
199349.632131862,2544.34103,0.75,514489,2635.807056,-7166.373297755868,515159,buy_cover,V3_constant_75
193944.94971372528,2552.629372,0.75,516152,2653.100514,-7633.63855888939,516626,buy_cover,V3_constant_75
188190.62905210117,2653.100514,0.75,516626,2733.4631980000004,5622.7646440660465,517456,sell,V3_constant_75
192407.70253515072,2733.4631980000004,0.75,517456,2556.081114,12485.881994203053,518370,buy_cover,V3_constant_75
201743.2528754227,2556.081114,0.75,518370,2484.223056,-5749.946014935238,519181,sell,V3_constant_75
197430.79336422126,2484.223056,0.75,519181,2542.038306,-4594.79295686289,519690,buy_cover,V3_constant_75
193955.08402756945,2316.0331140000003,0.7499999999999999,521440,2314.3170440000004,-221.22825692855986,522161,sell,V3_constant_75
193789.16283487304,2314.3170440000004,0.75,522161,2383.196544,-5767.611746447452,522796,buy_cover,V3_constant_75
189434.38565061224,2345.1289319999996,0.7500000000000001,523935,2549.4100160000003,16419.01307512293,525467,sell,V3_constant_75
201748.6454569544,2549.4100160000003,0.75,525467,2637.987492,-7009.607870223292,526527,buy_cover,V3_constant_75
196461.1772574684,2637.987492,0.7500000000000001,526527,2644.1310679999997,378.7763643110811,527308,sell,V3_constant_75
196745.25953070167,2644.1310679999997,0.75,527308,2396.22915,18445.963834096037,528850,buy_cover,V3_constant_75
210550.22061734408,2396.22915,0.75,528850,2412.987306,1387.6935606472543,529800,sell,V3_constant_75
211590.99078782953,2412.987306,0.75,529800,2419.7038439999997,-588.953968820686,530796,buy_cover,V3_constant_75
211117.5366625958,2419.7038439999997,0.75,530796,2442.21146,1878.5503912422864,531435,sell,V3_constant_75
212526.44945602756,2442.21146,0.75,531435,2658.08151,-18785.462858277664,531995,buy_cover,V3_constant_75
198405.4733449009,2658.08151,0.75,531995,2587.992298,-5308.885911146004,532573,sell,V3_constant_75
194423.80891154142,2644.710952,0.7500000000000001,533849,2513.472594,9647.890241282264,535544,buy_cover,V3_constant_75
201630.5630211664,2513.472594,0.75,535544,2609.557984,7624.234979923582,536601,sell,V3_constant_75
207348.73925610908,2609.557984,0.75,536601,2485.7370479999995,9838.499756320904,538173,buy_cover,V3_constant_75
214696.51176246136,2485.7370479999995,0.75,538173,3423.8650900000002,80909.12552991664,551988,sell,V3_constant_75
275378.3559098988,3488.8776359999997,0.75,552276,3399.0700500000003,-7195.849980363215,553428,sell,V3_constant_75
269981.4684246264,3455.500962,0.75,554868,3221.045662,-18418.863471323973,556884,sell,V3_constant_75
256167.32082113344,3447.199302,0.75,558612,3269.8059080000003,-13279.593062320113,560052,sell,V3_constant_75
246207.62602439336,3085.752726,0.75,562356,3258.45156,-13779.373015806486,562932,buy_cover,V3_constant_75
235836.16511863488,3119.955884,0.75,563508,2670.594012,33967.08472045718,566964,buy_cover,V3_constant_75
261276.10323420996,2670.594012,0.75,566964,2634.862922,-3598.833467753895,568315,sell,V3_constant_75
258576.97813339456,2634.862922,0.75,568315,2760.552,-12334.711285980418,568861,buy_cover,V3_constant_75
249287.15812218923,2737.1024700000003,0.75,569885,2263.9927079999998,43089.43925808437,571759,buy_cover,V3_constant_75
281566.8444920342,2263.9927079999998,0.7499999999999999,571759,2162.987316,-12669.367372537206,573015,sell,V3_constant_75
272064.8189626313,2162.987316,0.75,573015,1933.006524,28927.44821647645,575212,buy_cover,V3_constant_75
293719.59540214424,1933.006524,0.7499999999999999,575212,1898.630198,-5338.856380893558,575736,sell,V3_constant_75
289715.4531164741,1898.630198,0.75,575736,1980.706062,-12524.09405480232,576594,buy_cover,V3_constant_75
280278.9252574049,2034.403038,0.7500000000000001,578650,1860.251976,23992.73518258118,580291,buy_cover,V3_constant_75
298231.4348055521,1860.251976,0.7499999999999999,580291,1845.6308000000001,-2462.377348745591,580765,sell,V3_constant_75
296384.65179399296,1845.6308000000001,0.75,580765,1596.499236,40007.346417359135,582726,buy_cover,V3_constant_75
326345.7039092432,1596.499236,0.75,582726,1575.8847600000001,-4342.713257724419,583835,sell,V3_constant_75
323088.6689659499,1575.8847600000001,0.75,583835,1598.859708,-4710.322032648895,585438,buy_cover,V3_constant_75
319507.46414111834,1797.7894860000001,0.75,587270,1779.8539580000001,-3314.0604161436204,587989,sell,V3_constant_75
317021.9188290106,1779.8539580000001,0.75,587989,1831.326192,-9168.05735264381,588975,buy_cover,V3_constant_75
310098.32252670336,1839.897906,0.7499999999999999,590584,2404.3390360000003,94969.42424401973,599220,sell,V3_constant_75
381325.39070971817,2404.3390360000003,0.75,599220,2474.4847979999995,-11125.021037975268,599508,buy_cover,V3_constant_75
372924.42612263025,2537.7074399999997,0.7499999999999999,599778,2310.547798,-33517.65739762451,603796,sell,V3_constant_75
347786.1830744119,2310.547798,0.75,603796,2309.571822,146.91888113843743,604284,buy_cover,V3_constant_75
347844.2043078046,2309.571822,0.75,604284,2393.481208,12493.399515912577,605281,sell,V3_constant_75
357214.253944739,2393.481208,0.75,605281,2454.9909,-9179.977509913617,605958,buy_cover,V3_constant_75
350275.6886742121,2454.9909,0.75,605958,2402.759352,-7589.4615559629165,606708,sell,V3_constant_75
344583.5925072399,2535.617022,0.75,608021,4157.91825,220240.41390111344,631188,sell,V3_constant_75
509763.902933075,4209.771786,0.75,632628,4134.812872,-9277.076661975181,636372,sell,V3_constant_75
502806.09543659363,4153.360506,0.75,640404,3899.2200000000003,-30955.063385354006,641268,sell,V3_constant_75
479589.7978975781,3602.5093540000003,0.75,642708,2955.54099,86128.71005879948,649044,buy_cover,V3_constant_75
544114.3919719931,2955.54099,0.75,649044,2988.7621280000003,5895.933440401102,650032,sell,V3_constant_75
548536.3420522939,2988.7621280000003,0.75,650032,2859.97188,23637.275653363322,650941,buy_cover,V3_constant_75
566182.0183410086,2859.97188,0.75,650941,3064.856906,40317.94194130984,651829,sell,V3_constant_75
596420.474796991,3064.856906,0.75,651829,3079.935864,-2934.337911412935,652419,buy_cover,V3_constant_75
594130.2582922117,3079.935864,0.75,652419,3282.453378,38813.074115490774,653371,sell,V3_constant_75
623240.0638788298,3282.453378,0.75,653371,3127.77543,29368.755947145284,654541,buy_cover,V3_constant_75
645173.1448296069,3127.77543,0.75,654541,2862.9073040000003,-54871.12490591407,655288,sell,V3_constant_75
604019.8011501713,2966.84325,0.75,657584,3175.724728,42267.60051649285,661320,sell,V3_constant_75
635720.5015375409,3175.724728,0.7499999999999999,661320,3107.1213,13733.143896653084,662399,buy_cover,V3_constant_75
645925.0013848002,3107.1213,0.75,662399,3287.4323820000004,37210.69625494757,663918,sell,V3_constant_75
673833.0235760108,3287.4323820000004,0.75,663918,3341.928252,-11170.123826577445,664479,buy_cover,V3_constant_75
665354.3557525413,3341.928252,0.75,664479,3166.056662,-35266.90435779281,664944,sell,V3_constant_75
638904.1774841967,2966.133108,0.75,667093,2940.531776,-5767.849724403932,667528,sell,V3_constant_75
634578.2901908938,2940.531776,0.75,667528,2093.158548,182866.48411606794,670116,buy_cover,V3_constant_75
771632.966534416,2093.158548,0.7499999999999999,670116,2055.38884,-14226.677063042647,670665,sell,V3_constant_75
760962.958737134,2055.38884,0.75,670665,2012.20236,15988.883566527744,671977,buy_cover,V3_constant_75
772840.4769682193,2012.20236,0.75,671977,2026.074704,5016.810819506296,672526,sell,V3_constant_75
776603.085082849,2026.074704,0.75,672526,2022.214362,1479.7165766260587,673329,buy_cover,V3_constant_75
777596.3820525561,2022.214362,0.75,673329,1951.90954,-27334.309692087932,674551,sell,V3_constant_75
757095.6497834902,1951.90954,0.75,674551,1904.340792,18450.726895454573,675266,buy_cover,V3_constant_75
770820.1306076136,1904.340792,0.75,675266,1969.376046,26005.497561893542,675963,sell,V3_constant_75
790324.2537790337,1969.376046,0.75,675963,1989.307782,-7998.711838091025,676425,buy_cover,V3_constant_75
784206.6712623986,1989.307782,0.75,676425,2051.559606,24216.876733212615,677958,sell,V3_constant_75
802369.3288123081,2051.559606,0.75,677958,1982.0363280000001,27190.73301870108,678745,buy_cover,V3_constant_75
822642.0231770121,1982.0363280000001,0.75,678745,2066.33665,34645.738992650644,680265,sell,V3_constant_75
848626.3274215,2066.33665,0.75,680265,2147.389392,-33287.61452189088,680700,buy_cover,V3_constant_75
823533.3225809686,2147.389392,0.75,680700,2292.011506,55111.656443651416,681437,sell,V3_constant_75
864867.0649137071,2292.011506,0.75,681437,2157.371388,50805.101982709486,682873,buy_cover,V3_constant_75
902841.1613410022,2140.17188,0.75,683665,2039.05773,42655.494684762554,684789,buy_cover,V3_constant_75
934697.3561803731,2039.05773,0.75,684789,2081.13369,18905.925884107826,685646,sell,V3_constant_75
948876.8005934539,2081.13369,0.75,685646,2086.727262,-2550.3078090890776,686759,buy_cover,V3_constant_75
946821.7382165482,2086.727262,0.75,686759,2089.562004,907.0171404359862,687192,sell,V3_constant_75
947502.0010718752,2089.562004,0.75,687192,2265.623034,-79833.99968469248,688412,buy_cover,V3_constant_75
887484.3760081949,2265.623034,0.75,688412,2298.450218,12498.883801023941,689818,sell,V3_constant_75
896858.5388589628,2298.450218,0.75,689818,2345.71905,-18444.328755944036,691407,buy_cover,V3_constant_75
882890.7635111759,2345.71905,0.75,691407,2294.710966,-19544.06127006607,691879,sell,V3_constant_75
868232.7175586263,2263.2472599999996,0.75,693265,2287.00731,-9114.856215332984,694011,buy_cover,V3_constant_75
861266.3404894928,2287.00731,0.75,694011,2335.7927480000003,18020.33604175027,695708,sell,V3_constant_75
874781.5925208055,2335.7927480000003,0.75,695708,2321.8942859999997,5205.170697775437,696325,buy_cover,V3_constant_75
878554.2533052589,2321.8942859999997,0.75,696325,2308.8981280000003,-5266.883048850927,697026,sell,V3_constant_75
874604.0910186209,2308.8981280000003,0.75,697026,2320.053918,-4225.746597079211,697536,buy_cover,V3_constant_75
871303.5904571585,2144.9289,0.75,699627,2095.43083,-20447.333076512325,700245,sell,V3_constant_75
855968.0906497742,2095.43083,0.75,700245,2041.50822,22027.023160286248,702222,buy_cover,V3_constant_75
872359.9628063914,2041.50822,0.75,702222,2006.018716,-15507.917257189401,702783,sell,V3_constant_75
860729.0248634994,2006.018716,0.75,702783,1609.741884,170031.8266648812,704704,buy_cover,V3_constant_75
988123.7855084308,1609.741884,0.75,704704,1648.6702,23490.985985531122,705375,sell,V3_constant_75
1005742.024997579,1648.6702,0.75,705375,1667.1233579999998,-11256.981188038248,705922,buy_cover,V3_constant_75
997148.4278028009,1667.1233579999998,0.75,705922,1676.504632,5210.112295508152,706102,sell_final,V3_constant_75
10000.0,173.114616,1.0,1982,172.275538,-52.4497206046708,2899,sell,V1_vol_target_20d_clip_0p4_1p0
9947.55027939533,172.275538,1.0,2899,176.065206,-218.8229585764857,4027,buy_cover,V1_vol_target_20d_clip_0p4_1p0
9726.737810762965,176.065206,1.0,4027,185.71285,528.8814636934749,5104,sell,V1_vol_target_20d_clip_0p4_1p0
10255.61927445644,185.71285,1.0,5104,185.347062,20.200317302334952,6094,buy_cover,V1_vol_target_20d_clip_0p4_1p0
8558.489922734403,185.347062,0.8330429043122634,6094,176.86462,-394.94724473485167,6611,sell,V1_vol_target_20d_clip_0p4_1p0
9878.82122316903,176.86462,1.0,6611,175.555104,73.14376286211882,7835,buy_cover,V1_vol_target_20d_clip_0p4_1p0
9949.989221786516,175.555104,1.0,7835,171.305732,-244.72620001162613,8379,sell,V1_vol_target_20d_clip_0p4_1p0
9705.26302177489,171.305732,1.0,8379,164.08281,409.21235195117333,9191,buy_cover,V1_vol_target_20d_clip_0p4_1p0
10112.534321121708,164.08281,1.0,9191,182.553482,1133.8600736813914,10628,sell,V1_vol_target_20d_clip_0p4_1p0
11246.3943948031,182.553482,1.0,10628,184.24684200000002,-104.3207246404545,11330,buy_cover,V1_vol_target_20d_clip_0p4_1p0
11139.824391283684,184.24684200000002,1.0,11330,181.153762,-191.3926738888058,11781,sell,V1_vol_target_20d_clip_0p4_1p0
10948.431717394878,181.153762,1.0,11781,188.767746,-460.16765168203347,12405,buy_cover,V1_vol_target_20d_clip_0p4_1p0
10486.074379369365,188.767746,1.0,12405,188.04238400000003,-44.4718536870696,12871,sell,V1_vol_target_20d_clip_0p4_1p0
10441.602525682296,188.04238400000003,1.0,12871,187.177428,48.02962363791812,13737,buy_cover,V1_vol_target_20d_clip_0p4_1p0
10487.543828815078,187.177428,1.0,13737,184.603072,-148.3779714243865,14236,sell,V1_vol_target_20d_clip_0p4_1p0
10339.165857390692,184.603072,1.0,14236,184.51689599999997,4.826920036077354,14247,buy_cover,V1_vol_target_20d_clip_0p4_1p0
10341.92494425529,182.253542,1.0,15687,144.60891600000002,2136.1338287073904,30375,buy_cover,V1_vol_target_20d_clip_0p4_1p0
12475.990387973829,143.62127,1.0,30663,143.75874599999997,-11.941667924724243,31527,buy_cover,V1_vol_target_20d_clip_0p4_1p0
9613.311101272882,201.029786,0.7714376128404242,48807,142.47849,2799.9426842065914,55344,buy_cover,V1_vol_target_20d_clip_0p4_1p0
11645.153740957074,169.23384,0.7631375613093767,57447,163.63726599999998,-389.6095537247511,57493,sell,V1_vol_target_20d_clip_0p4_1p0
11468.693031240311,163.63726599999998,0.7712656895990596,57493,160.362066,229.5463490672737,58193,buy_cover,V1_vol_target_20d_clip_0p4_1p0
12994.824585516559,160.362066,0.8607430713366793,58193,153.38931599999998,-570.0031970145319,59163,sell,V1_vol_target_20d_clip_0p4_1p0
12973.841298053458,153.38931599999998,0.8930715710947924,59163,179.475888,-2206.43106589365,59905,buy_cover,V1_vol_target_20d_clip_0p4_1p0
10188.831450891052,175.075008,0.8271372223700312,60992,390.4219,12523.444625548276,95701,sell,V1_vol_target_20d_clip_0p4_1p0
17601.92708279509,370.494084,0.7085656427311993,101495,317.596468,-2519.165407299446,105239,sell,V1_vol_target_20d_clip_0p4_1p0
22322.46678777516,365.333052,1.0,109847,934.813,34773.341907671405,136783,sell,V1_vol_target_20d_clip_0p4_1p0
32719.005138779587,1576.9353239999998,0.5730544130359073,150989,3432.533356,38472.346635235095,172818,sell,V1_vol_target_20d_clip_0p4_1p0
38227.26213227267,2871.4441739999997,0.4,175757,2256.79855,-8194.735123606602,176621,sell,V1_vol_target_20d_clip_0p4_1p0
34949.36808283003,2843.838654,0.4,178061,2703.819128,-1734.0607119619453,178925,sell,V1_vol_target_20d_clip_0p4_1p0
58722.090851640554,1804.359056,0.6856904488524515,184304,1985.537028,-5896.356732838962,184880,buy_cover,V1_vol_target_20d_clip_0p4_1p0
66551.53165412293,1942.36145,0.834698122622123,189488,2023.494618,-2779.8797240774147,192080,buy_cover,V1_vol_target_20d_clip_0p4_1p0
71060.92915766814,2182.9765079999997,0.9236120780669346,192656,3060.8077160000003,28535.58351170452,209936,sell,V1_vol_target_20d_clip_0p4_1p0
79865.67205983288,3305.06088,0.7572096981342944,212528,4179.51393,21090.465964259973,231248,sell,V1_vol_target_20d_clip_0p4_1p0
109120.51384458887,4354.9308120000005,0.862175755263738,231536,4078.8540660000003,-6958.469502598295,232976,sell,V1_vol_target_20d_clip_0p4_1p0
119605.64828706178,3406.5785480000004,1.0,240464,2465.162934,33053.292336392886,246224,buy_cover,V1_vol_target_20d_clip_0p4_1p0
114539.88684912428,2465.162934,0.7504168258960973,246224,2337.842338,-5959.194917499684,246475,sell,V1_vol_target_20d_clip_0p4_1p0
110351.88906881768,2337.842338,0.7523522665551132,246475,2591.588214,-11977.422457200693,246962,buy_cover,V1_vol_target_20d_clip_0p4_1p0
96158.20067847286,2752.75044,0.7139948009810317,248591,2959.8379139999997,7192.560903615173,249284,sell,V1_vol_target_20d_clip_0p4_1p0
99566.63033041166,2959.8379139999997,0.7018214386125481,249284,3195.0088739999997,-7910.962692708243,249750,buy_cover,V1_vol_target_20d_clip_0p4_1p0
94144.62697374314,3195.0088739999997,0.7028969768646005,249750,3076.8845,-3516.93307918137,250537,sell,V1_vol_target_20d_clip_0p4_1p0
109163.55781021426,2959.0816979999995,0.8370085176521548,251580,3050.369804,3322.7038221870316,252179,sell,V1_vol_target_20d_clip_0p4_1p0
124587.11286886405,3050.369804,0.9315357021033552,252179,2666.013096,15698.393612716201,254066,buy_cover,V1_vol_target_20d_clip_0p4_1p0
139728.1713088306,2666.013096,0.9351541313256757,254066,2650.31983,-878.0550582715659,255380,sell,V1_vol_target_20d_clip_0p4_1p0
123107.41467310696,2650.31983,0.8287873344382184,255380,2995.9490699999997,-16054.48026960918,255884,buy_cover,V1_vol_target_20d_clip_0p4_1p0
103138.50169637373,2632.596414,0.7786382196734519,258056,2534.323034,-3889.8150784321915,258628,sell,V1_vol_target_20d_clip_0p4_1p0
100746.44999933153,2534.323034,0.7835904289452585,258628,2606.341164,-2862.91855164725,259955,buy_cover,V1_vol_target_20d_clip_0p4_1p0
125330.47804139763,2885.982688,0.9971616384218422,261337,2964.072696,-3391.23419348475,261799,buy_cover,V1_vol_target_20d_clip_0p4_1p0
122270.92353928437,2964.072696,1.0,261799,3176.894494,8726.694400519758,266378,sell,V1_vol_target_20d_clip_0p4_1p0
130997.61793980413,3176.894494,1.0,266378,3228.6756060000002,-2135.16231688924,266666,buy_cover,V1_vol_target_20d_clip_0p4_1p0
128836.25609932693,3272.1543,1.0,266698,2984.2630280000003,-11382.290492596643,267818,sell,V1_vol_target_20d_clip_0p4_1p0
117453.96560673029,2984.2630280000003,1.0,267818,3096.8892539999997,-4432.713269985528,268277,buy_cover,V1_vol_target_20d_clip_0p4_1p0
112997.7615436234,3012.587362,1.0,269538,3118.02348,-3954.750450374602,270002,buy_cover,V1_vol_target_20d_clip_0p4_1p0
109020.41154094008,3118.02348,1.0,270002,3025.524774,-3276.4895611888205,270647,sell,V1_vol_target_20d_clip_0p4_1p0
105743.92197975126,2971.384158,1.0,271787,2837.23244,-4814.498588690258,272853,sell,V1_vol_target_20d_clip_0p4_1p0
100929.423391061,2837.23244,1.0,272853,2835.677022,55.33522308166721,273570,buy_cover,V1_vol_target_20d_clip_0p4_1p0
100964.57272946446,2835.677022,1.0,273570,2762.4773940000005,-2645.6196845345985,274101,sell,V1_vol_target_20d_clip_0p4_1p0
98318.95304492986,2762.4773940000005,1.0,274101,2089.877892,23938.399357691,277466,buy_cover,V1_vol_target_20d_clip_0p4_1p0
83109.2922970478,2089.877892,0.6798990821958403,277466,2001.989522,-3526.9463243011123,278340,sell,V1_vol_target_20d_clip_0p4_1p0
79287.03032286966,2001.989522,0.6679010576035936,278340,2050.10994,-1905.7634904195002,278781,buy_cover,V1_vol_target_20d_clip_0p4_1p0
76849.90058929137,1989.082104,0.658022765081478,279862,1836.297186,5902.979761871757,281661,buy_cover,V1_vol_target_20d_clip_0p4_1p0
81737.95832423736,1836.297186,0.6662873842716154,281661,1916.876548,3552.6527077384526,282267,sell,V1_vol_target_20d_clip_0p4_1p0
96194.7034498003,1916.876548,0.762062686931118,282267,1796.319192,6049.9389139418345,283346,buy_cover,V1_vol_target_20d_clip_0p4_1p0
131049.39077084787,1796.319192,0.9908461188905657,283346,1780.423844,-1211.5862995134376,283952,sell,V1_vol_target_20d_clip_0p4_1p0
131048.49755445748,1780.423844,1.0,283952,1248.729696,39135.47104779359,286538,buy_cover,V1_vol_target_20d_clip_0p4_1p0
89617.49529530025,1141.5282599999998,0.5266729878978035,288796,1192.91137,3996.456122143325,289870,sell,V1_vol_target_20d_clip_0p4_1p0
90452.9864752198,1192.91137,0.5193844229512085,289870,1092.208398,7635.8468408855115,291864,buy_cover,V1_vol_target_20d_clip_0p4_1p0
103711.78292815541,1092.208398,0.5705598184605424,291864,1188.502252,9098.54525656502,293479,sell,V1_vol_target_20d_clip_0p4_1p0
149533.33271768683,1188.502252,0.7834281346332008,293479,1099.829922,11156.458122716169,294463,buy_cover,V1_vol_target_20d_clip_0p4_1p0
173053.06273456314,1099.829922,0.8567107654783354,294463,1481.893562,60022.657604640175,296666,sell,V1_vol_target_20d_clip_0p4_1p0
195759.59189141568,1481.893562,0.7471177654801194,296666,1606.881312,-16510.995780227997,297550,buy_cover,V1_vol_target_20d_clip_0p4_1p0
181166.8604817337,1606.881312,0.7380420092829232,297550,1479.1741060000002,-14464.972372755292,297999,sell,V1_vol_target_20d_clip_0p4_1p0
159402.99722054988,1670.405852,0.6900425074449479,299769,1681.2261780000001,-1032.5524623483943,300509,buy_cover,V1_vol_target_20d_clip_0p4_1p0
160046.96821187847,1681.2261780000001,0.6960374366284457,300509,1711.05772,2774.7123076028656,302229,sell,V1_vol_target_20d_clip_0p4_1p0
189780.6694656847,1711.05772,0.8155072231892744,302229,1891.82829,-20050.022294394526,302683,buy_cover,V1_vol_target_20d_clip_0p4_1p0
178090.7494047401,1891.82829,0.8375739104563501,302683,1958.368248,6190.127344333159,303731,sell,V1_vol_target_20d_clip_0p4_1p0
194826.97126334283,1958.368248,0.890364739847049,303731,1919.6938619999999,3847.5033783202525,304463,buy_cover,V1_vol_target_20d_clip_0p4_1p0
208519.65710087062,1919.6938619999999,0.9366383903954225,304463,1821.865554,-10705.388167443452,304974,sell,V1_vol_target_20d_clip_0p4_1p0
211920.1834929702,1821.865554,1.0,304974,1643.248584,20776.810288636712,305802,buy_cover,V1_vol_target_20d_clip_0p4_1p0
229947.73970426485,1643.248584,0.9883652851597852,305802,1653.579218,1353.0676050434122,307070,sell,V1_vol_target_20d_clip_0p4_1p0
234007.67734995173,1653.579218,1.0,307070,1510.4720340000001,20251.944094289065,308019,buy_cover,V1_vol_target_20d_clip_0p4_1p0
244811.32553724953,1510.4720340000001,0.9630172295209377,308019,1519.925954,1433.7263363856473,308891,sell,V1_vol_target_20d_clip_0p4_1p0
237048.71333239312,1519.925954,0.9272517732552169,308891,1574.194776,-8463.793561045284,309722,buy_cover,V1_vol_target_20d_clip_0p4_1p0
227413.13607385065,1574.194776,0.9201967366024739,309722,1559.867964,-2159.824753289373,310395,sell,V1_vol_target_20d_clip_0p4_1p0
236887.5999635297,1707.098512,0.9669847898090224,312072,1631.57625,10479.947538612905,312729,buy_cover,V1_vol_target_20d_clip_0p4_1p0
236216.99125467878,1631.57625,0.9248610445861846,312729,1422.985346,-30281.855124732014,313231,sell,V1_vol_target_20d_clip_0p4_1p0
206965.80726592056,1422.985346,0.9193322538759635,313231,1356.501246,9669.773968862224,315107,buy_cover,V1_vol_target_20d_clip_0p4_1p0
211256.95046770092,1356.501246,0.8999054245092843,315107,1303.549238,-8327.764006041718,315789,sell,V1_vol_target_20d_clip_0p4_1p0
198346.8203967357,1303.549238,0.8759863085975282,315789,1386.92733,-12686.723257661419,316243,buy_cover,V1_vol_target_20d_clip_0p4_1p0
187284.68690369578,1307.948358,0.8763887981501652,317554,1316.0931659999999,-1166.2447890062758,318102,buy_cover,V1_vol_target_20d_clip_0p4_1p0
194305.06667671667,1316.0931659999999,0.9143907453422468,318102,1324.864974,1216.8179928002064,318664,sell,V1_vol_target_20d_clip_0p4_1p0
205846.02474392153,1324.864974,0.9631864806044812,318664,1331.0761619999998,-965.0322289126925,319955,buy_cover,V1_vol_target_20d_clip_0p4_1p0
212707.37209422176,1331.0761619999998,1.0,319955,1278.314286,-8513.105550935754,320900,sell,V1_vol_target_20d_clip_0p4_1p0
204194.266543286,1294.848918,1.0,321908,1305.068934,1529.3554836007825,322432,sell,V1_vol_target_20d_clip_0p4_1p0
205723.6220268868,1305.068934,1.0,322432,1309.0417559999999,-626.2447432341287,322997,buy_cover,V1_vol_target_20d_clip_0p4_1p0
205056.2325592473,1309.0417559999999,1.0,322997,1488.7022,28049.83016252567,325224,sell,V1_vol_target_20d_clip_0p4_1p0
233106.06272177296,1488.7022,1.0,325224,1612.792494,-19430.470928476425,326789,buy_cover,V1_vol_target_20d_clip_0p4_1p0
213628.97058075218,1612.792494,1.0,326789,1618.366262,652.5577132697508,327744,sell,V1_vol_target_20d_clip_0p4_1p0
214281.52829402193,1618.366262,1.0,327744,1325.36502,38795.152100035746,329053,buy_cover,V1_vol_target_20d_clip_0p4_1p0
165616.03379617556,1241.9215660000002,0.6545213249368457,329822,1217.463444,3261.6111483176355,331730,buy_cover,V1_vol_target_20d_clip_0p4_1p0
168329.3560549525,1217.463444,0.6568634877346875,331730,1100.37988,-16249.098990060389,332258,sell,V1_vol_target_20d_clip_0p4_1p0
157127.55041235167,1100.37988,0.6546620847337796,332258,1173.78471,-10481.75630853814,332748,buy_cover,V1_vol_target_20d_clip_0p4_1p0
150502.48831060197,1193.541244,0.6557841735781399,334054,1230.2560019999999,-4629.630570569512,334641,buy_cover,V1_vol_target_20d_clip_0p4_1p0
181999.35404741528,1230.2560019999999,0.809460554551527,334641,1266.39667,5271.580946787435,335631,sell,V1_vol_target_20d_clip_0p4_1p0
230111.88109983207,1266.39667,1.0,335631,1288.167582,-3955.896106922213,336080,buy_cover,V1_vol_target_20d_clip_0p4_1p0
226109.96261668988,1288.167582,1.0,336080,1229.414068,-10399.21903764442,336736,sell,V1_vol_target_20d_clip_0p4_1p0
215710.74357904546,1279.2858059999999,1.0,338497,1294.301088,2444.560033688089,338974,sell,V1_vol_target_20d_clip_0p4_1p0
218155.30361273355,1294.301088,1.0,338974,1200.1599840000001,15867.55337596417,340449,buy_cover,V1_vol_target_20d_clip_0p4_1p0
233979.22592797517,1200.1599840000001,1.0,340449,1199.290094,-263.1053824793198,341144,sell,V1_vol_target_20d_clip_0p4_1p0
233716.12054549585,1199.290094,1.0,341144,1230.0859679999999,-6001.45097208739,342408,buy_cover,V1_vol_target_20d_clip_0p4_1p0
227667.92634929938,1209.748002,1.0,344605,1258.931736,-9256.098994706525,345478,buy_cover,V1_vol_target_20d_clip_0p4_1p0
218366.293769323,1258.931736,1.0,345478,1511.387662,43684.547843734355,355572,sell,V1_vol_target_20d_clip_0p4_1p0
262050.84161305736,1511.387662,1.0,355572,1537.567452,-4539.153030295973,355860,buy_cover,V1_vol_target_20d_clip_0p4_1p0
257459.27841443877,1548.099558,1.0,356059,1564.277082,2586.3806270588248,362196,sell,V1_vol_target_20d_clip_0p4_1p0
260045.6590414976,1532.313476,1.0,363060,1578.505638,-7839.162794454285,364212,buy_cover,V1_vol_target_20d_clip_0p4_1p0
252154.487115235,1576.855308,1.0,364213,1839.3320600000002,41854.94424525637,381204,sell,V1_vol_target_20d_clip_0p4_1p0
294009.4313604914,1853.100546,1.0,384948,1826.914544,-4270.551930920803,385812,sell,V1_vol_target_20d_clip_0p4_1p0
289738.8794295706,1910.2219679999998,1.0,386388,1839.392048,-10854.936251826293,389844,sell,V1_vol_target_20d_clip_0p4_1p0
278883.9431777443,1721.8555600000002,1.0,392436,1735.1169539999999,-2147.8982214415446,392724,buy_cover,V1_vol_target_20d_clip_0p4_1p0
276680.2681676672,1889.1477539999998,1.0,393300,1830.393848,-8712.182369039976,405972,sell,V1_vol_target_20d_clip_0p4_1p0
267968.08579862723,1687.652402,1.0,409716,1641.9183179999998,7261.739757534466,415082,buy_cover,V1_vol_target_20d_clip_0p4_1p0
275176.231939002,1641.9183179999998,1.0,415082,1618.866162,-3971.925358225708,415885,sell,V1_vol_target_20d_clip_0p4_1p0
271204.3065807763,1623.294594,1.0,417501,1614.2970759999998,-1611.087633308547,417955,sell,V1_vol_target_20d_clip_0p4_1p0
269593.21894746774,1614.2970759999998,1.0,417955,1648.6596659999998,-5738.660875065252,418770,buy_cover,V1_vol_target_20d_clip_0p4_1p0
263800.639428613,1594.838904,1.0,420483,1652.8293680000002,9482.79597962572,422900,sell,V1_vol_target_20d_clip_0p4_1p0
273283.4354082387,1652.8293680000002,1.0,422900,1653.1205579999998,-48.135236630099826,424061,buy_cover,V1_vol_target_20d_clip_0p4_1p0
273180.64348452695,1653.1205579999998,1.0,424061,1626.07472,-4576.83892361226,424516,sell,V1_vol_target_20d_clip_0p4_1p0
268603.8045609147,1626.07472,1.0,424516,1555.921122,11588.360492739419,426094,buy_cover,V1_vol_target_20d_clip_0p4_1p0
280138.44429274194,1555.921122,1.0,426094,1572.455446,2863.7154358626576,427152,sell,V1_vol_target_20d_clip_0p4_1p0
283002.1597286046,1572.455446,1.0,427152,1577.495436,-907.0592119186767,427888,buy_cover,V1_vol_target_20d_clip_0p4_1p0
282038.5000847402,1577.495436,1.0,427888,2233.033304,117043.14159806125,455796,sell,V1_vol_target_20d_clip_0p4_1p0
399081.6416828015,2311.052118,1.0,457236,2298.5402,-2319.360139340977,459252,sell,V1_vol_target_20d_clip_0p4_1p0
396762.2815434605,2377.7754600000003,1.0,459540,3321.8055059999997,157301.8087934432,476244,sell,V1_vol_target_20d_clip_0p4_1p0
554064.0903369037,3359.401746,1.0,476820,3139.372,-36496.461594856286,479124,sell,V1_vol_target_20d_clip_0p4_1p0
517567.6287420474,3048.8901,1.0,502452,3098.409558,-8406.207986372348,504180,buy_cover,V1_vol_target_20d_clip_0p4_1p0
509057.90722992667,3487.957452,1.0,505620,3271.3156059999997,-31809.24517829722,508788,sell,V1_vol_target_20d_clip_0p4_1p0
477248.66205162945,2991.741532,1.0,510804,2738.0174939999997,40474.589345121465,514048,buy_cover,V1_vol_target_20d_clip_0p4_1p0
443563.61517191335,2738.0174939999997,0.8569161350022411,514048,2544.34103,-31540.783955512394,514489,sell,V1_vol_target_20d_clip_0p4_1p0
413286.5657921235,2544.34103,0.850231647288484,514489,2635.807056,-14857.142086195527,515159,buy_cover,V1_vol_target_20d_clip_0p4_1p0
399694.8009912307,2552.629372,0.8483437563854832,516152,2653.100514,-15731.915933556971,516626,buy_cover,V1_vol_target_20d_clip_0p4_1p0
389481.78444913327,2653.100514,0.8553734582076338,516626,2733.4631980000004,11636.947164367302,517456,sell,V1_vol_target_20d_clip_0p4_1p0
466972.3105800863,2733.4631980000004,1.0,517456,2556.081114,30303.158801026293,518370,buy_cover,V1_vol_target_20d_clip_0p4_1p0
497182.0749189966,2556.081114,1.0,518370,2484.223056,-14170.338039225491,519181,sell,V1_vol_target_20d_clip_0p4_1p0
483011.7368797711,2484.223056,1.0,519181,2542.038306,-11241.098153331375,519690,buy_cover,V1_vol_target_20d_clip_0p4_1p0
471674.0363790638,2316.0331140000003,1.0,521440,2314.3170440000004,-537.9989157271921,522161,sell,V1_vol_target_20d_clip_0p4_1p0
471136.0374633366,2314.3170440000004,1.0,522161,2383.196544,-14022.093413777184,522796,buy_cover,V1_vol_target_20d_clip_0p4_1p0
457019.71684206673,2345.1289319999996,1.0,523935,2549.4100160000003,39611.67177039705,525467,sell,V1_vol_target_20d_clip_0p4_1p0
496631.3886124638,2549.4100160000003,1.0,525467,2637.987492,-17255.091266328236,526527,buy_cover,V1_vol_target_20d_clip_0p4_1p0
479276.97106841306,2637.987492,1.0,526527,2644.1310679999997,924.0440840960364,527308,sell,V1_vol_target_20d_clip_0p4_1p0
480201.0151525091,2644.1310679999997,1.0,527308,2396.22915,45021.519602189655,528850,buy_cover,V1_vol_target_20d_clip_0p4_1p0
525126.4945516682,2396.22915,1.0,528850,2412.987306,3461.0016217412194,529800,sell,V1_vol_target_20d_clip_0p4_1p0
528587.4961734094,2412.987306,1.0,529800,2419.7038439999997,-1471.2994281145511,530796,buy_cover,V1_vol_target_20d_clip_0p4_1p0
527010.4792460601,2419.7038439999997,1.0,530796,2442.21146,4689.4055208625505,531435,sell,V1_vol_target_20d_clip_0p4_1p0
531699.8847669227,2442.21146,1.0,531435,2658.08151,-46997.57824310777,531995,buy_cover,V1_vol_target_20d_clip_0p4_1p0
484595.9665468616,2658.08151,1.0,531995,2587.992298,-12966.702258896781,532573,sell,V1_vol_target_20d_clip_0p4_1p0
471629.2642879648,2644.710952,1.0,533849,2513.472594,23403.65309115639,535544,buy_cover,V1_vol_target_20d_clip_0p4_1p0
494938.59152626357,2513.472594,1.0,535544,2609.557984,18715.06018674624,536601,sell,V1_vol_target_20d_clip_0p4_1p0
513653.6517130098,2609.557984,1.0,536601,2485.7370479999995,24372.375474006578,538173,buy_cover,V1_vol_target_20d_clip_0p4_1p0
537923.2964566738,2485.7370479999995,1.0,538173,3423.8650900000002,202718.26105229405,551988,sell,V1_vol_target_20d_clip_0p4_1p0
734952.4382871287,3488.8776359999997,0.99231866053942,552276,3399.0700500000003,-19204.87712675112,553428,sell,V1_vol_target_20d_clip_0p4_1p0
721436.6803822167,3455.500962,1.0,554868,3221.045662,-49218.35486228939,556884,sell,V1_vol_target_20d_clip_0p4_1p0
672218.3255199273,3447.199302,1.0,558612,3269.8059080000003,-34847.48087041092,560052,sell,V1_vol_target_20d_clip_0p4_1p0
619327.8573045094,3085.752726,0.9716915395542941,562356,3258.45156,-34661.59721646283,562932,buy_cover,V1_vol_target_20d_clip_0p4_1p0
572960.9483372784,3119.955884,0.9508377826345634,563508,2670.594012,82522.59810913965,566964,buy_cover,V1_vol_target_20d_clip_0p4_1p0
537105.6586254255,2670.594012,0.7841034208597257,566964,2634.862922,-7398.127100236481,568315,sell,V1_vol_target_20d_clip_0p4_1p0
537513.2802987543,2634.862922,0.7932659974018657,568315,2760.552,-25640.608737584902,568861,buy_cover,V1_vol_target_20d_clip_0p4_1p0
651847.1492871835,2737.1024700000003,1.0,569885,2263.9927079999998,112672.18237931957,571759,buy_cover,V1_vol_target_20d_clip_0p4_1p0
764388.9622366456,2263.9927079999998,1.0,571759,2162.987316,-34394.406754671945,573015,sell,V1_vol_target_20d_clip_0p4_1p0
591998.2249293749,2162.987316,0.8109625208622443,573015,1933.006524,62944.55145353661,575212,buy_cover,V1_vol_target_20d_clip_0p4_1p0
565586.7997843542,1933.006524,0.713385503914567,575212,1898.630198,-10280.508152149734,575736,sell,V1_vol_target_20d_clip_0p4_1p0
560957.7653746828,1898.630198,0.7168421072710797,575736,1980.706062,-24249.613676975016,576594,buy_cover,V1_vol_target_20d_clip_0p4_1p0
758178.3939083247,2034.403038,1.0,578650,1860.251976,64902.39467520069,580291,buy_cover,V1_vol_target_20d_clip_0p4_1p0
822929.1529047437,1860.251976,1.0,580291,1845.6308000000001,-6794.5959722731495,580765,sell,V1_vol_target_20d_clip_0p4_1p0
816134.5569324705,1845.6308000000001,1.0,580765,1596.499236,110165.54921025434,582726,buy_cover,V1_vol_target_20d_clip_0p4_1p0
908480.0768736377,1596.499236,0.9809349970251101,582726,1575.8847600000001,-12089.2306132972,583835,sell,V1_vol_target_20d_clip_0p4_1p0
825284.5423414336,1575.8847600000001,0.9028900666055981,583835,1598.859708,-12031.854832411627,585438,buy_cover,V1_vol_target_20d_clip_0p4_1p0
783651.3933650298,1797.7894860000001,0.8689369108668465,587270,1779.8539580000001,-8128.348643710604,587989,sell,V1_vol_target_20d_clip_0p4_1p0
867104.2528926866,1779.8539580000001,0.9702165508090516,587989,1831.326192,-25076.06272337679,588975,buy_cover,V1_vol_target_20d_clip_0p4_1p0
868472.9046594953,1839.897906,1.0,590584,2404.3390360000003,265974.9045238426,599220,sell,V1_vol_target_20d_clip_0p4_1p0
1134447.809183338,2404.3390360000003,1.0,599220,2474.4847979999995,-33097.076804038836,599508,buy_cover,V1_vol_target_20d_clip_0p4_1p0
1101123.8428174625,2537.7074399999997,1.0,599778,2310.547798,-98966.67831507267,603796,sell,V1_vol_target_20d_clip_0p4_1p0
1002157.1645023898,2310.547798,1.0,603796,2309.571822,423.351520270342,604284,buy_cover,V1_vol_target_20d_clip_0p4_1p0
1002380.0845897597,2309.571822,1.0,604284,2393.481208,36002.13747558254,605281,sell,V1_vol_target_20d_clip_0p4_1p0
1038382.2220653422,2393.481208,1.0,605281,2454.9909,-26685.17658516683,605958,buy_cover,V1_vol_target_20d_clip_0p4_1p0
1011489.3690357624,2454.9909,1.0,605958,2402.759352,-21916.050496162265,606708,sell,V1_vol_target_20d_clip_0p4_1p0
989573.3185396001,2535.617022,1.0,608021,4157.91825,632485.243057766,631188,sell,V1_vol_target_20d_clip_0p4_1p0
1622058.5615973661,4209.771786,1.0,632628,4134.812872,-29519.472719761077,636372,sell,V1_vol_target_20d_clip_0p4_1p0
1296503.0042755925,4153.360506,0.8141106320908871,640404,3899.2200000000003,-79818.70753138838,641268,sell,V1_vol_target_20d_clip_0p4_1p0
1512720.3813462167,3602.5093540000003,1.0,642708,2955.54099,271666.861338926,649044,buy_cover,V1_vol_target_20d_clip_0p4_1p0
1411499.7893237132,2955.54099,0.7911618716445018,649044,2988.7621280000003,15294.777958053397,650032,sell,V1_vol_target_20d_clip_0p4_1p0
1469035.0304381747,2988.7621280000003,0.8164120184592618,650032,2859.97188,63302.981583677,650941,buy_cover,V1_vol_target_20d_clip_0p4_1p0
1550417.1519692324,2859.97188,0.8324885093218517,650941,3064.856906,110405.53513350408,651829,sell,V1_vol_target_20d_clip_0p4_1p0
1713694.3481834684,3064.856906,0.8686635230898649,651829,3079.935864,-8431.230158824474,652419,buy_cover,V1_vol_target_20d_clip_0p4_1p0
1756045.7752685146,3079.935864,0.894107789647759,652419,3282.453378,114718.16806907952,653371,sell,V1_vol_target_20d_clip_0p4_1p0
1949819.6413888235,3282.453378,0.9379822180413271,653371,3127.77543,91880.77036079625,654541,buy_cover,V1_vol_target_20d_clip_0p4_1p0
2170229.191751157,3127.77543,1.0,654541,2862.9073040000003,-184575.12996218842,655288,sell,V1_vol_target_20d_clip_0p4_1p0
1985654.0617889685,2966.84325,1.0,657584,3175.724728,138950.46567650675,661320,sell,V1_vol_target_20d_clip_0p4_1p0
2124604.5274654753,3175.724728,1.0,661320,3107.1213,45896.74177346146,662399,buy_cover,V1_vol_target_20d_clip_0p4_1p0
2170076.3483334435,3107.1213,1.0,662399,3287.4323820000004,125014.59407014912,663918,sell,V1_vol_target_20d_clip_0p4_1p0
2295090.9424035926,3287.4323820000004,1.0,663918,3341.928252,-38045.70141702518,664479,buy_cover,V1_vol_target_20d_clip_0p4_1p0
2256586.2227980867,3341.928252,1.0,664479,3166.056662,-119609.66334175691,664944,sell,V1_vol_target_20d_clip_0p4_1p0
2136976.55945633,2966.133108,1.0,667093,2940.531776,-19292.031722272746,667528,sell,V1_vol_target_20d_clip_0p4_1p0
2117684.527734057,2940.531776,1.0,667528,2093.158548,610253.3446853803,670116,buy_cover,V1_vol_target_20d_clip_0p4_1p0
2130246.955087962,2093.158548,0.7810213597600038,670116,2055.38884,-39275.58412995143,670665,sell,V1_vol_target_20d_clip_0p4_1p0
2028940.1229005547,2055.38884,0.7547469962837307,670665,2012.20236,42630.836384402355,671977,buy_cover,V1_vol_target_20d_clip_0p4_1p0
2020132.484990306,2012.20236,0.739849576170863,671977,2026.074704,13113.47271469608,672526,sell,V1_vol_target_20d_clip_0p4_1p0
2020047.391981888,2026.074704,0.7362823027658957,672526,2022.214362,3848.9386263086926,673329,buy_cover,V1_vol_target_20d_clip_0p4_1p0
1995770.3068563084,2022.214362,0.7265213603622303,673329,1951.90954,-70155.93809462525,674551,sell,V1_vol_target_20d_clip_0p4_1p0
2183625.6414105515,1951.90954,0.815739535133101,674551,1904.340792,53215.83919165237,675266,buy_cover,V1_vol_target_20d_clip_0p4_1p0
2398360.103509424,1904.340792,0.8786343175610641,675266,1969.376046,80914.52901624702,675963,sell,V1_vol_target_20d_clip_0p4_1p0
2810559.9065913614,1969.376046,1.0,675963,1989.307782,-28445.108054094482,676425,buy_cover,V1_vol_target_20d_clip_0p4_1p0
2781552.6865559486,1989.307782,1.0,676425,2051.559606,85896.38548831362,677958,sell,V1_vol_target_20d_clip_0p4_1p0
2867449.072044262,2051.559606,1.0,677958,1982.0363280000001,97172.26140496647,678745,buy_cover,V1_vol_target_20d_clip_0p4_1p0
2964047.8436348196,1982.0363280000001,1.0,678745,2066.33665,124831.48813102208,680265,sell,V1_vol_target_20d_clip_0p4_1p0
3088879.3317658417,2066.33665,1.0,680265,2147.389392,-121162.1902102353,680700,buy_cover,V1_vol_target_20d_clip_0p4_1p0
2967099.3656892534,2147.389392,1.0,680700,2292.011506,198561.1952696247,681437,sell,V1_vol_target_20d_clip_0p4_1p0
3165660.560958878,2292.011506,1.0,681437,2157.371388,185961.18891196745,682873,buy_cover,V1_vol_target_20d_clip_0p4_1p0
3350988.6177586536,2140.17188,1.0,683665,2039.05773,158320.29297511885,684789,buy_cover,V1_vol_target_20d_clip_0p4_1p0
3508638.713010221,2039.05773,1.0,684789,2081.13369,70968.49373080023,685646,sell,V1_vol_target_20d_clip_0p4_1p0
3579607.206741021,2081.13369,1.0,685646,2086.727262,-9620.954171409365,686759,buy_cover,V1_vol_target_20d_clip_0p4_1p0
3569270.3311282634,2086.727262,1.0,686759,2089.562004,3419.2174075781368,687192,sell,V1_vol_target_20d_clip_0p4_1p0
3572689.5485358415,2089.562004,1.0,687192,2265.623034,-301025.32339631254,688412,buy_cover,V1_vol_target_20d_clip_0p4_1p0
3270949.687229822,2265.623034,1.0,688412,2298.450218,46066.41104327841,689818,sell,V1_vol_target_20d_clip_0p4_1p0
3317016.0982731003,2298.450218,1.0,689818,2345.71905,-68216.03715023492,691407,buy_cover,V1_vol_target_20d_clip_0p4_1p0
3248136.6579032107,2345.71905,1.0,691407,2294.710966,-71902.1927504898,691879,sell,V1_vol_target_20d_clip_0p4_1p0
3176234.465152721,2263.2472599999996,1.0,693265,2287.00731,-33344.655033800285,694011,buy_cover,V1_vol_target_20d_clip_0p4_1p0
3142254.56322589,2287.00731,1.0,694011,2335.7927480000003,65745.61258933181,695708,sell,V1_vol_target_20d_clip_0p4_1p0
3208000.175815222,2335.7927480000003,1.0,695708,2321.8942859999997,19088.40864551533,696325,buy_cover,V1_vol_target_20d_clip_0p4_1p0
3226446.984425574,2321.8942859999997,1.0,696325,2308.8981280000003,-19342.36715189228,697026,sell,V1_vol_target_20d_clip_0p4_1p0
3207104.617273682,2308.8981280000003,1.0,697026,2320.053918,-15495.481397917029,697536,buy_cover,V1_vol_target_20d_clip_0p4_1p0
3190967.71495231,2144.9289,1.0,699627,2095.43083,-74884.09369436093,700245,sell,V1_vol_target_20d_clip_0p4_1p0
3116083.621257949,2095.43083,1.0,700245,2041.50822,80187.62246468011,702222,buy_cover,V1_vol_target_20d_clip_0p4_1p0
3195648.026998378,2041.50822,1.0,702222,2006.018716,-56808.940458893776,702783,sell,V1_vol_target_20d_clip_0p4_1p0
3138839.086539484,2006.018716,1.0,702783,1609.741884,620058.7270495188,704704,buy_cover,V1_vol_target_20d_clip_0p4_1p0
3758270.045771695,1609.741884,1.0,704704,1648.6702,89346.56798048643,705375,sell,V1_vol_target_20d_clip_0p4_1p0
3847616.6137521816,1648.6702,1.0,705375,1667.1233579999998,-43065.26600585831,705922,buy_cover,V1_vol_target_20d_clip_0p4_1p0
3803781.824423573,1667.1233579999998,1.0,705922,1676.504632,19874.804893919732,706102,sell_final,V1_vol_target_20d_clip_0p4_1p0
