activation_bar,activation_time,anchor,atr_multiplier,atr_ref,bar,bars_held,base_trade_entry_bar,base_trade_exit_bar,base_trade_pnl,base_trade_top20_winner,base_trade_winner,base_trade_worst20_loser,close,delta_vs_base_pnl_proxy,early_exit_pnl_proxy,entry_bar,entry_notional,entry_price,event,execution_bar,execution_open,execution_return_after_cost,execution_time,exit_quality,reasons,side,signal_variant,stop_price,time,trigger_return_after_cost,ttl_mode,ttl_until,variant
13430,2019-11-09 04:00:00,184.47,1.0,0.1414293497800827,13430,559,12871,13737,47.644783237674346,False,True,False,184.47,151.84193574254016,199.4867189802145,12871,10357.93852436861,188.04238400000003,riskoff_activate,13431,184.38,0.019259307101590916,2019-11-09 04:05:00,,2h_lower_wick_setup@2019-11-08 16:00:00+macd_bull_cross_2h,short,2h_wick_r75_v2p0_then_macd2h_12h,184.61142934978008,2019-11-09 04:00:00,0.018761831427285446,until_baseline_exit,1000000000000,2h_wick_r75_v2p0_then_macd2h_12h_trailATR1p0_until_baseline_exit
13430,2019-11-09 04:00:00,184.24,1.0,0.1414293497800827,13440,569,12871,13737,47.644783237674346,False,True,False,184.44,148.4061620214082,196.05094525908254,12871,10357.93852436861,188.04238400000003,riskoff_stop,13441,184.44,0.01892760270760858,2019-11-09 04:55:00,improved_winner,,short,2h_wick_r75_v2p0_then_macd2h_12h,184.3814293497801,2019-11-09 04:50:00,0.01892760270760858,until_baseline_exit,1000000000000,2h_wick_r75_v2p0_then_macd2h_12h_trailATR1p0_until_baseline_exit
68498,2020-05-18 18:00:00,211.95,1.0,0.36785778403282166,68498,7506,60992,95701,15339.936809933251,False,True,False,211.95,-12719.305762346165,2620.6310475870864,60992,12480.274820306213,175.075008,riskoff_activate,68499,211.95,0.2099818381661877,2020-05-18 18:05:00,,2h_upper_wick_setup@2020-05-18 06:00:00+macd_bear_cross_2h,long,2h_wick_r75_v2p0_then_macd2h_12h,211.58214221596717,2020-05-18 18:00:00,0.2099818381661877,until_baseline_exit,1000000000000,2h_wick_r75_v2p0_then_macd2h_12h_trailATR1p0_until_baseline_exit
68498,2020-05-18 18:00:00,212.71,1.0,0.36785778403282166,68503,7511,60992,95701,15339.936809933251,False,True,False,212.28,-12695.786317511624,2644.1504924216274,60992,12480.274820306213,175.075008,riskoff_stop,68504,212.28,0.2118663675674372,2020-05-18 18:30:00,missed_winner,,long,2h_wick_r75_v2p0_then_macd2h_12h,212.3421422159672,2020-05-18 18:25:00,0.2118663675674372,until_baseline_exit,1000000000000,2h_wick_r75_v2p0_then_macd2h_12h_trailATR1p0_until_baseline_exit
161236,2021-04-06 14:00:00,2101.01,1.0,7.064243793487549,161236,10247,150989,172818,71695.46912793306,False,True,False,2095.03,-51645.423994414115,20050.04513351894,150989,60973.78059792272,1576.9353239999998,riskoff_activate,161237,2096.53,0.3288306045140001,2021-04-06 14:05:00,,2h_upper_wick_setup@2021-04-06 02:00:00+macd_bear_cross_2h,long,2h_wick_r75_v2p0_then_macd2h_12h,2093.9457562065127,2021-04-06 14:00:00,0.3278795826317608,until_baseline_exit,1000000000000,2h_wick_r75_v2p0_then_macd2h_12h_trailATR1p0_until_baseline_exit
161236,2021-04-06 14:00:00,2101.01,1.0,7.064243793487549,161237,10248,150989,172818,71695.46912793306,False,True,False,2090.79,-51936.52074036337,19758.948387569693,150989,60973.78059792272,1576.9353239999998,riskoff_stop,161238,2089.0,0.3240564746651588,2021-04-06 14:10:00,missed_winner,,long,2h_wick_r75_v2p0_then_macd2h_12h,2093.9457562065127,2021-04-06 14:05:00,0.32519136077796434,until_baseline_exit,1000000000000,2h_wick_r75_v2p0_then_macd2h_12h_trailATR1p0_until_baseline_exit
204439,2021-09-03 22:00:00,3936.96,1.0,8.781389236450195,204439,11783,192656,209936,34274.426910554714,False,True,False,3922.31,33651.26387660124,67925.69078715595,192656,85352.12260900838,2182.9765079999997,riskoff_activate,204440,3921.91,0.7958289578610529,2021-09-03 22:05:00,,2h_upper_wick_setup@2021-09-03 16:00:00+macd_bear_cross_2h,long,2h_wick_r75_v2p0_then_macd2h_12h,3928.17861076355,2021-09-03 22:00:00,0.7960121572672465,until_baseline_exit,1000000000000,2h_wick_r75_v2p0_then_macd2h_12h_trailATR1p0_until_baseline_exit
204439,2021-09-03 22:00:00,3936.96,1.0,8.781389236450195,204440,11784,192656,209936,34274.426910554714,False,True,False,3916.62,33345.962030649884,67620.3889412046,192656,85352.12260900838,2182.9765079999997,riskoff_stop,204441,3914.1,0.7922519894551245,2021-09-03 22:10:00,improved_winner,,long,2h_wick_r75_v2p0_then_macd2h_12h,3928.17861076355,2021-09-03 22:05:00,0.7934061457141437,until_baseline_exit,1000000000000,2h_wick_r75_v2p0_then_macd2h_12h_trailATR1p0_until_baseline_exit
216751,2021-10-16 16:00:00,3907.94,1.0,8.450700759887695,216751,4223,212528,231248,31590.289119135792,False,True,False,3901.96,-10132.573586957918,21457.715532177874,212528,119626.5495195631,3305.06088,riskoff_activate,216752,3900.0,0.1793725190466084,2021-10-16 16:05:00,,2h_upper_wick_setup@2021-10-16 04:00:00+macd_bear_cross_2h,long,2h_wick_r75_v2p0_then_macd2h_12h,3899.4892992401124,2021-10-16 16:00:00,0.17996543036387264,until_baseline_exit,1000000000000,2h_wick_r75_v2p0_then_macd2h_12h_trailATR1p0_until_baseline_exit
216751,2021-10-16 16:00:00,3912.88,1.0,8.450700759887695,216755,4227,212528,231248,31590.289119135792,False,True,False,3898.97,-10236.070471783733,21354.21864735206,212528,119626.5495195631,3305.06088,riskoff_stop,216756,3897.14,0.17850735253264077,2021-10-16 16:25:00,missed_winner,,long,2h_wick_r75_v2p0_then_macd2h_12h,3904.4292992401124,2021-10-16 16:20:00,0.1790609380992702,until_baseline_exit,1000000000000,2h_wick_r75_v2p0_then_macd2h_12h_trailATR1p0_until_baseline_exit
240727,2022-01-07 22:00:00,3208.27,1.0,8.070661544799805,240727,263,240464,246224,39124.28035168933,False,True,False,3210.49,-30560.69769155641,8563.582660132926,240464,141573.94269847884,3406.5785480000004,riskoff_activate,240728,3210.42,0.06048840978012078,2022-01-07 22:05:00,,2h_lower_wick_setup@2022-01-07 20:00:00+macd_bull_cross_2h,short,2h_wick_r75_v2p0_then_macd2h_12h,3216.3406615448,2022-01-07 22:00:00,0.060465278672818104,until_baseline_exit,1000000000000,2h_wick_r75_v2p0_then_macd2h_12h_trailATR1p0_until_baseline_exit
240727,2022-01-07 22:00:00,3166.42,1.0,8.070661544799805,240738,274,240464,246224,39124.28035168933,False,True,False,3174.82,-29109.628584526043,10014.65176716329,240464,141573.94269847884,3406.5785480000004,riskoff_stop,240739,3179.7,0.07073795909246013,2022-01-07 23:00:00,missed_winner,,short,2h_wick_r75_v2p0_then_macd2h_12h,3174.4906615448,2022-01-07 22:55:00,0.07238439991126895,until_baseline_exit,1000000000000,2h_wick_r75_v2p0_then_macd2h_12h_trailATR1p0_until_baseline_exit
275953,2022-05-10 06:00:00,2397.99,1.0,14.20068359375,275953,1852,274101,277466,25933.17423582128,False,True,False,2399.12,-10016.653568091215,15916.520667730065,274101,106511.8223611937,2762.4773940000005,riskoff_activate,275954,2402.02,0.14943430987177492,2022-05-10 06:05:00,,2h_lower_wick_setup@2022-05-09 20:00:00+macd_bull_cross_2h,short,2h_wick_r75_v2p0_then_macd2h_12h,2412.19068359375,2022-05-10 06:00:00,0.15082420262354573,until_baseline_exit,1000000000000,2h_wick_r75_v2p0_then_macd2h_12h_trailATR1p0_until_baseline_exit
275953,2022-05-10 06:00:00,2394.45,1.0,14.20068359375,275955,1854,274101,277466,25933.17423582128,False,True,False,2420.06,-10707.680421294199,15225.49381452708,274101,106511.8223611937,2762.4773940000005,riskoff_stop,275956,2415.65,0.1429465150159172,2022-05-10 06:15:00,missed_winner,,short,2h_wick_r75_v2p0_then_macd2h_12h,2408.65068359375,2022-05-10 06:10:00,0.14086303025470487,until_baseline_exit,1000000000000,2h_wick_r75_v2p0_then_macd2h_12h_trailATR1p0_until_baseline_exit
301417,2022-08-06 16:00:00,1713.71,1.0,2.204310894012451,301417,908,300509,302229,4914.057706488122,False,True,False,1713.71,634.1034511999987,5548.1611576881205,300509,283445.61538385117,1681.2261780000001,riskoff_activate,301418,1715.15,0.019573988294631483,2022-08-06 16:05:00,,2h_upper_wick_setup@2022-08-06 12:00:00+macd_bear_cross_2h,long,2h_wick_r75_v2p0_then_macd2h_12h,1711.5056891059876,2022-08-06 16:00:00,0.018717641885778357,until_baseline_exit,1000000000000,2h_wick_r75_v2p0_then_macd2h_12h_trailATR1p0_until_baseline_exit
301417,2022-08-06 16:00:00,1720.1,1.0,2.204310894012451,301421,912,300509,302229,4914.057706488122,False,True,False,1716.37,983.0244262812212,5897.082132769343,300509,283445.61538385117,1681.2261780000001,riskoff_stop,301422,1717.22,0.020804986257357782,2022-08-06 16:25:00,improved_winner,,long,2h_wick_r75_v2p0_then_macd2h_12h,1717.8956891059875,2022-08-06 16:20:00,0.02029950400213183,until_baseline_exit,1000000000000,2h_wick_r75_v2p0_then_macd2h_12h_trailATR1p0_until_baseline_exit
316081,2022-09-26 14:00:00,1323.09,1.0,5.7835869789123535,316081,292,315789,316243,-17402.501966663054,False,False,False,1323.81,12845.568638362856,-4556.933328300197,315789,272074.2670847722,1303.549238,riskoff_activate,316082,1324.95,-0.016748858233183662,2022-09-26 14:05:00,,2h_lower_wick_setup@2022-09-26 08:00:00+macd_bull_cross_2h,short,2h_wick_r75_v2p0_then_macd2h_12h,1328.8735869789123,2022-09-26 14:00:00,-0.015901786295659238,until_baseline_exit,1000000000000,2h_wick_r75_v2p0_then_macd2h_12h_trailATR1p0_until_baseline_exit
316081,2022-09-26 14:00:00,1321.28,1.0,5.7835869789123535,316084,295,315789,316243,-17402.501966663054,False,False,False,1331.23,11481.051803308099,-5921.450163354956,315789,272074.2670847722,1303.549238,riskoff_stop,316085,1331.74,-0.021764094880424568,2022-09-26 14:20:00,saved_loser,,short,2h_wick_r75_v2p0_then_macd2h_12h,1327.0635869789123,2022-09-26 14:15:00,-0.021389175210937795,until_baseline_exit,1000000000000,2h_wick_r75_v2p0_then_macd2h_12h_trailATR1p0_until_baseline_exit
331897,2022-11-20 12:00:00,1166.88,1.0,6.4350152015686035,331897,167,331730,332258,-29656.570866496942,False,False,False,1165.46,16352.027004841202,-13304.54386165574,331730,307221.43300432607,1217.463444,riskoff_activate,331898,1165.46,-0.0433060406350894,2022-11-20 12:05:00,,2h_upper_wick_setup@2022-11-20 00:00:00+macd_bear_cross_2h,long,2h_wick_r75_v2p0_then_macd2h_12h,1160.4449847984315,2022-11-20 12:00:00,-0.0433060406350894,until_baseline_exit,1000000000000,2h_wick_r75_v2p0_then_macd2h_12h_trailATR1p0_until_baseline_exit
331897,2022-11-20 12:00:00,1178.95,1.0,6.4350152015686035,331913,183,331730,332258,-29656.570866496942,False,False,False,1172.47,17777.493982768035,-11879.076883728905,331730,307221.43300432607,1217.463444,riskoff_stop,331914,1171.11,-0.03866617236812912,2022-11-20 13:25:00,saved_loser,,long,2h_wick_r75_v2p0_then_macd2h_12h,1172.5149847984314,2022-11-20 13:20:00,-0.0375493191215686,until_baseline_exit,1000000000000,2h_wick_r75_v2p0_then_macd2h_12h_trailATR1p0_until_baseline_exit
336289,2022-12-05 18:00:00,1264.23,1.0,1.5685774087905884,336289,209,336080,336736,-11670.57038575114,False,False,False,1264.23,6803.857055140891,-4866.713330610249,336080,253752.9235690923,1288.167582,riskoff_activate,336290,1264.23,-0.019178944865575632,2022-12-05 18:05:00,,2h_upper_wick_setup@2022-12-05 10:00:00+macd_bear_cross_2h,long,2h_wick_r75_v2p0_then_macd2h_12h,1262.6614225912094,2022-12-05 18:00:00,-0.019178944865575632,until_baseline_exit,1000000000000,2h_wick_r75_v2p0_then_macd2h_12h_trailATR1p0_until_baseline_exit
336289,2022-12-05 18:00:00,1269.84,1.0,1.5685774087905884,336294,214,336080,336736,-11670.57038575114,False,False,False,1267.79,7583.771577953441,-4086.7988077976984,336080,253752.9235690923,1288.167582,riskoff_stop,336295,1268.19,-0.0161054255072846,2022-12-05 18:30:00,saved_loser,,long,2h_wick_r75_v2p0_then_macd2h_12h,1268.2714225912093,2022-12-05 18:25:00,-0.016415882008122096,until_baseline_exit,1000000000000,2h_wick_r75_v2p0_then_macd2h_12h_trailATR1p0_until_baseline_exit
342169,2022-12-26 04:00:00,1221.11,1.0,0.6878400444984436,342169,1025,341144,342408,-6735.155373960268,False,False,False,1222.44,1658.0081701903864,-5077.147203769881,341144,262288.96855015616,1199.290094,riskoff_activate,342170,1222.22,-0.01935707487750864,2022-12-26 04:05:00,,2h_lower_wick_setup@2022-12-25 20:00:00+macd_bull_cross_2h,short,2h_wick_r75_v2p0_then_macd2h_12h,1221.7978400444983,2022-12-26 04:00:00,-0.019533631144914066,until_baseline_exit,1000000000000,2h_wick_r75_v2p0_then_macd2h_12h_trailATR1p0_until_baseline_exit
342169,2022-12-26 04:00:00,1221.11,1.0,0.6878400444984436,342170,1026,341144,342408,-6735.155373960268,False,False,False,1222.08,1681.1688030816495,-5053.986570878618,341144,262288.96855015616,1199.290094,riskoff_stop,342171,1222.11,-0.019268772906521115,2022-12-26 04:10:00,saved_loser,,short,2h_wick_r75_v2p0_then_macd2h_12h,1221.7978400444983,2022-12-26 04:05:00,-0.01924468779195192,until_baseline_exit,1000000000000,2h_wick_r75_v2p0_then_macd2h_12h_trailATR1p0_until_baseline_exit
363611,2023-03-10 22:00:00,1420.47,1.0,4.908604145050049,363611,551,363060,364212,-8797.535740603402,False,False,False,1428.24,29914.588116656796,21117.052376053394,363060,291837.41167166334,1532.313476,riskoff_activate,363612,1428.1,0.07235896266723847,2023-03-10 22:05:00,,2h_lower_wick_setup@2023-03-10 16:00:00+macd_bull_cross_2h,short,2h_wick_r75_v2p0_then_macd2h_12h,1425.37860414505,2023-03-10 22:00:00,0.07225380789298926,until_baseline_exit,1000000000000,2h_wick_r75_v2p0_then_macd2h_12h_trailATR1p0_until_baseline_exit
363611,2023-03-10 22:00:00,1420.47,1.0,4.908604145050049,363613,553,363060,364212,-8797.535740603402,False,False,False,1425.91,30292.104951091642,21494.56921048824,363060,291837.41167166334,1532.313476,riskoff_stop,363614,1426.38,0.07365254881944701,2023-03-10 22:15:00,saved_loser,,short,2h_wick_r75_v2p0_then_macd2h_12h,1425.37860414505,2023-03-10 22:10:00,0.07400657165254661,until_baseline_exit,1000000000000,2h_wick_r75_v2p0_then_macd2h_12h_trailATR1p0_until_baseline_exit
415019,2023-09-05 10:00:00,1632.52,1.0,1.7135881185531616,415019,5303,409716,415082,8149.520137668995,False,True,False,1632.52,1713.637997659942,9863.158135328937,409716,300728.3907692612,1687.652402,riskoff_activate,415020,1633.1,0.03279756231228799,2023-09-05 10:05:00,,2h_lower_wick_setup@2023-09-05 08:00:00+macd_bull_cross_2h,short,2h_wick_r75_v2p0_then_macd2h_12h,1634.2335881185531,2023-09-05 10:00:00,0.03316463566277768,until_baseline_exit,1000000000000,2h_wick_r75_v2p0_then_macd2h_12h_trailATR1p0_until_baseline_exit
415019,2023-09-05 10:00:00,1632.16,1.0,1.7135881185531616,415022,5306,409716,415082,8149.520137668995,False,True,False,1634.82,1411.4205582586674,9560.940695927662,409716,300728.3907692612,1687.652402,riskoff_stop,415023,1634.69,0.03179261083887304,2023-09-05 10:20:00,improved_winner,,short,2h_wick_r75_v2p0_then_macd2h_12h,1633.8735881185532,2023-09-05 10:15:00,0.03171053144211462,until_baseline_exit,1000000000000,2h_wick_r75_v2p0_then_macd2h_12h_trailATR1p0_until_baseline_exit
418091,2023-09-16 02:00:00,1643.97,1.0,0.8400006890296936,418091,136,417955,418770,-6440.238004408369,False,False,False,1644.51,412.72693728869854,-6027.511067119671,417955,302552.20376243937,1614.2970759999998,riskoff_activate,418092,1646.11,-0.019922218354926958,2023-09-16 02:05:00,,2h_lower_wick_setup@2023-09-15 16:00:00+macd_bull_cross_2h,short,2h_wick_r75_v2p0_then_macd2h_12h,1644.8100006890297,2023-09-16 02:00:00,-0.01896827800148908,until_baseline_exit,1000000000000,2h_wick_r75_v2p0_then_macd2h_12h_trailATR1p0_until_baseline_exit
418091,2023-09-16 02:00:00,1643.97,1.0,0.8400006890296936,418092,137,417955,418770,-6440.238004408369,False,False,False,1646.11,302.8394729462925,-6137.398531462077,417955,302552.20376243937,1614.2970759999998,riskoff_stop,418093,1646.72,-0.020285420020543277,2023-09-16 02:10:00,saved_loser,,short,2h_wick_r75_v2p0_then_macd2h_12h,1644.8100006890297,2023-09-16 02:05:00,-0.019922218354926958,until_baseline_exit,1000000000000,2h_wick_r75_v2p0_then_macd2h_12h_trailATR1p0_until_baseline_exit
421163,2023-09-26 18:00:00,1585.62,1.0,1.2921491861343384,421163,680,420483,422900,10642.110482847143,False,True,False,1585.62,-12434.204182201085,-1792.093699353941,420483,296051.4553172785,1594.838904,riskoff_activate,421164,1586.14,-0.006053318324118195,2023-09-26 18:05:00,,2h_upper_wick_setup@2023-09-26 18:00:00+macd_bear_cross_2h,long,2h_wick_r75_v2p0_then_macd2h_12h,1584.3278508138656,2023-09-26 18:00:00,-0.006379304853977907,until_baseline_exit,1000000000000,2h_wick_r75_v2p0_then_macd2h_12h_trailATR1p0_until_baseline_exit
421163,2023-09-26 18:00:00,1586.65,1.0,1.2921491861343384,421165,682,420483,422900,10642.110482847143,False,True,False,1585.23,-12603.094558713914,-1960.9840758667704,420483,296051.4553172785,1594.838904,riskoff_stop,421166,1585.23,-0.006623794751372469,2023-09-26 18:15:00,missed_winner,,long,2h_wick_r75_v2p0_then_macd2h_12h,1585.3578508138658,2023-09-26 18:10:00,-0.006623794751372469,until_baseline_exit,1000000000000,2h_wick_r75_v2p0_then_macd2h_12h_trailATR1p0_until_baseline_exit
435851,2023-11-16 18:00:00,1999.64,1.0,3.434291362762451,435851,7963,427888,455796,131352.1926257087,True,True,False,1996.73,-47852.21252206474,83499.98010364396,427888,316518.9765515525,1577.495436,riskoff_activate,435852,1994.68,0.2638071846856362,2023-11-16 18:05:00,,2h_upper_wick_setup@2023-11-16 12:00:00+macd_bear_cross_2h,long,2h_wick_r75_v2p0_then_macd2h_12h,1996.2057086372376,2023-11-16 18:00:00,0.2651064531039317,until_baseline_exit,1000000000000,2h_wick_r75_v2p0_then_macd2h_12h_trailATR1p0_until_baseline_exit
435851,2023-11-16 18:00:00,1999.99,1.0,3.434291362762451,435854,7966,427888,455796,131352.1926257087,True,True,False,1989.58,-48875.305137248,82476.8874884607,427888,316518.9765515525,1577.495436,riskoff_stop,435855,1989.58,0.26057485837670596,2023-11-16 18:20:00,missed_winner,,long,2h_wick_r75_v2p0_then_macd2h_12h,1996.5557086372376,2023-11-16 18:15:00,0.26057485837670596,until_baseline_exit,1000000000000,2h_wick_r75_v2p0_then_macd2h_12h_trailATR1p0_until_baseline_exit
462011,2024-02-15 14:00:00,2810.22,1.0,6.6843085289001465,462011,2471,459540,476244,176532.66314368136,True,True,False,2801.88,-97290.098935369,79242.56420831237,459540,445268.2568183524,2377.7754600000003,riskoff_activate,462012,2802.45,0.1779658958276908,2024-02-15 14:05:00,,2h_upper_wick_setup@2024-02-15 02:00:00+macd_bear_cross_2h,long,2h_wick_r75_v2p0_then_macd2h_12h,2803.5356914710997,2024-02-15 14:00:00,0.17772622391182374,until_baseline_exit,1000000000000,2h_wick_r75_v2p0_then_macd2h_12h_trailATR1p0_until_baseline_exit
462011,2024-02-15 14:00:00,2810.22,1.0,6.6843085289001465,462012,2472,459540,476244,176532.66314368136,True,True,False,2803.35,-96573.02687502836,79959.636268653,459540,445268.2568183524,2377.7754600000003,riskoff_stop,462013,2806.28,0.17957632291149966,2024-02-15 14:10:00,missed_winner,,long,2h_wick_r75_v2p0_then_macd2h_12h,2803.5356914710997,2024-02-15 14:05:00,0.17834432516853366,until_baseline_exit,1000000000000,2h_wick_r75_v2p0_then_macd2h_12h_trailATR1p0_until_baseline_exit
517115,2024-08-24 22:00:00,2755.62,1.0,10.035731315612793,517115,489,516626,517456,14924.732541245874,False,True,False,2751.92,2716.701126123622,17641.433667369496,516626,499522.0293162314,2653.100514,riskoff_activate,517116,2748.41,0.03531662796036823,2024-08-24 22:05:00,,2h_upper_wick_setup@2024-08-24 18:00:00+macd_bear_cross_2h,long,2h_wick_r75_v2p0_then_macd2h_12h,2745.584268684387,2024-08-24 22:00:00,0.03663934377210705,until_baseline_exit,1000000000000,2h_wick_r75_v2p0_then_macd2h_12h_trailATR1p0_until_baseline_exit
517115,2024-08-24 22:00:00,2755.62,1.0,10.035731315612793,517117,491,516626,517456,14924.732541245874,False,True,False,2745.17,2464.4582714528733,17389.190812698747,516626,499522.0293162314,2653.100514,riskoff_stop,517118,2747.07,0.03481165953081562,2024-08-24 22:15:00,improved_winner,,long,2h_wick_r75_v2p0_then_macd2h_12h,2745.584268684387,2024-08-24 22:10:00,0.034095659518763324,until_baseline_exit,1000000000000,2h_wick_r75_v2p0_then_macd2h_12h_trailATR1p0_until_baseline_exit
526451,2024-09-26 08:00:00,2630.46,1.0,2.4628732204437256,526451,984,525467,526527,-19009.319452990196,False,False,False,2630.46,1878.898774888592,-17130.420678101604,525467,547121.1117230637,2549.4100160000003,riskoff_activate,526452,2630.2,-0.031310107234122794,2024-09-26 08:05:00,,2h_lower_wick_setup@2024-09-26 00:00:00+macd_bull_cross_2h,short,2h_wick_r75_v2p0_then_macd2h_12h,2632.9228732204438,2024-09-26 08:00:00,-0.03140589404407994,until_baseline_exit,1000000000000,2h_wick_r75_v2p0_then_macd2h_12h_trailATR1p0_until_baseline_exit
526451,2024-09-26 08:00:00,2622.96,1.0,2.4628732204437256,526456,989,525467,526527,-19009.319452990196,False,False,False,2626.05,2781.518862071365,-16227.80059091883,525467,547121.1117230637,2549.4100160000003,riskoff_stop,526457,2625.73,-0.02966034437934988,2024-09-26 08:30:00,saved_loser,,short,2h_wick_r75_v2p0_then_macd2h_12h,2625.4228732204438,2024-09-26 08:25:00,-0.029778634849751674,until_baseline_exit,1000000000000,2h_wick_r75_v2p0_then_macd2h_12h_trailATR1p0_until_baseline_exit
529763,2024-10-07 20:00:00,2449.49,1.0,4.384242534637451,529763,913,528850,529800,3812.8622120580403,False,True,False,2449.49,8152.936481021015,11965.798693079056,528850,578513.1549921806,2396.22915,riskoff_activate,529764,2447.24,0.020683710629260953,2024-10-07 20:05:00,,2h_upper_wick_setup@2024-10-07 16:00:00+macd_bear_cross_2h,long,2h_wick_r75_v2p0_then_macd2h_12h,2445.1057574653623,2024-10-07 20:00:00,0.021622498140463752,until_baseline_exit,1000000000000,2h_wick_r75_v2p0_then_macd2h_12h_trailATR1p0_until_baseline_exit
529763,2024-10-07 20:00:00,2449.49,1.0,4.384242534637451,529766,916,528850,529800,3812.8622120580403,False,True,False,2441.35,7204.3201987345965,11017.182410792637,528850,578513.1549921806,2396.22915,riskoff_stop,529767,2443.31,0.019043961776360207,2024-10-07 20:20:00,improved_winner,,long,2h_wick_r75_v2p0_then_macd2h_12h,2445.1057574653623,2024-10-07 20:15:00,0.01822617354437912,until_baseline_exit,1000000000000,2h_wick_r75_v2p0_then_macd2h_12h_trailATR1p0_until_baseline_exit
537539,2024-11-03 20:00:00,2452.82,1.0,3.943603515625,537539,938,536601,538173,26850.177959806402,False,True,False,2453.56,8781.538128310094,35631.7160881165,536601,565873.9326787298,2609.557984,riskoff_activate,537540,2453.56,0.06296758700200829,2024-11-03 20:05:00,,2h_lower_wick_setup@2024-11-03 20:00:00+macd_bull_cross_2h,short,2h_wick_r75_v2p0_then_macd2h_12h,2456.763603515625,2024-11-03 20:00:00,0.06296758700200829,until_baseline_exit,1000000000000,2h_wick_r75_v2p0_then_macd2h_12h_trailATR1p0_until_baseline_exit
537539,2024-11-03 20:00:00,2446.4,1.0,3.943603515625,537545,944,536601,538173,26850.177959806402,False,True,False,2457.57,7372.215099815156,34222.39305962156,536601,565873.9326787298,2609.557984,riskoff_stop,537546,2459.32,0.06047706226300238,2024-11-03 20:35:00,improved_winner,,short,2h_wick_r75_v2p0_then_macd2h_12h,2450.343603515625,2024-11-03 20:30:00,0.06123249745262478,until_baseline_exit,1000000000000,2h_wick_r75_v2p0_then_macd2h_12h_trailATR1p0_until_baseline_exit
543347,2024-11-24 00:00:00,3399.05,1.0,9.747175216674805,543347,5174,538173,551988,223327.4877437217,True,True,False,3398.64,-7285.331519433792,216042.1562242879,538173,592610.9358520004,2485.7370479999995,riskoff_activate,543348,3393.61,0.3645598539515353,2024-11-24 00:05:00,,2h_upper_wick_setup@2024-11-23 20:00:00+macd_bear_cross_2h,long,2h_wick_r75_v2p0_then_macd2h_12h,3389.3028247833254,2024-11-24 00:00:00,0.36658299393090127,until_baseline_exit,1000000000000,2h_wick_r75_v2p0_then_macd2h_12h_trailATR1p0_until_baseline_exit
543347,2024-11-24 00:00:00,3424.94,1.0,9.747175216674805,543354,5181,538173,551988,223327.4877437217,True,True,False,3410.0,-3378.663005247945,219948.82473847375,538173,592610.9358520004,2485.7370479999995,riskoff_stop,543355,3410.0,0.3711521530095491,2024-11-24 00:40:00,missed_winner,,long,2h_wick_r75_v2p0_then_macd2h_12h,3415.1928247833252,2024-11-24 00:35:00,0.3711521530095491,until_baseline_exit,1000000000000,2h_wick_r75_v2p0_then_macd2h_12h_trailATR1p0_until_baseline_exit
565475,2025-02-08 20:00:00,2635.04,1.0,4.0821533203125,565475,1967,563508,566964,95432.27353813092,False,True,False,2635.04,26720.826017539366,122153.09955567028,563508,662593.8494577534,3119.955884,riskoff_activate,565476,2632.89,0.1843559212866776,2025-02-08 20:05:00,,2h_lower_wick_setup@2025-02-08 08:00:00+macd_bull_cross_2h,short,2h_wick_r75_v2p0_then_macd2h_12h,2639.1221533203125,2025-02-08 20:00:00,0.18338924706891752,until_baseline_exit,1000000000000,2h_wick_r75_v2p0_then_macd2h_12h_trailATR1p0_until_baseline_exit
565475,2025-02-08 20:00:00,2629.04,1.0,4.0821533203125,565479,1971,563508,566964,95432.27353813092,False,True,False,2634.35,24665.96094174475,120098.23447987567,563508,662593.8494577534,3119.955884,riskoff_stop,565480,2639.8,0.18125467747423313,2025-02-08 20:25:00,improved_winner,,short,2h_wick_r75_v2p0_then_macd2h_12h,2633.1221533203125,2025-02-08 20:20:00,0.1836993101131134,until_baseline_exit,1000000000000,2h_wick_r75_v2p0_then_macd2h_12h_trailATR1p0_until_baseline_exit
576011,2025-03-17 10:00:00,1909.19,1.0,1.1728515625,576011,275,575736,576594,-37415.57817728678,False,False,False,1909.19,31911.742698220085,-5503.835479066692,575736,865521.3812524028,1898.630198,riskoff_activate,576012,1909.63,-0.006358982687524928,2025-03-17 10:05:00,,2h_lower_wick_setup@2025-03-17 00:00:00+macd_bull_cross_2h,short,2h_wick_r75_v2p0_then_macd2h_12h,1910.3628515625,2025-03-17 10:00:00,-0.006129891791586006,until_baseline_exit,1000000000000,2h_wick_r75_v2p0_then_macd2h_12h_trailATR1p0_until_baseline_exit
576011,2025-03-17 10:00:00,1909.19,1.0,1.1728515625,576015,279,575736,576594,-37415.57817728678,False,False,False,1916.72,29391.619548240073,-8023.958629046706,575736,865521.3812524028,1898.630198,riskoff_stop,576016,1915.24,-0.00927066483029697,2025-03-17 10:25:00,saved_loser,,short,2h_wick_r75_v2p0_then_macd2h_12h,1910.3628515625,2025-03-17 10:20:00,-0.0100359677519815,until_baseline_exit,1000000000000,2h_wick_r75_v2p0_then_macd2h_12h_trailATR1p0_until_baseline_exit
598643,2025-06-04 00:00:00,2597.95,1.0,3.112147808074951,598643,8059,590584,599220,289292.0533968997,True,True,False,2597.95,97807.17918632261,387099.2325832223,590584,944609.0801622719,1839.897906,riskoff_activate,598644,2595.14,0.40979833955939066,2025-06-04 00:05:00,,2h_upper_wick_setup@2025-06-03 16:00:00+macd_bear_cross_2h,long,2h_wick_r75_v2p0_then_macd2h_12h,2594.837852191925,2025-06-04 00:00:00,0.4113252927619779,until_baseline_exit,1000000000000,2h_wick_r75_v2p0_then_macd2h_12h_trailATR1p0_until_baseline_exit
598643,2025-06-04 00:00:00,2601.63,1.0,3.112147808074951,598648,8064,590584,599220,289292.0533968997,True,True,False,2595.15,97453.0019751123,386745.055372012,590584,944609.0801622719,1839.897906,riskoff_stop,598649,2594.45,0.4094233937551967,2025-06-04 00:30:00,improved_winner,,long,2h_wick_r75_v2p0_then_macd2h_12h,2598.517852191925,2025-06-04 00:25:00,0.4098037735565531,until_baseline_exit,1000000000000,2h_wick_r75_v2p0_then_macd2h_12h_trailATR1p0_until_baseline_exit
600131,2025-06-09 04:00:00,2497.97,1.0,3.562168598175049,600131,353,599778,603796,-107642.76290987968,False,False,True,2497.97,87192.6272369996,-20450.135672880082,599778,1197655.7641903139,2537.7074399999997,riskoff_activate,600132,2495.89,-0.017075136516130397,2025-06-09 04:05:00,,2h_upper_wick_setup@2025-06-08 22:00:00+macd_bear_cross_2h,long,2h_wick_r75_v2p0_then_macd2h_12h,2494.4078314018248,2025-06-09 04:00:00,-0.016255663015276412,until_baseline_exit,1000000000000,2h_wick_r75_v2p0_then_macd2h_12h_trailATR1p0_until_baseline_exit
600131,2025-06-09 04:00:00,2497.97,1.0,3.562168598175049,600135,357,599778,603796,-107642.76290987968,False,False,True,2493.23,85937.50730880196,-21705.255601077715,599778,1197655.7641903139,2537.7074399999997,riskoff_stop,600136,2493.23,-0.01812311705087626,2025-06-09 04:25:00,saved_loser,,long,2h_wick_r75_v2p0_then_macd2h_12h,2494.4078314018248,2025-06-09 04:20:00,-0.01812311705087626,until_baseline_exit,1000000000000,2h_wick_r75_v2p0_then_macd2h_12h_trailATR1p0_until_baseline_exit
604139,2025-06-23 02:00:00,2242.08,1.0,3.9735629558563232,604139,343,603796,604284,460.46536167361774,False,True,False,2244.38,32480.98308291508,32941.4484445887,603796,1090013.0012804342,2310.547798,riskoff_activate,604140,2241.45,0.03022115186322778,2025-06-23 02:05:00,,2h_lower_wick_setup@2025-06-22 22:00:00+macd_bull_cross_2h,short,2h_wick_r75_v2p0_then_macd2h_12h,2246.0535629558563,2025-06-23 02:00:00,0.02887569344042946,until_baseline_exit,1000000000000,2h_wick_r75_v2p0_then_macd2h_12h_trailATR1p0_until_baseline_exit
604139,2025-06-23 02:00:00,2237.59,1.0,3.9735629558563232,604142,346,603796,604284,460.46536167361774,False,True,False,2242.49,32045.11768645682,32505.583048130437,603796,1090013.0012804342,2310.547798,riskoff_stop,604143,2242.32,0.029821280122297854,2025-06-23 02:20:00,improved_winner,,short,2h_wick_r75_v2p0_then_macd2h_12h,2241.5635629558565,2025-06-23 02:15:00,0.0297431805019563,until_baseline_exit,1000000000000,2h_wick_r75_v2p0_then_macd2h_12h_trailATR1p0_until_baseline_exit
620555,2025-08-19 02:00:00,4302.96,1.0,16.021484375,620555,12534,608021,631188,687933.1530731542,True,True,False,4298.91,59334.605915082735,747267.7589882369,608021,1076325.9707512835,2535.617022,riskoff_activate,620556,4297.91,0.6942764360379026,2025-08-19 02:05:00,,2h_upper_wick_setup@2025-08-18 14:00:00+macd_bear_cross_2h,long,2h_wick_r75_v2p0_then_macd2h_12h,4286.938515625,2025-08-19 02:00:00,0.6946707384863109,until_baseline_exit,1000000000000,2h_wick_r75_v2p0_then_macd2h_12h_trailATR1p0_until_baseline_exit
620555,2025-08-19 02:00:00,4304.9,1.0,16.021484375,620567,12546,608021,631188,687933.1530731542,True,True,False,4283.22,52442.38295450993,740375.5360276641,608021,1076325.9707512835,2535.617022,riskoff_stop,620568,4281.67,0.6878729642757542,2025-08-19 03:05:00,improved_winner,,long,2h_wick_r75_v2p0_then_macd2h_12h,4288.878515625,2025-08-19 03:00:00,0.6884841330707872,until_baseline_exit,1000000000000,2h_wick_r75_v2p0_then_macd2h_12h_trailATR1p0_until_baseline_exit
643115,2025-11-05 10:00:00,3302.38,1.0,5.281424522399902,643115,407,642708,649044,291923.0081585888,True,True,False,3306.61,-142842.21965676098,149080.7885018278,642708,1625512.5194473632,3602.5093540000003,riskoff_activate,643116,3298.0,0.09171309769580356,2025-11-05 10:05:00,,2h_lower_wick_setup@2025-11-04 22:00:00+macd_bull_cross_2h,short,2h_wick_r75_v2p0_then_macd2h_12h,3307.6614245224,2025-11-05 10:00:00,0.08886937141082858,until_baseline_exit,1000000000000,2h_wick_r75_v2p0_then_macd2h_12h_trailATR1p0_until_baseline_exit
643115,2025-11-05 10:00:00,3290.0,1.0,5.281424522399902,643118,410,642708,649044,291923.0081585888,True,True,False,3297.99,-138487.6543165976,153435.3538419912,642708,1625512.5194473632,3602.5093540000003,riskoff_stop,643119,3289.93,0.09439198530083033,2025-11-05 10:20:00,missed_winner,,short,2h_wick_r75_v2p0_then_macd2h_12h,3295.2814245224,2025-11-05 10:15:00,0.09171640914640751,until_baseline_exit,1000000000000,2h_wick_r75_v2p0_then_macd2h_12h_trailATR1p0_until_baseline_exit
664595,2026-01-19 00:00:00,3284.42,1.0,15.457188606262207,664595,116,664479,664944,-132394.75720662205,False,False,True,3240.79,60281.1994019719,-72113.55780465015,664479,2497793.0439409595,3341.928252,riskoff_activate,664596,3247.43,-0.028870909853632654,2026-01-19 00:05:00,,2h_upper_wick_setup@2026-01-18 20:00:00+macd_bear_cross_2h,long,2h_wick_r75_v2p0_then_macd2h_12h,3268.962811393738,2026-01-19 00:00:00,-0.030857389364683564,until_baseline_exit,1000000000000,2h_wick_r75_v2p0_then_macd2h_12h_trailATR1p0_until_baseline_exit
664595,2026-01-19 00:00:00,3284.42,1.0,15.457188606262207,664596,117,664479,664944,-132394.75720662205,False,False,True,3254.88,51792.31159404383,-80602.44561257822,664479,2497793.0439409595,3341.928252,riskoff_stop,664597,3236.07,-0.03226946516169553,2026-01-19 00:10:00,saved_loser,,long,2h_wick_r75_v2p0_then_macd2h_12h,3268.962811393738,2026-01-19 00:05:00,-0.02664210377572167,until_baseline_exit,1000000000000,2h_wick_r75_v2p0_then_macd2h_12h_trailATR1p0_until_baseline_exit
686699,2026-04-05 18:00:00,2059.52,1.0,2.232177734375,686699,1053,685646,686759,-10664.777364131529,False,False,False,2061.13,47991.76685050752,37326.98948637599,685646,3967975.860895373,2081.13369,riskoff_activate,686700,2060.51,0.009407060626108034,2026-04-05 18:05:00,,2h_lower_wick_setup@2026-04-05 14:00:00+macd_bull_cross_2h,short,2h_wick_r75_v2p0_then_macd2h_12h,2061.752177734375,2026-04-05 18:00:00,0.0091033047360924,until_baseline_exit,1000000000000,2h_wick_r75_v2p0_then_macd2h_12h_trailATR1p0_until_baseline_exit
686699,2026-04-05 18:00:00,2058.17,1.0,2.232177734375,686705,1059,685646,686759,-10664.777364131529,False,False,False,2062.0,44048.09216653911,33383.31480240758,685646,3967975.860895373,2081.13369,riskoff_stop,686706,2062.54,0.008413184951905085,2026-04-05 18:35:00,saved_loser,,short,2h_wick_r75_v2p0_then_macd2h_12h,2060.402177734375,2026-04-05 18:30:00,0.008677374631766056,until_baseline_exit,1000000000000,2h_wick_r75_v2p0_then_macd2h_12h_trailATR1p0_until_baseline_exit
695579,2026-05-06 14:00:00,2369.93,1.0,7.092110633850098,695579,1568,694011,695708,72878.66758759832,False,True,False,2359.1,37305.810341454984,110184.4779290533,694011,3483172.7436989513,2287.00731,riskoff_activate,695580,2360.74,0.031633365909967195,2026-05-06 14:05:00,,2h_upper_wick_setup@2026-05-06 12:00:00+macd_bear_cross_2h,long,2h_wick_r75_v2p0_then_macd2h_12h,2362.8378893661497,2026-05-06 14:00:00,0.030916414987759832,until_baseline_exit,1000000000000,2h_wick_r75_v2p0_then_macd2h_12h_trailATR1p0_until_baseline_exit
695579,2026-05-06 14:00:00,2369.93,1.0,7.092110633850098,695580,1569,694011,695708,72878.66758759832,False,True,False,2357.71,33544.68725628224,106423.35484388056,694011,3483172.7436989513,2287.00731,riskoff_stop,695581,2358.27,0.030553567874691278,2026-05-06 14:10:00,improved_winner,,long,2h_wick_r75_v2p0_then_macd2h_12h,2362.8378893661497,2026-05-06 14:05:00,0.030308755364669215,until_baseline_exit,1000000000000,2h_wick_r75_v2p0_then_macd2h_12h_trailATR1p0_until_baseline_exit
704459,2026-06-06 10:00:00,1559.71,1.0,4.477146625518799,704459,1676,702783,704704,687331.854913211,True,True,False,1559.83,299329.17919951316,986661.0341127241,702783,3479386.7056611497,2006.018716,riskoff_activate,704460,1562.04,0.28357326091617624,2026-06-06 10:05:00,,2h_lower_wick_setup@2026-06-06 06:00:00+macd_bull_cross_2h,short,2h_wick_r75_v2p0_then_macd2h_12h,1564.1871466255188,2026-06-06 10:00:00,0.2853924212776417,until_baseline_exit,1000000000000,2h_wick_r75_v2p0_then_macd2h_12h_trailATR1p0_until_baseline_exit
704459,2026-06-06 10:00:00,1553.06,1.0,4.477146625518799,704463,1680,702783,704704,687331.854913211,True,True,False,1559.16,308126.67963119526,995458.5345444062,702783,3479386.7056611497,2006.018716,riskoff_stop,704464,1558.97,0.2861017238827583,2026-06-06 10:25:00,improved_winner,,short,2h_wick_r75_v2p0_then_macd2h_12h,1557.5371466255187,2026-06-06 10:20:00,0.2859449501536108,until_baseline_exit,1000000000000,2h_wick_r75_v2p0_then_macd2h_12h_trailATR1p0_until_baseline_exit
13430,2019-11-09 04:00:00,184.47,1.0,0.1414293497800827,13430,559,12871,13737,47.644783237674346,False,True,False,184.47,151.84193574254016,199.4867189802145,12871,10357.93852436861,188.04238400000003,riskoff_activate,13431,184.38,0.019259307101590916,2019-11-09 04:05:00,,2h_lower_wick_setup@2019-11-08 16:00:00+macd_bull_cross_2h,short,2h_wick_r75_v2p0_then_macd2h_12h,184.61142934978008,2019-11-09 04:00:00,0.018761831427285446,24h,13718,2h_wick_r75_v2p0_then_macd2h_12h_trailATR1p0_24h
13430,2019-11-09 04:00:00,184.24,1.0,0.1414293497800827,13440,569,12871,13737,47.644783237674346,False,True,False,184.44,148.4061620214082,196.05094525908254,12871,10357.93852436861,188.04238400000003,riskoff_stop,13441,184.44,0.01892760270760858,2019-11-09 04:55:00,improved_winner,,short,2h_wick_r75_v2p0_then_macd2h_12h,184.3814293497801,2019-11-09 04:50:00,0.01892760270760858,24h,13718,2h_wick_r75_v2p0_then_macd2h_12h_trailATR1p0_24h
68498,2020-05-18 18:00:00,211.95,1.0,0.36785778403282166,68498,7506,60992,95701,15339.936809933251,False,True,False,211.95,-12719.305762346165,2620.6310475870864,60992,12480.274820306213,175.075008,riskoff_activate,68499,211.95,0.2099818381661877,2020-05-18 18:05:00,,2h_upper_wick_setup@2020-05-18 06:00:00+macd_bear_cross_2h,long,2h_wick_r75_v2p0_then_macd2h_12h,211.58214221596717,2020-05-18 18:00:00,0.2099818381661877,24h,68786,2h_wick_r75_v2p0_then_macd2h_12h_trailATR1p0_24h
68498,2020-05-18 18:00:00,212.71,1.0,0.36785778403282166,68503,7511,60992,95701,15339.936809933251,False,True,False,212.28,-12695.786317511624,2644.1504924216274,60992,12480.274820306213,175.075008,riskoff_stop,68504,212.28,0.2118663675674372,2020-05-18 18:30:00,missed_winner,,long,2h_wick_r75_v2p0_then_macd2h_12h,212.3421422159672,2020-05-18 18:25:00,0.2118663675674372,24h,68786,2h_wick_r75_v2p0_then_macd2h_12h_trailATR1p0_24h
161236,2021-04-06 14:00:00,2101.01,1.0,7.064243793487549,161236,10247,150989,172818,71695.46912793306,False,True,False,2095.03,-51645.423994414115,20050.04513351894,150989,60973.78059792272,1576.9353239999998,riskoff_activate,161237,2096.53,0.3288306045140001,2021-04-06 14:05:00,,2h_upper_wick_setup@2021-04-06 02:00:00+macd_bear_cross_2h,long,2h_wick_r75_v2p0_then_macd2h_12h,2093.9457562065127,2021-04-06 14:00:00,0.3278795826317608,24h,161524,2h_wick_r75_v2p0_then_macd2h_12h_trailATR1p0_24h
161236,2021-04-06 14:00:00,2101.01,1.0,7.064243793487549,161237,10248,150989,172818,71695.46912793306,False,True,False,2090.79,-51936.52074036337,19758.948387569693,150989,60973.78059792272,1576.9353239999998,riskoff_stop,161238,2089.0,0.3240564746651588,2021-04-06 14:10:00,missed_winner,,long,2h_wick_r75_v2p0_then_macd2h_12h,2093.9457562065127,2021-04-06 14:05:00,0.32519136077796434,24h,161524,2h_wick_r75_v2p0_then_macd2h_12h_trailATR1p0_24h
204439,2021-09-03 22:00:00,3936.96,1.0,8.781389236450195,204439,11783,192656,209936,34274.426910554714,False,True,False,3922.31,33651.26387660124,67925.69078715595,192656,85352.12260900838,2182.9765079999997,riskoff_activate,204440,3921.91,0.7958289578610529,2021-09-03 22:05:00,,2h_upper_wick_setup@2021-09-03 16:00:00+macd_bear_cross_2h,long,2h_wick_r75_v2p0_then_macd2h_12h,3928.17861076355,2021-09-03 22:00:00,0.7960121572672465,24h,204727,2h_wick_r75_v2p0_then_macd2h_12h_trailATR1p0_24h
204439,2021-09-03 22:00:00,3936.96,1.0,8.781389236450195,204440,11784,192656,209936,34274.426910554714,False,True,False,3916.62,33345.962030649884,67620.3889412046,192656,85352.12260900838,2182.9765079999997,riskoff_stop,204441,3914.1,0.7922519894551245,2021-09-03 22:10:00,improved_winner,,long,2h_wick_r75_v2p0_then_macd2h_12h,3928.17861076355,2021-09-03 22:05:00,0.7934061457141437,24h,204727,2h_wick_r75_v2p0_then_macd2h_12h_trailATR1p0_24h
216751,2021-10-16 16:00:00,3907.94,1.0,8.450700759887695,216751,4223,212528,231248,31590.289119135792,False,True,False,3901.96,-10132.573586957918,21457.715532177874,212528,119626.5495195631,3305.06088,riskoff_activate,216752,3900.0,0.1793725190466084,2021-10-16 16:05:00,,2h_upper_wick_setup@2021-10-16 04:00:00+macd_bear_cross_2h,long,2h_wick_r75_v2p0_then_macd2h_12h,3899.4892992401124,2021-10-16 16:00:00,0.17996543036387264,24h,217039,2h_wick_r75_v2p0_then_macd2h_12h_trailATR1p0_24h
216751,2021-10-16 16:00:00,3912.88,1.0,8.450700759887695,216755,4227,212528,231248,31590.289119135792,False,True,False,3898.97,-10236.070471783733,21354.21864735206,212528,119626.5495195631,3305.06088,riskoff_stop,216756,3897.14,0.17850735253264077,2021-10-16 16:25:00,missed_winner,,long,2h_wick_r75_v2p0_then_macd2h_12h,3904.4292992401124,2021-10-16 16:20:00,0.1790609380992702,24h,217039,2h_wick_r75_v2p0_then_macd2h_12h_trailATR1p0_24h
240727,2022-01-07 22:00:00,3208.27,1.0,8.070661544799805,240727,263,240464,246224,39124.28035168933,False,True,False,3210.49,-30560.69769155641,8563.582660132926,240464,141573.94269847884,3406.5785480000004,riskoff_activate,240728,3210.42,0.06048840978012078,2022-01-07 22:05:00,,2h_lower_wick_setup@2022-01-07 20:00:00+macd_bull_cross_2h,short,2h_wick_r75_v2p0_then_macd2h_12h,3216.3406615448,2022-01-07 22:00:00,0.060465278672818104,24h,241015,2h_wick_r75_v2p0_then_macd2h_12h_trailATR1p0_24h
240727,2022-01-07 22:00:00,3166.42,1.0,8.070661544799805,240738,274,240464,246224,39124.28035168933,False,True,False,3174.82,-29109.628584526043,10014.65176716329,240464,141573.94269847884,3406.5785480000004,riskoff_stop,240739,3179.7,0.07073795909246013,2022-01-07 23:00:00,missed_winner,,short,2h_wick_r75_v2p0_then_macd2h_12h,3174.4906615448,2022-01-07 22:55:00,0.07238439991126895,24h,241015,2h_wick_r75_v2p0_then_macd2h_12h_trailATR1p0_24h
275953,2022-05-10 06:00:00,2397.99,1.0,14.20068359375,275953,1852,274101,277466,25933.17423582128,False,True,False,2399.12,-10016.653568091215,15916.520667730065,274101,106511.8223611937,2762.4773940000005,riskoff_activate,275954,2402.02,0.14943430987177492,2022-05-10 06:05:00,,2h_lower_wick_setup@2022-05-09 20:00:00+macd_bull_cross_2h,short,2h_wick_r75_v2p0_then_macd2h_12h,2412.19068359375,2022-05-10 06:00:00,0.15082420262354573,24h,276241,2h_wick_r75_v2p0_then_macd2h_12h_trailATR1p0_24h
275953,2022-05-10 06:00:00,2394.45,1.0,14.20068359375,275955,1854,274101,277466,25933.17423582128,False,True,False,2420.06,-10707.680421294199,15225.49381452708,274101,106511.8223611937,2762.4773940000005,riskoff_stop,275956,2415.65,0.1429465150159172,2022-05-10 06:15:00,missed_winner,,short,2h_wick_r75_v2p0_then_macd2h_12h,2408.65068359375,2022-05-10 06:10:00,0.14086303025470487,24h,276241,2h_wick_r75_v2p0_then_macd2h_12h_trailATR1p0_24h
301417,2022-08-06 16:00:00,1713.71,1.0,2.204310894012451,301417,908,300509,302229,4914.057706488122,False,True,False,1713.71,634.1034511999987,5548.1611576881205,300509,283445.61538385117,1681.2261780000001,riskoff_activate,301418,1715.15,0.019573988294631483,2022-08-06 16:05:00,,2h_upper_wick_setup@2022-08-06 12:00:00+macd_bear_cross_2h,long,2h_wick_r75_v2p0_then_macd2h_12h,1711.5056891059876,2022-08-06 16:00:00,0.018717641885778357,24h,301705,2h_wick_r75_v2p0_then_macd2h_12h_trailATR1p0_24h
301417,2022-08-06 16:00:00,1720.1,1.0,2.204310894012451,301421,912,300509,302229,4914.057706488122,False,True,False,1716.37,983.0244262812212,5897.082132769343,300509,283445.61538385117,1681.2261780000001,riskoff_stop,301422,1717.22,0.020804986257357782,2022-08-06 16:25:00,improved_winner,,long,2h_wick_r75_v2p0_then_macd2h_12h,1717.8956891059875,2022-08-06 16:20:00,0.02029950400213183,24h,301705,2h_wick_r75_v2p0_then_macd2h_12h_trailATR1p0_24h
316081,2022-09-26 14:00:00,1323.09,1.0,5.7835869789123535,316081,292,315789,316243,-17402.501966663054,False,False,False,1323.81,12845.568638362856,-4556.933328300197,315789,272074.2670847722,1303.549238,riskoff_activate,316082,1324.95,-0.016748858233183662,2022-09-26 14:05:00,,2h_lower_wick_setup@2022-09-26 08:00:00+macd_bull_cross_2h,short,2h_wick_r75_v2p0_then_macd2h_12h,1328.8735869789123,2022-09-26 14:00:00,-0.015901786295659238,24h,316369,2h_wick_r75_v2p0_then_macd2h_12h_trailATR1p0_24h
316081,2022-09-26 14:00:00,1321.28,1.0,5.7835869789123535,316084,295,315789,316243,-17402.501966663054,False,False,False,1331.23,11481.051803308099,-5921.450163354956,315789,272074.2670847722,1303.549238,riskoff_stop,316085,1331.74,-0.021764094880424568,2022-09-26 14:20:00,saved_loser,,short,2h_wick_r75_v2p0_then_macd2h_12h,1327.0635869789123,2022-09-26 14:15:00,-0.021389175210937795,24h,316369,2h_wick_r75_v2p0_then_macd2h_12h_trailATR1p0_24h
331897,2022-11-20 12:00:00,1166.88,1.0,6.4350152015686035,331897,167,331730,332258,-29656.570866496942,False,False,False,1165.46,16352.027004841202,-13304.54386165574,331730,307221.43300432607,1217.463444,riskoff_activate,331898,1165.46,-0.0433060406350894,2022-11-20 12:05:00,,2h_upper_wick_setup@2022-11-20 00:00:00+macd_bear_cross_2h,long,2h_wick_r75_v2p0_then_macd2h_12h,1160.4449847984315,2022-11-20 12:00:00,-0.0433060406350894,24h,332185,2h_wick_r75_v2p0_then_macd2h_12h_trailATR1p0_24h
331897,2022-11-20 12:00:00,1178.95,1.0,6.4350152015686035,331913,183,331730,332258,-29656.570866496942,False,False,False,1172.47,17777.493982768035,-11879.076883728905,331730,307221.43300432607,1217.463444,riskoff_stop,331914,1171.11,-0.03866617236812912,2022-11-20 13:25:00,saved_loser,,long,2h_wick_r75_v2p0_then_macd2h_12h,1172.5149847984314,2022-11-20 13:20:00,-0.0375493191215686,24h,332185,2h_wick_r75_v2p0_then_macd2h_12h_trailATR1p0_24h
336289,2022-12-05 18:00:00,1264.23,1.0,1.5685774087905884,336289,209,336080,336736,-11670.57038575114,False,False,False,1264.23,6803.857055140891,-4866.713330610249,336080,253752.9235690923,1288.167582,riskoff_activate,336290,1264.23,-0.019178944865575632,2022-12-05 18:05:00,,2h_upper_wick_setup@2022-12-05 10:00:00+macd_bear_cross_2h,long,2h_wick_r75_v2p0_then_macd2h_12h,1262.6614225912094,2022-12-05 18:00:00,-0.019178944865575632,24h,336577,2h_wick_r75_v2p0_then_macd2h_12h_trailATR1p0_24h
336289,2022-12-05 18:00:00,1269.84,1.0,1.5685774087905884,336294,214,336080,336736,-11670.57038575114,False,False,False,1267.79,7583.771577953441,-4086.7988077976984,336080,253752.9235690923,1288.167582,riskoff_stop,336295,1268.19,-0.0161054255072846,2022-12-05 18:30:00,saved_loser,,long,2h_wick_r75_v2p0_then_macd2h_12h,1268.2714225912093,2022-12-05 18:25:00,-0.016415882008122096,24h,336577,2h_wick_r75_v2p0_then_macd2h_12h_trailATR1p0_24h
342169,2022-12-26 04:00:00,1221.11,1.0,0.6878400444984436,342169,1025,341144,342408,-6735.155373960268,False,False,False,1222.44,1658.0081701903864,-5077.147203769881,341144,262288.96855015616,1199.290094,riskoff_activate,342170,1222.22,-0.01935707487750864,2022-12-26 04:05:00,,2h_lower_wick_setup@2022-12-25 20:00:00+macd_bull_cross_2h,short,2h_wick_r75_v2p0_then_macd2h_12h,1221.7978400444983,2022-12-26 04:00:00,-0.019533631144914066,24h,342457,2h_wick_r75_v2p0_then_macd2h_12h_trailATR1p0_24h
342169,2022-12-26 04:00:00,1221.11,1.0,0.6878400444984436,342170,1026,341144,342408,-6735.155373960268,False,False,False,1222.08,1681.1688030816495,-5053.986570878618,341144,262288.96855015616,1199.290094,riskoff_stop,342171,1222.11,-0.019268772906521115,2022-12-26 04:10:00,saved_loser,,short,2h_wick_r75_v2p0_then_macd2h_12h,1221.7978400444983,2022-12-26 04:05:00,-0.01924468779195192,24h,342457,2h_wick_r75_v2p0_then_macd2h_12h_trailATR1p0_24h
363611,2023-03-10 22:00:00,1420.47,1.0,4.908604145050049,363611,551,363060,364212,-8797.535740603402,False,False,False,1428.24,29914.588116656796,21117.052376053394,363060,291837.41167166334,1532.313476,riskoff_activate,363612,1428.1,0.07235896266723847,2023-03-10 22:05:00,,2h_lower_wick_setup@2023-03-10 16:00:00+macd_bull_cross_2h,short,2h_wick_r75_v2p0_then_macd2h_12h,1425.37860414505,2023-03-10 22:00:00,0.07225380789298926,24h,363899,2h_wick_r75_v2p0_then_macd2h_12h_trailATR1p0_24h
363611,2023-03-10 22:00:00,1420.47,1.0,4.908604145050049,363613,553,363060,364212,-8797.535740603402,False,False,False,1425.91,30292.104951091642,21494.56921048824,363060,291837.41167166334,1532.313476,riskoff_stop,363614,1426.38,0.07365254881944701,2023-03-10 22:15:00,saved_loser,,short,2h_wick_r75_v2p0_then_macd2h_12h,1425.37860414505,2023-03-10 22:10:00,0.07400657165254661,24h,363899,2h_wick_r75_v2p0_then_macd2h_12h_trailATR1p0_24h
415019,2023-09-05 10:00:00,1632.52,1.0,1.7135881185531616,415019,5303,409716,415082,8149.520137668995,False,True,False,1632.52,1713.637997659942,9863.158135328937,409716,300728.3907692612,1687.652402,riskoff_activate,415020,1633.1,0.03279756231228799,2023-09-05 10:05:00,,2h_lower_wick_setup@2023-09-05 08:00:00+macd_bull_cross_2h,short,2h_wick_r75_v2p0_then_macd2h_12h,1634.2335881185531,2023-09-05 10:00:00,0.03316463566277768,24h,415307,2h_wick_r75_v2p0_then_macd2h_12h_trailATR1p0_24h
415019,2023-09-05 10:00:00,1632.16,1.0,1.7135881185531616,415022,5306,409716,415082,8149.520137668995,False,True,False,1634.82,1411.4205582586674,9560.940695927662,409716,300728.3907692612,1687.652402,riskoff_stop,415023,1634.69,0.03179261083887304,2023-09-05 10:20:00,improved_winner,,short,2h_wick_r75_v2p0_then_macd2h_12h,1633.8735881185532,2023-09-05 10:15:00,0.03171053144211462,24h,415307,2h_wick_r75_v2p0_then_macd2h_12h_trailATR1p0_24h
418091,2023-09-16 02:00:00,1643.97,1.0,0.8400006890296936,418091,136,417955,418770,-6440.238004408369,False,False,False,1644.51,412.72693728869854,-6027.511067119671,417955,302552.20376243937,1614.2970759999998,riskoff_activate,418092,1646.11,-0.019922218354926958,2023-09-16 02:05:00,,2h_lower_wick_setup@2023-09-15 16:00:00+macd_bull_cross_2h,short,2h_wick_r75_v2p0_then_macd2h_12h,1644.8100006890297,2023-09-16 02:00:00,-0.01896827800148908,24h,418379,2h_wick_r75_v2p0_then_macd2h_12h_trailATR1p0_24h
418091,2023-09-16 02:00:00,1643.97,1.0,0.8400006890296936,418092,137,417955,418770,-6440.238004408369,False,False,False,1646.11,302.8394729462925,-6137.398531462077,417955,302552.20376243937,1614.2970759999998,riskoff_stop,418093,1646.72,-0.020285420020543277,2023-09-16 02:10:00,saved_loser,,short,2h_wick_r75_v2p0_then_macd2h_12h,1644.8100006890297,2023-09-16 02:05:00,-0.019922218354926958,24h,418379,2h_wick_r75_v2p0_then_macd2h_12h_trailATR1p0_24h
421163,2023-09-26 18:00:00,1585.62,1.0,1.2921491861343384,421163,680,420483,422900,10642.110482847143,False,True,False,1585.62,-12434.204182201085,-1792.093699353941,420483,296051.4553172785,1594.838904,riskoff_activate,421164,1586.14,-0.006053318324118195,2023-09-26 18:05:00,,2h_upper_wick_setup@2023-09-26 18:00:00+macd_bear_cross_2h,long,2h_wick_r75_v2p0_then_macd2h_12h,1584.3278508138656,2023-09-26 18:00:00,-0.006379304853977907,24h,421451,2h_wick_r75_v2p0_then_macd2h_12h_trailATR1p0_24h
421163,2023-09-26 18:00:00,1586.65,1.0,1.2921491861343384,421165,682,420483,422900,10642.110482847143,False,True,False,1585.23,-12603.094558713914,-1960.9840758667704,420483,296051.4553172785,1594.838904,riskoff_stop,421166,1585.23,-0.006623794751372469,2023-09-26 18:15:00,missed_winner,,long,2h_wick_r75_v2p0_then_macd2h_12h,1585.3578508138658,2023-09-26 18:10:00,-0.006623794751372469,24h,421451,2h_wick_r75_v2p0_then_macd2h_12h_trailATR1p0_24h
435851,2023-11-16 18:00:00,1999.64,1.0,3.434291362762451,435851,7963,427888,455796,131352.1926257087,True,True,False,1996.73,-47852.21252206474,83499.98010364396,427888,316518.9765515525,1577.495436,riskoff_activate,435852,1994.68,0.2638071846856362,2023-11-16 18:05:00,,2h_upper_wick_setup@2023-11-16 12:00:00+macd_bear_cross_2h,long,2h_wick_r75_v2p0_then_macd2h_12h,1996.2057086372376,2023-11-16 18:00:00,0.2651064531039317,24h,436139,2h_wick_r75_v2p0_then_macd2h_12h_trailATR1p0_24h
435851,2023-11-16 18:00:00,1999.99,1.0,3.434291362762451,435854,7966,427888,455796,131352.1926257087,True,True,False,1989.58,-48875.305137248,82476.8874884607,427888,316518.9765515525,1577.495436,riskoff_stop,435855,1989.58,0.26057485837670596,2023-11-16 18:20:00,missed_winner,,long,2h_wick_r75_v2p0_then_macd2h_12h,1996.5557086372376,2023-11-16 18:15:00,0.26057485837670596,24h,436139,2h_wick_r75_v2p0_then_macd2h_12h_trailATR1p0_24h
462011,2024-02-15 14:00:00,2810.22,1.0,6.6843085289001465,462011,2471,459540,476244,176532.66314368136,True,True,False,2801.88,-97290.098935369,79242.56420831237,459540,445268.2568183524,2377.7754600000003,riskoff_activate,462012,2802.45,0.1779658958276908,2024-02-15 14:05:00,,2h_upper_wick_setup@2024-02-15 02:00:00+macd_bear_cross_2h,long,2h_wick_r75_v2p0_then_macd2h_12h,2803.5356914710997,2024-02-15 14:00:00,0.17772622391182374,24h,462299,2h_wick_r75_v2p0_then_macd2h_12h_trailATR1p0_24h
462011,2024-02-15 14:00:00,2810.22,1.0,6.6843085289001465,462012,2472,459540,476244,176532.66314368136,True,True,False,2803.35,-96573.02687502836,79959.636268653,459540,445268.2568183524,2377.7754600000003,riskoff_stop,462013,2806.28,0.17957632291149966,2024-02-15 14:10:00,missed_winner,,long,2h_wick_r75_v2p0_then_macd2h_12h,2803.5356914710997,2024-02-15 14:05:00,0.17834432516853366,24h,462299,2h_wick_r75_v2p0_then_macd2h_12h_trailATR1p0_24h
517115,2024-08-24 22:00:00,2755.62,1.0,10.035731315612793,517115,489,516626,517456,14924.732541245874,False,True,False,2751.92,2716.701126123622,17641.433667369496,516626,499522.0293162314,2653.100514,riskoff_activate,517116,2748.41,0.03531662796036823,2024-08-24 22:05:00,,2h_upper_wick_setup@2024-08-24 18:00:00+macd_bear_cross_2h,long,2h_wick_r75_v2p0_then_macd2h_12h,2745.584268684387,2024-08-24 22:00:00,0.03663934377210705,24h,517403,2h_wick_r75_v2p0_then_macd2h_12h_trailATR1p0_24h
517115,2024-08-24 22:00:00,2755.62,1.0,10.035731315612793,517117,491,516626,517456,14924.732541245874,False,True,False,2745.17,2464.4582714528733,17389.190812698747,516626,499522.0293162314,2653.100514,riskoff_stop,517118,2747.07,0.03481165953081562,2024-08-24 22:15:00,improved_winner,,long,2h_wick_r75_v2p0_then_macd2h_12h,2745.584268684387,2024-08-24 22:10:00,0.034095659518763324,24h,517403,2h_wick_r75_v2p0_then_macd2h_12h_trailATR1p0_24h
526451,2024-09-26 08:00:00,2630.46,1.0,2.4628732204437256,526451,984,525467,526527,-19009.319452990196,False,False,False,2630.46,1878.898774888592,-17130.420678101604,525467,547121.1117230637,2549.4100160000003,riskoff_activate,526452,2630.2,-0.031310107234122794,2024-09-26 08:05:00,,2h_lower_wick_setup@2024-09-26 00:00:00+macd_bull_cross_2h,short,2h_wick_r75_v2p0_then_macd2h_12h,2632.9228732204438,2024-09-26 08:00:00,-0.03140589404407994,24h,526739,2h_wick_r75_v2p0_then_macd2h_12h_trailATR1p0_24h
526451,2024-09-26 08:00:00,2622.96,1.0,2.4628732204437256,526456,989,525467,526527,-19009.319452990196,False,False,False,2626.05,2781.518862071365,-16227.80059091883,525467,547121.1117230637,2549.4100160000003,riskoff_stop,526457,2625.73,-0.02966034437934988,2024-09-26 08:30:00,saved_loser,,short,2h_wick_r75_v2p0_then_macd2h_12h,2625.4228732204438,2024-09-26 08:25:00,-0.029778634849751674,24h,526739,2h_wick_r75_v2p0_then_macd2h_12h_trailATR1p0_24h
529763,2024-10-07 20:00:00,2449.49,1.0,4.384242534637451,529763,913,528850,529800,3812.8622120580403,False,True,False,2449.49,8152.936481021015,11965.798693079056,528850,578513.1549921806,2396.22915,riskoff_activate,529764,2447.24,0.020683710629260953,2024-10-07 20:05:00,,2h_upper_wick_setup@2024-10-07 16:00:00+macd_bear_cross_2h,long,2h_wick_r75_v2p0_then_macd2h_12h,2445.1057574653623,2024-10-07 20:00:00,0.021622498140463752,24h,530051,2h_wick_r75_v2p0_then_macd2h_12h_trailATR1p0_24h
529763,2024-10-07 20:00:00,2449.49,1.0,4.384242534637451,529766,916,528850,529800,3812.8622120580403,False,True,False,2441.35,7204.3201987345965,11017.182410792637,528850,578513.1549921806,2396.22915,riskoff_stop,529767,2443.31,0.019043961776360207,2024-10-07 20:20:00,improved_winner,,long,2h_wick_r75_v2p0_then_macd2h_12h,2445.1057574653623,2024-10-07 20:15:00,0.01822617354437912,24h,530051,2h_wick_r75_v2p0_then_macd2h_12h_trailATR1p0_24h
537539,2024-11-03 20:00:00,2452.82,1.0,3.943603515625,537539,938,536601,538173,26850.177959806402,False,True,False,2453.56,8781.538128310094,35631.7160881165,536601,565873.9326787298,2609.557984,riskoff_activate,537540,2453.56,0.06296758700200829,2024-11-03 20:05:00,,2h_lower_wick_setup@2024-11-03 20:00:00+macd_bull_cross_2h,short,2h_wick_r75_v2p0_then_macd2h_12h,2456.763603515625,2024-11-03 20:00:00,0.06296758700200829,24h,537827,2h_wick_r75_v2p0_then_macd2h_12h_trailATR1p0_24h
537539,2024-11-03 20:00:00,2446.4,1.0,3.943603515625,537545,944,536601,538173,26850.177959806402,False,True,False,2457.57,7372.215099815156,34222.39305962156,536601,565873.9326787298,2609.557984,riskoff_stop,537546,2459.32,0.06047706226300238,2024-11-03 20:35:00,improved_winner,,short,2h_wick_r75_v2p0_then_macd2h_12h,2450.343603515625,2024-11-03 20:30:00,0.06123249745262478,24h,537827,2h_wick_r75_v2p0_then_macd2h_12h_trailATR1p0_24h
543347,2024-11-24 00:00:00,3399.05,1.0,9.747175216674805,543347,5174,538173,551988,223327.4877437217,True,True,False,3398.64,-7285.331519433792,216042.1562242879,538173,592610.9358520004,2485.7370479999995,riskoff_activate,543348,3393.61,0.3645598539515353,2024-11-24 00:05:00,,2h_upper_wick_setup@2024-11-23 20:00:00+macd_bear_cross_2h,long,2h_wick_r75_v2p0_then_macd2h_12h,3389.3028247833254,2024-11-24 00:00:00,0.36658299393090127,24h,543635,2h_wick_r75_v2p0_then_macd2h_12h_trailATR1p0_24h
543347,2024-11-24 00:00:00,3424.94,1.0,9.747175216674805,543354,5181,538173,551988,223327.4877437217,True,True,False,3410.0,-3378.663005247945,219948.82473847375,538173,592610.9358520004,2485.7370479999995,riskoff_stop,543355,3410.0,0.3711521530095491,2024-11-24 00:40:00,missed_winner,,long,2h_wick_r75_v2p0_then_macd2h_12h,3415.1928247833252,2024-11-24 00:35:00,0.3711521530095491,24h,543635,2h_wick_r75_v2p0_then_macd2h_12h_trailATR1p0_24h
565475,2025-02-08 20:00:00,2635.04,1.0,4.0821533203125,565475,1967,563508,566964,95432.27353813092,False,True,False,2635.04,26720.826017539366,122153.09955567028,563508,662593.8494577534,3119.955884,riskoff_activate,565476,2632.89,0.1843559212866776,2025-02-08 20:05:00,,2h_lower_wick_setup@2025-02-08 08:00:00+macd_bull_cross_2h,short,2h_wick_r75_v2p0_then_macd2h_12h,2639.1221533203125,2025-02-08 20:00:00,0.18338924706891752,24h,565763,2h_wick_r75_v2p0_then_macd2h_12h_trailATR1p0_24h
565475,2025-02-08 20:00:00,2629.04,1.0,4.0821533203125,565479,1971,563508,566964,95432.27353813092,False,True,False,2634.35,24665.96094174475,120098.23447987567,563508,662593.8494577534,3119.955884,riskoff_stop,565480,2639.8,0.18125467747423313,2025-02-08 20:25:00,improved_winner,,short,2h_wick_r75_v2p0_then_macd2h_12h,2633.1221533203125,2025-02-08 20:20:00,0.1836993101131134,24h,565763,2h_wick_r75_v2p0_then_macd2h_12h_trailATR1p0_24h
576011,2025-03-17 10:00:00,1909.19,1.0,1.1728515625,576011,275,575736,576594,-37415.57817728678,False,False,False,1909.19,31911.742698220085,-5503.835479066692,575736,865521.3812524028,1898.630198,riskoff_activate,576012,1909.63,-0.006358982687524928,2025-03-17 10:05:00,,2h_lower_wick_setup@2025-03-17 00:00:00+macd_bull_cross_2h,short,2h_wick_r75_v2p0_then_macd2h_12h,1910.3628515625,2025-03-17 10:00:00,-0.006129891791586006,24h,576299,2h_wick_r75_v2p0_then_macd2h_12h_trailATR1p0_24h
576011,2025-03-17 10:00:00,1909.19,1.0,1.1728515625,576015,279,575736,576594,-37415.57817728678,False,False,False,1916.72,29391.619548240073,-8023.958629046706,575736,865521.3812524028,1898.630198,riskoff_stop,576016,1915.24,-0.00927066483029697,2025-03-17 10:25:00,saved_loser,,short,2h_wick_r75_v2p0_then_macd2h_12h,1910.3628515625,2025-03-17 10:20:00,-0.0100359677519815,24h,576299,2h_wick_r75_v2p0_then_macd2h_12h_trailATR1p0_24h
598643,2025-06-04 00:00:00,2597.95,1.0,3.112147808074951,598643,8059,590584,599220,289292.0533968997,True,True,False,2597.95,97807.17918632261,387099.2325832223,590584,944609.0801622719,1839.897906,riskoff_activate,598644,2595.14,0.40979833955939066,2025-06-04 00:05:00,,2h_upper_wick_setup@2025-06-03 16:00:00+macd_bear_cross_2h,long,2h_wick_r75_v2p0_then_macd2h_12h,2594.837852191925,2025-06-04 00:00:00,0.4113252927619779,24h,598931,2h_wick_r75_v2p0_then_macd2h_12h_trailATR1p0_24h
598643,2025-06-04 00:00:00,2601.63,1.0,3.112147808074951,598648,8064,590584,599220,289292.0533968997,True,True,False,2595.15,97453.0019751123,386745.055372012,590584,944609.0801622719,1839.897906,riskoff_stop,598649,2594.45,0.4094233937551967,2025-06-04 00:30:00,improved_winner,,long,2h_wick_r75_v2p0_then_macd2h_12h,2598.517852191925,2025-06-04 00:25:00,0.4098037735565531,24h,598931,2h_wick_r75_v2p0_then_macd2h_12h_trailATR1p0_24h
600131,2025-06-09 04:00:00,2497.97,1.0,3.562168598175049,600131,353,599778,603796,-107642.76290987968,False,False,True,2497.97,87192.6272369996,-20450.135672880082,599778,1197655.7641903139,2537.7074399999997,riskoff_activate,600132,2495.89,-0.017075136516130397,2025-06-09 04:05:00,,2h_upper_wick_setup@2025-06-08 22:00:00+macd_bear_cross_2h,long,2h_wick_r75_v2p0_then_macd2h_12h,2494.4078314018248,2025-06-09 04:00:00,-0.016255663015276412,24h,600419,2h_wick_r75_v2p0_then_macd2h_12h_trailATR1p0_24h
600131,2025-06-09 04:00:00,2497.97,1.0,3.562168598175049,600135,357,599778,603796,-107642.76290987968,False,False,True,2493.23,85937.50730880196,-21705.255601077715,599778,1197655.7641903139,2537.7074399999997,riskoff_stop,600136,2493.23,-0.01812311705087626,2025-06-09 04:25:00,saved_loser,,long,2h_wick_r75_v2p0_then_macd2h_12h,2494.4078314018248,2025-06-09 04:20:00,-0.01812311705087626,24h,600419,2h_wick_r75_v2p0_then_macd2h_12h_trailATR1p0_24h
604139,2025-06-23 02:00:00,2242.08,1.0,3.9735629558563232,604139,343,603796,604284,460.46536167361774,False,True,False,2244.38,32480.98308291508,32941.4484445887,603796,1090013.0012804342,2310.547798,riskoff_activate,604140,2241.45,0.03022115186322778,2025-06-23 02:05:00,,2h_lower_wick_setup@2025-06-22 22:00:00+macd_bull_cross_2h,short,2h_wick_r75_v2p0_then_macd2h_12h,2246.0535629558563,2025-06-23 02:00:00,0.02887569344042946,24h,604427,2h_wick_r75_v2p0_then_macd2h_12h_trailATR1p0_24h
604139,2025-06-23 02:00:00,2237.59,1.0,3.9735629558563232,604142,346,603796,604284,460.46536167361774,False,True,False,2242.49,32045.11768645682,32505.583048130437,603796,1090013.0012804342,2310.547798,riskoff_stop,604143,2242.32,0.029821280122297854,2025-06-23 02:20:00,improved_winner,,short,2h_wick_r75_v2p0_then_macd2h_12h,2241.5635629558565,2025-06-23 02:15:00,0.0297431805019563,24h,604427,2h_wick_r75_v2p0_then_macd2h_12h_trailATR1p0_24h
620555,2025-08-19 02:00:00,4302.96,1.0,16.021484375,620555,12534,608021,631188,687933.1530731542,True,True,False,4298.91,59334.605915082735,747267.7589882369,608021,1076325.9707512835,2535.617022,riskoff_activate,620556,4297.91,0.6942764360379026,2025-08-19 02:05:00,,2h_upper_wick_setup@2025-08-18 14:00:00+macd_bear_cross_2h,long,2h_wick_r75_v2p0_then_macd2h_12h,4286.938515625,2025-08-19 02:00:00,0.6946707384863109,24h,620843,2h_wick_r75_v2p0_then_macd2h_12h_trailATR1p0_24h
620555,2025-08-19 02:00:00,4304.9,1.0,16.021484375,620567,12546,608021,631188,687933.1530731542,True,True,False,4283.22,52442.38295450993,740375.5360276641,608021,1076325.9707512835,2535.617022,riskoff_stop,620568,4281.67,0.6878729642757542,2025-08-19 03:05:00,improved_winner,,long,2h_wick_r75_v2p0_then_macd2h_12h,4288.878515625,2025-08-19 03:00:00,0.6884841330707872,24h,620843,2h_wick_r75_v2p0_then_macd2h_12h_trailATR1p0_24h
643115,2025-11-05 10:00:00,3302.38,1.0,5.281424522399902,643115,407,642708,649044,291923.0081585888,True,True,False,3306.61,-142842.21965676098,149080.7885018278,642708,1625512.5194473632,3602.5093540000003,riskoff_activate,643116,3298.0,0.09171309769580356,2025-11-05 10:05:00,,2h_lower_wick_setup@2025-11-04 22:00:00+macd_bull_cross_2h,short,2h_wick_r75_v2p0_then_macd2h_12h,3307.6614245224,2025-11-05 10:00:00,0.08886937141082858,24h,643403,2h_wick_r75_v2p0_then_macd2h_12h_trailATR1p0_24h
643115,2025-11-05 10:00:00,3290.0,1.0,5.281424522399902,643118,410,642708,649044,291923.0081585888,True,True,False,3297.99,-138487.6543165976,153435.3538419912,642708,1625512.5194473632,3602.5093540000003,riskoff_stop,643119,3289.93,0.09439198530083033,2025-11-05 10:20:00,missed_winner,,short,2h_wick_r75_v2p0_then_macd2h_12h,3295.2814245224,2025-11-05 10:15:00,0.09171640914640751,24h,643403,2h_wick_r75_v2p0_then_macd2h_12h_trailATR1p0_24h
664595,2026-01-19 00:00:00,3284.42,1.0,15.457188606262207,664595,116,664479,664944,-132394.75720662205,False,False,True,3240.79,60281.1994019719,-72113.55780465015,664479,2497793.0439409595,3341.928252,riskoff_activate,664596,3247.43,-0.028870909853632654,2026-01-19 00:05:00,,2h_upper_wick_setup@2026-01-18 20:00:00+macd_bear_cross_2h,long,2h_wick_r75_v2p0_then_macd2h_12h,3268.962811393738,2026-01-19 00:00:00,-0.030857389364683564,24h,664883,2h_wick_r75_v2p0_then_macd2h_12h_trailATR1p0_24h
664595,2026-01-19 00:00:00,3284.42,1.0,15.457188606262207,664596,117,664479,664944,-132394.75720662205,False,False,True,3254.88,51792.31159404383,-80602.44561257822,664479,2497793.0439409595,3341.928252,riskoff_stop,664597,3236.07,-0.03226946516169553,2026-01-19 00:10:00,saved_loser,,long,2h_wick_r75_v2p0_then_macd2h_12h,3268.962811393738,2026-01-19 00:05:00,-0.02664210377572167,24h,664883,2h_wick_r75_v2p0_then_macd2h_12h_trailATR1p0_24h
686699,2026-04-05 18:00:00,2059.52,1.0,2.232177734375,686699,1053,685646,686759,-10664.777364131529,False,False,False,2061.13,47991.76685050752,37326.98948637599,685646,3967975.860895373,2081.13369,riskoff_activate,686700,2060.51,0.009407060626108034,2026-04-05 18:05:00,,2h_lower_wick_setup@2026-04-05 14:00:00+macd_bull_cross_2h,short,2h_wick_r75_v2p0_then_macd2h_12h,2061.752177734375,2026-04-05 18:00:00,0.0091033047360924,24h,686987,2h_wick_r75_v2p0_then_macd2h_12h_trailATR1p0_24h
686699,2026-04-05 18:00:00,2058.17,1.0,2.232177734375,686705,1059,685646,686759,-10664.777364131529,False,False,False,2062.0,44048.09216653911,33383.31480240758,685646,3967975.860895373,2081.13369,riskoff_stop,686706,2062.54,0.008413184951905085,2026-04-05 18:35:00,saved_loser,,short,2h_wick_r75_v2p0_then_macd2h_12h,2060.402177734375,2026-04-05 18:30:00,0.008677374631766056,24h,686987,2h_wick_r75_v2p0_then_macd2h_12h_trailATR1p0_24h
695579,2026-05-06 14:00:00,2369.93,1.0,7.092110633850098,695579,1568,694011,695708,72878.66758759832,False,True,False,2359.1,37305.810341454984,110184.4779290533,694011,3483172.7436989513,2287.00731,riskoff_activate,695580,2360.74,0.031633365909967195,2026-05-06 14:05:00,,2h_upper_wick_setup@2026-05-06 12:00:00+macd_bear_cross_2h,long,2h_wick_r75_v2p0_then_macd2h_12h,2362.8378893661497,2026-05-06 14:00:00,0.030916414987759832,24h,695867,2h_wick_r75_v2p0_then_macd2h_12h_trailATR1p0_24h
695579,2026-05-06 14:00:00,2369.93,1.0,7.092110633850098,695580,1569,694011,695708,72878.66758759832,False,True,False,2357.71,33544.68725628224,106423.35484388056,694011,3483172.7436989513,2287.00731,riskoff_stop,695581,2358.27,0.030553567874691278,2026-05-06 14:10:00,improved_winner,,long,2h_wick_r75_v2p0_then_macd2h_12h,2362.8378893661497,2026-05-06 14:05:00,0.030308755364669215,24h,695867,2h_wick_r75_v2p0_then_macd2h_12h_trailATR1p0_24h
704459,2026-06-06 10:00:00,1559.71,1.0,4.477146625518799,704459,1676,702783,704704,687331.854913211,True,True,False,1559.83,299329.17919951316,986661.0341127241,702783,3479386.7056611497,2006.018716,riskoff_activate,704460,1562.04,0.28357326091617624,2026-06-06 10:05:00,,2h_lower_wick_setup@2026-06-06 06:00:00+macd_bull_cross_2h,short,2h_wick_r75_v2p0_then_macd2h_12h,1564.1871466255188,2026-06-06 10:00:00,0.2853924212776417,24h,704747,2h_wick_r75_v2p0_then_macd2h_12h_trailATR1p0_24h
704459,2026-06-06 10:00:00,1553.06,1.0,4.477146625518799,704463,1680,702783,704704,687331.854913211,True,True,False,1559.16,308126.67963119526,995458.5345444062,702783,3479386.7056611497,2006.018716,riskoff_stop,704464,1558.97,0.2861017238827583,2026-06-06 10:25:00,improved_winner,,short,2h_wick_r75_v2p0_then_macd2h_12h,1557.5371466255187,2026-06-06 10:20:00,0.2859449501536108,24h,704747,2h_wick_r75_v2p0_then_macd2h_12h_trailATR1p0_24h
13430,2019-11-09 04:00:00,184.47,1.5,0.1414293497800827,13430,559,12871,13737,47.644783237674346,False,True,False,184.47,151.84193574254016,199.4867189802145,12871,10357.93852436861,188.04238400000003,riskoff_activate,13431,184.38,0.019259307101590916,2019-11-09 04:05:00,,2h_lower_wick_setup@2019-11-08 16:00:00+macd_bull_cross_2h,short,2h_wick_r75_v2p0_then_macd2h_12h,184.68214402467012,2019-11-09 04:00:00,0.018761831427285446,until_baseline_exit,1000000000000,2h_wick_r75_v2p0_then_macd2h_12h_trailATR1p5_until_baseline_exit
13430,2019-11-09 04:00:00,184.24,1.5,0.1414293497800827,13445,574,12871,13737,47.644783237674346,False,True,False,184.63,136.39853756726467,184.04332080493901,12871,10357.93852436861,188.04238400000003,riskoff_stop,13446,184.65,0.01776833492223857,2019-11-09 05:20:00,improved_winner,,short,2h_wick_r75_v2p0_then_macd2h_12h,184.45214402467013,2019-11-09 05:15:00,0.017878627760338838,until_baseline_exit,1000000000000,2h_wick_r75_v2p0_then_macd2h_12h_trailATR1p5_until_baseline_exit
68498,2020-05-18 18:00:00,211.95,1.5,0.36785778403282166,68498,7506,60992,95701,15339.936809933251,False,True,False,211.95,-12719.305762346165,2620.6310475870864,60992,12480.274820306213,175.075008,riskoff_activate,68499,211.95,0.2099818381661877,2020-05-18 18:05:00,,2h_upper_wick_setup@2020-05-18 06:00:00+macd_bear_cross_2h,long,2h_wick_r75_v2p0_then_macd2h_12h,211.39821332395076,2020-05-18 18:00:00,0.2099818381661877,until_baseline_exit,1000000000000,2h_wick_r75_v2p0_then_macd2h_12h_trailATR1p5_until_baseline_exit
68498,2020-05-18 18:00:00,212.71,1.5,0.36785778403282166,68506,7514,60992,95701,15339.936809933251,False,True,False,211.97,-12717.880341447104,2622.0564684861474,60992,12480.274820306213,175.075008,riskoff_stop,68507,211.97,0.21009605206929355,2020-05-18 18:45:00,missed_winner,,long,2h_wick_r75_v2p0_then_macd2h_12h,212.15821332395078,2020-05-18 18:40:00,0.21009605206929355,until_baseline_exit,1000000000000,2h_wick_r75_v2p0_then_macd2h_12h_trailATR1p5_until_baseline_exit
161236,2021-04-06 14:00:00,2101.01,1.5,7.064243793487549,161236,10247,150989,172818,71695.46912793306,False,True,False,2095.03,-51645.423994414115,20050.04513351894,150989,60973.78059792272,1576.9353239999998,riskoff_activate,161237,2096.53,0.3288306045140001,2021-04-06 14:05:00,,2h_upper_wick_setup@2021-04-06 02:00:00+macd_bear_cross_2h,long,2h_wick_r75_v2p0_then_macd2h_12h,2090.413634309769,2021-04-06 14:00:00,0.3278795826317608,until_baseline_exit,1000000000000,2h_wick_r75_v2p0_then_macd2h_12h_trailATR1p5_until_baseline_exit
161236,2021-04-06 14:00:00,2101.01,1.5,7.064243793487549,161238,10249,150989,172818,71695.46912793306,False,True,False,2076.1,-52362.9214186927,19332.54770924036,150989,60973.78059792272,1576.9353239999998,riskoff_stop,161239,2077.97,0.3170632937577597,2021-04-06 14:15:00,missed_winner,,long,2h_wick_r75_v2p0_then_macd2h_12h,2090.413634309769,2021-04-06 14:10:00,0.31587768647790176,until_baseline_exit,1000000000000,2h_wick_r75_v2p0_then_macd2h_12h_trailATR1p5_until_baseline_exit
204439,2021-09-03 22:00:00,3936.96,1.5,8.781389236450195,204439,11783,192656,209936,34274.426910554714,False,True,False,3922.31,33651.26387660124,67925.69078715595,192656,85352.12260900838,2182.9765079999997,riskoff_activate,204440,3921.91,0.7958289578610529,2021-09-03 22:05:00,,2h_upper_wick_setup@2021-09-03 16:00:00+macd_bear_cross_2h,long,2h_wick_r75_v2p0_then_macd2h_12h,3923.7879161453247,2021-09-03 22:00:00,0.7960121572672465,until_baseline_exit,1000000000000,2h_wick_r75_v2p0_then_macd2h_12h_trailATR1p5_until_baseline_exit
204439,2021-09-03 22:00:00,3936.96,1.5,8.781389236450195,204440,11784,192656,209936,34274.426910554714,False,True,False,3916.62,33345.962030649884,67620.3889412046,192656,85352.12260900838,2182.9765079999997,riskoff_stop,204441,3914.1,0.7922519894551245,2021-09-03 22:10:00,improved_winner,,long,2h_wick_r75_v2p0_then_macd2h_12h,3923.7879161453247,2021-09-03 22:05:00,0.7934061457141437,until_baseline_exit,1000000000000,2h_wick_r75_v2p0_then_macd2h_12h_trailATR1p5_until_baseline_exit
216751,2021-10-16 16:00:00,3907.94,1.5,8.450700759887695,216751,4223,212528,231248,31590.289119135792,False,True,False,3901.96,-10132.573586957918,21457.715532177874,212528,119626.5495195631,3305.06088,riskoff_activate,216752,3900.0,0.1793725190466084,2021-10-16 16:05:00,,2h_upper_wick_setup@2021-10-16 04:00:00+macd_bear_cross_2h,long,2h_wick_r75_v2p0_then_macd2h_12h,3895.2639488601685,2021-10-16 16:00:00,0.17996543036387264,until_baseline_exit,1000000000000,2h_wick_r75_v2p0_then_macd2h_12h_trailATR1p5_until_baseline_exit
216751,2021-10-16 16:00:00,3912.88,1.5,8.450700759887695,216755,4227,212528,231248,31590.289119135792,False,True,False,3898.97,-10236.070471783733,21354.21864735206,212528,119626.5495195631,3305.06088,riskoff_stop,216756,3897.14,0.17850735253264077,2021-10-16 16:25:00,missed_winner,,long,2h_wick_r75_v2p0_then_macd2h_12h,3900.2039488601686,2021-10-16 16:20:00,0.1790609380992702,until_baseline_exit,1000000000000,2h_wick_r75_v2p0_then_macd2h_12h_trailATR1p5_until_baseline_exit
240727,2022-01-07 22:00:00,3208.27,1.5,8.070661544799805,240727,263,240464,246224,39124.28035168933,False,True,False,3210.49,-30560.69769155641,8563.582660132926,240464,141573.94269847884,3406.5785480000004,riskoff_activate,240728,3210.42,0.06048840978012078,2022-01-07 22:05:00,,2h_lower_wick_setup@2022-01-07 20:00:00+macd_bull_cross_2h,short,2h_wick_r75_v2p0_then_macd2h_12h,3220.3759923171997,2022-01-07 22:00:00,0.060465278672818104,until_baseline_exit,1000000000000,2h_wick_r75_v2p0_then_macd2h_12h_trailATR1p5_until_baseline_exit
240727,2022-01-07 22:00:00,3166.42,1.5,8.070661544799805,240739,275,240464,246224,39124.28035168933,False,True,False,3182.23,-29253.044768962758,9871.235582726575,240464,141573.94269847884,3406.5785480000004,riskoff_stop,240740,3182.71,0.06972494651611223,2022-01-07 23:05:00,missed_winner,,short,2h_wick_r75_v2p0_then_macd2h_12h,3178.5259923172,2022-01-07 23:00:00,0.06988636161631785,until_baseline_exit,1000000000000,2h_wick_r75_v2p0_then_macd2h_12h_trailATR1p5_until_baseline_exit
275953,2022-05-10 06:00:00,2397.99,1.5,14.20068359375,275953,1852,274101,277466,25933.17423582128,False,True,False,2399.12,-10016.653568091215,15916.520667730065,274101,106511.8223611937,2762.4773940000005,riskoff_activate,275954,2402.02,0.14943430987177492,2022-05-10 06:05:00,,2h_lower_wick_setup@2022-05-09 20:00:00+macd_bull_cross_2h,short,2h_wick_r75_v2p0_then_macd2h_12h,2419.291025390625,2022-05-10 06:00:00,0.15082420262354573,until_baseline_exit,1000000000000,2h_wick_r75_v2p0_then_macd2h_12h_trailATR1p5_until_baseline_exit
275953,2022-05-10 06:00:00,2394.45,1.5,14.20068359375,275955,1854,274101,277466,25933.17423582128,False,True,False,2420.06,-10707.680421294199,15225.49381452708,274101,106511.8223611937,2762.4773940000005,riskoff_stop,275956,2415.65,0.1429465150159172,2022-05-10 06:15:00,missed_winner,,short,2h_wick_r75_v2p0_then_macd2h_12h,2415.751025390625,2022-05-10 06:10:00,0.14086303025470487,until_baseline_exit,1000000000000,2h_wick_r75_v2p0_then_macd2h_12h_trailATR1p5_until_baseline_exit
301417,2022-08-06 16:00:00,1713.71,1.5,2.204310894012451,301417,908,300509,302229,4914.057706488122,False,True,False,1713.71,634.1034511999987,5548.1611576881205,300509,283445.61538385117,1681.2261780000001,riskoff_activate,301418,1715.15,0.019573988294631483,2022-08-06 16:05:00,,2h_upper_wick_setup@2022-08-06 12:00:00+macd_bear_cross_2h,long,2h_wick_r75_v2p0_then_macd2h_12h,1710.4035336589814,2022-08-06 16:00:00,0.018717641885778357,until_baseline_exit,1000000000000,2h_wick_r75_v2p0_then_macd2h_12h_trailATR1p5_until_baseline_exit
301417,2022-08-06 16:00:00,1720.1,1.5,2.204310894012451,301421,912,300509,302229,4914.057706488122,False,True,False,1716.37,983.0244262812212,5897.082132769343,300509,283445.61538385117,1681.2261780000001,riskoff_stop,301422,1717.22,0.020804986257357782,2022-08-06 16:25:00,improved_winner,,long,2h_wick_r75_v2p0_then_macd2h_12h,1716.7935336589812,2022-08-06 16:20:00,0.02029950400213183,until_baseline_exit,1000000000000,2h_wick_r75_v2p0_then_macd2h_12h_trailATR1p5_until_baseline_exit
316081,2022-09-26 14:00:00,1323.09,1.5,5.7835869789123535,316081,292,315789,316243,-17402.501966663054,False,False,False,1323.81,12845.568638362856,-4556.933328300197,315789,272074.2670847722,1303.549238,riskoff_activate,316082,1324.95,-0.016748858233183662,2022-09-26 14:05:00,,2h_lower_wick_setup@2022-09-26 08:00:00+macd_bull_cross_2h,short,2h_wick_r75_v2p0_then_macd2h_12h,1331.7653804683684,2022-09-26 14:00:00,-0.015901786295659238,until_baseline_exit,1000000000000,2h_wick_r75_v2p0_then_macd2h_12h_trailATR1p5_until_baseline_exit
316081,2022-09-26 14:00:00,1321.28,1.5,5.7835869789123535,316084,295,315789,316243,-17402.501966663054,False,False,False,1331.23,11481.051803308099,-5921.450163354956,315789,272074.2670847722,1303.549238,riskoff_stop,316085,1331.74,-0.021764094880424568,2022-09-26 14:20:00,saved_loser,,short,2h_wick_r75_v2p0_then_macd2h_12h,1329.9553804683685,2022-09-26 14:15:00,-0.021389175210937795,until_baseline_exit,1000000000000,2h_wick_r75_v2p0_then_macd2h_12h_trailATR1p5_until_baseline_exit
331897,2022-11-20 12:00:00,1166.88,1.5,6.4350152015686035,331897,167,331730,332258,-29656.570866496942,False,False,False,1165.46,16352.027004841202,-13304.54386165574,331730,307221.43300432607,1217.463444,riskoff_activate,331898,1165.46,-0.0433060406350894,2022-11-20 12:05:00,,2h_upper_wick_setup@2022-11-20 00:00:00+macd_bear_cross_2h,long,2h_wick_r75_v2p0_then_macd2h_12h,1157.2274771976472,2022-11-20 12:00:00,-0.0433060406350894,until_baseline_exit,1000000000000,2h_wick_r75_v2p0_then_macd2h_12h_trailATR1p5_until_baseline_exit
331897,2022-11-20 12:00:00,1189.11,1.5,6.4350152015686035,331997,267,331730,332258,-29656.570866496942,False,False,False,1179.06,19599.064174030376,-10057.506692466568,331730,307221.43300432607,1217.463444,riskoff_stop,331998,1178.33,-0.03273699557388936,2022-11-20 20:25:00,saved_loser,,long,2h_wick_r75_v2p0_then_macd2h_12h,1179.457477197647,2022-11-20 20:20:00,-0.032137508169485504,until_baseline_exit,1000000000000,2h_wick_r75_v2p0_then_macd2h_12h_trailATR1p5_until_baseline_exit
336289,2022-12-05 18:00:00,1264.23,1.5,1.5685774087905884,336289,209,336080,336736,-11670.57038575114,False,False,False,1264.23,6803.857055140891,-4866.713330610249,336080,253752.9235690923,1288.167582,riskoff_activate,336290,1264.23,-0.019178944865575632,2022-12-05 18:05:00,,2h_upper_wick_setup@2022-12-05 10:00:00+macd_bear_cross_2h,long,2h_wick_r75_v2p0_then_macd2h_12h,1261.8771338868141,2022-12-05 18:00:00,-0.019178944865575632,until_baseline_exit,1000000000000,2h_wick_r75_v2p0_then_macd2h_12h_trailATR1p5_until_baseline_exit
336289,2022-12-05 18:00:00,1269.84,1.5,1.5685774087905884,336295,215,336080,336736,-11670.57038575114,False,False,False,1266.76,7373.037098304549,-4297.533287446591,336080,253752.9235690923,1288.167582,riskoff_stop,336296,1267.12,-0.01693589664702504,2022-12-05 18:35:00,saved_loser,,long,2h_wick_r75_v2p0_then_macd2h_12h,1267.487133886814,2022-12-05 18:30:00,-0.0172153074977786,until_baseline_exit,1000000000000,2h_wick_r75_v2p0_then_macd2h_12h_trailATR1p5_until_baseline_exit
342169,2022-12-26 04:00:00,1221.11,1.5,0.6878400444984436,342169,1025,341144,342408,-6735.155373960268,False,False,False,1222.44,1658.0081701903864,-5077.147203769881,341144,262288.96855015616,1199.290094,riskoff_activate,342170,1222.22,-0.01935707487750864,2022-12-26 04:05:00,,2h_lower_wick_setup@2022-12-25 20:00:00+macd_bull_cross_2h,short,2h_wick_r75_v2p0_then_macd2h_12h,1222.1417600667476,2022-12-26 04:00:00,-0.019533631144914066,until_baseline_exit,1000000000000,2h_wick_r75_v2p0_then_macd2h_12h_trailATR1p5_until_baseline_exit
342169,2022-12-26 04:00:00,1219.49,1.5,0.6878400444984436,342180,1036,341144,342408,-6735.155373960268,False,False,False,1220.75,1950.981200291224,-4784.174173669044,341144,262288.96855015616,1199.290094,riskoff_stop,342181,1220.83,-0.018240089166213603,2022-12-26 05:00:00,saved_loser,,short,2h_wick_r75_v2p0_then_macd2h_12h,1220.5217600667477,2022-12-26 04:55:00,-0.01817572480588874,until_baseline_exit,1000000000000,2h_wick_r75_v2p0_then_macd2h_12h_trailATR1p5_until_baseline_exit
363611,2023-03-10 22:00:00,1420.47,1.5,4.908604145050049,363611,551,363060,364212,-8797.535740603402,False,False,False,1428.24,29914.588116656796,21117.052376053394,363060,291837.41167166334,1532.313476,riskoff_activate,363612,1428.1,0.07235896266723847,2023-03-10 22:05:00,,2h_lower_wick_setup@2023-03-10 16:00:00+macd_bull_cross_2h,short,2h_wick_r75_v2p0_then_macd2h_12h,1427.832906217575,2023-03-10 22:00:00,0.07225380789298926,until_baseline_exit,1000000000000,2h_wick_r75_v2p0_then_macd2h_12h_trailATR1p5_until_baseline_exit
363611,2023-03-10 22:00:00,1416.78,1.5,4.908604145050049,363621,561,363060,364212,-8797.535740603402,False,False,False,1427.42,30039.59465482905,21242.058914225647,363060,291837.41167166334,1532.313476,riskoff_stop,363622,1427.53,0.07278730575545396,2023-03-10 22:55:00,saved_loser,,short,2h_wick_r75_v2p0_then_macd2h_12h,1424.142906217575,2023-03-10 22:50:00,0.07287000783587368,until_baseline_exit,1000000000000,2h_wick_r75_v2p0_then_macd2h_12h_trailATR1p5_until_baseline_exit
415019,2023-09-05 10:00:00,1632.52,1.5,1.7135881185531616,415019,5303,409716,415082,8149.520137668995,False,True,False,1632.52,1713.637997659942,9863.158135328937,409716,300728.3907692612,1687.652402,riskoff_activate,415020,1633.1,0.03279756231228799,2023-09-05 10:05:00,,2h_lower_wick_setup@2023-09-05 08:00:00+macd_bull_cross_2h,short,2h_wick_r75_v2p0_then_macd2h_12h,1635.0903821778297,2023-09-05 10:00:00,0.03316463566277768,until_baseline_exit,1000000000000,2h_wick_r75_v2p0_then_macd2h_12h_trailATR1p5_until_baseline_exit
415019,2023-09-05 10:00:00,1632.16,1.5,1.7135881185531616,415022,5306,409716,415082,8149.520137668995,False,True,False,1634.82,1411.4205582586674,9560.940695927662,409716,300728.3907692612,1687.652402,riskoff_stop,415023,1634.69,0.03179261083887304,2023-09-05 10:20:00,improved_winner,,short,2h_wick_r75_v2p0_then_macd2h_12h,1634.7303821778298,2023-09-05 10:15:00,0.03171053144211462,until_baseline_exit,1000000000000,2h_wick_r75_v2p0_then_macd2h_12h_trailATR1p5_until_baseline_exit
418091,2023-09-16 02:00:00,1643.97,1.5,0.8400006890296936,418091,136,417955,418770,-6440.238004408369,False,False,False,1644.51,412.72693728869854,-6027.511067119671,417955,302552.20376243937,1614.2970759999998,riskoff_activate,418092,1646.11,-0.019922218354926958,2023-09-16 02:05:00,,2h_lower_wick_setup@2023-09-15 16:00:00+macd_bull_cross_2h,short,2h_wick_r75_v2p0_then_macd2h_12h,1645.2300010335446,2023-09-16 02:00:00,-0.01896827800148908,until_baseline_exit,1000000000000,2h_wick_r75_v2p0_then_macd2h_12h_trailATR1p5_until_baseline_exit
418091,2023-09-16 02:00:00,1643.97,1.5,0.8400006890296936,418092,137,417955,418770,-6440.238004408369,False,False,False,1646.11,302.8394729462925,-6137.398531462077,417955,302552.20376243937,1614.2970759999998,riskoff_stop,418093,1646.72,-0.020285420020543277,2023-09-16 02:10:00,saved_loser,,short,2h_wick_r75_v2p0_then_macd2h_12h,1645.2300010335446,2023-09-16 02:05:00,-0.019922218354926958,until_baseline_exit,1000000000000,2h_wick_r75_v2p0_then_macd2h_12h_trailATR1p5_until_baseline_exit
421163,2023-09-26 18:00:00,1585.62,1.5,1.2921491861343384,421163,680,420483,422900,10642.110482847143,False,True,False,1585.62,-12434.204182201085,-1792.093699353941,420483,296051.4553172785,1594.838904,riskoff_activate,421164,1586.14,-0.006053318324118195,2023-09-26 18:05:00,,2h_upper_wick_setup@2023-09-26 18:00:00+macd_bear_cross_2h,long,2h_wick_r75_v2p0_then_macd2h_12h,1583.6817762207984,2023-09-26 18:00:00,-0.006379304853977907,until_baseline_exit,1000000000000,2h_wick_r75_v2p0_then_macd2h_12h_trailATR1p5_until_baseline_exit
421163,2023-09-26 18:00:00,1586.65,1.5,1.2921491861343384,421172,689,420483,422900,10642.110482847143,False,True,False,1584.57,-12862.9259071952,-2220.8154243480567,420483,296051.4553172785,1594.838904,riskoff_stop,421173,1583.83,-0.0075014507933021555,2023-09-26 18:50:00,missed_winner,,long,2h_wick_r75_v2p0_then_macd2h_12h,1584.7117762207986,2023-09-26 18:45:00,-0.007037546885425172,until_baseline_exit,1000000000000,2h_wick_r75_v2p0_then_macd2h_12h_trailATR1p5_until_baseline_exit
435851,2023-11-16 18:00:00,1999.64,1.5,3.434291362762451,435851,7963,427888,455796,131352.1926257087,True,True,False,1996.73,-47852.21252206474,83499.98010364396,427888,316518.9765515525,1577.495436,riskoff_activate,435852,1994.68,0.2638071846856362,2023-11-16 18:05:00,,2h_upper_wick_setup@2023-11-16 12:00:00+macd_bear_cross_2h,long,2h_wick_r75_v2p0_then_macd2h_12h,1994.4885629558564,2023-11-16 18:00:00,0.2651064531039317,until_baseline_exit,1000000000000,2h_wick_r75_v2p0_then_macd2h_12h_trailATR1p5_until_baseline_exit
435851,2023-11-16 18:00:00,1999.99,1.5,3.434291362762451,435854,7966,427888,455796,131352.1926257087,True,True,False,1989.58,-48875.305137248,82476.8874884607,427888,316518.9765515525,1577.495436,riskoff_stop,435855,1989.58,0.26057485837670596,2023-11-16 18:20:00,missed_winner,,long,2h_wick_r75_v2p0_then_macd2h_12h,1994.8385629558563,2023-11-16 18:15:00,0.26057485837670596,until_baseline_exit,1000000000000,2h_wick_r75_v2p0_then_macd2h_12h_trailATR1p5_until_baseline_exit
462011,2024-02-15 14:00:00,2810.22,1.5,6.6843085289001465,462011,2471,459540,476244,176532.66314368136,True,True,False,2801.88,-97290.098935369,79242.56420831237,459540,445268.2568183524,2377.7754600000003,riskoff_activate,462012,2802.45,0.1779658958276908,2024-02-15 14:05:00,,2h_upper_wick_setup@2024-02-15 02:00:00+macd_bear_cross_2h,long,2h_wick_r75_v2p0_then_macd2h_12h,2800.1935372066496,2024-02-15 14:00:00,0.17772622391182374,until_baseline_exit,1000000000000,2h_wick_r75_v2p0_then_macd2h_12h_trailATR1p5_until_baseline_exit
462011,2024-02-15 14:00:00,2857.92,1.5,6.6843085289001465,462023,2483,459540,476244,176532.66314368136,True,True,False,2840.02,-90025.76579144831,86506.89735223305,459540,445268.2568183524,2377.7754600000003,riskoff_stop,462024,2841.25,0.19428040518846962,2024-02-15 15:05:00,missed_winner,,long,2h_wick_r75_v2p0_then_macd2h_12h,2847.89353720665,2024-02-15 15:00:00,0.19376321842265115,until_baseline_exit,1000000000000,2h_wick_r75_v2p0_then_macd2h_12h_trailATR1p5_until_baseline_exit
517115,2024-08-24 22:00:00,2755.62,1.5,10.035731315612793,517115,489,516626,517456,14924.732541245874,False,True,False,2751.92,2716.701126123622,17641.433667369496,516626,499522.0293162314,2653.100514,riskoff_activate,517116,2748.41,0.03531662796036823,2024-08-24 22:05:00,,2h_upper_wick_setup@2024-08-24 18:00:00+macd_bear_cross_2h,long,2h_wick_r75_v2p0_then_macd2h_12h,2740.5664030265807,2024-08-24 22:00:00,0.03663934377210705,until_baseline_exit,1000000000000,2h_wick_r75_v2p0_then_macd2h_12h_trailATR1p5_until_baseline_exit
517115,2024-08-24 22:00:00,2780.54,1.5,10.035731315612793,517148,522,516626,517456,14924.732541245874,False,True,False,2761.96,5009.475730519283,19934.208271765157,516626,499522.0293162314,2653.100514,riskoff_stop,517149,2760.59,0.039906564879735165,2024-08-25 00:50:00,improved_winner,,long,2h_wick_r75_v2p0_then_macd2h_12h,2765.486403026581,2024-08-25 00:45:00,0.040422838572636136,until_baseline_exit,1000000000000,2h_wick_r75_v2p0_then_macd2h_12h_trailATR1p5_until_baseline_exit
526451,2024-09-26 08:00:00,2630.46,1.5,2.4628732204437256,526451,984,525467,526527,-19009.319452990196,False,False,False,2630.46,1878.898774888592,-17130.420678101604,525467,547121.1117230637,2549.4100160000003,riskoff_activate,526452,2630.2,-0.031310107234122794,2024-09-26 08:05:00,,2h_lower_wick_setup@2024-09-26 00:00:00+macd_bull_cross_2h,short,2h_wick_r75_v2p0_then_macd2h_12h,2634.1543098306656,2024-09-26 08:00:00,-0.03140589404407994,until_baseline_exit,1000000000000,2h_wick_r75_v2p0_then_macd2h_12h_trailATR1p5_until_baseline_exit
526451,2024-09-26 08:00:00,2614.43,1.5,2.4628732204437256,526468,1001,525467,526527,-19009.319452990196,False,False,False,2624.55,3855.729753321024,-15153.589699669172,525467,547121.1117230637,2549.4100160000003,riskoff_stop,526469,2620.43,-0.027696956624367042,2024-09-26 09:30:00,saved_loser,,short,2h_wick_r75_v2p0_then_macd2h_12h,2618.1243098306654,2024-09-26 09:25:00,-0.029223898972086815,until_baseline_exit,1000000000000,2h_wick_r75_v2p0_then_macd2h_12h_trailATR1p5_until_baseline_exit
529763,2024-10-07 20:00:00,2449.49,1.5,4.384242534637451,529763,913,528850,529800,3812.8622120580403,False,True,False,2449.49,8152.936481021015,11965.798693079056,528850,578513.1549921806,2396.22915,riskoff_activate,529764,2447.24,0.020683710629260953,2024-10-07 20:05:00,,2h_upper_wick_setup@2024-10-07 16:00:00+macd_bear_cross_2h,long,2h_wick_r75_v2p0_then_macd2h_12h,2442.9136361980436,2024-10-07 20:00:00,0.021622498140463752,until_baseline_exit,1000000000000,2h_wick_r75_v2p0_then_macd2h_12h_trailATR1p5_until_baseline_exit
529763,2024-10-07 20:00:00,2449.49,1.5,4.384242534637451,529766,916,528850,529800,3812.8622120580403,False,True,False,2441.35,7204.3201987345965,11017.182410792637,528850,578513.1549921806,2396.22915,riskoff_stop,529767,2443.31,0.019043961776360207,2024-10-07 20:20:00,improved_winner,,long,2h_wick_r75_v2p0_then_macd2h_12h,2442.9136361980436,2024-10-07 20:15:00,0.01822617354437912,until_baseline_exit,1000000000000,2h_wick_r75_v2p0_then_macd2h_12h_trailATR1p5_until_baseline_exit
537539,2024-11-03 20:00:00,2452.82,1.5,3.943603515625,537539,938,536601,538173,26850.177959806402,False,True,False,2453.56,8781.538128310094,35631.7160881165,536601,565873.9326787298,2609.557984,riskoff_activate,537540,2453.56,0.06296758700200829,2024-11-03 20:05:00,,2h_lower_wick_setup@2024-11-03 20:00:00+macd_bull_cross_2h,short,2h_wick_r75_v2p0_then_macd2h_12h,2458.7354052734377,2024-11-03 20:00:00,0.06296758700200829,until_baseline_exit,1000000000000,2h_wick_r75_v2p0_then_macd2h_12h_trailATR1p5_until_baseline_exit
537539,2024-11-03 20:00:00,2446.4,1.5,3.943603515625,537545,944,536601,538173,26850.177959806402,False,True,False,2457.57,7372.215099815156,34222.39305962156,536601,565873.9326787298,2609.557984,riskoff_stop,537546,2459.32,0.06047706226300238,2024-11-03 20:35:00,improved_winner,,short,2h_wick_r75_v2p0_then_macd2h_12h,2452.3154052734376,2024-11-03 20:30:00,0.06123249745262478,until_baseline_exit,1000000000000,2h_wick_r75_v2p0_then_macd2h_12h_trailATR1p5_until_baseline_exit
543347,2024-11-24 00:00:00,3399.05,1.5,9.747175216674805,543347,5174,538173,551988,223327.4877437217,True,True,False,3398.64,-7285.331519433792,216042.1562242879,538173,592610.9358520004,2485.7370479999995,riskoff_activate,543348,3393.61,0.3645598539515353,2024-11-24 00:05:00,,2h_upper_wick_setup@2024-11-23 20:00:00+macd_bear_cross_2h,long,2h_wick_r75_v2p0_then_macd2h_12h,3384.429237174988,2024-11-24 00:00:00,0.36658299393090127,until_baseline_exit,1000000000000,2h_wick_r75_v2p0_then_macd2h_12h_trailATR1p5_until_baseline_exit
543347,2024-11-24 00:00:00,3424.94,1.5,9.747175216674805,543354,5181,538173,551988,223327.4877437217,True,True,False,3410.0,-3378.663005247945,219948.82473847375,538173,592610.9358520004,2485.7370479999995,riskoff_stop,543355,3410.0,0.3711521530095491,2024-11-24 00:40:00,missed_winner,,long,2h_wick_r75_v2p0_then_macd2h_12h,3410.319237174988,2024-11-24 00:35:00,0.3711521530095491,until_baseline_exit,1000000000000,2h_wick_r75_v2p0_then_macd2h_12h_trailATR1p5_until_baseline_exit
565475,2025-02-08 20:00:00,2635.04,1.5,4.0821533203125,565475,1967,563508,566964,95432.27353813092,False,True,False,2635.04,26720.826017539366,122153.09955567028,563508,662593.8494577534,3119.955884,riskoff_activate,565476,2632.89,0.1843559212866776,2025-02-08 20:05:00,,2h_lower_wick_setup@2025-02-08 08:00:00+macd_bull_cross_2h,short,2h_wick_r75_v2p0_then_macd2h_12h,2641.1632299804687,2025-02-08 20:00:00,0.18338924706891752,until_baseline_exit,1000000000000,2h_wick_r75_v2p0_then_macd2h_12h_trailATR1p5_until_baseline_exit
565475,2025-02-08 20:00:00,2629.04,1.5,4.0821533203125,565480,1972,563508,566964,95432.27353813092,False,True,False,2638.62,24114.678700295088,119546.952238426,563508,662593.8494577534,3119.955884,riskoff_stop,565481,2641.66,0.180422671197838,2025-02-08 20:30:00,improved_winner,,short,2h_wick_r75_v2p0_then_macd2h_12h,2635.1632299804687,2025-02-08 20:25:00,0.18178311753737958,until_baseline_exit,1000000000000,2h_wick_r75_v2p0_then_macd2h_12h_trailATR1p5_until_baseline_exit
576011,2025-03-17 10:00:00,1909.19,1.5,1.1728515625,576011,275,575736,576594,-37415.57817728678,False,False,False,1909.19,31911.742698220085,-5503.835479066692,575736,865521.3812524028,1898.630198,riskoff_activate,576012,1909.63,-0.006358982687524928,2025-03-17 10:05:00,,2h_lower_wick_setup@2025-03-17 00:00:00+macd_bull_cross_2h,short,2h_wick_r75_v2p0_then_macd2h_12h,1910.94927734375,2025-03-17 10:00:00,-0.006129891791586006,until_baseline_exit,1000000000000,2h_wick_r75_v2p0_then_macd2h_12h_trailATR1p5_until_baseline_exit
576011,2025-03-17 10:00:00,1909.19,1.5,1.1728515625,576015,279,575736,576594,-37415.57817728678,False,False,False,1916.72,29391.619548240073,-8023.958629046706,575736,865521.3812524028,1898.630198,riskoff_stop,576016,1915.24,-0.00927066483029697,2025-03-17 10:25:00,saved_loser,,short,2h_wick_r75_v2p0_then_macd2h_12h,1910.94927734375,2025-03-17 10:20:00,-0.0100359677519815,until_baseline_exit,1000000000000,2h_wick_r75_v2p0_then_macd2h_12h_trailATR1p5_until_baseline_exit
598643,2025-06-04 00:00:00,2597.95,1.5,3.112147808074951,598643,8059,590584,599220,289292.0533968997,True,True,False,2597.95,97807.17918632261,387099.2325832223,590584,944609.0801622719,1839.897906,riskoff_activate,598644,2595.14,0.40979833955939066,2025-06-04 00:05:00,,2h_upper_wick_setup@2025-06-03 16:00:00+macd_bear_cross_2h,long,2h_wick_r75_v2p0_then_macd2h_12h,2593.2817782878874,2025-06-04 00:00:00,0.4113252927619779,until_baseline_exit,1000000000000,2h_wick_r75_v2p0_then_macd2h_12h_trailATR1p5_until_baseline_exit
598643,2025-06-04 00:00:00,2601.63,1.5,3.112147808074951,598648,8064,590584,599220,289292.0533968997,True,True,False,2595.15,97453.0019751123,386745.055372012,590584,944609.0801622719,1839.897906,riskoff_stop,598649,2594.45,0.4094233937551967,2025-06-04 00:30:00,improved_winner,,long,2h_wick_r75_v2p0_then_macd2h_12h,2596.9617782878877,2025-06-04 00:25:00,0.4098037735565531,until_baseline_exit,1000000000000,2h_wick_r75_v2p0_then_macd2h_12h_trailATR1p5_until_baseline_exit
600131,2025-06-09 04:00:00,2497.97,1.5,3.562168598175049,600131,353,599778,603796,-107642.76290987968,False,False,True,2497.97,87192.6272369996,-20450.135672880082,599778,1197655.7641903139,2537.7074399999997,riskoff_activate,600132,2495.89,-0.017075136516130397,2025-06-09 04:05:00,,2h_upper_wick_setup@2025-06-08 22:00:00+macd_bear_cross_2h,long,2h_wick_r75_v2p0_then_macd2h_12h,2492.626747102737,2025-06-09 04:00:00,-0.016255663015276412,until_baseline_exit,1000000000000,2h_wick_r75_v2p0_then_macd2h_12h_trailATR1p5_until_baseline_exit
600131,2025-06-09 04:00:00,2497.97,1.5,3.562168598175049,600137,359,599778,603796,-107642.76290987968,False,False,True,2491.48,85309.94734470302,-22332.81556517666,599778,1197655.7641903139,2537.7074399999997,riskoff_stop,600138,2491.9,-0.0186471073182493,2025-06-09 04:35:00,saved_loser,,long,2h_wick_r75_v2p0_then_macd2h_12h,2492.626747102737,2025-06-09 04:30:00,-0.01881257792899853,until_baseline_exit,1000000000000,2h_wick_r75_v2p0_then_macd2h_12h_trailATR1p5_until_baseline_exit
604139,2025-06-23 02:00:00,2242.08,1.5,3.9735629558563232,604139,343,603796,604284,460.46536167361774,False,True,False,2244.38,32480.98308291508,32941.4484445887,603796,1090013.0012804342,2310.547798,riskoff_activate,604140,2241.45,0.03022115186322778,2025-06-23 02:05:00,,2h_lower_wick_setup@2025-06-22 22:00:00+macd_bull_cross_2h,short,2h_wick_r75_v2p0_then_macd2h_12h,2248.0403444337844,2025-06-23 02:00:00,0.02887569344042946,until_baseline_exit,1000000000000,2h_wick_r75_v2p0_then_macd2h_12h_trailATR1p5_until_baseline_exit
604139,2025-06-23 02:00:00,2229.22,1.5,3.9735629558563232,604166,370,603796,604284,460.46536167361774,False,True,False,2238.42,34016.718496346766,34477.183858020384,603796,1090013.0012804342,2310.547798,riskoff_stop,604167,2238.39,0.03163006662995778,2025-06-23 04:20:00,improved_winner,,short,2h_wick_r75_v2p0_then_macd2h_12h,2235.1803444337843,2025-06-23 04:15:00,0.03161623504249929,until_baseline_exit,1000000000000,2h_wick_r75_v2p0_then_macd2h_12h_trailATR1p5_until_baseline_exit
620555,2025-08-19 02:00:00,4302.96,1.5,16.021484375,620555,12534,608021,631188,687933.1530731542,True,True,False,4298.91,59334.605915082735,747267.7589882369,608021,1076325.9707512835,2535.617022,riskoff_activate,620556,4297.91,0.6942764360379026,2025-08-19 02:05:00,,2h_upper_wick_setup@2025-08-18 14:00:00+macd_bear_cross_2h,long,2h_wick_r75_v2p0_then_macd2h_12h,4278.9277734375,2025-08-19 02:00:00,0.6946707384863109,until_baseline_exit,1000000000000,2h_wick_r75_v2p0_then_macd2h_12h_trailATR1p5_until_baseline_exit
620555,2025-08-19 02:00:00,4304.9,1.5,16.021484375,620568,12547,608021,631188,687933.1530731542,True,True,False,4275.06,49611.64852427493,737544.8015974291,608021,1076325.9707512835,2535.617022,riskoff_stop,620569,4275.0,0.6852429669448721,2025-08-19 03:10:00,improved_winner,,long,2h_wick_r75_v2p0_then_macd2h_12h,4280.8677734375,2025-08-19 03:05:00,0.6852666250917765,until_baseline_exit,1000000000000,2h_wick_r75_v2p0_then_macd2h_12h_trailATR1p5_until_baseline_exit
643115,2025-11-05 10:00:00,3302.38,1.5,5.281424522399902,643115,407,642708,649044,291923.0081585888,True,True,False,3306.61,-142842.21965676098,149080.7885018278,642708,1625512.5194473632,3602.5093540000003,riskoff_activate,643116,3298.0,0.09171309769580356,2025-11-05 10:05:00,,2h_lower_wick_setup@2025-11-04 22:00:00+macd_bull_cross_2h,short,2h_wick_r75_v2p0_then_macd2h_12h,3310.3021367836,2025-11-05 10:00:00,0.08886937141082858,until_baseline_exit,1000000000000,2h_wick_r75_v2p0_then_macd2h_12h_trailATR1p5_until_baseline_exit
643115,2025-11-05 10:00:00,3290.0,1.5,5.281424522399902,643118,410,642708,649044,291923.0081585888,True,True,False,3297.99,-138487.6543165976,153435.3538419912,642708,1625512.5194473632,3602.5093540000003,riskoff_stop,643119,3289.93,0.09439198530083033,2025-11-05 10:20:00,missed_winner,,short,2h_wick_r75_v2p0_then_macd2h_12h,3297.9221367836,2025-11-05 10:15:00,0.09171640914640751,until_baseline_exit,1000000000000,2h_wick_r75_v2p0_then_macd2h_12h_trailATR1p5_until_baseline_exit
664595,2026-01-19 00:00:00,3284.42,1.5,15.457188606262207,664595,116,664479,664944,-132394.75720662205,False,False,True,3240.79,60281.1994019719,-72113.55780465015,664479,2497793.0439409595,3341.928252,riskoff_activate,664596,3247.43,-0.028870909853632654,2026-01-19 00:05:00,,2h_upper_wick_setup@2026-01-18 20:00:00+macd_bear_cross_2h,long,2h_wick_r75_v2p0_then_macd2h_12h,3261.2342170906068,2026-01-19 00:00:00,-0.030857389364683564,until_baseline_exit,1000000000000,2h_wick_r75_v2p0_then_macd2h_12h_trailATR1p5_until_baseline_exit
664595,2026-01-19 00:00:00,3284.42,1.5,15.457188606262207,664596,117,664479,664944,-132394.75720662205,False,False,True,3254.88,51792.31159404383,-80602.44561257822,664479,2497793.0439409595,3341.928252,riskoff_stop,664597,3236.07,-0.03226946516169553,2026-01-19 00:10:00,saved_loser,,long,2h_wick_r75_v2p0_then_macd2h_12h,3261.2342170906068,2026-01-19 00:05:00,-0.02664210377572167,until_baseline_exit,1000000000000,2h_wick_r75_v2p0_then_macd2h_12h_trailATR1p5_until_baseline_exit
686699,2026-04-05 18:00:00,2059.52,1.5,2.232177734375,686699,1053,685646,686759,-10664.777364131529,False,False,False,2061.13,47991.76685050752,37326.98948637599,685646,3967975.860895373,2081.13369,riskoff_activate,686700,2060.51,0.009407060626108034,2026-04-05 18:05:00,,2h_lower_wick_setup@2026-04-05 14:00:00+macd_bull_cross_2h,short,2h_wick_r75_v2p0_then_macd2h_12h,2062.8682666015625,2026-04-05 18:00:00,0.0091033047360924,until_baseline_exit,1000000000000,2h_wick_r75_v2p0_then_macd2h_12h_trailATR1p5_until_baseline_exit
686699,2026-04-05 18:00:00,2058.17,1.5,2.232177734375,686705,1059,685646,686759,-10664.777364131529,False,False,False,2062.0,44048.09216653911,33383.31480240758,685646,3967975.860895373,2081.13369,riskoff_stop,686706,2062.54,0.008413184951905085,2026-04-05 18:35:00,saved_loser,,short,2h_wick_r75_v2p0_then_macd2h_12h,2061.5182666015626,2026-04-05 18:30:00,0.008677374631766056,until_baseline_exit,1000000000000,2h_wick_r75_v2p0_then_macd2h_12h_trailATR1p5_until_baseline_exit
695579,2026-05-06 14:00:00,2369.93,1.5,7.092110633850098,695579,1568,694011,695708,72878.66758759832,False,True,False,2359.1,37305.810341454984,110184.4779290533,694011,3483172.7436989513,2287.00731,riskoff_activate,695580,2360.74,0.031633365909967195,2026-05-06 14:05:00,,2h_upper_wick_setup@2026-05-06 12:00:00+macd_bear_cross_2h,long,2h_wick_r75_v2p0_then_macd2h_12h,2359.2918340492247,2026-05-06 14:00:00,0.030916414987759832,until_baseline_exit,1000000000000,2h_wick_r75_v2p0_then_macd2h_12h_trailATR1p5_until_baseline_exit
695579,2026-05-06 14:00:00,2369.93,1.5,7.092110633850098,695580,1569,694011,695708,72878.66758759832,False,True,False,2357.71,33544.68725628224,106423.35484388056,694011,3483172.7436989513,2287.00731,riskoff_stop,695581,2358.27,0.030553567874691278,2026-05-06 14:10:00,improved_winner,,long,2h_wick_r75_v2p0_then_macd2h_12h,2359.2918340492247,2026-05-06 14:05:00,0.030308755364669215,until_baseline_exit,1000000000000,2h_wick_r75_v2p0_then_macd2h_12h_trailATR1p5_until_baseline_exit
704459,2026-06-06 10:00:00,1559.71,1.5,4.477146625518799,704459,1676,702783,704704,687331.854913211,True,True,False,1559.83,299329.17919951316,986661.0341127241,702783,3479386.7056611497,2006.018716,riskoff_activate,704460,1562.04,0.28357326091617624,2026-06-06 10:05:00,,2h_lower_wick_setup@2026-06-06 06:00:00+macd_bull_cross_2h,short,2h_wick_r75_v2p0_then_macd2h_12h,1566.4257199382782,2026-06-06 10:00:00,0.2853924212776417,until_baseline_exit,1000000000000,2h_wick_r75_v2p0_then_macd2h_12h_trailATR1p5_until_baseline_exit
704459,2026-06-06 10:00:00,1536.71,1.5,4.477146625518799,704467,1684,702783,704704,687331.854913211,True,True,False,1544.82,362294.97966087004,1049626.834574081,702783,3479386.7056611497,2006.018716,riskoff_stop,704468,1540.33,0.30167007101173365,2026-06-06 10:45:00,improved_winner,,short,2h_wick_r75_v2p0_then_macd2h_12h,1543.4257199382782,2026-06-06 10:40:00,0.29788562064286056,until_baseline_exit,1000000000000,2h_wick_r75_v2p0_then_macd2h_12h_trailATR1p5_until_baseline_exit
13430,2019-11-09 04:00:00,184.47,1.5,0.1414293497800827,13430,559,12871,13737,47.644783237674346,False,True,False,184.47,151.84193574254016,199.4867189802145,12871,10357.93852436861,188.04238400000003,riskoff_activate,13431,184.38,0.019259307101590916,2019-11-09 04:05:00,,2h_lower_wick_setup@2019-11-08 16:00:00+macd_bull_cross_2h,short,2h_wick_r75_v2p0_then_macd2h_12h,184.68214402467012,2019-11-09 04:00:00,0.018761831427285446,24h,13718,2h_wick_r75_v2p0_then_macd2h_12h_trailATR1p5_24h
13430,2019-11-09 04:00:00,184.24,1.5,0.1414293497800827,13445,574,12871,13737,47.644783237674346,False,True,False,184.63,136.39853756726467,184.04332080493901,12871,10357.93852436861,188.04238400000003,riskoff_stop,13446,184.65,0.01776833492223857,2019-11-09 05:20:00,improved_winner,,short,2h_wick_r75_v2p0_then_macd2h_12h,184.45214402467013,2019-11-09 05:15:00,0.017878627760338838,24h,13718,2h_wick_r75_v2p0_then_macd2h_12h_trailATR1p5_24h
68498,2020-05-18 18:00:00,211.95,1.5,0.36785778403282166,68498,7506,60992,95701,15339.936809933251,False,True,False,211.95,-12719.305762346165,2620.6310475870864,60992,12480.274820306213,175.075008,riskoff_activate,68499,211.95,0.2099818381661877,2020-05-18 18:05:00,,2h_upper_wick_setup@2020-05-18 06:00:00+macd_bear_cross_2h,long,2h_wick_r75_v2p0_then_macd2h_12h,211.39821332395076,2020-05-18 18:00:00,0.2099818381661877,24h,68786,2h_wick_r75_v2p0_then_macd2h_12h_trailATR1p5_24h
68498,2020-05-18 18:00:00,212.71,1.5,0.36785778403282166,68506,7514,60992,95701,15339.936809933251,False,True,False,211.97,-12717.880341447104,2622.0564684861474,60992,12480.274820306213,175.075008,riskoff_stop,68507,211.97,0.21009605206929355,2020-05-18 18:45:00,missed_winner,,long,2h_wick_r75_v2p0_then_macd2h_12h,212.15821332395078,2020-05-18 18:40:00,0.21009605206929355,24h,68786,2h_wick_r75_v2p0_then_macd2h_12h_trailATR1p5_24h
161236,2021-04-06 14:00:00,2101.01,1.5,7.064243793487549,161236,10247,150989,172818,71695.46912793306,False,True,False,2095.03,-51645.423994414115,20050.04513351894,150989,60973.78059792272,1576.9353239999998,riskoff_activate,161237,2096.53,0.3288306045140001,2021-04-06 14:05:00,,2h_upper_wick_setup@2021-04-06 02:00:00+macd_bear_cross_2h,long,2h_wick_r75_v2p0_then_macd2h_12h,2090.413634309769,2021-04-06 14:00:00,0.3278795826317608,24h,161524,2h_wick_r75_v2p0_then_macd2h_12h_trailATR1p5_24h
161236,2021-04-06 14:00:00,2101.01,1.5,7.064243793487549,161238,10249,150989,172818,71695.46912793306,False,True,False,2076.1,-52362.9214186927,19332.54770924036,150989,60973.78059792272,1576.9353239999998,riskoff_stop,161239,2077.97,0.3170632937577597,2021-04-06 14:15:00,missed_winner,,long,2h_wick_r75_v2p0_then_macd2h_12h,2090.413634309769,2021-04-06 14:10:00,0.31587768647790176,24h,161524,2h_wick_r75_v2p0_then_macd2h_12h_trailATR1p5_24h
204439,2021-09-03 22:00:00,3936.96,1.5,8.781389236450195,204439,11783,192656,209936,34274.426910554714,False,True,False,3922.31,33651.26387660124,67925.69078715595,192656,85352.12260900838,2182.9765079999997,riskoff_activate,204440,3921.91,0.7958289578610529,2021-09-03 22:05:00,,2h_upper_wick_setup@2021-09-03 16:00:00+macd_bear_cross_2h,long,2h_wick_r75_v2p0_then_macd2h_12h,3923.7879161453247,2021-09-03 22:00:00,0.7960121572672465,24h,204727,2h_wick_r75_v2p0_then_macd2h_12h_trailATR1p5_24h
204439,2021-09-03 22:00:00,3936.96,1.5,8.781389236450195,204440,11784,192656,209936,34274.426910554714,False,True,False,3916.62,33345.962030649884,67620.3889412046,192656,85352.12260900838,2182.9765079999997,riskoff_stop,204441,3914.1,0.7922519894551245,2021-09-03 22:10:00,improved_winner,,long,2h_wick_r75_v2p0_then_macd2h_12h,3923.7879161453247,2021-09-03 22:05:00,0.7934061457141437,24h,204727,2h_wick_r75_v2p0_then_macd2h_12h_trailATR1p5_24h
216751,2021-10-16 16:00:00,3907.94,1.5,8.450700759887695,216751,4223,212528,231248,31590.289119135792,False,True,False,3901.96,-10132.573586957918,21457.715532177874,212528,119626.5495195631,3305.06088,riskoff_activate,216752,3900.0,0.1793725190466084,2021-10-16 16:05:00,,2h_upper_wick_setup@2021-10-16 04:00:00+macd_bear_cross_2h,long,2h_wick_r75_v2p0_then_macd2h_12h,3895.2639488601685,2021-10-16 16:00:00,0.17996543036387264,24h,217039,2h_wick_r75_v2p0_then_macd2h_12h_trailATR1p5_24h
216751,2021-10-16 16:00:00,3912.88,1.5,8.450700759887695,216755,4227,212528,231248,31590.289119135792,False,True,False,3898.97,-10236.070471783733,21354.21864735206,212528,119626.5495195631,3305.06088,riskoff_stop,216756,3897.14,0.17850735253264077,2021-10-16 16:25:00,missed_winner,,long,2h_wick_r75_v2p0_then_macd2h_12h,3900.2039488601686,2021-10-16 16:20:00,0.1790609380992702,24h,217039,2h_wick_r75_v2p0_then_macd2h_12h_trailATR1p5_24h
240727,2022-01-07 22:00:00,3208.27,1.5,8.070661544799805,240727,263,240464,246224,39124.28035168933,False,True,False,3210.49,-30560.69769155641,8563.582660132926,240464,141573.94269847884,3406.5785480000004,riskoff_activate,240728,3210.42,0.06048840978012078,2022-01-07 22:05:00,,2h_lower_wick_setup@2022-01-07 20:00:00+macd_bull_cross_2h,short,2h_wick_r75_v2p0_then_macd2h_12h,3220.3759923171997,2022-01-07 22:00:00,0.060465278672818104,24h,241015,2h_wick_r75_v2p0_then_macd2h_12h_trailATR1p5_24h
240727,2022-01-07 22:00:00,3166.42,1.5,8.070661544799805,240739,275,240464,246224,39124.28035168933,False,True,False,3182.23,-29253.044768962758,9871.235582726575,240464,141573.94269847884,3406.5785480000004,riskoff_stop,240740,3182.71,0.06972494651611223,2022-01-07 23:05:00,missed_winner,,short,2h_wick_r75_v2p0_then_macd2h_12h,3178.5259923172,2022-01-07 23:00:00,0.06988636161631785,24h,241015,2h_wick_r75_v2p0_then_macd2h_12h_trailATR1p5_24h
275953,2022-05-10 06:00:00,2397.99,1.5,14.20068359375,275953,1852,274101,277466,25933.17423582128,False,True,False,2399.12,-10016.653568091215,15916.520667730065,274101,106511.8223611937,2762.4773940000005,riskoff_activate,275954,2402.02,0.14943430987177492,2022-05-10 06:05:00,,2h_lower_wick_setup@2022-05-09 20:00:00+macd_bull_cross_2h,short,2h_wick_r75_v2p0_then_macd2h_12h,2419.291025390625,2022-05-10 06:00:00,0.15082420262354573,24h,276241,2h_wick_r75_v2p0_then_macd2h_12h_trailATR1p5_24h
275953,2022-05-10 06:00:00,2394.45,1.5,14.20068359375,275955,1854,274101,277466,25933.17423582128,False,True,False,2420.06,-10707.680421294199,15225.49381452708,274101,106511.8223611937,2762.4773940000005,riskoff_stop,275956,2415.65,0.1429465150159172,2022-05-10 06:15:00,missed_winner,,short,2h_wick_r75_v2p0_then_macd2h_12h,2415.751025390625,2022-05-10 06:10:00,0.14086303025470487,24h,276241,2h_wick_r75_v2p0_then_macd2h_12h_trailATR1p5_24h
301417,2022-08-06 16:00:00,1713.71,1.5,2.204310894012451,301417,908,300509,302229,4914.057706488122,False,True,False,1713.71,634.1034511999987,5548.1611576881205,300509,283445.61538385117,1681.2261780000001,riskoff_activate,301418,1715.15,0.019573988294631483,2022-08-06 16:05:00,,2h_upper_wick_setup@2022-08-06 12:00:00+macd_bear_cross_2h,long,2h_wick_r75_v2p0_then_macd2h_12h,1710.4035336589814,2022-08-06 16:00:00,0.018717641885778357,24h,301705,2h_wick_r75_v2p0_then_macd2h_12h_trailATR1p5_24h
301417,2022-08-06 16:00:00,1720.1,1.5,2.204310894012451,301421,912,300509,302229,4914.057706488122,False,True,False,1716.37,983.0244262812212,5897.082132769343,300509,283445.61538385117,1681.2261780000001,riskoff_stop,301422,1717.22,0.020804986257357782,2022-08-06 16:25:00,improved_winner,,long,2h_wick_r75_v2p0_then_macd2h_12h,1716.7935336589812,2022-08-06 16:20:00,0.02029950400213183,24h,301705,2h_wick_r75_v2p0_then_macd2h_12h_trailATR1p5_24h
316081,2022-09-26 14:00:00,1323.09,1.5,5.7835869789123535,316081,292,315789,316243,-17402.501966663054,False,False,False,1323.81,12845.568638362856,-4556.933328300197,315789,272074.2670847722,1303.549238,riskoff_activate,316082,1324.95,-0.016748858233183662,2022-09-26 14:05:00,,2h_lower_wick_setup@2022-09-26 08:00:00+macd_bull_cross_2h,short,2h_wick_r75_v2p0_then_macd2h_12h,1331.7653804683684,2022-09-26 14:00:00,-0.015901786295659238,24h,316369,2h_wick_r75_v2p0_then_macd2h_12h_trailATR1p5_24h
316081,2022-09-26 14:00:00,1321.28,1.5,5.7835869789123535,316084,295,315789,316243,-17402.501966663054,False,False,False,1331.23,11481.051803308099,-5921.450163354956,315789,272074.2670847722,1303.549238,riskoff_stop,316085,1331.74,-0.021764094880424568,2022-09-26 14:20:00,saved_loser,,short,2h_wick_r75_v2p0_then_macd2h_12h,1329.9553804683685,2022-09-26 14:15:00,-0.021389175210937795,24h,316369,2h_wick_r75_v2p0_then_macd2h_12h_trailATR1p5_24h
331897,2022-11-20 12:00:00,1166.88,1.5,6.4350152015686035,331897,167,331730,332258,-29656.570866496942,False,False,False,1165.46,16352.027004841202,-13304.54386165574,331730,307221.43300432607,1217.463444,riskoff_activate,331898,1165.46,-0.0433060406350894,2022-11-20 12:05:00,,2h_upper_wick_setup@2022-11-20 00:00:00+macd_bear_cross_2h,long,2h_wick_r75_v2p0_then_macd2h_12h,1157.2274771976472,2022-11-20 12:00:00,-0.0433060406350894,24h,332185,2h_wick_r75_v2p0_then_macd2h_12h_trailATR1p5_24h
331897,2022-11-20 12:00:00,1189.11,1.5,6.4350152015686035,331997,267,331730,332258,-29656.570866496942,False,False,False,1179.06,19599.064174030376,-10057.506692466568,331730,307221.43300432607,1217.463444,riskoff_stop,331998,1178.33,-0.03273699557388936,2022-11-20 20:25:00,saved_loser,,long,2h_wick_r75_v2p0_then_macd2h_12h,1179.457477197647,2022-11-20 20:20:00,-0.032137508169485504,24h,332185,2h_wick_r75_v2p0_then_macd2h_12h_trailATR1p5_24h
336289,2022-12-05 18:00:00,1264.23,1.5,1.5685774087905884,336289,209,336080,336736,-11670.57038575114,False,False,False,1264.23,6803.857055140891,-4866.713330610249,336080,253752.9235690923,1288.167582,riskoff_activate,336290,1264.23,-0.019178944865575632,2022-12-05 18:05:00,,2h_upper_wick_setup@2022-12-05 10:00:00+macd_bear_cross_2h,long,2h_wick_r75_v2p0_then_macd2h_12h,1261.8771338868141,2022-12-05 18:00:00,-0.019178944865575632,24h,336577,2h_wick_r75_v2p0_then_macd2h_12h_trailATR1p5_24h
336289,2022-12-05 18:00:00,1269.84,1.5,1.5685774087905884,336295,215,336080,336736,-11670.57038575114,False,False,False,1266.76,7373.037098304549,-4297.533287446591,336080,253752.9235690923,1288.167582,riskoff_stop,336296,1267.12,-0.01693589664702504,2022-12-05 18:35:00,saved_loser,,long,2h_wick_r75_v2p0_then_macd2h_12h,1267.487133886814,2022-12-05 18:30:00,-0.0172153074977786,24h,336577,2h_wick_r75_v2p0_then_macd2h_12h_trailATR1p5_24h
342169,2022-12-26 04:00:00,1221.11,1.5,0.6878400444984436,342169,1025,341144,342408,-6735.155373960268,False,False,False,1222.44,1658.0081701903864,-5077.147203769881,341144,262288.96855015616,1199.290094,riskoff_activate,342170,1222.22,-0.01935707487750864,2022-12-26 04:05:00,,2h_lower_wick_setup@2022-12-25 20:00:00+macd_bull_cross_2h,short,2h_wick_r75_v2p0_then_macd2h_12h,1222.1417600667476,2022-12-26 04:00:00,-0.019533631144914066,24h,342457,2h_wick_r75_v2p0_then_macd2h_12h_trailATR1p5_24h
342169,2022-12-26 04:00:00,1219.49,1.5,0.6878400444984436,342180,1036,341144,342408,-6735.155373960268,False,False,False,1220.75,1950.981200291224,-4784.174173669044,341144,262288.96855015616,1199.290094,riskoff_stop,342181,1220.83,-0.018240089166213603,2022-12-26 05:00:00,saved_loser,,short,2h_wick_r75_v2p0_then_macd2h_12h,1220.5217600667477,2022-12-26 04:55:00,-0.01817572480588874,24h,342457,2h_wick_r75_v2p0_then_macd2h_12h_trailATR1p5_24h
363611,2023-03-10 22:00:00,1420.47,1.5,4.908604145050049,363611,551,363060,364212,-8797.535740603402,False,False,False,1428.24,29914.588116656796,21117.052376053394,363060,291837.41167166334,1532.313476,riskoff_activate,363612,1428.1,0.07235896266723847,2023-03-10 22:05:00,,2h_lower_wick_setup@2023-03-10 16:00:00+macd_bull_cross_2h,short,2h_wick_r75_v2p0_then_macd2h_12h,1427.832906217575,2023-03-10 22:00:00,0.07225380789298926,24h,363899,2h_wick_r75_v2p0_then_macd2h_12h_trailATR1p5_24h
363611,2023-03-10 22:00:00,1416.78,1.5,4.908604145050049,363621,561,363060,364212,-8797.535740603402,False,False,False,1427.42,30039.59465482905,21242.058914225647,363060,291837.41167166334,1532.313476,riskoff_stop,363622,1427.53,0.07278730575545396,2023-03-10 22:55:00,saved_loser,,short,2h_wick_r75_v2p0_then_macd2h_12h,1424.142906217575,2023-03-10 22:50:00,0.07287000783587368,24h,363899,2h_wick_r75_v2p0_then_macd2h_12h_trailATR1p5_24h
415019,2023-09-05 10:00:00,1632.52,1.5,1.7135881185531616,415019,5303,409716,415082,8149.520137668995,False,True,False,1632.52,1713.637997659942,9863.158135328937,409716,300728.3907692612,1687.652402,riskoff_activate,415020,1633.1,0.03279756231228799,2023-09-05 10:05:00,,2h_lower_wick_setup@2023-09-05 08:00:00+macd_bull_cross_2h,short,2h_wick_r75_v2p0_then_macd2h_12h,1635.0903821778297,2023-09-05 10:00:00,0.03316463566277768,24h,415307,2h_wick_r75_v2p0_then_macd2h_12h_trailATR1p5_24h
415019,2023-09-05 10:00:00,1632.16,1.5,1.7135881185531616,415022,5306,409716,415082,8149.520137668995,False,True,False,1634.82,1411.4205582586674,9560.940695927662,409716,300728.3907692612,1687.652402,riskoff_stop,415023,1634.69,0.03179261083887304,2023-09-05 10:20:00,improved_winner,,short,2h_wick_r75_v2p0_then_macd2h_12h,1634.7303821778298,2023-09-05 10:15:00,0.03171053144211462,24h,415307,2h_wick_r75_v2p0_then_macd2h_12h_trailATR1p5_24h
418091,2023-09-16 02:00:00,1643.97,1.5,0.8400006890296936,418091,136,417955,418770,-6440.238004408369,False,False,False,1644.51,412.72693728869854,-6027.511067119671,417955,302552.20376243937,1614.2970759999998,riskoff_activate,418092,1646.11,-0.019922218354926958,2023-09-16 02:05:00,,2h_lower_wick_setup@2023-09-15 16:00:00+macd_bull_cross_2h,short,2h_wick_r75_v2p0_then_macd2h_12h,1645.2300010335446,2023-09-16 02:00:00,-0.01896827800148908,24h,418379,2h_wick_r75_v2p0_then_macd2h_12h_trailATR1p5_24h
418091,2023-09-16 02:00:00,1643.97,1.5,0.8400006890296936,418092,137,417955,418770,-6440.238004408369,False,False,False,1646.11,302.8394729462925,-6137.398531462077,417955,302552.20376243937,1614.2970759999998,riskoff_stop,418093,1646.72,-0.020285420020543277,2023-09-16 02:10:00,saved_loser,,short,2h_wick_r75_v2p0_then_macd2h_12h,1645.2300010335446,2023-09-16 02:05:00,-0.019922218354926958,24h,418379,2h_wick_r75_v2p0_then_macd2h_12h_trailATR1p5_24h
421163,2023-09-26 18:00:00,1585.62,1.5,1.2921491861343384,421163,680,420483,422900,10642.110482847143,False,True,False,1585.62,-12434.204182201085,-1792.093699353941,420483,296051.4553172785,1594.838904,riskoff_activate,421164,1586.14,-0.006053318324118195,2023-09-26 18:05:00,,2h_upper_wick_setup@2023-09-26 18:00:00+macd_bear_cross_2h,long,2h_wick_r75_v2p0_then_macd2h_12h,1583.6817762207984,2023-09-26 18:00:00,-0.006379304853977907,24h,421451,2h_wick_r75_v2p0_then_macd2h_12h_trailATR1p5_24h
421163,2023-09-26 18:00:00,1586.65,1.5,1.2921491861343384,421172,689,420483,422900,10642.110482847143,False,True,False,1584.57,-12862.9259071952,-2220.8154243480567,420483,296051.4553172785,1594.838904,riskoff_stop,421173,1583.83,-0.0075014507933021555,2023-09-26 18:50:00,missed_winner,,long,2h_wick_r75_v2p0_then_macd2h_12h,1584.7117762207986,2023-09-26 18:45:00,-0.007037546885425172,24h,421451,2h_wick_r75_v2p0_then_macd2h_12h_trailATR1p5_24h
435851,2023-11-16 18:00:00,1999.64,1.5,3.434291362762451,435851,7963,427888,455796,131352.1926257087,True,True,False,1996.73,-47852.21252206474,83499.98010364396,427888,316518.9765515525,1577.495436,riskoff_activate,435852,1994.68,0.2638071846856362,2023-11-16 18:05:00,,2h_upper_wick_setup@2023-11-16 12:00:00+macd_bear_cross_2h,long,2h_wick_r75_v2p0_then_macd2h_12h,1994.4885629558564,2023-11-16 18:00:00,0.2651064531039317,24h,436139,2h_wick_r75_v2p0_then_macd2h_12h_trailATR1p5_24h
435851,2023-11-16 18:00:00,1999.99,1.5,3.434291362762451,435854,7966,427888,455796,131352.1926257087,True,True,False,1989.58,-48875.305137248,82476.8874884607,427888,316518.9765515525,1577.495436,riskoff_stop,435855,1989.58,0.26057485837670596,2023-11-16 18:20:00,missed_winner,,long,2h_wick_r75_v2p0_then_macd2h_12h,1994.8385629558563,2023-11-16 18:15:00,0.26057485837670596,24h,436139,2h_wick_r75_v2p0_then_macd2h_12h_trailATR1p5_24h
462011,2024-02-15 14:00:00,2810.22,1.5,6.6843085289001465,462011,2471,459540,476244,176532.66314368136,True,True,False,2801.88,-97290.098935369,79242.56420831237,459540,445268.2568183524,2377.7754600000003,riskoff_activate,462012,2802.45,0.1779658958276908,2024-02-15 14:05:00,,2h_upper_wick_setup@2024-02-15 02:00:00+macd_bear_cross_2h,long,2h_wick_r75_v2p0_then_macd2h_12h,2800.1935372066496,2024-02-15 14:00:00,0.17772622391182374,24h,462299,2h_wick_r75_v2p0_then_macd2h_12h_trailATR1p5_24h
462011,2024-02-15 14:00:00,2857.92,1.5,6.6843085289001465,462023,2483,459540,476244,176532.66314368136,True,True,False,2840.02,-90025.76579144831,86506.89735223305,459540,445268.2568183524,2377.7754600000003,riskoff_stop,462024,2841.25,0.19428040518846962,2024-02-15 15:05:00,missed_winner,,long,2h_wick_r75_v2p0_then_macd2h_12h,2847.89353720665,2024-02-15 15:00:00,0.19376321842265115,24h,462299,2h_wick_r75_v2p0_then_macd2h_12h_trailATR1p5_24h
517115,2024-08-24 22:00:00,2755.62,1.5,10.035731315612793,517115,489,516626,517456,14924.732541245874,False,True,False,2751.92,2716.701126123622,17641.433667369496,516626,499522.0293162314,2653.100514,riskoff_activate,517116,2748.41,0.03531662796036823,2024-08-24 22:05:00,,2h_upper_wick_setup@2024-08-24 18:00:00+macd_bear_cross_2h,long,2h_wick_r75_v2p0_then_macd2h_12h,2740.5664030265807,2024-08-24 22:00:00,0.03663934377210705,24h,517403,2h_wick_r75_v2p0_then_macd2h_12h_trailATR1p5_24h
517115,2024-08-24 22:00:00,2780.54,1.5,10.035731315612793,517148,522,516626,517456,14924.732541245874,False,True,False,2761.96,5009.475730519283,19934.208271765157,516626,499522.0293162314,2653.100514,riskoff_stop,517149,2760.59,0.039906564879735165,2024-08-25 00:50:00,improved_winner,,long,2h_wick_r75_v2p0_then_macd2h_12h,2765.486403026581,2024-08-25 00:45:00,0.040422838572636136,24h,517403,2h_wick_r75_v2p0_then_macd2h_12h_trailATR1p5_24h
526451,2024-09-26 08:00:00,2630.46,1.5,2.4628732204437256,526451,984,525467,526527,-19009.319452990196,False,False,False,2630.46,1878.898774888592,-17130.420678101604,525467,547121.1117230637,2549.4100160000003,riskoff_activate,526452,2630.2,-0.031310107234122794,2024-09-26 08:05:00,,2h_lower_wick_setup@2024-09-26 00:00:00+macd_bull_cross_2h,short,2h_wick_r75_v2p0_then_macd2h_12h,2634.1543098306656,2024-09-26 08:00:00,-0.03140589404407994,24h,526739,2h_wick_r75_v2p0_then_macd2h_12h_trailATR1p5_24h
526451,2024-09-26 08:00:00,2614.43,1.5,2.4628732204437256,526468,1001,525467,526527,-19009.319452990196,False,False,False,2624.55,3855.729753321024,-15153.589699669172,525467,547121.1117230637,2549.4100160000003,riskoff_stop,526469,2620.43,-0.027696956624367042,2024-09-26 09:30:00,saved_loser,,short,2h_wick_r75_v2p0_then_macd2h_12h,2618.1243098306654,2024-09-26 09:25:00,-0.029223898972086815,24h,526739,2h_wick_r75_v2p0_then_macd2h_12h_trailATR1p5_24h
529763,2024-10-07 20:00:00,2449.49,1.5,4.384242534637451,529763,913,528850,529800,3812.8622120580403,False,True,False,2449.49,8152.936481021015,11965.798693079056,528850,578513.1549921806,2396.22915,riskoff_activate,529764,2447.24,0.020683710629260953,2024-10-07 20:05:00,,2h_upper_wick_setup@2024-10-07 16:00:00+macd_bear_cross_2h,long,2h_wick_r75_v2p0_then_macd2h_12h,2442.9136361980436,2024-10-07 20:00:00,0.021622498140463752,24h,530051,2h_wick_r75_v2p0_then_macd2h_12h_trailATR1p5_24h
529763,2024-10-07 20:00:00,2449.49,1.5,4.384242534637451,529766,916,528850,529800,3812.8622120580403,False,True,False,2441.35,7204.3201987345965,11017.182410792637,528850,578513.1549921806,2396.22915,riskoff_stop,529767,2443.31,0.019043961776360207,2024-10-07 20:20:00,improved_winner,,long,2h_wick_r75_v2p0_then_macd2h_12h,2442.9136361980436,2024-10-07 20:15:00,0.01822617354437912,24h,530051,2h_wick_r75_v2p0_then_macd2h_12h_trailATR1p5_24h
537539,2024-11-03 20:00:00,2452.82,1.5,3.943603515625,537539,938,536601,538173,26850.177959806402,False,True,False,2453.56,8781.538128310094,35631.7160881165,536601,565873.9326787298,2609.557984,riskoff_activate,537540,2453.56,0.06296758700200829,2024-11-03 20:05:00,,2h_lower_wick_setup@2024-11-03 20:00:00+macd_bull_cross_2h,short,2h_wick_r75_v2p0_then_macd2h_12h,2458.7354052734377,2024-11-03 20:00:00,0.06296758700200829,24h,537827,2h_wick_r75_v2p0_then_macd2h_12h_trailATR1p5_24h
537539,2024-11-03 20:00:00,2446.4,1.5,3.943603515625,537545,944,536601,538173,26850.177959806402,False,True,False,2457.57,7372.215099815156,34222.39305962156,536601,565873.9326787298,2609.557984,riskoff_stop,537546,2459.32,0.06047706226300238,2024-11-03 20:35:00,improved_winner,,short,2h_wick_r75_v2p0_then_macd2h_12h,2452.3154052734376,2024-11-03 20:30:00,0.06123249745262478,24h,537827,2h_wick_r75_v2p0_then_macd2h_12h_trailATR1p5_24h
543347,2024-11-24 00:00:00,3399.05,1.5,9.747175216674805,543347,5174,538173,551988,223327.4877437217,True,True,False,3398.64,-7285.331519433792,216042.1562242879,538173,592610.9358520004,2485.7370479999995,riskoff_activate,543348,3393.61,0.3645598539515353,2024-11-24 00:05:00,,2h_upper_wick_setup@2024-11-23 20:00:00+macd_bear_cross_2h,long,2h_wick_r75_v2p0_then_macd2h_12h,3384.429237174988,2024-11-24 00:00:00,0.36658299393090127,24h,543635,2h_wick_r75_v2p0_then_macd2h_12h_trailATR1p5_24h
543347,2024-11-24 00:00:00,3424.94,1.5,9.747175216674805,543354,5181,538173,551988,223327.4877437217,True,True,False,3410.0,-3378.663005247945,219948.82473847375,538173,592610.9358520004,2485.7370479999995,riskoff_stop,543355,3410.0,0.3711521530095491,2024-11-24 00:40:00,missed_winner,,long,2h_wick_r75_v2p0_then_macd2h_12h,3410.319237174988,2024-11-24 00:35:00,0.3711521530095491,24h,543635,2h_wick_r75_v2p0_then_macd2h_12h_trailATR1p5_24h
565475,2025-02-08 20:00:00,2635.04,1.5,4.0821533203125,565475,1967,563508,566964,95432.27353813092,False,True,False,2635.04,26720.826017539366,122153.09955567028,563508,662593.8494577534,3119.955884,riskoff_activate,565476,2632.89,0.1843559212866776,2025-02-08 20:05:00,,2h_lower_wick_setup@2025-02-08 08:00:00+macd_bull_cross_2h,short,2h_wick_r75_v2p0_then_macd2h_12h,2641.1632299804687,2025-02-08 20:00:00,0.18338924706891752,24h,565763,2h_wick_r75_v2p0_then_macd2h_12h_trailATR1p5_24h
565475,2025-02-08 20:00:00,2629.04,1.5,4.0821533203125,565480,1972,563508,566964,95432.27353813092,False,True,False,2638.62,24114.678700295088,119546.952238426,563508,662593.8494577534,3119.955884,riskoff_stop,565481,2641.66,0.180422671197838,2025-02-08 20:30:00,improved_winner,,short,2h_wick_r75_v2p0_then_macd2h_12h,2635.1632299804687,2025-02-08 20:25:00,0.18178311753737958,24h,565763,2h_wick_r75_v2p0_then_macd2h_12h_trailATR1p5_24h
576011,2025-03-17 10:00:00,1909.19,1.5,1.1728515625,576011,275,575736,576594,-37415.57817728678,False,False,False,1909.19,31911.742698220085,-5503.835479066692,575736,865521.3812524028,1898.630198,riskoff_activate,576012,1909.63,-0.006358982687524928,2025-03-17 10:05:00,,2h_lower_wick_setup@2025-03-17 00:00:00+macd_bull_cross_2h,short,2h_wick_r75_v2p0_then_macd2h_12h,1910.94927734375,2025-03-17 10:00:00,-0.006129891791586006,24h,576299,2h_wick_r75_v2p0_then_macd2h_12h_trailATR1p5_24h
576011,2025-03-17 10:00:00,1909.19,1.5,1.1728515625,576015,279,575736,576594,-37415.57817728678,False,False,False,1916.72,29391.619548240073,-8023.958629046706,575736,865521.3812524028,1898.630198,riskoff_stop,576016,1915.24,-0.00927066483029697,2025-03-17 10:25:00,saved_loser,,short,2h_wick_r75_v2p0_then_macd2h_12h,1910.94927734375,2025-03-17 10:20:00,-0.0100359677519815,24h,576299,2h_wick_r75_v2p0_then_macd2h_12h_trailATR1p5_24h
598643,2025-06-04 00:00:00,2597.95,1.5,3.112147808074951,598643,8059,590584,599220,289292.0533968997,True,True,False,2597.95,97807.17918632261,387099.2325832223,590584,944609.0801622719,1839.897906,riskoff_activate,598644,2595.14,0.40979833955939066,2025-06-04 00:05:00,,2h_upper_wick_setup@2025-06-03 16:00:00+macd_bear_cross_2h,long,2h_wick_r75_v2p0_then_macd2h_12h,2593.2817782878874,2025-06-04 00:00:00,0.4113252927619779,24h,598931,2h_wick_r75_v2p0_then_macd2h_12h_trailATR1p5_24h
598643,2025-06-04 00:00:00,2601.63,1.5,3.112147808074951,598648,8064,590584,599220,289292.0533968997,True,True,False,2595.15,97453.0019751123,386745.055372012,590584,944609.0801622719,1839.897906,riskoff_stop,598649,2594.45,0.4094233937551967,2025-06-04 00:30:00,improved_winner,,long,2h_wick_r75_v2p0_then_macd2h_12h,2596.9617782878877,2025-06-04 00:25:00,0.4098037735565531,24h,598931,2h_wick_r75_v2p0_then_macd2h_12h_trailATR1p5_24h
600131,2025-06-09 04:00:00,2497.97,1.5,3.562168598175049,600131,353,599778,603796,-107642.76290987968,False,False,True,2497.97,87192.6272369996,-20450.135672880082,599778,1197655.7641903139,2537.7074399999997,riskoff_activate,600132,2495.89,-0.017075136516130397,2025-06-09 04:05:00,,2h_upper_wick_setup@2025-06-08 22:00:00+macd_bear_cross_2h,long,2h_wick_r75_v2p0_then_macd2h_12h,2492.626747102737,2025-06-09 04:00:00,-0.016255663015276412,24h,600419,2h_wick_r75_v2p0_then_macd2h_12h_trailATR1p5_24h
600131,2025-06-09 04:00:00,2497.97,1.5,3.562168598175049,600137,359,599778,603796,-107642.76290987968,False,False,True,2491.48,85309.94734470302,-22332.81556517666,599778,1197655.7641903139,2537.7074399999997,riskoff_stop,600138,2491.9,-0.0186471073182493,2025-06-09 04:35:00,saved_loser,,long,2h_wick_r75_v2p0_then_macd2h_12h,2492.626747102737,2025-06-09 04:30:00,-0.01881257792899853,24h,600419,2h_wick_r75_v2p0_then_macd2h_12h_trailATR1p5_24h
604139,2025-06-23 02:00:00,2242.08,1.5,3.9735629558563232,604139,343,603796,604284,460.46536167361774,False,True,False,2244.38,32480.98308291508,32941.4484445887,603796,1090013.0012804342,2310.547798,riskoff_activate,604140,2241.45,0.03022115186322778,2025-06-23 02:05:00,,2h_lower_wick_setup@2025-06-22 22:00:00+macd_bull_cross_2h,short,2h_wick_r75_v2p0_then_macd2h_12h,2248.0403444337844,2025-06-23 02:00:00,0.02887569344042946,24h,604427,2h_wick_r75_v2p0_then_macd2h_12h_trailATR1p5_24h
604139,2025-06-23 02:00:00,2229.22,1.5,3.9735629558563232,604166,370,603796,604284,460.46536167361774,False,True,False,2238.42,34016.718496346766,34477.183858020384,603796,1090013.0012804342,2310.547798,riskoff_stop,604167,2238.39,0.03163006662995778,2025-06-23 04:20:00,improved_winner,,short,2h_wick_r75_v2p0_then_macd2h_12h,2235.1803444337843,2025-06-23 04:15:00,0.03161623504249929,24h,604427,2h_wick_r75_v2p0_then_macd2h_12h_trailATR1p5_24h
620555,2025-08-19 02:00:00,4302.96,1.5,16.021484375,620555,12534,608021,631188,687933.1530731542,True,True,False,4298.91,59334.605915082735,747267.7589882369,608021,1076325.9707512835,2535.617022,riskoff_activate,620556,4297.91,0.6942764360379026,2025-08-19 02:05:00,,2h_upper_wick_setup@2025-08-18 14:00:00+macd_bear_cross_2h,long,2h_wick_r75_v2p0_then_macd2h_12h,4278.9277734375,2025-08-19 02:00:00,0.6946707384863109,24h,620843,2h_wick_r75_v2p0_then_macd2h_12h_trailATR1p5_24h
620555,2025-08-19 02:00:00,4304.9,1.5,16.021484375,620568,12547,608021,631188,687933.1530731542,True,True,False,4275.06,49611.64852427493,737544.8015974291,608021,1076325.9707512835,2535.617022,riskoff_stop,620569,4275.0,0.6852429669448721,2025-08-19 03:10:00,improved_winner,,long,2h_wick_r75_v2p0_then_macd2h_12h,4280.8677734375,2025-08-19 03:05:00,0.6852666250917765,24h,620843,2h_wick_r75_v2p0_then_macd2h_12h_trailATR1p5_24h
643115,2025-11-05 10:00:00,3302.38,1.5,5.281424522399902,643115,407,642708,649044,291923.0081585888,True,True,False,3306.61,-142842.21965676098,149080.7885018278,642708,1625512.5194473632,3602.5093540000003,riskoff_activate,643116,3298.0,0.09171309769580356,2025-11-05 10:05:00,,2h_lower_wick_setup@2025-11-04 22:00:00+macd_bull_cross_2h,short,2h_wick_r75_v2p0_then_macd2h_12h,3310.3021367836,2025-11-05 10:00:00,0.08886937141082858,24h,643403,2h_wick_r75_v2p0_then_macd2h_12h_trailATR1p5_24h
643115,2025-11-05 10:00:00,3290.0,1.5,5.281424522399902,643118,410,642708,649044,291923.0081585888,True,True,False,3297.99,-138487.6543165976,153435.3538419912,642708,1625512.5194473632,3602.5093540000003,riskoff_stop,643119,3289.93,0.09439198530083033,2025-11-05 10:20:00,missed_winner,,short,2h_wick_r75_v2p0_then_macd2h_12h,3297.9221367836,2025-11-05 10:15:00,0.09171640914640751,24h,643403,2h_wick_r75_v2p0_then_macd2h_12h_trailATR1p5_24h
664595,2026-01-19 00:00:00,3284.42,1.5,15.457188606262207,664595,116,664479,664944,-132394.75720662205,False,False,True,3240.79,60281.1994019719,-72113.55780465015,664479,2497793.0439409595,3341.928252,riskoff_activate,664596,3247.43,-0.028870909853632654,2026-01-19 00:05:00,,2h_upper_wick_setup@2026-01-18 20:00:00+macd_bear_cross_2h,long,2h_wick_r75_v2p0_then_macd2h_12h,3261.2342170906068,2026-01-19 00:00:00,-0.030857389364683564,24h,664883,2h_wick_r75_v2p0_then_macd2h_12h_trailATR1p5_24h
664595,2026-01-19 00:00:00,3284.42,1.5,15.457188606262207,664596,117,664479,664944,-132394.75720662205,False,False,True,3254.88,51792.31159404383,-80602.44561257822,664479,2497793.0439409595,3341.928252,riskoff_stop,664597,3236.07,-0.03226946516169553,2026-01-19 00:10:00,saved_loser,,long,2h_wick_r75_v2p0_then_macd2h_12h,3261.2342170906068,2026-01-19 00:05:00,-0.02664210377572167,24h,664883,2h_wick_r75_v2p0_then_macd2h_12h_trailATR1p5_24h
686699,2026-04-05 18:00:00,2059.52,1.5,2.232177734375,686699,1053,685646,686759,-10664.777364131529,False,False,False,2061.13,47991.76685050752,37326.98948637599,685646,3967975.860895373,2081.13369,riskoff_activate,686700,2060.51,0.009407060626108034,2026-04-05 18:05:00,,2h_lower_wick_setup@2026-04-05 14:00:00+macd_bull_cross_2h,short,2h_wick_r75_v2p0_then_macd2h_12h,2062.8682666015625,2026-04-05 18:00:00,0.0091033047360924,24h,686987,2h_wick_r75_v2p0_then_macd2h_12h_trailATR1p5_24h
686699,2026-04-05 18:00:00,2058.17,1.5,2.232177734375,686705,1059,685646,686759,-10664.777364131529,False,False,False,2062.0,44048.09216653911,33383.31480240758,685646,3967975.860895373,2081.13369,riskoff_stop,686706,2062.54,0.008413184951905085,2026-04-05 18:35:00,saved_loser,,short,2h_wick_r75_v2p0_then_macd2h_12h,2061.5182666015626,2026-04-05 18:30:00,0.008677374631766056,24h,686987,2h_wick_r75_v2p0_then_macd2h_12h_trailATR1p5_24h
695579,2026-05-06 14:00:00,2369.93,1.5,7.092110633850098,695579,1568,694011,695708,72878.66758759832,False,True,False,2359.1,37305.810341454984,110184.4779290533,694011,3483172.7436989513,2287.00731,riskoff_activate,695580,2360.74,0.031633365909967195,2026-05-06 14:05:00,,2h_upper_wick_setup@2026-05-06 12:00:00+macd_bear_cross_2h,long,2h_wick_r75_v2p0_then_macd2h_12h,2359.2918340492247,2026-05-06 14:00:00,0.030916414987759832,24h,695867,2h_wick_r75_v2p0_then_macd2h_12h_trailATR1p5_24h
695579,2026-05-06 14:00:00,2369.93,1.5,7.092110633850098,695580,1569,694011,695708,72878.66758759832,False,True,False,2357.71,33544.68725628224,106423.35484388056,694011,3483172.7436989513,2287.00731,riskoff_stop,695581,2358.27,0.030553567874691278,2026-05-06 14:10:00,improved_winner,,long,2h_wick_r75_v2p0_then_macd2h_12h,2359.2918340492247,2026-05-06 14:05:00,0.030308755364669215,24h,695867,2h_wick_r75_v2p0_then_macd2h_12h_trailATR1p5_24h
704459,2026-06-06 10:00:00,1559.71,1.5,4.477146625518799,704459,1676,702783,704704,687331.854913211,True,True,False,1559.83,299329.17919951316,986661.0341127241,702783,3479386.7056611497,2006.018716,riskoff_activate,704460,1562.04,0.28357326091617624,2026-06-06 10:05:00,,2h_lower_wick_setup@2026-06-06 06:00:00+macd_bull_cross_2h,short,2h_wick_r75_v2p0_then_macd2h_12h,1566.4257199382782,2026-06-06 10:00:00,0.2853924212776417,24h,704747,2h_wick_r75_v2p0_then_macd2h_12h_trailATR1p5_24h
704459,2026-06-06 10:00:00,1536.71,1.5,4.477146625518799,704467,1684,702783,704704,687331.854913211,True,True,False,1544.82,362294.97966087004,1049626.834574081,702783,3479386.7056611497,2006.018716,riskoff_stop,704468,1540.33,0.30167007101173365,2026-06-06 10:45:00,improved_winner,,short,2h_wick_r75_v2p0_then_macd2h_12h,1543.4257199382782,2026-06-06 10:40:00,0.29788562064286056,24h,704747,2h_wick_r75_v2p0_then_macd2h_12h_trailATR1p5_24h
